family,instance_id,base_instance_id,variant,cnf_id,method,repeat_id,solver_seed,final_seed,warmup_seed,checkpoint,solver,event_state_features,weighted_no_pre,solver_path_role,event_audit_role,symmetry_strength,control_type,scale,scale_key,benchmark_role,family_scale,variant_role,permutation_variant,source,phase,phase_active,phase_accounted_time,phase_wall_time,phase_solver_cpu_time
complete_coloring,k10_color9,k10_color9,base,0,plain_unguided_glucose,0,1,1,1,/Users/cchao/EchoSAT/RLAF/runs/GNN_Glucose_3SAT_EchoSAT_SymmetryGRPO_v1_2_WC1_HardNeg_Full/iter=15.pt,glucose,enhanced,False,patched_pretrue_main,event,strong,strong_symmetry,large,v10_c9,main,complete_coloring:large,base,False,SAT symmetry harder baseline candidate pool,static_inference,False,0.0,0.0,0.0
complete_coloring,k10_color9,k10_color9,base,0,plain_unguided_glucose,0,1,1,1,/Users/cchao/EchoSAT/RLAF/runs/GNN_Glucose_3SAT_EchoSAT_SymmetryGRPO_v1_2_WC1_HardNeg_Full/iter=15.pt,glucose,enhanced,False,patched_pretrue_main,event,strong,strong_symmetry,large,v10_c9,main,complete_coloring:large,base,False,SAT symmetry harder baseline candidate pool,warmup_rollout_collect_events,False,0.0,0.0,0.0
complete_coloring,k10_color9,k10_color9,base,0,plain_unguided_glucose,0,1,1,1,/Users/cchao/EchoSAT/RLAF/runs/GNN_Glucose_3SAT_EchoSAT_SymmetryGRPO_v1_2_WC1_HardNeg_Full/iter=15.pt,glucose,enhanced,False,patched_pretrue_main,event,strong,strong_symmetry,large,v10_c9,main,complete_coloring:large,base,False,SAT symmetry harder baseline candidate pool,event_feature_attach,False,0.0,0.0,0.0
complete_coloring,k10_color9,k10_color9,base,0,plain_unguided_glucose,0,1,1,1,/Users/cchao/EchoSAT/RLAF/runs/GNN_Glucose_3SAT_EchoSAT_SymmetryGRPO_v1_2_WC1_HardNeg_Full/iter=15.pt,glucose,enhanced,False,patched_pretrue_main,event,strong,strong_symmetry,large,v10_c9,main,complete_coloring:large,base,False,SAT symmetry harder baseline candidate pool,adapter_inference,False,0.0,0.0,0.0
complete_coloring,k10_color9,k10_color9,base,0,plain_unguided_glucose,0,1,1,1,/Users/cchao/EchoSAT/RLAF/runs/GNN_Glucose_3SAT_EchoSAT_SymmetryGRPO_v1_2_WC1_HardNeg_Full/iter=15.pt,glucose,enhanced,False,patched_pretrue_main,event,strong,strong_symmetry,large,v10_c9,main,complete_coloring:large,base,False,SAT symmetry harder baseline candidate pool,final_solve,True,1.76335,1.8438288749894127,1.76335
complete_coloring,k10_color9,k10_color9,base,0,neutral_weighted_glucose,0,1,1,1,/Users/cchao/EchoSAT/RLAF/runs/GNN_Glucose_3SAT_EchoSAT_SymmetryGRPO_v1_2_WC1_HardNeg_Full/iter=15.pt,glucose,enhanced,False,patched_pretrue_main,event,strong,strong_symmetry,large,v10_c9,main,complete_coloring:large,base,False,SAT symmetry harder baseline candidate pool,static_inference,False,0.0,0.0,0.0
complete_coloring,k10_color9,k10_color9,base,0,neutral_weighted_glucose,0,1,1,1,/Users/cchao/EchoSAT/RLAF/runs/GNN_Glucose_3SAT_EchoSAT_SymmetryGRPO_v1_2_WC1_HardNeg_Full/iter=15.pt,glucose,enhanced,False,patched_pretrue_main,event,strong,strong_symmetry,large,v10_c9,main,complete_coloring:large,base,False,SAT symmetry harder baseline candidate pool,warmup_rollout_collect_events,False,0.0,0.0,0.0
complete_coloring,k10_color9,k10_color9,base,0,neutral_weighted_glucose,0,1,1,1,/Users/cchao/EchoSAT/RLAF/runs/GNN_Glucose_3SAT_EchoSAT_SymmetryGRPO_v1_2_WC1_HardNeg_Full/iter=15.pt,glucose,enhanced,False,patched_pretrue_main,event,strong,strong_symmetry,large,v10_c9,main,complete_coloring:large,base,False,SAT symmetry harder baseline candidate pool,event_feature_attach,False,0.0,0.0,0.0
complete_coloring,k10_color9,k10_color9,base,0,neutral_weighted_glucose,0,1,1,1,/Users/cchao/EchoSAT/RLAF/runs/GNN_Glucose_3SAT_EchoSAT_SymmetryGRPO_v1_2_WC1_HardNeg_Full/iter=15.pt,glucose,enhanced,False,patched_pretrue_main,event,strong,strong_symmetry,large,v10_c9,main,complete_coloring:large,base,False,SAT symmetry harder baseline candidate pool,adapter_inference,False,0.0,0.0,0.0
complete_coloring,k10_color9,k10_color9,base,0,neutral_weighted_glucose,0,1,1,1,/Users/cchao/EchoSAT/RLAF/runs/GNN_Glucose_3SAT_EchoSAT_SymmetryGRPO_v1_2_WC1_HardNeg_Full/iter=15.pt,glucose,enhanced,False,patched_pretrue_main,event,strong,strong_symmetry,large,v10_c9,main,complete_coloring:large,base,False,SAT symmetry harder baseline candidate pool,final_solve,True,1.48416,1.512020374997519,1.48416
complete_coloring,k10_color9,k10_color9,base,0,static_weighted_glucose,0,1,1,1,/Users/cchao/EchoSAT/RLAF/runs/GNN_Glucose_3SAT_EchoSAT_SymmetryGRPO_v1_2_WC1_HardNeg_Full/iter=15.pt,glucose,enhanced,False,patched_pretrue_main,event,strong,strong_symmetry,large,v10_c9,main,complete_coloring:large,base,False,SAT symmetry harder baseline candidate pool,static_inference,True,0.1408710479736328,0.1408710479736328,0.0
complete_coloring,k10_color9,k10_color9,base,0,static_weighted_glucose,0,1,1,1,/Users/cchao/EchoSAT/RLAF/runs/GNN_Glucose_3SAT_EchoSAT_SymmetryGRPO_v1_2_WC1_HardNeg_Full/iter=15.pt,glucose,enhanced,False,patched_pretrue_main,event,strong,strong_symmetry,large,v10_c9,main,complete_coloring:large,base,False,SAT symmetry harder baseline candidate pool,warmup_rollout_collect_events,False,0.0,0.0,0.0
complete_coloring,k10_color9,k10_color9,base,0,static_weighted_glucose,0,1,1,1,/Users/cchao/EchoSAT/RLAF/runs/GNN_Glucose_3SAT_EchoSAT_SymmetryGRPO_v1_2_WC1_HardNeg_Full/iter=15.pt,glucose,enhanced,False,patched_pretrue_main,event,strong,strong_symmetry,large,v10_c9,main,complete_coloring:large,base,False,SAT symmetry harder baseline candidate pool,event_feature_attach,False,0.0,0.0,0.0
complete_coloring,k10_color9,k10_color9,base,0,static_weighted_glucose,0,1,1,1,/Users/cchao/EchoSAT/RLAF/runs/GNN_Glucose_3SAT_EchoSAT_SymmetryGRPO_v1_2_WC1_HardNeg_Full/iter=15.pt,glucose,enhanced,False,patched_pretrue_main,event,strong,strong_symmetry,large,v10_c9,main,complete_coloring:large,base,False,SAT symmetry harder baseline candidate pool,adapter_inference,False,0.0,0.0,0.0
complete_coloring,k10_color9,k10_color9,base,0,static_weighted_glucose,0,1,1,1,/Users/cchao/EchoSAT/RLAF/runs/GNN_Glucose_3SAT_EchoSAT_SymmetryGRPO_v1_2_WC1_HardNeg_Full/iter=15.pt,glucose,enhanced,False,patched_pretrue_main,event,strong,strong_symmetry,large,v10_c9,main,complete_coloring:large,base,False,SAT symmetry harder baseline candidate pool,final_solve,True,1.49434,1.5242345000151545,1.49434
complete_coloring,k10_color9,k10_color9,base,0,cached_trace_no_adapter_final,0,1,1,1,/Users/cchao/EchoSAT/RLAF/runs/GNN_Glucose_3SAT_EchoSAT_SymmetryGRPO_v1_2_WC1_HardNeg_Full/iter=15.pt,glucose,enhanced,False,patched_pretrue_main,event,strong,strong_symmetry,large,v10_c9,main,complete_coloring:large,base,False,SAT symmetry harder baseline candidate pool,static_inference,True,0.1408710479736328,0.1408710479736328,0.0
complete_coloring,k10_color9,k10_color9,base,0,cached_trace_no_adapter_final,0,1,1,1,/Users/cchao/EchoSAT/RLAF/runs/GNN_Glucose_3SAT_EchoSAT_SymmetryGRPO_v1_2_WC1_HardNeg_Full/iter=15.pt,glucose,enhanced,False,patched_pretrue_main,event,strong,strong_symmetry,large,v10_c9,main,complete_coloring:large,base,False,SAT symmetry harder baseline candidate pool,warmup_rollout_collect_events,True,0.001053,0.004387250053696334,0.001053
complete_coloring,k10_color9,k10_color9,base,0,cached_trace_no_adapter_final,0,1,1,1,/Users/cchao/EchoSAT/RLAF/runs/GNN_Glucose_3SAT_EchoSAT_SymmetryGRPO_v1_2_WC1_HardNeg_Full/iter=15.pt,glucose,enhanced,False,patched_pretrue_main,event,strong,strong_symmetry,large,v10_c9,main,complete_coloring:large,base,False,SAT symmetry harder baseline candidate pool,event_feature_attach,True,0.0033578749280422926,0.0033578749280422926,0.0
complete_coloring,k10_color9,k10_color9,base,0,cached_trace_no_adapter_final,0,1,1,1,/Users/cchao/EchoSAT/RLAF/runs/GNN_Glucose_3SAT_EchoSAT_SymmetryGRPO_v1_2_WC1_HardNeg_Full/iter=15.pt,glucose,enhanced,False,patched_pretrue_main,event,strong,strong_symmetry,large,v10_c9,main,complete_coloring:large,base,False,SAT symmetry harder baseline candidate pool,adapter_inference,False,0.0,0.0,0.0
complete_coloring,k10_color9,k10_color9,base,0,cached_trace_no_adapter_final,0,1,1,1,/Users/cchao/EchoSAT/RLAF/runs/GNN_Glucose_3SAT_EchoSAT_SymmetryGRPO_v1_2_WC1_HardNeg_Full/iter=15.pt,glucose,enhanced,False,patched_pretrue_main,event,strong,strong_symmetry,large,v10_c9,main,complete_coloring:large,base,False,SAT symmetry harder baseline candidate pool,final_solve,True,1.49434,1.5242345000151545,1.49434
complete_coloring,k10_color9,k10_color9,base,0,event_adapter_final,0,1,1,1,/Users/cchao/EchoSAT/RLAF/runs/GNN_Glucose_3SAT_EchoSAT_SymmetryGRPO_v1_2_WC1_HardNeg_Full/iter=15.pt,glucose,enhanced,False,patched_pretrue_main,event,strong,strong_symmetry,large,v10_c9,main,complete_coloring:large,base,False,SAT symmetry harder baseline candidate pool,static_inference,True,0.1408710479736328,0.1408710479736328,0.0
complete_coloring,k10_color9,k10_color9,base,0,event_adapter_final,0,1,1,1,/Users/cchao/EchoSAT/RLAF/runs/GNN_Glucose_3SAT_EchoSAT_SymmetryGRPO_v1_2_WC1_HardNeg_Full/iter=15.pt,glucose,enhanced,False,patched_pretrue_main,event,strong,strong_symmetry,large,v10_c9,main,complete_coloring:large,base,False,SAT symmetry harder baseline candidate pool,warmup_rollout_collect_events,True,0.001053,0.004387250053696334,0.001053
complete_coloring,k10_color9,k10_color9,base,0,event_adapter_final,0,1,1,1,/Users/cchao/EchoSAT/RLAF/runs/GNN_Glucose_3SAT_EchoSAT_SymmetryGRPO_v1_2_WC1_HardNeg_Full/iter=15.pt,glucose,enhanced,False,patched_pretrue_main,event,strong,strong_symmetry,large,v10_c9,main,complete_coloring:large,base,False,SAT symmetry harder baseline candidate pool,event_feature_attach,True,0.0033578749280422926,0.0033578749280422926,0.0
complete_coloring,k10_color9,k10_color9,base,0,event_adapter_final,0,1,1,1,/Users/cchao/EchoSAT/RLAF/runs/GNN_Glucose_3SAT_EchoSAT_SymmetryGRPO_v1_2_WC1_HardNeg_Full/iter=15.pt,glucose,enhanced,False,patched_pretrue_main,event,strong,strong_symmetry,large,v10_c9,main,complete_coloring:large,base,False,SAT symmetry harder baseline candidate pool,adapter_inference,True,0.0021851062774658203,0.0021851062774658203,0.0
complete_coloring,k10_color9,k10_color9,base,0,event_adapter_final,0,1,1,1,/Users/cchao/EchoSAT/RLAF/runs/GNN_Glucose_3SAT_EchoSAT_SymmetryGRPO_v1_2_WC1_HardNeg_Full/iter=15.pt,glucose,enhanced,False,patched_pretrue_main,event,strong,strong_symmetry,large,v10_c9,main,complete_coloring:large,base,False,SAT symmetry harder baseline candidate pool,final_solve,True,1.75042,1.7751125420909375,1.75042
complete_coloring,k10_color9_perm1730,k10_color9,perm_seed1730,1,plain_unguided_glucose,0,1,1,1,/Users/cchao/EchoSAT/RLAF/runs/GNN_Glucose_3SAT_EchoSAT_SymmetryGRPO_v1_2_WC1_HardNeg_Full/iter=15.pt,glucose,enhanced,False,patched_pretrue_main,event,strong,strong_symmetry,large,v10_c9,main,complete_coloring:large,permutation_variant,True,SAT symmetry harder baseline candidate pool,static_inference,False,0.0,0.0,0.0
complete_coloring,k10_color9_perm1730,k10_color9,perm_seed1730,1,plain_unguided_glucose,0,1,1,1,/Users/cchao/EchoSAT/RLAF/runs/GNN_Glucose_3SAT_EchoSAT_SymmetryGRPO_v1_2_WC1_HardNeg_Full/iter=15.pt,glucose,enhanced,False,patched_pretrue_main,event,strong,strong_symmetry,large,v10_c9,main,complete_coloring:large,permutation_variant,True,SAT symmetry harder baseline candidate pool,warmup_rollout_collect_events,False,0.0,0.0,0.0
complete_coloring,k10_color9_perm1730,k10_color9,perm_seed1730,1,plain_unguided_glucose,0,1,1,1,/Users/cchao/EchoSAT/RLAF/runs/GNN_Glucose_3SAT_EchoSAT_SymmetryGRPO_v1_2_WC1_HardNeg_Full/iter=15.pt,glucose,enhanced,False,patched_pretrue_main,event,strong,strong_symmetry,large,v10_c9,main,complete_coloring:large,permutation_variant,True,SAT symmetry harder baseline candidate pool,event_feature_attach,False,0.0,0.0,0.0
complete_coloring,k10_color9_perm1730,k10_color9,perm_seed1730,1,plain_unguided_glucose,0,1,1,1,/Users/cchao/EchoSAT/RLAF/runs/GNN_Glucose_3SAT_EchoSAT_SymmetryGRPO_v1_2_WC1_HardNeg_Full/iter=15.pt,glucose,enhanced,False,patched_pretrue_main,event,strong,strong_symmetry,large,v10_c9,main,complete_coloring:large,permutation_variant,True,SAT symmetry harder baseline candidate pool,adapter_inference,False,0.0,0.0,0.0
complete_coloring,k10_color9_perm1730,k10_color9,perm_seed1730,1,plain_unguided_glucose,0,1,1,1,/Users/cchao/EchoSAT/RLAF/runs/GNN_Glucose_3SAT_EchoSAT_SymmetryGRPO_v1_2_WC1_HardNeg_Full/iter=15.pt,glucose,enhanced,False,patched_pretrue_main,event,strong,strong_symmetry,large,v10_c9,main,complete_coloring:large,permutation_variant,True,SAT symmetry harder baseline candidate pool,final_solve,True,1.59117,1.6546008749864995,1.59117
complete_coloring,k10_color9_perm1730,k10_color9,perm_seed1730,1,neutral_weighted_glucose,0,1,1,1,/Users/cchao/EchoSAT/RLAF/runs/GNN_Glucose_3SAT_EchoSAT_SymmetryGRPO_v1_2_WC1_HardNeg_Full/iter=15.pt,glucose,enhanced,False,patched_pretrue_main,event,strong,strong_symmetry,large,v10_c9,main,complete_coloring:large,permutation_variant,True,SAT symmetry harder baseline candidate pool,static_inference,False,0.0,0.0,0.0
complete_coloring,k10_color9_perm1730,k10_color9,perm_seed1730,1,neutral_weighted_glucose,0,1,1,1,/Users/cchao/EchoSAT/RLAF/runs/GNN_Glucose_3SAT_EchoSAT_SymmetryGRPO_v1_2_WC1_HardNeg_Full/iter=15.pt,glucose,enhanced,False,patched_pretrue_main,event,strong,strong_symmetry,large,v10_c9,main,complete_coloring:large,permutation_variant,True,SAT symmetry harder baseline candidate pool,warmup_rollout_collect_events,False,0.0,0.0,0.0
complete_coloring,k10_color9_perm1730,k10_color9,perm_seed1730,1,neutral_weighted_glucose,0,1,1,1,/Users/cchao/EchoSAT/RLAF/runs/GNN_Glucose_3SAT_EchoSAT_SymmetryGRPO_v1_2_WC1_HardNeg_Full/iter=15.pt,glucose,enhanced,False,patched_pretrue_main,event,strong,strong_symmetry,large,v10_c9,main,complete_coloring:large,permutation_variant,True,SAT symmetry harder baseline candidate pool,event_feature_attach,False,0.0,0.0,0.0
complete_coloring,k10_color9_perm1730,k10_color9,perm_seed1730,1,neutral_weighted_glucose,0,1,1,1,/Users/cchao/EchoSAT/RLAF/runs/GNN_Glucose_3SAT_EchoSAT_SymmetryGRPO_v1_2_WC1_HardNeg_Full/iter=15.pt,glucose,enhanced,False,patched_pretrue_main,event,strong,strong_symmetry,large,v10_c9,main,complete_coloring:large,permutation_variant,True,SAT symmetry harder baseline candidate pool,adapter_inference,False,0.0,0.0,0.0
complete_coloring,k10_color9_perm1730,k10_color9,perm_seed1730,1,neutral_weighted_glucose,0,1,1,1,/Users/cchao/EchoSAT/RLAF/runs/GNN_Glucose_3SAT_EchoSAT_SymmetryGRPO_v1_2_WC1_HardNeg_Full/iter=15.pt,glucose,enhanced,False,patched_pretrue_main,event,strong,strong_symmetry,large,v10_c9,main,complete_coloring:large,permutation_variant,True,SAT symmetry harder baseline candidate pool,final_solve,True,1.34271,1.3661353329662234,1.34271
complete_coloring,k10_color9_perm1730,k10_color9,perm_seed1730,1,static_weighted_glucose,0,1,1,1,/Users/cchao/EchoSAT/RLAF/runs/GNN_Glucose_3SAT_EchoSAT_SymmetryGRPO_v1_2_WC1_HardNeg_Full/iter=15.pt,glucose,enhanced,False,patched_pretrue_main,event,strong,strong_symmetry,large,v10_c9,main,complete_coloring:large,permutation_variant,True,SAT symmetry harder baseline candidate pool,static_inference,True,0.1408710479736328,0.1408710479736328,0.0
complete_coloring,k10_color9_perm1730,k10_color9,perm_seed1730,1,static_weighted_glucose,0,1,1,1,/Users/cchao/EchoSAT/RLAF/runs/GNN_Glucose_3SAT_EchoSAT_SymmetryGRPO_v1_2_WC1_HardNeg_Full/iter=15.pt,glucose,enhanced,False,patched_pretrue_main,event,strong,strong_symmetry,large,v10_c9,main,complete_coloring:large,permutation_variant,True,SAT symmetry harder baseline candidate pool,warmup_rollout_collect_events,False,0.0,0.0,0.0
complete_coloring,k10_color9_perm1730,k10_color9,perm_seed1730,1,static_weighted_glucose,0,1,1,1,/Users/cchao/EchoSAT/RLAF/runs/GNN_Glucose_3SAT_EchoSAT_SymmetryGRPO_v1_2_WC1_HardNeg_Full/iter=15.pt,glucose,enhanced,False,patched_pretrue_main,event,strong,strong_symmetry,large,v10_c9,main,complete_coloring:large,permutation_variant,True,SAT symmetry harder baseline candidate pool,event_feature_attach,False,0.0,0.0,0.0
complete_coloring,k10_color9_perm1730,k10_color9,perm_seed1730,1,static_weighted_glucose,0,1,1,1,/Users/cchao/EchoSAT/RLAF/runs/GNN_Glucose_3SAT_EchoSAT_SymmetryGRPO_v1_2_WC1_HardNeg_Full/iter=15.pt,glucose,enhanced,False,patched_pretrue_main,event,strong,strong_symmetry,large,v10_c9,main,complete_coloring:large,permutation_variant,True,SAT symmetry harder baseline candidate pool,adapter_inference,False,0.0,0.0,0.0
complete_coloring,k10_color9_perm1730,k10_color9,perm_seed1730,1,static_weighted_glucose,0,1,1,1,/Users/cchao/EchoSAT/RLAF/runs/GNN_Glucose_3SAT_EchoSAT_SymmetryGRPO_v1_2_WC1_HardNeg_Full/iter=15.pt,glucose,enhanced,False,patched_pretrue_main,event,strong,strong_symmetry,large,v10_c9,main,complete_coloring:large,permutation_variant,True,SAT symmetry harder baseline candidate pool,final_solve,True,1.50731,1.5423081249464303,1.50731
complete_coloring,k10_color9_perm1730,k10_color9,perm_seed1730,1,cached_trace_no_adapter_final,0,1,1,1,/Users/cchao/EchoSAT/RLAF/runs/GNN_Glucose_3SAT_EchoSAT_SymmetryGRPO_v1_2_WC1_HardNeg_Full/iter=15.pt,glucose,enhanced,False,patched_pretrue_main,event,strong,strong_symmetry,large,v10_c9,main,complete_coloring:large,permutation_variant,True,SAT symmetry harder baseline candidate pool,static_inference,True,0.1408710479736328,0.1408710479736328,0.0
complete_coloring,k10_color9_perm1730,k10_color9,perm_seed1730,1,cached_trace_no_adapter_final,0,1,1,1,/Users/cchao/EchoSAT/RLAF/runs/GNN_Glucose_3SAT_EchoSAT_SymmetryGRPO_v1_2_WC1_HardNeg_Full/iter=15.pt,glucose,enhanced,False,patched_pretrue_main,event,strong,strong_symmetry,large,v10_c9,main,complete_coloring:large,permutation_variant,True,SAT symmetry harder baseline candidate pool,warmup_rollout_collect_events,True,0.001072,0.00474629201926291,0.001072
complete_coloring,k10_color9_perm1730,k10_color9,perm_seed1730,1,cached_trace_no_adapter_final,0,1,1,1,/Users/cchao/EchoSAT/RLAF/runs/GNN_Glucose_3SAT_EchoSAT_SymmetryGRPO_v1_2_WC1_HardNeg_Full/iter=15.pt,glucose,enhanced,False,patched_pretrue_main,event,strong,strong_symmetry,large,v10_c9,main,complete_coloring:large,permutation_variant,True,SAT symmetry harder baseline candidate pool,event_feature_attach,True,0.00014566699974238873,0.00014566699974238873,0.0
complete_coloring,k10_color9_perm1730,k10_color9,perm_seed1730,1,cached_trace_no_adapter_final,0,1,1,1,/Users/cchao/EchoSAT/RLAF/runs/GNN_Glucose_3SAT_EchoSAT_SymmetryGRPO_v1_2_WC1_HardNeg_Full/iter=15.pt,glucose,enhanced,False,patched_pretrue_main,event,strong,strong_symmetry,large,v10_c9,main,complete_coloring:large,permutation_variant,True,SAT symmetry harder baseline candidate pool,adapter_inference,False,0.0,0.0,0.0
complete_coloring,k10_color9_perm1730,k10_color9,perm_seed1730,1,cached_trace_no_adapter_final,0,1,1,1,/Users/cchao/EchoSAT/RLAF/runs/GNN_Glucose_3SAT_EchoSAT_SymmetryGRPO_v1_2_WC1_HardNeg_Full/iter=15.pt,glucose,enhanced,False,patched_pretrue_main,event,strong,strong_symmetry,large,v10_c9,main,complete_coloring:large,permutation_variant,True,SAT symmetry harder baseline candidate pool,final_solve,True,1.50731,1.5423081249464303,1.50731
complete_coloring,k10_color9_perm1730,k10_color9,perm_seed1730,1,event_adapter_final,0,1,1,1,/Users/cchao/EchoSAT/RLAF/runs/GNN_Glucose_3SAT_EchoSAT_SymmetryGRPO_v1_2_WC1_HardNeg_Full/iter=15.pt,glucose,enhanced,False,patched_pretrue_main,event,strong,strong_symmetry,large,v10_c9,main,complete_coloring:large,permutation_variant,True,SAT symmetry harder baseline candidate pool,static_inference,True,0.1408710479736328,0.1408710479736328,0.0
complete_coloring,k10_color9_perm1730,k10_color9,perm_seed1730,1,event_adapter_final,0,1,1,1,/Users/cchao/EchoSAT/RLAF/runs/GNN_Glucose_3SAT_EchoSAT_SymmetryGRPO_v1_2_WC1_HardNeg_Full/iter=15.pt,glucose,enhanced,False,patched_pretrue_main,event,strong,strong_symmetry,large,v10_c9,main,complete_coloring:large,permutation_variant,True,SAT symmetry harder baseline candidate pool,warmup_rollout_collect_events,True,0.001072,0.00474629201926291,0.001072
complete_coloring,k10_color9_perm1730,k10_color9,perm_seed1730,1,event_adapter_final,0,1,1,1,/Users/cchao/EchoSAT/RLAF/runs/GNN_Glucose_3SAT_EchoSAT_SymmetryGRPO_v1_2_WC1_HardNeg_Full/iter=15.pt,glucose,enhanced,False,patched_pretrue_main,event,strong,strong_symmetry,large,v10_c9,main,complete_coloring:large,permutation_variant,True,SAT symmetry harder baseline candidate pool,event_feature_attach,True,0.00014566699974238873,0.00014566699974238873,0.0
complete_coloring,k10_color9_perm1730,k10_color9,perm_seed1730,1,event_adapter_final,0,1,1,1,/Users/cchao/EchoSAT/RLAF/runs/GNN_Glucose_3SAT_EchoSAT_SymmetryGRPO_v1_2_WC1_HardNeg_Full/iter=15.pt,glucose,enhanced,False,patched_pretrue_main,event,strong,strong_symmetry,large,v10_c9,main,complete_coloring:large,permutation_variant,True,SAT symmetry harder baseline candidate pool,adapter_inference,True,0.0021851062774658203,0.0021851062774658203,0.0
complete_coloring,k10_color9_perm1730,k10_color9,perm_seed1730,1,event_adapter_final,0,1,1,1,/Users/cchao/EchoSAT/RLAF/runs/GNN_Glucose_3SAT_EchoSAT_SymmetryGRPO_v1_2_WC1_HardNeg_Full/iter=15.pt,glucose,enhanced,False,patched_pretrue_main,event,strong,strong_symmetry,large,v10_c9,main,complete_coloring:large,permutation_variant,True,SAT symmetry harder baseline candidate pool,final_solve,True,1.55251,1.5752135829534382,1.55251
complete_coloring,k10_color9_perm1731,k10_color9,perm_seed1731,2,plain_unguided_glucose,0,1,1,1,/Users/cchao/EchoSAT/RLAF/runs/GNN_Glucose_3SAT_EchoSAT_SymmetryGRPO_v1_2_WC1_HardNeg_Full/iter=15.pt,glucose,enhanced,False,patched_pretrue_main,event,strong,strong_symmetry,large,v10_c9,main,complete_coloring:large,permutation_variant,True,SAT symmetry harder baseline candidate pool,static_inference,False,0.0,0.0,0.0
complete_coloring,k10_color9_perm1731,k10_color9,perm_seed1731,2,plain_unguided_glucose,0,1,1,1,/Users/cchao/EchoSAT/RLAF/runs/GNN_Glucose_3SAT_EchoSAT_SymmetryGRPO_v1_2_WC1_HardNeg_Full/iter=15.pt,glucose,enhanced,False,patched_pretrue_main,event,strong,strong_symmetry,large,v10_c9,main,complete_coloring:large,permutation_variant,True,SAT symmetry harder baseline candidate pool,warmup_rollout_collect_events,False,0.0,0.0,0.0
complete_coloring,k10_color9_perm1731,k10_color9,perm_seed1731,2,plain_unguided_glucose,0,1,1,1,/Users/cchao/EchoSAT/RLAF/runs/GNN_Glucose_3SAT_EchoSAT_SymmetryGRPO_v1_2_WC1_HardNeg_Full/iter=15.pt,glucose,enhanced,False,patched_pretrue_main,event,strong,strong_symmetry,large,v10_c9,main,complete_coloring:large,permutation_variant,True,SAT symmetry harder baseline candidate pool,event_feature_attach,False,0.0,0.0,0.0
complete_coloring,k10_color9_perm1731,k10_color9,perm_seed1731,2,plain_unguided_glucose,0,1,1,1,/Users/cchao/EchoSAT/RLAF/runs/GNN_Glucose_3SAT_EchoSAT_SymmetryGRPO_v1_2_WC1_HardNeg_Full/iter=15.pt,glucose,enhanced,False,patched_pretrue_main,event,strong,strong_symmetry,large,v10_c9,main,complete_coloring:large,permutation_variant,True,SAT symmetry harder baseline candidate pool,adapter_inference,False,0.0,0.0,0.0
complete_coloring,k10_color9_perm1731,k10_color9,perm_seed1731,2,plain_unguided_glucose,0,1,1,1,/Users/cchao/EchoSAT/RLAF/runs/GNN_Glucose_3SAT_EchoSAT_SymmetryGRPO_v1_2_WC1_HardNeg_Full/iter=15.pt,glucose,enhanced,False,patched_pretrue_main,event,strong,strong_symmetry,large,v10_c9,main,complete_coloring:large,permutation_variant,True,SAT symmetry harder baseline candidate pool,final_solve,True,1.60726,1.6599544580094516,1.60726
complete_coloring,k10_color9_perm1731,k10_color9,perm_seed1731,2,neutral_weighted_glucose,0,1,1,1,/Users/cchao/EchoSAT/RLAF/runs/GNN_Glucose_3SAT_EchoSAT_SymmetryGRPO_v1_2_WC1_HardNeg_Full/iter=15.pt,glucose,enhanced,False,patched_pretrue_main,event,strong,strong_symmetry,large,v10_c9,main,complete_coloring:large,permutation_variant,True,SAT symmetry harder baseline candidate pool,static_inference,False,0.0,0.0,0.0
complete_coloring,k10_color9_perm1731,k10_color9,perm_seed1731,2,neutral_weighted_glucose,0,1,1,1,/Users/cchao/EchoSAT/RLAF/runs/GNN_Glucose_3SAT_EchoSAT_SymmetryGRPO_v1_2_WC1_HardNeg_Full/iter=15.pt,glucose,enhanced,False,patched_pretrue_main,event,strong,strong_symmetry,large,v10_c9,main,complete_coloring:large,permutation_variant,True,SAT symmetry harder baseline candidate pool,warmup_rollout_collect_events,False,0.0,0.0,0.0
complete_coloring,k10_color9_perm1731,k10_color9,perm_seed1731,2,neutral_weighted_glucose,0,1,1,1,/Users/cchao/EchoSAT/RLAF/runs/GNN_Glucose_3SAT_EchoSAT_SymmetryGRPO_v1_2_WC1_HardNeg_Full/iter=15.pt,glucose,enhanced,False,patched_pretrue_main,event,strong,strong_symmetry,large,v10_c9,main,complete_coloring:large,permutation_variant,True,SAT symmetry harder baseline candidate pool,event_feature_attach,False,0.0,0.0,0.0
complete_coloring,k10_color9_perm1731,k10_color9,perm_seed1731,2,neutral_weighted_glucose,0,1,1,1,/Users/cchao/EchoSAT/RLAF/runs/GNN_Glucose_3SAT_EchoSAT_SymmetryGRPO_v1_2_WC1_HardNeg_Full/iter=15.pt,glucose,enhanced,False,patched_pretrue_main,event,strong,strong_symmetry,large,v10_c9,main,complete_coloring:large,permutation_variant,True,SAT symmetry harder baseline candidate pool,adapter_inference,False,0.0,0.0,0.0
complete_coloring,k10_color9_perm1731,k10_color9,perm_seed1731,2,neutral_weighted_glucose,0,1,1,1,/Users/cchao/EchoSAT/RLAF/runs/GNN_Glucose_3SAT_EchoSAT_SymmetryGRPO_v1_2_WC1_HardNeg_Full/iter=15.pt,glucose,enhanced,False,patched_pretrue_main,event,strong,strong_symmetry,large,v10_c9,main,complete_coloring:large,permutation_variant,True,SAT symmetry harder baseline candidate pool,final_solve,True,1.5785,1.605081000016071,1.5785
complete_coloring,k10_color9_perm1731,k10_color9,perm_seed1731,2,static_weighted_glucose,0,1,1,1,/Users/cchao/EchoSAT/RLAF/runs/GNN_Glucose_3SAT_EchoSAT_SymmetryGRPO_v1_2_WC1_HardNeg_Full/iter=15.pt,glucose,enhanced,False,patched_pretrue_main,event,strong,strong_symmetry,large,v10_c9,main,complete_coloring:large,permutation_variant,True,SAT symmetry harder baseline candidate pool,static_inference,True,0.1408710479736328,0.1408710479736328,0.0
complete_coloring,k10_color9_perm1731,k10_color9,perm_seed1731,2,static_weighted_glucose,0,1,1,1,/Users/cchao/EchoSAT/RLAF/runs/GNN_Glucose_3SAT_EchoSAT_SymmetryGRPO_v1_2_WC1_HardNeg_Full/iter=15.pt,glucose,enhanced,False,patched_pretrue_main,event,strong,strong_symmetry,large,v10_c9,main,complete_coloring:large,permutation_variant,True,SAT symmetry harder baseline candidate pool,warmup_rollout_collect_events,False,0.0,0.0,0.0
complete_coloring,k10_color9_perm1731,k10_color9,perm_seed1731,2,static_weighted_glucose,0,1,1,1,/Users/cchao/EchoSAT/RLAF/runs/GNN_Glucose_3SAT_EchoSAT_SymmetryGRPO_v1_2_WC1_HardNeg_Full/iter=15.pt,glucose,enhanced,False,patched_pretrue_main,event,strong,strong_symmetry,large,v10_c9,main,complete_coloring:large,permutation_variant,True,SAT symmetry harder baseline candidate pool,event_feature_attach,False,0.0,0.0,0.0
complete_coloring,k10_color9_perm1731,k10_color9,perm_seed1731,2,static_weighted_glucose,0,1,1,1,/Users/cchao/EchoSAT/RLAF/runs/GNN_Glucose_3SAT_EchoSAT_SymmetryGRPO_v1_2_WC1_HardNeg_Full/iter=15.pt,glucose,enhanced,False,patched_pretrue_main,event,strong,strong_symmetry,large,v10_c9,main,complete_coloring:large,permutation_variant,True,SAT symmetry harder baseline candidate pool,adapter_inference,False,0.0,0.0,0.0
complete_coloring,k10_color9_perm1731,k10_color9,perm_seed1731,2,static_weighted_glucose,0,1,1,1,/Users/cchao/EchoSAT/RLAF/runs/GNN_Glucose_3SAT_EchoSAT_SymmetryGRPO_v1_2_WC1_HardNeg_Full/iter=15.pt,glucose,enhanced,False,patched_pretrue_main,event,strong,strong_symmetry,large,v10_c9,main,complete_coloring:large,permutation_variant,True,SAT symmetry harder baseline candidate pool,final_solve,True,1.58844,1.6199099170044065,1.58844
complete_coloring,k10_color9_perm1731,k10_color9,perm_seed1731,2,cached_trace_no_adapter_final,0,1,1,1,/Users/cchao/EchoSAT/RLAF/runs/GNN_Glucose_3SAT_EchoSAT_SymmetryGRPO_v1_2_WC1_HardNeg_Full/iter=15.pt,glucose,enhanced,False,patched_pretrue_main,event,strong,strong_symmetry,large,v10_c9,main,complete_coloring:large,permutation_variant,True,SAT symmetry harder baseline candidate pool,static_inference,True,0.1408710479736328,0.1408710479736328,0.0
complete_coloring,k10_color9_perm1731,k10_color9,perm_seed1731,2,cached_trace_no_adapter_final,0,1,1,1,/Users/cchao/EchoSAT/RLAF/runs/GNN_Glucose_3SAT_EchoSAT_SymmetryGRPO_v1_2_WC1_HardNeg_Full/iter=15.pt,glucose,enhanced,False,patched_pretrue_main,event,strong,strong_symmetry,large,v10_c9,main,complete_coloring:large,permutation_variant,True,SAT symmetry harder baseline candidate pool,warmup_rollout_collect_events,True,0.000975,0.004412667010910809,0.000975
complete_coloring,k10_color9_perm1731,k10_color9,perm_seed1731,2,cached_trace_no_adapter_final,0,1,1,1,/Users/cchao/EchoSAT/RLAF/runs/GNN_Glucose_3SAT_EchoSAT_SymmetryGRPO_v1_2_WC1_HardNeg_Full/iter=15.pt,glucose,enhanced,False,patched_pretrue_main,event,strong,strong_symmetry,large,v10_c9,main,complete_coloring:large,permutation_variant,True,SAT symmetry harder baseline candidate pool,event_feature_attach,True,0.00011691590771079063,0.00011691590771079063,0.0
complete_coloring,k10_color9_perm1731,k10_color9,perm_seed1731,2,cached_trace_no_adapter_final,0,1,1,1,/Users/cchao/EchoSAT/RLAF/runs/GNN_Glucose_3SAT_EchoSAT_SymmetryGRPO_v1_2_WC1_HardNeg_Full/iter=15.pt,glucose,enhanced,False,patched_pretrue_main,event,strong,strong_symmetry,large,v10_c9,main,complete_coloring:large,permutation_variant,True,SAT symmetry harder baseline candidate pool,adapter_inference,False,0.0,0.0,0.0
complete_coloring,k10_color9_perm1731,k10_color9,perm_seed1731,2,cached_trace_no_adapter_final,0,1,1,1,/Users/cchao/EchoSAT/RLAF/runs/GNN_Glucose_3SAT_EchoSAT_SymmetryGRPO_v1_2_WC1_HardNeg_Full/iter=15.pt,glucose,enhanced,False,patched_pretrue_main,event,strong,strong_symmetry,large,v10_c9,main,complete_coloring:large,permutation_variant,True,SAT symmetry harder baseline candidate pool,final_solve,True,1.58844,1.6199099170044065,1.58844
complete_coloring,k10_color9_perm1731,k10_color9,perm_seed1731,2,event_adapter_final,0,1,1,1,/Users/cchao/EchoSAT/RLAF/runs/GNN_Glucose_3SAT_EchoSAT_SymmetryGRPO_v1_2_WC1_HardNeg_Full/iter=15.pt,glucose,enhanced,False,patched_pretrue_main,event,strong,strong_symmetry,large,v10_c9,main,complete_coloring:large,permutation_variant,True,SAT symmetry harder baseline candidate pool,static_inference,True,0.1408710479736328,0.1408710479736328,0.0
complete_coloring,k10_color9_perm1731,k10_color9,perm_seed1731,2,event_adapter_final,0,1,1,1,/Users/cchao/EchoSAT/RLAF/runs/GNN_Glucose_3SAT_EchoSAT_SymmetryGRPO_v1_2_WC1_HardNeg_Full/iter=15.pt,glucose,enhanced,False,patched_pretrue_main,event,strong,strong_symmetry,large,v10_c9,main,complete_coloring:large,permutation_variant,True,SAT symmetry harder baseline candidate pool,warmup_rollout_collect_events,True,0.000975,0.004412667010910809,0.000975
complete_coloring,k10_color9_perm1731,k10_color9,perm_seed1731,2,event_adapter_final,0,1,1,1,/Users/cchao/EchoSAT/RLAF/runs/GNN_Glucose_3SAT_EchoSAT_SymmetryGRPO_v1_2_WC1_HardNeg_Full/iter=15.pt,glucose,enhanced,False,patched_pretrue_main,event,strong,strong_symmetry,large,v10_c9,main,complete_coloring:large,permutation_variant,True,SAT symmetry harder baseline candidate pool,event_feature_attach,True,0.00011691590771079063,0.00011691590771079063,0.0
complete_coloring,k10_color9_perm1731,k10_color9,perm_seed1731,2,event_adapter_final,0,1,1,1,/Users/cchao/EchoSAT/RLAF/runs/GNN_Glucose_3SAT_EchoSAT_SymmetryGRPO_v1_2_WC1_HardNeg_Full/iter=15.pt,glucose,enhanced,False,patched_pretrue_main,event,strong,strong_symmetry,large,v10_c9,main,complete_coloring:large,permutation_variant,True,SAT symmetry harder baseline candidate pool,adapter_inference,True,0.0021851062774658203,0.0021851062774658203,0.0
complete_coloring,k10_color9_perm1731,k10_color9,perm_seed1731,2,event_adapter_final,0,1,1,1,/Users/cchao/EchoSAT/RLAF/runs/GNN_Glucose_3SAT_EchoSAT_SymmetryGRPO_v1_2_WC1_HardNeg_Full/iter=15.pt,glucose,enhanced,False,patched_pretrue_main,event,strong,strong_symmetry,large,v10_c9,main,complete_coloring:large,permutation_variant,True,SAT symmetry harder baseline candidate pool,final_solve,True,1.89583,1.9220368330134079,1.89583
php,php_p10_h9,php_p10_h9,base,3,plain_unguided_glucose,0,1,1,1,/Users/cchao/EchoSAT/RLAF/runs/GNN_Glucose_3SAT_EchoSAT_SymmetryGRPO_v1_2_WC1_HardNeg_Full/iter=15.pt,glucose,enhanced,False,patched_pretrue_main,event,strong,strong_symmetry,large,p10_h9,main,php:large,base,False,SAT symmetry harder baseline candidate pool,static_inference,False,0.0,0.0,0.0
php,php_p10_h9,php_p10_h9,base,3,plain_unguided_glucose,0,1,1,1,/Users/cchao/EchoSAT/RLAF/runs/GNN_Glucose_3SAT_EchoSAT_SymmetryGRPO_v1_2_WC1_HardNeg_Full/iter=15.pt,glucose,enhanced,False,patched_pretrue_main,event,strong,strong_symmetry,large,p10_h9,main,php:large,base,False,SAT symmetry harder baseline candidate pool,warmup_rollout_collect_events,False,0.0,0.0,0.0
php,php_p10_h9,php_p10_h9,base,3,plain_unguided_glucose,0,1,1,1,/Users/cchao/EchoSAT/RLAF/runs/GNN_Glucose_3SAT_EchoSAT_SymmetryGRPO_v1_2_WC1_HardNeg_Full/iter=15.pt,glucose,enhanced,False,patched_pretrue_main,event,strong,strong_symmetry,large,p10_h9,main,php:large,base,False,SAT symmetry harder baseline candidate pool,event_feature_attach,False,0.0,0.0,0.0
php,php_p10_h9,php_p10_h9,base,3,plain_unguided_glucose,0,1,1,1,/Users/cchao/EchoSAT/RLAF/runs/GNN_Glucose_3SAT_EchoSAT_SymmetryGRPO_v1_2_WC1_HardNeg_Full/iter=15.pt,glucose,enhanced,False,patched_pretrue_main,event,strong,strong_symmetry,large,p10_h9,main,php:large,base,False,SAT symmetry harder baseline candidate pool,adapter_inference,False,0.0,0.0,0.0
php,php_p10_h9,php_p10_h9,base,3,plain_unguided_glucose,0,1,1,1,/Users/cchao/EchoSAT/RLAF/runs/GNN_Glucose_3SAT_EchoSAT_SymmetryGRPO_v1_2_WC1_HardNeg_Full/iter=15.pt,glucose,enhanced,False,patched_pretrue_main,event,strong,strong_symmetry,large,p10_h9,main,php:large,base,False,SAT symmetry harder baseline candidate pool,final_solve,True,1.33082,1.3544300840003416,1.33082
php,php_p10_h9,php_p10_h9,base,3,neutral_weighted_glucose,0,1,1,1,/Users/cchao/EchoSAT/RLAF/runs/GNN_Glucose_3SAT_EchoSAT_SymmetryGRPO_v1_2_WC1_HardNeg_Full/iter=15.pt,glucose,enhanced,False,patched_pretrue_main,event,strong,strong_symmetry,large,p10_h9,main,php:large,base,False,SAT symmetry harder baseline candidate pool,static_inference,False,0.0,0.0,0.0
php,php_p10_h9,php_p10_h9,base,3,neutral_weighted_glucose,0,1,1,1,/Users/cchao/EchoSAT/RLAF/runs/GNN_Glucose_3SAT_EchoSAT_SymmetryGRPO_v1_2_WC1_HardNeg_Full/iter=15.pt,glucose,enhanced,False,patched_pretrue_main,event,strong,strong_symmetry,large,p10_h9,main,php:large,base,False,SAT symmetry harder baseline candidate pool,warmup_rollout_collect_events,False,0.0,0.0,0.0
php,php_p10_h9,php_p10_h9,base,3,neutral_weighted_glucose,0,1,1,1,/Users/cchao/EchoSAT/RLAF/runs/GNN_Glucose_3SAT_EchoSAT_SymmetryGRPO_v1_2_WC1_HardNeg_Full/iter=15.pt,glucose,enhanced,False,patched_pretrue_main,event,strong,strong_symmetry,large,p10_h9,main,php:large,base,False,SAT symmetry harder baseline candidate pool,event_feature_attach,False,0.0,0.0,0.0
php,php_p10_h9,php_p10_h9,base,3,neutral_weighted_glucose,0,1,1,1,/Users/cchao/EchoSAT/RLAF/runs/GNN_Glucose_3SAT_EchoSAT_SymmetryGRPO_v1_2_WC1_HardNeg_Full/iter=15.pt,glucose,enhanced,False,patched_pretrue_main,event,strong,strong_symmetry,large,p10_h9,main,php:large,base,False,SAT symmetry harder baseline candidate pool,adapter_inference,False,0.0,0.0,0.0
php,php_p10_h9,php_p10_h9,base,3,neutral_weighted_glucose,0,1,1,1,/Users/cchao/EchoSAT/RLAF/runs/GNN_Glucose_3SAT_EchoSAT_SymmetryGRPO_v1_2_WC1_HardNeg_Full/iter=15.pt,glucose,enhanced,False,patched_pretrue_main,event,strong,strong_symmetry,large,p10_h9,main,php:large,base,False,SAT symmetry harder baseline candidate pool,final_solve,True,1.37889,1.4034336669137701,1.37889
php,php_p10_h9,php_p10_h9,base,3,static_weighted_glucose,0,1,1,1,/Users/cchao/EchoSAT/RLAF/runs/GNN_Glucose_3SAT_EchoSAT_SymmetryGRPO_v1_2_WC1_HardNeg_Full/iter=15.pt,glucose,enhanced,False,patched_pretrue_main,event,strong,strong_symmetry,large,p10_h9,main,php:large,base,False,SAT symmetry harder baseline candidate pool,static_inference,True,0.1408710479736328,0.1408710479736328,0.0
php,php_p10_h9,php_p10_h9,base,3,static_weighted_glucose,0,1,1,1,/Users/cchao/EchoSAT/RLAF/runs/GNN_Glucose_3SAT_EchoSAT_SymmetryGRPO_v1_2_WC1_HardNeg_Full/iter=15.pt,glucose,enhanced,False,patched_pretrue_main,event,strong,strong_symmetry,large,p10_h9,main,php:large,base,False,SAT symmetry harder baseline candidate pool,warmup_rollout_collect_events,False,0.0,0.0,0.0
php,php_p10_h9,php_p10_h9,base,3,static_weighted_glucose,0,1,1,1,/Users/cchao/EchoSAT/RLAF/runs/GNN_Glucose_3SAT_EchoSAT_SymmetryGRPO_v1_2_WC1_HardNeg_Full/iter=15.pt,glucose,enhanced,False,patched_pretrue_main,event,strong,strong_symmetry,large,p10_h9,main,php:large,base,False,SAT symmetry harder baseline candidate pool,event_feature_attach,False,0.0,0.0,0.0
php,php_p10_h9,php_p10_h9,base,3,static_weighted_glucose,0,1,1,1,/Users/cchao/EchoSAT/RLAF/runs/GNN_Glucose_3SAT_EchoSAT_SymmetryGRPO_v1_2_WC1_HardNeg_Full/iter=15.pt,glucose,enhanced,False,patched_pretrue_main,event,strong,strong_symmetry,large,p10_h9,main,php:large,base,False,SAT symmetry harder baseline candidate pool,adapter_inference,False,0.0,0.0,0.0
php,php_p10_h9,php_p10_h9,base,3,static_weighted_glucose,0,1,1,1,/Users/cchao/EchoSAT/RLAF/runs/GNN_Glucose_3SAT_EchoSAT_SymmetryGRPO_v1_2_WC1_HardNeg_Full/iter=15.pt,glucose,enhanced,False,patched_pretrue_main,event,strong,strong_symmetry,large,p10_h9,main,php:large,base,False,SAT symmetry harder baseline candidate pool,final_solve,True,1.3074,1.3385197500465438,1.3074
php,php_p10_h9,php_p10_h9,base,3,cached_trace_no_adapter_final,0,1,1,1,/Users/cchao/EchoSAT/RLAF/runs/GNN_Glucose_3SAT_EchoSAT_SymmetryGRPO_v1_2_WC1_HardNeg_Full/iter=15.pt,glucose,enhanced,False,patched_pretrue_main,event,strong,strong_symmetry,large,p10_h9,main,php:large,base,False,SAT symmetry harder baseline candidate pool,static_inference,True,0.1408710479736328,0.1408710479736328,0.0
php,php_p10_h9,php_p10_h9,base,3,cached_trace_no_adapter_final,0,1,1,1,/Users/cchao/EchoSAT/RLAF/runs/GNN_Glucose_3SAT_EchoSAT_SymmetryGRPO_v1_2_WC1_HardNeg_Full/iter=15.pt,glucose,enhanced,False,patched_pretrue_main,event,strong,strong_symmetry,large,p10_h9,main,php:large,base,False,SAT symmetry harder baseline candidate pool,warmup_rollout_collect_events,True,0.00093,0.0044174171052873135,0.00093
php,php_p10_h9,php_p10_h9,base,3,cached_trace_no_adapter_final,0,1,1,1,/Users/cchao/EchoSAT/RLAF/runs/GNN_Glucose_3SAT_EchoSAT_SymmetryGRPO_v1_2_WC1_HardNeg_Full/iter=15.pt,glucose,enhanced,False,patched_pretrue_main,event,strong,strong_symmetry,large,p10_h9,main,php:large,base,False,SAT symmetry harder baseline candidate pool,event_feature_attach,True,0.00012970902025699615,0.00012970902025699615,0.0
php,php_p10_h9,php_p10_h9,base,3,cached_trace_no_adapter_final,0,1,1,1,/Users/cchao/EchoSAT/RLAF/runs/GNN_Glucose_3SAT_EchoSAT_SymmetryGRPO_v1_2_WC1_HardNeg_Full/iter=15.pt,glucose,enhanced,False,patched_pretrue_main,event,strong,strong_symmetry,large,p10_h9,main,php:large,base,False,SAT symmetry harder baseline candidate pool,adapter_inference,False,0.0,0.0,0.0
php,php_p10_h9,php_p10_h9,base,3,cached_trace_no_adapter_final,0,1,1,1,/Users/cchao/EchoSAT/RLAF/runs/GNN_Glucose_3SAT_EchoSAT_SymmetryGRPO_v1_2_WC1_HardNeg_Full/iter=15.pt,glucose,enhanced,False,patched_pretrue_main,event,strong,strong_symmetry,large,p10_h9,main,php:large,base,False,SAT symmetry harder baseline candidate pool,final_solve,True,1.3074,1.3385197500465438,1.3074
php,php_p10_h9,php_p10_h9,base,3,event_adapter_final,0,1,1,1,/Users/cchao/EchoSAT/RLAF/runs/GNN_Glucose_3SAT_EchoSAT_SymmetryGRPO_v1_2_WC1_HardNeg_Full/iter=15.pt,glucose,enhanced,False,patched_pretrue_main,event,strong,strong_symmetry,large,p10_h9,main,php:large,base,False,SAT symmetry harder baseline candidate pool,static_inference,True,0.1408710479736328,0.1408710479736328,0.0
php,php_p10_h9,php_p10_h9,base,3,event_adapter_final,0,1,1,1,/Users/cchao/EchoSAT/RLAF/runs/GNN_Glucose_3SAT_EchoSAT_SymmetryGRPO_v1_2_WC1_HardNeg_Full/iter=15.pt,glucose,enhanced,False,patched_pretrue_main,event,strong,strong_symmetry,large,p10_h9,main,php:large,base,False,SAT symmetry harder baseline candidate pool,warmup_rollout_collect_events,True,0.00093,0.0044174171052873135,0.00093
php,php_p10_h9,php_p10_h9,base,3,event_adapter_final,0,1,1,1,/Users/cchao/EchoSAT/RLAF/runs/GNN_Glucose_3SAT_EchoSAT_SymmetryGRPO_v1_2_WC1_HardNeg_Full/iter=15.pt,glucose,enhanced,False,patched_pretrue_main,event,strong,strong_symmetry,large,p10_h9,main,php:large,base,False,SAT symmetry harder baseline candidate pool,event_feature_attach,True,0.00012970902025699615,0.00012970902025699615,0.0
php,php_p10_h9,php_p10_h9,base,3,event_adapter_final,0,1,1,1,/Users/cchao/EchoSAT/RLAF/runs/GNN_Glucose_3SAT_EchoSAT_SymmetryGRPO_v1_2_WC1_HardNeg_Full/iter=15.pt,glucose,enhanced,False,patched_pretrue_main,event,strong,strong_symmetry,large,p10_h9,main,php:large,base,False,SAT symmetry harder baseline candidate pool,adapter_inference,True,0.0021851062774658203,0.0021851062774658203,0.0
php,php_p10_h9,php_p10_h9,base,3,event_adapter_final,0,1,1,1,/Users/cchao/EchoSAT/RLAF/runs/GNN_Glucose_3SAT_EchoSAT_SymmetryGRPO_v1_2_WC1_HardNeg_Full/iter=15.pt,glucose,enhanced,False,patched_pretrue_main,event,strong,strong_symmetry,large,p10_h9,main,php:large,base,False,SAT symmetry harder baseline candidate pool,final_solve,True,1.35447,1.3757656669477,1.35447
php,php_p10_h9_perm1730,php_p10_h9,perm_seed1730,4,plain_unguided_glucose,0,1,1,1,/Users/cchao/EchoSAT/RLAF/runs/GNN_Glucose_3SAT_EchoSAT_SymmetryGRPO_v1_2_WC1_HardNeg_Full/iter=15.pt,glucose,enhanced,False,patched_pretrue_main,event,strong,strong_symmetry,large,p10_h9,main,php:large,permutation_variant,True,SAT symmetry harder baseline candidate pool,static_inference,False,0.0,0.0,0.0
php,php_p10_h9_perm1730,php_p10_h9,perm_seed1730,4,plain_unguided_glucose,0,1,1,1,/Users/cchao/EchoSAT/RLAF/runs/GNN_Glucose_3SAT_EchoSAT_SymmetryGRPO_v1_2_WC1_HardNeg_Full/iter=15.pt,glucose,enhanced,False,patched_pretrue_main,event,strong,strong_symmetry,large,p10_h9,main,php:large,permutation_variant,True,SAT symmetry harder baseline candidate pool,warmup_rollout_collect_events,False,0.0,0.0,0.0
php,php_p10_h9_perm1730,php_p10_h9,perm_seed1730,4,plain_unguided_glucose,0,1,1,1,/Users/cchao/EchoSAT/RLAF/runs/GNN_Glucose_3SAT_EchoSAT_SymmetryGRPO_v1_2_WC1_HardNeg_Full/iter=15.pt,glucose,enhanced,False,patched_pretrue_main,event,strong,strong_symmetry,large,p10_h9,main,php:large,permutation_variant,True,SAT symmetry harder baseline candidate pool,event_feature_attach,False,0.0,0.0,0.0
php,php_p10_h9_perm1730,php_p10_h9,perm_seed1730,4,plain_unguided_glucose,0,1,1,1,/Users/cchao/EchoSAT/RLAF/runs/GNN_Glucose_3SAT_EchoSAT_SymmetryGRPO_v1_2_WC1_HardNeg_Full/iter=15.pt,glucose,enhanced,False,patched_pretrue_main,event,strong,strong_symmetry,large,p10_h9,main,php:large,permutation_variant,True,SAT symmetry harder baseline candidate pool,adapter_inference,False,0.0,0.0,0.0
php,php_p10_h9_perm1730,php_p10_h9,perm_seed1730,4,plain_unguided_glucose,0,1,1,1,/Users/cchao/EchoSAT/RLAF/runs/GNN_Glucose_3SAT_EchoSAT_SymmetryGRPO_v1_2_WC1_HardNeg_Full/iter=15.pt,glucose,enhanced,False,patched_pretrue_main,event,strong,strong_symmetry,large,p10_h9,main,php:large,permutation_variant,True,SAT symmetry harder baseline candidate pool,final_solve,True,1.47845,1.5025738750118762,1.47845
php,php_p10_h9_perm1730,php_p10_h9,perm_seed1730,4,neutral_weighted_glucose,0,1,1,1,/Users/cchao/EchoSAT/RLAF/runs/GNN_Glucose_3SAT_EchoSAT_SymmetryGRPO_v1_2_WC1_HardNeg_Full/iter=15.pt,glucose,enhanced,False,patched_pretrue_main,event,strong,strong_symmetry,large,p10_h9,main,php:large,permutation_variant,True,SAT symmetry harder baseline candidate pool,static_inference,False,0.0,0.0,0.0
php,php_p10_h9_perm1730,php_p10_h9,perm_seed1730,4,neutral_weighted_glucose,0,1,1,1,/Users/cchao/EchoSAT/RLAF/runs/GNN_Glucose_3SAT_EchoSAT_SymmetryGRPO_v1_2_WC1_HardNeg_Full/iter=15.pt,glucose,enhanced,False,patched_pretrue_main,event,strong,strong_symmetry,large,p10_h9,main,php:large,permutation_variant,True,SAT symmetry harder baseline candidate pool,warmup_rollout_collect_events,False,0.0,0.0,0.0
php,php_p10_h9_perm1730,php_p10_h9,perm_seed1730,4,neutral_weighted_glucose,0,1,1,1,/Users/cchao/EchoSAT/RLAF/runs/GNN_Glucose_3SAT_EchoSAT_SymmetryGRPO_v1_2_WC1_HardNeg_Full/iter=15.pt,glucose,enhanced,False,patched_pretrue_main,event,strong,strong_symmetry,large,p10_h9,main,php:large,permutation_variant,True,SAT symmetry harder baseline candidate pool,event_feature_attach,False,0.0,0.0,0.0
php,php_p10_h9_perm1730,php_p10_h9,perm_seed1730,4,neutral_weighted_glucose,0,1,1,1,/Users/cchao/EchoSAT/RLAF/runs/GNN_Glucose_3SAT_EchoSAT_SymmetryGRPO_v1_2_WC1_HardNeg_Full/iter=15.pt,glucose,enhanced,False,patched_pretrue_main,event,strong,strong_symmetry,large,p10_h9,main,php:large,permutation_variant,True,SAT symmetry harder baseline candidate pool,adapter_inference,False,0.0,0.0,0.0
php,php_p10_h9_perm1730,php_p10_h9,perm_seed1730,4,neutral_weighted_glucose,0,1,1,1,/Users/cchao/EchoSAT/RLAF/runs/GNN_Glucose_3SAT_EchoSAT_SymmetryGRPO_v1_2_WC1_HardNeg_Full/iter=15.pt,glucose,enhanced,False,patched_pretrue_main,event,strong,strong_symmetry,large,p10_h9,main,php:large,permutation_variant,True,SAT symmetry harder baseline candidate pool,final_solve,True,1.62423,1.6653272089315578,1.62423
php,php_p10_h9_perm1730,php_p10_h9,perm_seed1730,4,static_weighted_glucose,0,1,1,1,/Users/cchao/EchoSAT/RLAF/runs/GNN_Glucose_3SAT_EchoSAT_SymmetryGRPO_v1_2_WC1_HardNeg_Full/iter=15.pt,glucose,enhanced,False,patched_pretrue_main,event,strong,strong_symmetry,large,p10_h9,main,php:large,permutation_variant,True,SAT symmetry harder baseline candidate pool,static_inference,True,0.1408710479736328,0.1408710479736328,0.0
php,php_p10_h9_perm1730,php_p10_h9,perm_seed1730,4,static_weighted_glucose,0,1,1,1,/Users/cchao/EchoSAT/RLAF/runs/GNN_Glucose_3SAT_EchoSAT_SymmetryGRPO_v1_2_WC1_HardNeg_Full/iter=15.pt,glucose,enhanced,False,patched_pretrue_main,event,strong,strong_symmetry,large,p10_h9,main,php:large,permutation_variant,True,SAT symmetry harder baseline candidate pool,warmup_rollout_collect_events,False,0.0,0.0,0.0
php,php_p10_h9_perm1730,php_p10_h9,perm_seed1730,4,static_weighted_glucose,0,1,1,1,/Users/cchao/EchoSAT/RLAF/runs/GNN_Glucose_3SAT_EchoSAT_SymmetryGRPO_v1_2_WC1_HardNeg_Full/iter=15.pt,glucose,enhanced,False,patched_pretrue_main,event,strong,strong_symmetry,large,p10_h9,main,php:large,permutation_variant,True,SAT symmetry harder baseline candidate pool,event_feature_attach,False,0.0,0.0,0.0
php,php_p10_h9_perm1730,php_p10_h9,perm_seed1730,4,static_weighted_glucose,0,1,1,1,/Users/cchao/EchoSAT/RLAF/runs/GNN_Glucose_3SAT_EchoSAT_SymmetryGRPO_v1_2_WC1_HardNeg_Full/iter=15.pt,glucose,enhanced,False,patched_pretrue_main,event,strong,strong_symmetry,large,p10_h9,main,php:large,permutation_variant,True,SAT symmetry harder baseline candidate pool,adapter_inference,False,0.0,0.0,0.0
php,php_p10_h9_perm1730,php_p10_h9,perm_seed1730,4,static_weighted_glucose,0,1,1,1,/Users/cchao/EchoSAT/RLAF/runs/GNN_Glucose_3SAT_EchoSAT_SymmetryGRPO_v1_2_WC1_HardNeg_Full/iter=15.pt,glucose,enhanced,False,patched_pretrue_main,event,strong,strong_symmetry,large,p10_h9,main,php:large,permutation_variant,True,SAT symmetry harder baseline candidate pool,final_solve,True,1.45734,1.4805424580117688,1.45734
php,php_p10_h9_perm1730,php_p10_h9,perm_seed1730,4,cached_trace_no_adapter_final,0,1,1,1,/Users/cchao/EchoSAT/RLAF/runs/GNN_Glucose_3SAT_EchoSAT_SymmetryGRPO_v1_2_WC1_HardNeg_Full/iter=15.pt,glucose,enhanced,False,patched_pretrue_main,event,strong,strong_symmetry,large,p10_h9,main,php:large,permutation_variant,True,SAT symmetry harder baseline candidate pool,static_inference,True,0.1408710479736328,0.1408710479736328,0.0
php,php_p10_h9_perm1730,php_p10_h9,perm_seed1730,4,cached_trace_no_adapter_final,0,1,1,1,/Users/cchao/EchoSAT/RLAF/runs/GNN_Glucose_3SAT_EchoSAT_SymmetryGRPO_v1_2_WC1_HardNeg_Full/iter=15.pt,glucose,enhanced,False,patched_pretrue_main,event,strong,strong_symmetry,large,p10_h9,main,php:large,permutation_variant,True,SAT symmetry harder baseline candidate pool,warmup_rollout_collect_events,True,0.00098,0.0039047920145094395,0.00098
php,php_p10_h9_perm1730,php_p10_h9,perm_seed1730,4,cached_trace_no_adapter_final,0,1,1,1,/Users/cchao/EchoSAT/RLAF/runs/GNN_Glucose_3SAT_EchoSAT_SymmetryGRPO_v1_2_WC1_HardNeg_Full/iter=15.pt,glucose,enhanced,False,patched_pretrue_main,event,strong,strong_symmetry,large,p10_h9,main,php:large,permutation_variant,True,SAT symmetry harder baseline candidate pool,event_feature_attach,True,0.0001300419680774212,0.0001300419680774212,0.0
php,php_p10_h9_perm1730,php_p10_h9,perm_seed1730,4,cached_trace_no_adapter_final,0,1,1,1,/Users/cchao/EchoSAT/RLAF/runs/GNN_Glucose_3SAT_EchoSAT_SymmetryGRPO_v1_2_WC1_HardNeg_Full/iter=15.pt,glucose,enhanced,False,patched_pretrue_main,event,strong,strong_symmetry,large,p10_h9,main,php:large,permutation_variant,True,SAT symmetry harder baseline candidate pool,adapter_inference,False,0.0,0.0,0.0
php,php_p10_h9_perm1730,php_p10_h9,perm_seed1730,4,cached_trace_no_adapter_final,0,1,1,1,/Users/cchao/EchoSAT/RLAF/runs/GNN_Glucose_3SAT_EchoSAT_SymmetryGRPO_v1_2_WC1_HardNeg_Full/iter=15.pt,glucose,enhanced,False,patched_pretrue_main,event,strong,strong_symmetry,large,p10_h9,main,php:large,permutation_variant,True,SAT symmetry harder baseline candidate pool,final_solve,True,1.45734,1.4805424580117688,1.45734
php,php_p10_h9_perm1730,php_p10_h9,perm_seed1730,4,event_adapter_final,0,1,1,1,/Users/cchao/EchoSAT/RLAF/runs/GNN_Glucose_3SAT_EchoSAT_SymmetryGRPO_v1_2_WC1_HardNeg_Full/iter=15.pt,glucose,enhanced,False,patched_pretrue_main,event,strong,strong_symmetry,large,p10_h9,main,php:large,permutation_variant,True,SAT symmetry harder baseline candidate pool,static_inference,True,0.1408710479736328,0.1408710479736328,0.0
php,php_p10_h9_perm1730,php_p10_h9,perm_seed1730,4,event_adapter_final,0,1,1,1,/Users/cchao/EchoSAT/RLAF/runs/GNN_Glucose_3SAT_EchoSAT_SymmetryGRPO_v1_2_WC1_HardNeg_Full/iter=15.pt,glucose,enhanced,False,patched_pretrue_main,event,strong,strong_symmetry,large,p10_h9,main,php:large,permutation_variant,True,SAT symmetry harder baseline candidate pool,warmup_rollout_collect_events,True,0.00098,0.0039047920145094395,0.00098
php,php_p10_h9_perm1730,php_p10_h9,perm_seed1730,4,event_adapter_final,0,1,1,1,/Users/cchao/EchoSAT/RLAF/runs/GNN_Glucose_3SAT_EchoSAT_SymmetryGRPO_v1_2_WC1_HardNeg_Full/iter=15.pt,glucose,enhanced,False,patched_pretrue_main,event,strong,strong_symmetry,large,p10_h9,main,php:large,permutation_variant,True,SAT symmetry harder baseline candidate pool,event_feature_attach,True,0.0001300419680774212,0.0001300419680774212,0.0
php,php_p10_h9_perm1730,php_p10_h9,perm_seed1730,4,event_adapter_final,0,1,1,1,/Users/cchao/EchoSAT/RLAF/runs/GNN_Glucose_3SAT_EchoSAT_SymmetryGRPO_v1_2_WC1_HardNeg_Full/iter=15.pt,glucose,enhanced,False,patched_pretrue_main,event,strong,strong_symmetry,large,p10_h9,main,php:large,permutation_variant,True,SAT symmetry harder baseline candidate pool,adapter_inference,True,0.0021851062774658203,0.0021851062774658203,0.0
php,php_p10_h9_perm1730,php_p10_h9,perm_seed1730,4,event_adapter_final,0,1,1,1,/Users/cchao/EchoSAT/RLAF/runs/GNN_Glucose_3SAT_EchoSAT_SymmetryGRPO_v1_2_WC1_HardNeg_Full/iter=15.pt,glucose,enhanced,False,patched_pretrue_main,event,strong,strong_symmetry,large,p10_h9,main,php:large,permutation_variant,True,SAT symmetry harder baseline candidate pool,final_solve,True,1.53854,1.569253999972716,1.53854
php,php_p10_h9_perm1731,php_p10_h9,perm_seed1731,5,plain_unguided_glucose,0,1,1,1,/Users/cchao/EchoSAT/RLAF/runs/GNN_Glucose_3SAT_EchoSAT_SymmetryGRPO_v1_2_WC1_HardNeg_Full/iter=15.pt,glucose,enhanced,False,patched_pretrue_main,event,strong,strong_symmetry,large,p10_h9,main,php:large,permutation_variant,True,SAT symmetry harder baseline candidate pool,static_inference,False,0.0,0.0,0.0
php,php_p10_h9_perm1731,php_p10_h9,perm_seed1731,5,plain_unguided_glucose,0,1,1,1,/Users/cchao/EchoSAT/RLAF/runs/GNN_Glucose_3SAT_EchoSAT_SymmetryGRPO_v1_2_WC1_HardNeg_Full/iter=15.pt,glucose,enhanced,False,patched_pretrue_main,event,strong,strong_symmetry,large,p10_h9,main,php:large,permutation_variant,True,SAT symmetry harder baseline candidate pool,warmup_rollout_collect_events,False,0.0,0.0,0.0
php,php_p10_h9_perm1731,php_p10_h9,perm_seed1731,5,plain_unguided_glucose,0,1,1,1,/Users/cchao/EchoSAT/RLAF/runs/GNN_Glucose_3SAT_EchoSAT_SymmetryGRPO_v1_2_WC1_HardNeg_Full/iter=15.pt,glucose,enhanced,False,patched_pretrue_main,event,strong,strong_symmetry,large,p10_h9,main,php:large,permutation_variant,True,SAT symmetry harder baseline candidate pool,event_feature_attach,False,0.0,0.0,0.0
php,php_p10_h9_perm1731,php_p10_h9,perm_seed1731,5,plain_unguided_glucose,0,1,1,1,/Users/cchao/EchoSAT/RLAF/runs/GNN_Glucose_3SAT_EchoSAT_SymmetryGRPO_v1_2_WC1_HardNeg_Full/iter=15.pt,glucose,enhanced,False,patched_pretrue_main,event,strong,strong_symmetry,large,p10_h9,main,php:large,permutation_variant,True,SAT symmetry harder baseline candidate pool,adapter_inference,False,0.0,0.0,0.0
php,php_p10_h9_perm1731,php_p10_h9,perm_seed1731,5,plain_unguided_glucose,0,1,1,1,/Users/cchao/EchoSAT/RLAF/runs/GNN_Glucose_3SAT_EchoSAT_SymmetryGRPO_v1_2_WC1_HardNeg_Full/iter=15.pt,glucose,enhanced,False,patched_pretrue_main,event,strong,strong_symmetry,large,p10_h9,main,php:large,permutation_variant,True,SAT symmetry harder baseline candidate pool,final_solve,True,1.62324,1.6613692080136389,1.62324
php,php_p10_h9_perm1731,php_p10_h9,perm_seed1731,5,neutral_weighted_glucose,0,1,1,1,/Users/cchao/EchoSAT/RLAF/runs/GNN_Glucose_3SAT_EchoSAT_SymmetryGRPO_v1_2_WC1_HardNeg_Full/iter=15.pt,glucose,enhanced,False,patched_pretrue_main,event,strong,strong_symmetry,large,p10_h9,main,php:large,permutation_variant,True,SAT symmetry harder baseline candidate pool,static_inference,False,0.0,0.0,0.0
php,php_p10_h9_perm1731,php_p10_h9,perm_seed1731,5,neutral_weighted_glucose,0,1,1,1,/Users/cchao/EchoSAT/RLAF/runs/GNN_Glucose_3SAT_EchoSAT_SymmetryGRPO_v1_2_WC1_HardNeg_Full/iter=15.pt,glucose,enhanced,False,patched_pretrue_main,event,strong,strong_symmetry,large,p10_h9,main,php:large,permutation_variant,True,SAT symmetry harder baseline candidate pool,warmup_rollout_collect_events,False,0.0,0.0,0.0
php,php_p10_h9_perm1731,php_p10_h9,perm_seed1731,5,neutral_weighted_glucose,0,1,1,1,/Users/cchao/EchoSAT/RLAF/runs/GNN_Glucose_3SAT_EchoSAT_SymmetryGRPO_v1_2_WC1_HardNeg_Full/iter=15.pt,glucose,enhanced,False,patched_pretrue_main,event,strong,strong_symmetry,large,p10_h9,main,php:large,permutation_variant,True,SAT symmetry harder baseline candidate pool,event_feature_attach,False,0.0,0.0,0.0
php,php_p10_h9_perm1731,php_p10_h9,perm_seed1731,5,neutral_weighted_glucose,0,1,1,1,/Users/cchao/EchoSAT/RLAF/runs/GNN_Glucose_3SAT_EchoSAT_SymmetryGRPO_v1_2_WC1_HardNeg_Full/iter=15.pt,glucose,enhanced,False,patched_pretrue_main,event,strong,strong_symmetry,large,p10_h9,main,php:large,permutation_variant,True,SAT symmetry harder baseline candidate pool,adapter_inference,False,0.0,0.0,0.0
php,php_p10_h9_perm1731,php_p10_h9,perm_seed1731,5,neutral_weighted_glucose,0,1,1,1,/Users/cchao/EchoSAT/RLAF/runs/GNN_Glucose_3SAT_EchoSAT_SymmetryGRPO_v1_2_WC1_HardNeg_Full/iter=15.pt,glucose,enhanced,False,patched_pretrue_main,event,strong,strong_symmetry,large,p10_h9,main,php:large,permutation_variant,True,SAT symmetry harder baseline candidate pool,final_solve,True,1.54135,1.5819143750704825,1.54135
php,php_p10_h9_perm1731,php_p10_h9,perm_seed1731,5,static_weighted_glucose,0,1,1,1,/Users/cchao/EchoSAT/RLAF/runs/GNN_Glucose_3SAT_EchoSAT_SymmetryGRPO_v1_2_WC1_HardNeg_Full/iter=15.pt,glucose,enhanced,False,patched_pretrue_main,event,strong,strong_symmetry,large,p10_h9,main,php:large,permutation_variant,True,SAT symmetry harder baseline candidate pool,static_inference,True,0.1408710479736328,0.1408710479736328,0.0
php,php_p10_h9_perm1731,php_p10_h9,perm_seed1731,5,static_weighted_glucose,0,1,1,1,/Users/cchao/EchoSAT/RLAF/runs/GNN_Glucose_3SAT_EchoSAT_SymmetryGRPO_v1_2_WC1_HardNeg_Full/iter=15.pt,glucose,enhanced,False,patched_pretrue_main,event,strong,strong_symmetry,large,p10_h9,main,php:large,permutation_variant,True,SAT symmetry harder baseline candidate pool,warmup_rollout_collect_events,False,0.0,0.0,0.0
php,php_p10_h9_perm1731,php_p10_h9,perm_seed1731,5,static_weighted_glucose,0,1,1,1,/Users/cchao/EchoSAT/RLAF/runs/GNN_Glucose_3SAT_EchoSAT_SymmetryGRPO_v1_2_WC1_HardNeg_Full/iter=15.pt,glucose,enhanced,False,patched_pretrue_main,event,strong,strong_symmetry,large,p10_h9,main,php:large,permutation_variant,True,SAT symmetry harder baseline candidate pool,event_feature_attach,False,0.0,0.0,0.0
php,php_p10_h9_perm1731,php_p10_h9,perm_seed1731,5,static_weighted_glucose,0,1,1,1,/Users/cchao/EchoSAT/RLAF/runs/GNN_Glucose_3SAT_EchoSAT_SymmetryGRPO_v1_2_WC1_HardNeg_Full/iter=15.pt,glucose,enhanced,False,patched_pretrue_main,event,strong,strong_symmetry,large,p10_h9,main,php:large,permutation_variant,True,SAT symmetry harder baseline candidate pool,adapter_inference,False,0.0,0.0,0.0
php,php_p10_h9_perm1731,php_p10_h9,perm_seed1731,5,static_weighted_glucose,0,1,1,1,/Users/cchao/EchoSAT/RLAF/runs/GNN_Glucose_3SAT_EchoSAT_SymmetryGRPO_v1_2_WC1_HardNeg_Full/iter=15.pt,glucose,enhanced,False,patched_pretrue_main,event,strong,strong_symmetry,large,p10_h9,main,php:large,permutation_variant,True,SAT symmetry harder baseline candidate pool,final_solve,True,1.54172,1.5660130829783157,1.54172
php,php_p10_h9_perm1731,php_p10_h9,perm_seed1731,5,cached_trace_no_adapter_final,0,1,1,1,/Users/cchao/EchoSAT/RLAF/runs/GNN_Glucose_3SAT_EchoSAT_SymmetryGRPO_v1_2_WC1_HardNeg_Full/iter=15.pt,glucose,enhanced,False,patched_pretrue_main,event,strong,strong_symmetry,large,p10_h9,main,php:large,permutation_variant,True,SAT symmetry harder baseline candidate pool,static_inference,True,0.1408710479736328,0.1408710479736328,0.0
php,php_p10_h9_perm1731,php_p10_h9,perm_seed1731,5,cached_trace_no_adapter_final,0,1,1,1,/Users/cchao/EchoSAT/RLAF/runs/GNN_Glucose_3SAT_EchoSAT_SymmetryGRPO_v1_2_WC1_HardNeg_Full/iter=15.pt,glucose,enhanced,False,patched_pretrue_main,event,strong,strong_symmetry,large,p10_h9,main,php:large,permutation_variant,True,SAT symmetry harder baseline candidate pool,warmup_rollout_collect_events,True,0.001424,0.005382583010941744,0.001424
php,php_p10_h9_perm1731,php_p10_h9,perm_seed1731,5,cached_trace_no_adapter_final,0,1,1,1,/Users/cchao/EchoSAT/RLAF/runs/GNN_Glucose_3SAT_EchoSAT_SymmetryGRPO_v1_2_WC1_HardNeg_Full/iter=15.pt,glucose,enhanced,False,patched_pretrue_main,event,strong,strong_symmetry,large,p10_h9,main,php:large,permutation_variant,True,SAT symmetry harder baseline candidate pool,event_feature_attach,True,0.00024399999529123306,0.00024399999529123306,0.0
php,php_p10_h9_perm1731,php_p10_h9,perm_seed1731,5,cached_trace_no_adapter_final,0,1,1,1,/Users/cchao/EchoSAT/RLAF/runs/GNN_Glucose_3SAT_EchoSAT_SymmetryGRPO_v1_2_WC1_HardNeg_Full/iter=15.pt,glucose,enhanced,False,patched_pretrue_main,event,strong,strong_symmetry,large,p10_h9,main,php:large,permutation_variant,True,SAT symmetry harder baseline candidate pool,adapter_inference,False,0.0,0.0,0.0
php,php_p10_h9_perm1731,php_p10_h9,perm_seed1731,5,cached_trace_no_adapter_final,0,1,1,1,/Users/cchao/EchoSAT/RLAF/runs/GNN_Glucose_3SAT_EchoSAT_SymmetryGRPO_v1_2_WC1_HardNeg_Full/iter=15.pt,glucose,enhanced,False,patched_pretrue_main,event,strong,strong_symmetry,large,p10_h9,main,php:large,permutation_variant,True,SAT symmetry harder baseline candidate pool,final_solve,True,1.54172,1.5660130829783157,1.54172
php,php_p10_h9_perm1731,php_p10_h9,perm_seed1731,5,event_adapter_final,0,1,1,1,/Users/cchao/EchoSAT/RLAF/runs/GNN_Glucose_3SAT_EchoSAT_SymmetryGRPO_v1_2_WC1_HardNeg_Full/iter=15.pt,glucose,enhanced,False,patched_pretrue_main,event,strong,strong_symmetry,large,p10_h9,main,php:large,permutation_variant,True,SAT symmetry harder baseline candidate pool,static_inference,True,0.1408710479736328,0.1408710479736328,0.0
php,php_p10_h9_perm1731,php_p10_h9,perm_seed1731,5,event_adapter_final,0,1,1,1,/Users/cchao/EchoSAT/RLAF/runs/GNN_Glucose_3SAT_EchoSAT_SymmetryGRPO_v1_2_WC1_HardNeg_Full/iter=15.pt,glucose,enhanced,False,patched_pretrue_main,event,strong,strong_symmetry,large,p10_h9,main,php:large,permutation_variant,True,SAT symmetry harder baseline candidate pool,warmup_rollout_collect_events,True,0.001424,0.005382583010941744,0.001424
php,php_p10_h9_perm1731,php_p10_h9,perm_seed1731,5,event_adapter_final,0,1,1,1,/Users/cchao/EchoSAT/RLAF/runs/GNN_Glucose_3SAT_EchoSAT_SymmetryGRPO_v1_2_WC1_HardNeg_Full/iter=15.pt,glucose,enhanced,False,patched_pretrue_main,event,strong,strong_symmetry,large,p10_h9,main,php:large,permutation_variant,True,SAT symmetry harder baseline candidate pool,event_feature_attach,True,0.00024399999529123306,0.00024399999529123306,0.0
php,php_p10_h9_perm1731,php_p10_h9,perm_seed1731,5,event_adapter_final,0,1,1,1,/Users/cchao/EchoSAT/RLAF/runs/GNN_Glucose_3SAT_EchoSAT_SymmetryGRPO_v1_2_WC1_HardNeg_Full/iter=15.pt,glucose,enhanced,False,patched_pretrue_main,event,strong,strong_symmetry,large,p10_h9,main,php:large,permutation_variant,True,SAT symmetry harder baseline candidate pool,adapter_inference,True,0.0021851062774658203,0.0021851062774658203,0.0
php,php_p10_h9_perm1731,php_p10_h9,perm_seed1731,5,event_adapter_final,0,1,1,1,/Users/cchao/EchoSAT/RLAF/runs/GNN_Glucose_3SAT_EchoSAT_SymmetryGRPO_v1_2_WC1_HardNeg_Full/iter=15.pt,glucose,enhanced,False,patched_pretrue_main,event,strong,strong_symmetry,large,p10_h9,main,php:large,permutation_variant,True,SAT symmetry harder baseline candidate pool,final_solve,True,1.38337,1.4139345409348607,1.38337
random_3sat_control,random_3sat_control_v260_c1113_seed3306,random_3sat_control_v260_c1113_seed3306,base,6,plain_unguided_glucose,0,1,1,1,/Users/cchao/EchoSAT/RLAF/runs/GNN_Glucose_3SAT_EchoSAT_SymmetryGRPO_v1_2_WC1_HardNeg_Full/iter=15.pt,glucose,enhanced,False,patched_pretrue_main,event,none,non_symmetric_control,large,vars260_clauses1113,control,random_3sat_control:large,base,False,SAT symmetry harder baseline candidate pool,static_inference,False,0.0,0.0,0.0
random_3sat_control,random_3sat_control_v260_c1113_seed3306,random_3sat_control_v260_c1113_seed3306,base,6,plain_unguided_glucose,0,1,1,1,/Users/cchao/EchoSAT/RLAF/runs/GNN_Glucose_3SAT_EchoSAT_SymmetryGRPO_v1_2_WC1_HardNeg_Full/iter=15.pt,glucose,enhanced,False,patched_pretrue_main,event,none,non_symmetric_control,large,vars260_clauses1113,control,random_3sat_control:large,base,False,SAT symmetry harder baseline candidate pool,warmup_rollout_collect_events,False,0.0,0.0,0.0
random_3sat_control,random_3sat_control_v260_c1113_seed3306,random_3sat_control_v260_c1113_seed3306,base,6,plain_unguided_glucose,0,1,1,1,/Users/cchao/EchoSAT/RLAF/runs/GNN_Glucose_3SAT_EchoSAT_SymmetryGRPO_v1_2_WC1_HardNeg_Full/iter=15.pt,glucose,enhanced,False,patched_pretrue_main,event,none,non_symmetric_control,large,vars260_clauses1113,control,random_3sat_control:large,base,False,SAT symmetry harder baseline candidate pool,event_feature_attach,False,0.0,0.0,0.0
random_3sat_control,random_3sat_control_v260_c1113_seed3306,random_3sat_control_v260_c1113_seed3306,base,6,plain_unguided_glucose,0,1,1,1,/Users/cchao/EchoSAT/RLAF/runs/GNN_Glucose_3SAT_EchoSAT_SymmetryGRPO_v1_2_WC1_HardNeg_Full/iter=15.pt,glucose,enhanced,False,patched_pretrue_main,event,none,non_symmetric_control,large,vars260_clauses1113,control,random_3sat_control:large,base,False,SAT symmetry harder baseline candidate pool,adapter_inference,False,0.0,0.0,0.0
random_3sat_control,random_3sat_control_v260_c1113_seed3306,random_3sat_control_v260_c1113_seed3306,base,6,plain_unguided_glucose,0,1,1,1,/Users/cchao/EchoSAT/RLAF/runs/GNN_Glucose_3SAT_EchoSAT_SymmetryGRPO_v1_2_WC1_HardNeg_Full/iter=15.pt,glucose,enhanced,False,patched_pretrue_main,event,none,non_symmetric_control,large,vars260_clauses1113,control,random_3sat_control:large,base,False,SAT symmetry harder baseline candidate pool,final_solve,True,1.96709,2.002774790977128,1.96709
random_3sat_control,random_3sat_control_v260_c1113_seed3306,random_3sat_control_v260_c1113_seed3306,base,6,neutral_weighted_glucose,0,1,1,1,/Users/cchao/EchoSAT/RLAF/runs/GNN_Glucose_3SAT_EchoSAT_SymmetryGRPO_v1_2_WC1_HardNeg_Full/iter=15.pt,glucose,enhanced,False,patched_pretrue_main,event,none,non_symmetric_control,large,vars260_clauses1113,control,random_3sat_control:large,base,False,SAT symmetry harder baseline candidate pool,static_inference,False,0.0,0.0,0.0
random_3sat_control,random_3sat_control_v260_c1113_seed3306,random_3sat_control_v260_c1113_seed3306,base,6,neutral_weighted_glucose,0,1,1,1,/Users/cchao/EchoSAT/RLAF/runs/GNN_Glucose_3SAT_EchoSAT_SymmetryGRPO_v1_2_WC1_HardNeg_Full/iter=15.pt,glucose,enhanced,False,patched_pretrue_main,event,none,non_symmetric_control,large,vars260_clauses1113,control,random_3sat_control:large,base,False,SAT symmetry harder baseline candidate pool,warmup_rollout_collect_events,False,0.0,0.0,0.0
random_3sat_control,random_3sat_control_v260_c1113_seed3306,random_3sat_control_v260_c1113_seed3306,base,6,neutral_weighted_glucose,0,1,1,1,/Users/cchao/EchoSAT/RLAF/runs/GNN_Glucose_3SAT_EchoSAT_SymmetryGRPO_v1_2_WC1_HardNeg_Full/iter=15.pt,glucose,enhanced,False,patched_pretrue_main,event,none,non_symmetric_control,large,vars260_clauses1113,control,random_3sat_control:large,base,False,SAT symmetry harder baseline candidate pool,event_feature_attach,False,0.0,0.0,0.0
random_3sat_control,random_3sat_control_v260_c1113_seed3306,random_3sat_control_v260_c1113_seed3306,base,6,neutral_weighted_glucose,0,1,1,1,/Users/cchao/EchoSAT/RLAF/runs/GNN_Glucose_3SAT_EchoSAT_SymmetryGRPO_v1_2_WC1_HardNeg_Full/iter=15.pt,glucose,enhanced,False,patched_pretrue_main,event,none,non_symmetric_control,large,vars260_clauses1113,control,random_3sat_control:large,base,False,SAT symmetry harder baseline candidate pool,adapter_inference,False,0.0,0.0,0.0
random_3sat_control,random_3sat_control_v260_c1113_seed3306,random_3sat_control_v260_c1113_seed3306,base,6,neutral_weighted_glucose,0,1,1,1,/Users/cchao/EchoSAT/RLAF/runs/GNN_Glucose_3SAT_EchoSAT_SymmetryGRPO_v1_2_WC1_HardNeg_Full/iter=15.pt,glucose,enhanced,False,patched_pretrue_main,event,none,non_symmetric_control,large,vars260_clauses1113,control,random_3sat_control:large,base,False,SAT symmetry harder baseline candidate pool,final_solve,True,2.25973,2.308177417027764,2.25973
random_3sat_control,random_3sat_control_v260_c1113_seed3306,random_3sat_control_v260_c1113_seed3306,base,6,static_weighted_glucose,0,1,1,1,/Users/cchao/EchoSAT/RLAF/runs/GNN_Glucose_3SAT_EchoSAT_SymmetryGRPO_v1_2_WC1_HardNeg_Full/iter=15.pt,glucose,enhanced,False,patched_pretrue_main,event,none,non_symmetric_control,large,vars260_clauses1113,control,random_3sat_control:large,base,False,SAT symmetry harder baseline candidate pool,static_inference,True,0.1408710479736328,0.1408710479736328,0.0
random_3sat_control,random_3sat_control_v260_c1113_seed3306,random_3sat_control_v260_c1113_seed3306,base,6,static_weighted_glucose,0,1,1,1,/Users/cchao/EchoSAT/RLAF/runs/GNN_Glucose_3SAT_EchoSAT_SymmetryGRPO_v1_2_WC1_HardNeg_Full/iter=15.pt,glucose,enhanced,False,patched_pretrue_main,event,none,non_symmetric_control,large,vars260_clauses1113,control,random_3sat_control:large,base,False,SAT symmetry harder baseline candidate pool,warmup_rollout_collect_events,False,0.0,0.0,0.0
random_3sat_control,random_3sat_control_v260_c1113_seed3306,random_3sat_control_v260_c1113_seed3306,base,6,static_weighted_glucose,0,1,1,1,/Users/cchao/EchoSAT/RLAF/runs/GNN_Glucose_3SAT_EchoSAT_SymmetryGRPO_v1_2_WC1_HardNeg_Full/iter=15.pt,glucose,enhanced,False,patched_pretrue_main,event,none,non_symmetric_control,large,vars260_clauses1113,control,random_3sat_control:large,base,False,SAT symmetry harder baseline candidate pool,event_feature_attach,False,0.0,0.0,0.0
random_3sat_control,random_3sat_control_v260_c1113_seed3306,random_3sat_control_v260_c1113_seed3306,base,6,static_weighted_glucose,0,1,1,1,/Users/cchao/EchoSAT/RLAF/runs/GNN_Glucose_3SAT_EchoSAT_SymmetryGRPO_v1_2_WC1_HardNeg_Full/iter=15.pt,glucose,enhanced,False,patched_pretrue_main,event,none,non_symmetric_control,large,vars260_clauses1113,control,random_3sat_control:large,base,False,SAT symmetry harder baseline candidate pool,adapter_inference,False,0.0,0.0,0.0
random_3sat_control,random_3sat_control_v260_c1113_seed3306,random_3sat_control_v260_c1113_seed3306,base,6,static_weighted_glucose,0,1,1,1,/Users/cchao/EchoSAT/RLAF/runs/GNN_Glucose_3SAT_EchoSAT_SymmetryGRPO_v1_2_WC1_HardNeg_Full/iter=15.pt,glucose,enhanced,False,patched_pretrue_main,event,none,non_symmetric_control,large,vars260_clauses1113,control,random_3sat_control:large,base,False,SAT symmetry harder baseline candidate pool,final_solve,True,2.42878,2.4643718330189586,2.42878
random_3sat_control,random_3sat_control_v260_c1113_seed3306,random_3sat_control_v260_c1113_seed3306,base,6,cached_trace_no_adapter_final,0,1,1,1,/Users/cchao/EchoSAT/RLAF/runs/GNN_Glucose_3SAT_EchoSAT_SymmetryGRPO_v1_2_WC1_HardNeg_Full/iter=15.pt,glucose,enhanced,False,patched_pretrue_main,event,none,non_symmetric_control,large,vars260_clauses1113,control,random_3sat_control:large,base,False,SAT symmetry harder baseline candidate pool,static_inference,True,0.1408710479736328,0.1408710479736328,0.0
random_3sat_control,random_3sat_control_v260_c1113_seed3306,random_3sat_control_v260_c1113_seed3306,base,6,cached_trace_no_adapter_final,0,1,1,1,/Users/cchao/EchoSAT/RLAF/runs/GNN_Glucose_3SAT_EchoSAT_SymmetryGRPO_v1_2_WC1_HardNeg_Full/iter=15.pt,glucose,enhanced,False,patched_pretrue_main,event,none,non_symmetric_control,large,vars260_clauses1113,control,random_3sat_control:large,base,False,SAT symmetry harder baseline candidate pool,warmup_rollout_collect_events,True,0.001045,0.004919374943710864,0.001045
random_3sat_control,random_3sat_control_v260_c1113_seed3306,random_3sat_control_v260_c1113_seed3306,base,6,cached_trace_no_adapter_final,0,1,1,1,/Users/cchao/EchoSAT/RLAF/runs/GNN_Glucose_3SAT_EchoSAT_SymmetryGRPO_v1_2_WC1_HardNeg_Full/iter=15.pt,glucose,enhanced,False,patched_pretrue_main,event,none,non_symmetric_control,large,vars260_clauses1113,control,random_3sat_control:large,base,False,SAT symmetry harder baseline candidate pool,event_feature_attach,True,0.00015987490769475698,0.00015987490769475698,0.0
random_3sat_control,random_3sat_control_v260_c1113_seed3306,random_3sat_control_v260_c1113_seed3306,base,6,cached_trace_no_adapter_final,0,1,1,1,/Users/cchao/EchoSAT/RLAF/runs/GNN_Glucose_3SAT_EchoSAT_SymmetryGRPO_v1_2_WC1_HardNeg_Full/iter=15.pt,glucose,enhanced,False,patched_pretrue_main,event,none,non_symmetric_control,large,vars260_clauses1113,control,random_3sat_control:large,base,False,SAT symmetry harder baseline candidate pool,adapter_inference,False,0.0,0.0,0.0
random_3sat_control,random_3sat_control_v260_c1113_seed3306,random_3sat_control_v260_c1113_seed3306,base,6,cached_trace_no_adapter_final,0,1,1,1,/Users/cchao/EchoSAT/RLAF/runs/GNN_Glucose_3SAT_EchoSAT_SymmetryGRPO_v1_2_WC1_HardNeg_Full/iter=15.pt,glucose,enhanced,False,patched_pretrue_main,event,none,non_symmetric_control,large,vars260_clauses1113,control,random_3sat_control:large,base,False,SAT symmetry harder baseline candidate pool,final_solve,True,2.42878,2.4643718330189586,2.42878
random_3sat_control,random_3sat_control_v260_c1113_seed3306,random_3sat_control_v260_c1113_seed3306,base,6,event_adapter_final,0,1,1,1,/Users/cchao/EchoSAT/RLAF/runs/GNN_Glucose_3SAT_EchoSAT_SymmetryGRPO_v1_2_WC1_HardNeg_Full/iter=15.pt,glucose,enhanced,False,patched_pretrue_main,event,none,non_symmetric_control,large,vars260_clauses1113,control,random_3sat_control:large,base,False,SAT symmetry harder baseline candidate pool,static_inference,True,0.1408710479736328,0.1408710479736328,0.0
random_3sat_control,random_3sat_control_v260_c1113_seed3306,random_3sat_control_v260_c1113_seed3306,base,6,event_adapter_final,0,1,1,1,/Users/cchao/EchoSAT/RLAF/runs/GNN_Glucose_3SAT_EchoSAT_SymmetryGRPO_v1_2_WC1_HardNeg_Full/iter=15.pt,glucose,enhanced,False,patched_pretrue_main,event,none,non_symmetric_control,large,vars260_clauses1113,control,random_3sat_control:large,base,False,SAT symmetry harder baseline candidate pool,warmup_rollout_collect_events,True,0.001045,0.004919374943710864,0.001045
random_3sat_control,random_3sat_control_v260_c1113_seed3306,random_3sat_control_v260_c1113_seed3306,base,6,event_adapter_final,0,1,1,1,/Users/cchao/EchoSAT/RLAF/runs/GNN_Glucose_3SAT_EchoSAT_SymmetryGRPO_v1_2_WC1_HardNeg_Full/iter=15.pt,glucose,enhanced,False,patched_pretrue_main,event,none,non_symmetric_control,large,vars260_clauses1113,control,random_3sat_control:large,base,False,SAT symmetry harder baseline candidate pool,event_feature_attach,True,0.00015987490769475698,0.00015987490769475698,0.0
random_3sat_control,random_3sat_control_v260_c1113_seed3306,random_3sat_control_v260_c1113_seed3306,base,6,event_adapter_final,0,1,1,1,/Users/cchao/EchoSAT/RLAF/runs/GNN_Glucose_3SAT_EchoSAT_SymmetryGRPO_v1_2_WC1_HardNeg_Full/iter=15.pt,glucose,enhanced,False,patched_pretrue_main,event,none,non_symmetric_control,large,vars260_clauses1113,control,random_3sat_control:large,base,False,SAT symmetry harder baseline candidate pool,adapter_inference,True,0.0021851062774658203,0.0021851062774658203,0.0
random_3sat_control,random_3sat_control_v260_c1113_seed3306,random_3sat_control_v260_c1113_seed3306,base,6,event_adapter_final,0,1,1,1,/Users/cchao/EchoSAT/RLAF/runs/GNN_Glucose_3SAT_EchoSAT_SymmetryGRPO_v1_2_WC1_HardNeg_Full/iter=15.pt,glucose,enhanced,False,patched_pretrue_main,event,none,non_symmetric_control,large,vars260_clauses1113,control,random_3sat_control:large,base,False,SAT symmetry harder baseline candidate pool,final_solve,True,2.63188,2.6779925420414656,2.63188
random_3sat_control,random_3sat_control_v260_c1113_seed3306_perm1730,random_3sat_control_v260_c1113_seed3306,perm_seed1730,7,plain_unguided_glucose,0,1,1,1,/Users/cchao/EchoSAT/RLAF/runs/GNN_Glucose_3SAT_EchoSAT_SymmetryGRPO_v1_2_WC1_HardNeg_Full/iter=15.pt,glucose,enhanced,False,patched_pretrue_main,event,none,non_symmetric_control,large,vars260_clauses1113,control,random_3sat_control:large,permutation_variant,True,SAT symmetry harder baseline candidate pool,static_inference,False,0.0,0.0,0.0
random_3sat_control,random_3sat_control_v260_c1113_seed3306_perm1730,random_3sat_control_v260_c1113_seed3306,perm_seed1730,7,plain_unguided_glucose,0,1,1,1,/Users/cchao/EchoSAT/RLAF/runs/GNN_Glucose_3SAT_EchoSAT_SymmetryGRPO_v1_2_WC1_HardNeg_Full/iter=15.pt,glucose,enhanced,False,patched_pretrue_main,event,none,non_symmetric_control,large,vars260_clauses1113,control,random_3sat_control:large,permutation_variant,True,SAT symmetry harder baseline candidate pool,warmup_rollout_collect_events,False,0.0,0.0,0.0
random_3sat_control,random_3sat_control_v260_c1113_seed3306_perm1730,random_3sat_control_v260_c1113_seed3306,perm_seed1730,7,plain_unguided_glucose,0,1,1,1,/Users/cchao/EchoSAT/RLAF/runs/GNN_Glucose_3SAT_EchoSAT_SymmetryGRPO_v1_2_WC1_HardNeg_Full/iter=15.pt,glucose,enhanced,False,patched_pretrue_main,event,none,non_symmetric_control,large,vars260_clauses1113,control,random_3sat_control:large,permutation_variant,True,SAT symmetry harder baseline candidate pool,event_feature_attach,False,0.0,0.0,0.0
random_3sat_control,random_3sat_control_v260_c1113_seed3306_perm1730,random_3sat_control_v260_c1113_seed3306,perm_seed1730,7,plain_unguided_glucose,0,1,1,1,/Users/cchao/EchoSAT/RLAF/runs/GNN_Glucose_3SAT_EchoSAT_SymmetryGRPO_v1_2_WC1_HardNeg_Full/iter=15.pt,glucose,enhanced,False,patched_pretrue_main,event,none,non_symmetric_control,large,vars260_clauses1113,control,random_3sat_control:large,permutation_variant,True,SAT symmetry harder baseline candidate pool,adapter_inference,False,0.0,0.0,0.0
random_3sat_control,random_3sat_control_v260_c1113_seed3306_perm1730,random_3sat_control_v260_c1113_seed3306,perm_seed1730,7,plain_unguided_glucose,0,1,1,1,/Users/cchao/EchoSAT/RLAF/runs/GNN_Glucose_3SAT_EchoSAT_SymmetryGRPO_v1_2_WC1_HardNeg_Full/iter=15.pt,glucose,enhanced,False,patched_pretrue_main,event,none,non_symmetric_control,large,vars260_clauses1113,control,random_3sat_control:large,permutation_variant,True,SAT symmetry harder baseline candidate pool,final_solve,True,1.68997,1.7226272079860792,1.68997
random_3sat_control,random_3sat_control_v260_c1113_seed3306_perm1730,random_3sat_control_v260_c1113_seed3306,perm_seed1730,7,neutral_weighted_glucose,0,1,1,1,/Users/cchao/EchoSAT/RLAF/runs/GNN_Glucose_3SAT_EchoSAT_SymmetryGRPO_v1_2_WC1_HardNeg_Full/iter=15.pt,glucose,enhanced,False,patched_pretrue_main,event,none,non_symmetric_control,large,vars260_clauses1113,control,random_3sat_control:large,permutation_variant,True,SAT symmetry harder baseline candidate pool,static_inference,False,0.0,0.0,0.0
random_3sat_control,random_3sat_control_v260_c1113_seed3306_perm1730,random_3sat_control_v260_c1113_seed3306,perm_seed1730,7,neutral_weighted_glucose,0,1,1,1,/Users/cchao/EchoSAT/RLAF/runs/GNN_Glucose_3SAT_EchoSAT_SymmetryGRPO_v1_2_WC1_HardNeg_Full/iter=15.pt,glucose,enhanced,False,patched_pretrue_main,event,none,non_symmetric_control,large,vars260_clauses1113,control,random_3sat_control:large,permutation_variant,True,SAT symmetry harder baseline candidate pool,warmup_rollout_collect_events,False,0.0,0.0,0.0
random_3sat_control,random_3sat_control_v260_c1113_seed3306_perm1730,random_3sat_control_v260_c1113_seed3306,perm_seed1730,7,neutral_weighted_glucose,0,1,1,1,/Users/cchao/EchoSAT/RLAF/runs/GNN_Glucose_3SAT_EchoSAT_SymmetryGRPO_v1_2_WC1_HardNeg_Full/iter=15.pt,glucose,enhanced,False,patched_pretrue_main,event,none,non_symmetric_control,large,vars260_clauses1113,control,random_3sat_control:large,permutation_variant,True,SAT symmetry harder baseline candidate pool,event_feature_attach,False,0.0,0.0,0.0
random_3sat_control,random_3sat_control_v260_c1113_seed3306_perm1730,random_3sat_control_v260_c1113_seed3306,perm_seed1730,7,neutral_weighted_glucose,0,1,1,1,/Users/cchao/EchoSAT/RLAF/runs/GNN_Glucose_3SAT_EchoSAT_SymmetryGRPO_v1_2_WC1_HardNeg_Full/iter=15.pt,glucose,enhanced,False,patched_pretrue_main,event,none,non_symmetric_control,large,vars260_clauses1113,control,random_3sat_control:large,permutation_variant,True,SAT symmetry harder baseline candidate pool,adapter_inference,False,0.0,0.0,0.0
random_3sat_control,random_3sat_control_v260_c1113_seed3306_perm1730,random_3sat_control_v260_c1113_seed3306,perm_seed1730,7,neutral_weighted_glucose,0,1,1,1,/Users/cchao/EchoSAT/RLAF/runs/GNN_Glucose_3SAT_EchoSAT_SymmetryGRPO_v1_2_WC1_HardNeg_Full/iter=15.pt,glucose,enhanced,False,patched_pretrue_main,event,none,non_symmetric_control,large,vars260_clauses1113,control,random_3sat_control:large,permutation_variant,True,SAT symmetry harder baseline candidate pool,final_solve,True,2.54258,2.597082666005008,2.54258
random_3sat_control,random_3sat_control_v260_c1113_seed3306_perm1730,random_3sat_control_v260_c1113_seed3306,perm_seed1730,7,static_weighted_glucose,0,1,1,1,/Users/cchao/EchoSAT/RLAF/runs/GNN_Glucose_3SAT_EchoSAT_SymmetryGRPO_v1_2_WC1_HardNeg_Full/iter=15.pt,glucose,enhanced,False,patched_pretrue_main,event,none,non_symmetric_control,large,vars260_clauses1113,control,random_3sat_control:large,permutation_variant,True,SAT symmetry harder baseline candidate pool,static_inference,True,0.1408710479736328,0.1408710479736328,0.0
random_3sat_control,random_3sat_control_v260_c1113_seed3306_perm1730,random_3sat_control_v260_c1113_seed3306,perm_seed1730,7,static_weighted_glucose,0,1,1,1,/Users/cchao/EchoSAT/RLAF/runs/GNN_Glucose_3SAT_EchoSAT_SymmetryGRPO_v1_2_WC1_HardNeg_Full/iter=15.pt,glucose,enhanced,False,patched_pretrue_main,event,none,non_symmetric_control,large,vars260_clauses1113,control,random_3sat_control:large,permutation_variant,True,SAT symmetry harder baseline candidate pool,warmup_rollout_collect_events,False,0.0,0.0,0.0
random_3sat_control,random_3sat_control_v260_c1113_seed3306_perm1730,random_3sat_control_v260_c1113_seed3306,perm_seed1730,7,static_weighted_glucose,0,1,1,1,/Users/cchao/EchoSAT/RLAF/runs/GNN_Glucose_3SAT_EchoSAT_SymmetryGRPO_v1_2_WC1_HardNeg_Full/iter=15.pt,glucose,enhanced,False,patched_pretrue_main,event,none,non_symmetric_control,large,vars260_clauses1113,control,random_3sat_control:large,permutation_variant,True,SAT symmetry harder baseline candidate pool,event_feature_attach,False,0.0,0.0,0.0
random_3sat_control,random_3sat_control_v260_c1113_seed3306_perm1730,random_3sat_control_v260_c1113_seed3306,perm_seed1730,7,static_weighted_glucose,0,1,1,1,/Users/cchao/EchoSAT/RLAF/runs/GNN_Glucose_3SAT_EchoSAT_SymmetryGRPO_v1_2_WC1_HardNeg_Full/iter=15.pt,glucose,enhanced,False,patched_pretrue_main,event,none,non_symmetric_control,large,vars260_clauses1113,control,random_3sat_control:large,permutation_variant,True,SAT symmetry harder baseline candidate pool,adapter_inference,False,0.0,0.0,0.0
random_3sat_control,random_3sat_control_v260_c1113_seed3306_perm1730,random_3sat_control_v260_c1113_seed3306,perm_seed1730,7,static_weighted_glucose,0,1,1,1,/Users/cchao/EchoSAT/RLAF/runs/GNN_Glucose_3SAT_EchoSAT_SymmetryGRPO_v1_2_WC1_HardNeg_Full/iter=15.pt,glucose,enhanced,False,patched_pretrue_main,event,none,non_symmetric_control,large,vars260_clauses1113,control,random_3sat_control:large,permutation_variant,True,SAT symmetry harder baseline candidate pool,final_solve,True,2.36513,2.3991689999820665,2.36513
random_3sat_control,random_3sat_control_v260_c1113_seed3306_perm1730,random_3sat_control_v260_c1113_seed3306,perm_seed1730,7,cached_trace_no_adapter_final,0,1,1,1,/Users/cchao/EchoSAT/RLAF/runs/GNN_Glucose_3SAT_EchoSAT_SymmetryGRPO_v1_2_WC1_HardNeg_Full/iter=15.pt,glucose,enhanced,False,patched_pretrue_main,event,none,non_symmetric_control,large,vars260_clauses1113,control,random_3sat_control:large,permutation_variant,True,SAT symmetry harder baseline candidate pool,static_inference,True,0.1408710479736328,0.1408710479736328,0.0
random_3sat_control,random_3sat_control_v260_c1113_seed3306_perm1730,random_3sat_control_v260_c1113_seed3306,perm_seed1730,7,cached_trace_no_adapter_final,0,1,1,1,/Users/cchao/EchoSAT/RLAF/runs/GNN_Glucose_3SAT_EchoSAT_SymmetryGRPO_v1_2_WC1_HardNeg_Full/iter=15.pt,glucose,enhanced,False,patched_pretrue_main,event,none,non_symmetric_control,large,vars260_clauses1113,control,random_3sat_control:large,permutation_variant,True,SAT symmetry harder baseline candidate pool,warmup_rollout_collect_events,True,0.001088,0.0046634169993922114,0.001088
random_3sat_control,random_3sat_control_v260_c1113_seed3306_perm1730,random_3sat_control_v260_c1113_seed3306,perm_seed1730,7,cached_trace_no_adapter_final,0,1,1,1,/Users/cchao/EchoSAT/RLAF/runs/GNN_Glucose_3SAT_EchoSAT_SymmetryGRPO_v1_2_WC1_HardNeg_Full/iter=15.pt,glucose,enhanced,False,patched_pretrue_main,event,none,non_symmetric_control,large,vars260_clauses1113,control,random_3sat_control:large,permutation_variant,True,SAT symmetry harder baseline candidate pool,event_feature_attach,True,0.0001635829685255885,0.0001635829685255885,0.0
random_3sat_control,random_3sat_control_v260_c1113_seed3306_perm1730,random_3sat_control_v260_c1113_seed3306,perm_seed1730,7,cached_trace_no_adapter_final,0,1,1,1,/Users/cchao/EchoSAT/RLAF/runs/GNN_Glucose_3SAT_EchoSAT_SymmetryGRPO_v1_2_WC1_HardNeg_Full/iter=15.pt,glucose,enhanced,False,patched_pretrue_main,event,none,non_symmetric_control,large,vars260_clauses1113,control,random_3sat_control:large,permutation_variant,True,SAT symmetry harder baseline candidate pool,adapter_inference,False,0.0,0.0,0.0
random_3sat_control,random_3sat_control_v260_c1113_seed3306_perm1730,random_3sat_control_v260_c1113_seed3306,perm_seed1730,7,cached_trace_no_adapter_final,0,1,1,1,/Users/cchao/EchoSAT/RLAF/runs/GNN_Glucose_3SAT_EchoSAT_SymmetryGRPO_v1_2_WC1_HardNeg_Full/iter=15.pt,glucose,enhanced,False,patched_pretrue_main,event,none,non_symmetric_control,large,vars260_clauses1113,control,random_3sat_control:large,permutation_variant,True,SAT symmetry harder baseline candidate pool,final_solve,True,2.36513,2.3991689999820665,2.36513
random_3sat_control,random_3sat_control_v260_c1113_seed3306_perm1730,random_3sat_control_v260_c1113_seed3306,perm_seed1730,7,event_adapter_final,0,1,1,1,/Users/cchao/EchoSAT/RLAF/runs/GNN_Glucose_3SAT_EchoSAT_SymmetryGRPO_v1_2_WC1_HardNeg_Full/iter=15.pt,glucose,enhanced,False,patched_pretrue_main,event,none,non_symmetric_control,large,vars260_clauses1113,control,random_3sat_control:large,permutation_variant,True,SAT symmetry harder baseline candidate pool,static_inference,True,0.1408710479736328,0.1408710479736328,0.0
random_3sat_control,random_3sat_control_v260_c1113_seed3306_perm1730,random_3sat_control_v260_c1113_seed3306,perm_seed1730,7,event_adapter_final,0,1,1,1,/Users/cchao/EchoSAT/RLAF/runs/GNN_Glucose_3SAT_EchoSAT_SymmetryGRPO_v1_2_WC1_HardNeg_Full/iter=15.pt,glucose,enhanced,False,patched_pretrue_main,event,none,non_symmetric_control,large,vars260_clauses1113,control,random_3sat_control:large,permutation_variant,True,SAT symmetry harder baseline candidate pool,warmup_rollout_collect_events,True,0.001088,0.0046634169993922114,0.001088
random_3sat_control,random_3sat_control_v260_c1113_seed3306_perm1730,random_3sat_control_v260_c1113_seed3306,perm_seed1730,7,event_adapter_final,0,1,1,1,/Users/cchao/EchoSAT/RLAF/runs/GNN_Glucose_3SAT_EchoSAT_SymmetryGRPO_v1_2_WC1_HardNeg_Full/iter=15.pt,glucose,enhanced,False,patched_pretrue_main,event,none,non_symmetric_control,large,vars260_clauses1113,control,random_3sat_control:large,permutation_variant,True,SAT symmetry harder baseline candidate pool,event_feature_attach,True,0.0001635829685255885,0.0001635829685255885,0.0
random_3sat_control,random_3sat_control_v260_c1113_seed3306_perm1730,random_3sat_control_v260_c1113_seed3306,perm_seed1730,7,event_adapter_final,0,1,1,1,/Users/cchao/EchoSAT/RLAF/runs/GNN_Glucose_3SAT_EchoSAT_SymmetryGRPO_v1_2_WC1_HardNeg_Full/iter=15.pt,glucose,enhanced,False,patched_pretrue_main,event,none,non_symmetric_control,large,vars260_clauses1113,control,random_3sat_control:large,permutation_variant,True,SAT symmetry harder baseline candidate pool,adapter_inference,True,0.0021851062774658203,0.0021851062774658203,0.0
random_3sat_control,random_3sat_control_v260_c1113_seed3306_perm1730,random_3sat_control_v260_c1113_seed3306,perm_seed1730,7,event_adapter_final,0,1,1,1,/Users/cchao/EchoSAT/RLAF/runs/GNN_Glucose_3SAT_EchoSAT_SymmetryGRPO_v1_2_WC1_HardNeg_Full/iter=15.pt,glucose,enhanced,False,patched_pretrue_main,event,none,non_symmetric_control,large,vars260_clauses1113,control,random_3sat_control:large,permutation_variant,True,SAT symmetry harder baseline candidate pool,final_solve,True,2.59731,2.6450924170203507,2.59731
random_3sat_control,random_3sat_control_v260_c1113_seed3306_perm1731,random_3sat_control_v260_c1113_seed3306,perm_seed1731,8,plain_unguided_glucose,0,1,1,1,/Users/cchao/EchoSAT/RLAF/runs/GNN_Glucose_3SAT_EchoSAT_SymmetryGRPO_v1_2_WC1_HardNeg_Full/iter=15.pt,glucose,enhanced,False,patched_pretrue_main,event,none,non_symmetric_control,large,vars260_clauses1113,control,random_3sat_control:large,permutation_variant,True,SAT symmetry harder baseline candidate pool,static_inference,False,0.0,0.0,0.0
random_3sat_control,random_3sat_control_v260_c1113_seed3306_perm1731,random_3sat_control_v260_c1113_seed3306,perm_seed1731,8,plain_unguided_glucose,0,1,1,1,/Users/cchao/EchoSAT/RLAF/runs/GNN_Glucose_3SAT_EchoSAT_SymmetryGRPO_v1_2_WC1_HardNeg_Full/iter=15.pt,glucose,enhanced,False,patched_pretrue_main,event,none,non_symmetric_control,large,vars260_clauses1113,control,random_3sat_control:large,permutation_variant,True,SAT symmetry harder baseline candidate pool,warmup_rollout_collect_events,False,0.0,0.0,0.0
random_3sat_control,random_3sat_control_v260_c1113_seed3306_perm1731,random_3sat_control_v260_c1113_seed3306,perm_seed1731,8,plain_unguided_glucose,0,1,1,1,/Users/cchao/EchoSAT/RLAF/runs/GNN_Glucose_3SAT_EchoSAT_SymmetryGRPO_v1_2_WC1_HardNeg_Full/iter=15.pt,glucose,enhanced,False,patched_pretrue_main,event,none,non_symmetric_control,large,vars260_clauses1113,control,random_3sat_control:large,permutation_variant,True,SAT symmetry harder baseline candidate pool,event_feature_attach,False,0.0,0.0,0.0
random_3sat_control,random_3sat_control_v260_c1113_seed3306_perm1731,random_3sat_control_v260_c1113_seed3306,perm_seed1731,8,plain_unguided_glucose,0,1,1,1,/Users/cchao/EchoSAT/RLAF/runs/GNN_Glucose_3SAT_EchoSAT_SymmetryGRPO_v1_2_WC1_HardNeg_Full/iter=15.pt,glucose,enhanced,False,patched_pretrue_main,event,none,non_symmetric_control,large,vars260_clauses1113,control,random_3sat_control:large,permutation_variant,True,SAT symmetry harder baseline candidate pool,adapter_inference,False,0.0,0.0,0.0
random_3sat_control,random_3sat_control_v260_c1113_seed3306_perm1731,random_3sat_control_v260_c1113_seed3306,perm_seed1731,8,plain_unguided_glucose,0,1,1,1,/Users/cchao/EchoSAT/RLAF/runs/GNN_Glucose_3SAT_EchoSAT_SymmetryGRPO_v1_2_WC1_HardNeg_Full/iter=15.pt,glucose,enhanced,False,patched_pretrue_main,event,none,non_symmetric_control,large,vars260_clauses1113,control,random_3sat_control:large,permutation_variant,True,SAT symmetry harder baseline candidate pool,final_solve,True,2.39042,2.4374960840214044,2.39042
random_3sat_control,random_3sat_control_v260_c1113_seed3306_perm1731,random_3sat_control_v260_c1113_seed3306,perm_seed1731,8,neutral_weighted_glucose,0,1,1,1,/Users/cchao/EchoSAT/RLAF/runs/GNN_Glucose_3SAT_EchoSAT_SymmetryGRPO_v1_2_WC1_HardNeg_Full/iter=15.pt,glucose,enhanced,False,patched_pretrue_main,event,none,non_symmetric_control,large,vars260_clauses1113,control,random_3sat_control:large,permutation_variant,True,SAT symmetry harder baseline candidate pool,static_inference,False,0.0,0.0,0.0
random_3sat_control,random_3sat_control_v260_c1113_seed3306_perm1731,random_3sat_control_v260_c1113_seed3306,perm_seed1731,8,neutral_weighted_glucose,0,1,1,1,/Users/cchao/EchoSAT/RLAF/runs/GNN_Glucose_3SAT_EchoSAT_SymmetryGRPO_v1_2_WC1_HardNeg_Full/iter=15.pt,glucose,enhanced,False,patched_pretrue_main,event,none,non_symmetric_control,large,vars260_clauses1113,control,random_3sat_control:large,permutation_variant,True,SAT symmetry harder baseline candidate pool,warmup_rollout_collect_events,False,0.0,0.0,0.0
random_3sat_control,random_3sat_control_v260_c1113_seed3306_perm1731,random_3sat_control_v260_c1113_seed3306,perm_seed1731,8,neutral_weighted_glucose,0,1,1,1,/Users/cchao/EchoSAT/RLAF/runs/GNN_Glucose_3SAT_EchoSAT_SymmetryGRPO_v1_2_WC1_HardNeg_Full/iter=15.pt,glucose,enhanced,False,patched_pretrue_main,event,none,non_symmetric_control,large,vars260_clauses1113,control,random_3sat_control:large,permutation_variant,True,SAT symmetry harder baseline candidate pool,event_feature_attach,False,0.0,0.0,0.0
random_3sat_control,random_3sat_control_v260_c1113_seed3306_perm1731,random_3sat_control_v260_c1113_seed3306,perm_seed1731,8,neutral_weighted_glucose,0,1,1,1,/Users/cchao/EchoSAT/RLAF/runs/GNN_Glucose_3SAT_EchoSAT_SymmetryGRPO_v1_2_WC1_HardNeg_Full/iter=15.pt,glucose,enhanced,False,patched_pretrue_main,event,none,non_symmetric_control,large,vars260_clauses1113,control,random_3sat_control:large,permutation_variant,True,SAT symmetry harder baseline candidate pool,adapter_inference,False,0.0,0.0,0.0
random_3sat_control,random_3sat_control_v260_c1113_seed3306_perm1731,random_3sat_control_v260_c1113_seed3306,perm_seed1731,8,neutral_weighted_glucose,0,1,1,1,/Users/cchao/EchoSAT/RLAF/runs/GNN_Glucose_3SAT_EchoSAT_SymmetryGRPO_v1_2_WC1_HardNeg_Full/iter=15.pt,glucose,enhanced,False,patched_pretrue_main,event,none,non_symmetric_control,large,vars260_clauses1113,control,random_3sat_control:large,permutation_variant,True,SAT symmetry harder baseline candidate pool,final_solve,True,2.54041,2.5815119160106406,2.54041
random_3sat_control,random_3sat_control_v260_c1113_seed3306_perm1731,random_3sat_control_v260_c1113_seed3306,perm_seed1731,8,static_weighted_glucose,0,1,1,1,/Users/cchao/EchoSAT/RLAF/runs/GNN_Glucose_3SAT_EchoSAT_SymmetryGRPO_v1_2_WC1_HardNeg_Full/iter=15.pt,glucose,enhanced,False,patched_pretrue_main,event,none,non_symmetric_control,large,vars260_clauses1113,control,random_3sat_control:large,permutation_variant,True,SAT symmetry harder baseline candidate pool,static_inference,True,8.590188026428223,8.590188026428223,0.0
random_3sat_control,random_3sat_control_v260_c1113_seed3306_perm1731,random_3sat_control_v260_c1113_seed3306,perm_seed1731,8,static_weighted_glucose,0,1,1,1,/Users/cchao/EchoSAT/RLAF/runs/GNN_Glucose_3SAT_EchoSAT_SymmetryGRPO_v1_2_WC1_HardNeg_Full/iter=15.pt,glucose,enhanced,False,patched_pretrue_main,event,none,non_symmetric_control,large,vars260_clauses1113,control,random_3sat_control:large,permutation_variant,True,SAT symmetry harder baseline candidate pool,warmup_rollout_collect_events,False,0.0,0.0,0.0
random_3sat_control,random_3sat_control_v260_c1113_seed3306_perm1731,random_3sat_control_v260_c1113_seed3306,perm_seed1731,8,static_weighted_glucose,0,1,1,1,/Users/cchao/EchoSAT/RLAF/runs/GNN_Glucose_3SAT_EchoSAT_SymmetryGRPO_v1_2_WC1_HardNeg_Full/iter=15.pt,glucose,enhanced,False,patched_pretrue_main,event,none,non_symmetric_control,large,vars260_clauses1113,control,random_3sat_control:large,permutation_variant,True,SAT symmetry harder baseline candidate pool,event_feature_attach,False,0.0,0.0,0.0
random_3sat_control,random_3sat_control_v260_c1113_seed3306_perm1731,random_3sat_control_v260_c1113_seed3306,perm_seed1731,8,static_weighted_glucose,0,1,1,1,/Users/cchao/EchoSAT/RLAF/runs/GNN_Glucose_3SAT_EchoSAT_SymmetryGRPO_v1_2_WC1_HardNeg_Full/iter=15.pt,glucose,enhanced,False,patched_pretrue_main,event,none,non_symmetric_control,large,vars260_clauses1113,control,random_3sat_control:large,permutation_variant,True,SAT symmetry harder baseline candidate pool,adapter_inference,False,0.0,0.0,0.0
random_3sat_control,random_3sat_control_v260_c1113_seed3306_perm1731,random_3sat_control_v260_c1113_seed3306,perm_seed1731,8,static_weighted_glucose,0,1,1,1,/Users/cchao/EchoSAT/RLAF/runs/GNN_Glucose_3SAT_EchoSAT_SymmetryGRPO_v1_2_WC1_HardNeg_Full/iter=15.pt,glucose,enhanced,False,patched_pretrue_main,event,none,non_symmetric_control,large,vars260_clauses1113,control,random_3sat_control:large,permutation_variant,True,SAT symmetry harder baseline candidate pool,final_solve,True,2.49391,2.554614791064523,2.49391
random_3sat_control,random_3sat_control_v260_c1113_seed3306_perm1731,random_3sat_control_v260_c1113_seed3306,perm_seed1731,8,cached_trace_no_adapter_final,0,1,1,1,/Users/cchao/EchoSAT/RLAF/runs/GNN_Glucose_3SAT_EchoSAT_SymmetryGRPO_v1_2_WC1_HardNeg_Full/iter=15.pt,glucose,enhanced,False,patched_pretrue_main,event,none,non_symmetric_control,large,vars260_clauses1113,control,random_3sat_control:large,permutation_variant,True,SAT symmetry harder baseline candidate pool,static_inference,True,8.590188026428223,8.590188026428223,0.0
random_3sat_control,random_3sat_control_v260_c1113_seed3306_perm1731,random_3sat_control_v260_c1113_seed3306,perm_seed1731,8,cached_trace_no_adapter_final,0,1,1,1,/Users/cchao/EchoSAT/RLAF/runs/GNN_Glucose_3SAT_EchoSAT_SymmetryGRPO_v1_2_WC1_HardNeg_Full/iter=15.pt,glucose,enhanced,False,patched_pretrue_main,event,none,non_symmetric_control,large,vars260_clauses1113,control,random_3sat_control:large,permutation_variant,True,SAT symmetry harder baseline candidate pool,warmup_rollout_collect_events,True,0.00103,0.005204083048738539,0.00103
random_3sat_control,random_3sat_control_v260_c1113_seed3306_perm1731,random_3sat_control_v260_c1113_seed3306,perm_seed1731,8,cached_trace_no_adapter_final,0,1,1,1,/Users/cchao/EchoSAT/RLAF/runs/GNN_Glucose_3SAT_EchoSAT_SymmetryGRPO_v1_2_WC1_HardNeg_Full/iter=15.pt,glucose,enhanced,False,patched_pretrue_main,event,none,non_symmetric_control,large,vars260_clauses1113,control,random_3sat_control:large,permutation_variant,True,SAT symmetry harder baseline candidate pool,event_feature_attach,True,0.00015650002751499414,0.00015650002751499414,0.0
random_3sat_control,random_3sat_control_v260_c1113_seed3306_perm1731,random_3sat_control_v260_c1113_seed3306,perm_seed1731,8,cached_trace_no_adapter_final,0,1,1,1,/Users/cchao/EchoSAT/RLAF/runs/GNN_Glucose_3SAT_EchoSAT_SymmetryGRPO_v1_2_WC1_HardNeg_Full/iter=15.pt,glucose,enhanced,False,patched_pretrue_main,event,none,non_symmetric_control,large,vars260_clauses1113,control,random_3sat_control:large,permutation_variant,True,SAT symmetry harder baseline candidate pool,adapter_inference,False,0.0,0.0,0.0
random_3sat_control,random_3sat_control_v260_c1113_seed3306_perm1731,random_3sat_control_v260_c1113_seed3306,perm_seed1731,8,cached_trace_no_adapter_final,0,1,1,1,/Users/cchao/EchoSAT/RLAF/runs/GNN_Glucose_3SAT_EchoSAT_SymmetryGRPO_v1_2_WC1_HardNeg_Full/iter=15.pt,glucose,enhanced,False,patched_pretrue_main,event,none,non_symmetric_control,large,vars260_clauses1113,control,random_3sat_control:large,permutation_variant,True,SAT symmetry harder baseline candidate pool,final_solve,True,2.49391,2.554614791064523,2.49391
random_3sat_control,random_3sat_control_v260_c1113_seed3306_perm1731,random_3sat_control_v260_c1113_seed3306,perm_seed1731,8,event_adapter_final,0,1,1,1,/Users/cchao/EchoSAT/RLAF/runs/GNN_Glucose_3SAT_EchoSAT_SymmetryGRPO_v1_2_WC1_HardNeg_Full/iter=15.pt,glucose,enhanced,False,patched_pretrue_main,event,none,non_symmetric_control,large,vars260_clauses1113,control,random_3sat_control:large,permutation_variant,True,SAT symmetry harder baseline candidate pool,static_inference,True,8.590188026428223,8.590188026428223,0.0
random_3sat_control,random_3sat_control_v260_c1113_seed3306_perm1731,random_3sat_control_v260_c1113_seed3306,perm_seed1731,8,event_adapter_final,0,1,1,1,/Users/cchao/EchoSAT/RLAF/runs/GNN_Glucose_3SAT_EchoSAT_SymmetryGRPO_v1_2_WC1_HardNeg_Full/iter=15.pt,glucose,enhanced,False,patched_pretrue_main,event,none,non_symmetric_control,large,vars260_clauses1113,control,random_3sat_control:large,permutation_variant,True,SAT symmetry harder baseline candidate pool,warmup_rollout_collect_events,True,0.00103,0.005204083048738539,0.00103
random_3sat_control,random_3sat_control_v260_c1113_seed3306_perm1731,random_3sat_control_v260_c1113_seed3306,perm_seed1731,8,event_adapter_final,0,1,1,1,/Users/cchao/EchoSAT/RLAF/runs/GNN_Glucose_3SAT_EchoSAT_SymmetryGRPO_v1_2_WC1_HardNeg_Full/iter=15.pt,glucose,enhanced,False,patched_pretrue_main,event,none,non_symmetric_control,large,vars260_clauses1113,control,random_3sat_control:large,permutation_variant,True,SAT symmetry harder baseline candidate pool,event_feature_attach,True,0.00015650002751499414,0.00015650002751499414,0.0
random_3sat_control,random_3sat_control_v260_c1113_seed3306_perm1731,random_3sat_control_v260_c1113_seed3306,perm_seed1731,8,event_adapter_final,0,1,1,1,/Users/cchao/EchoSAT/RLAF/runs/GNN_Glucose_3SAT_EchoSAT_SymmetryGRPO_v1_2_WC1_HardNeg_Full/iter=15.pt,glucose,enhanced,False,patched_pretrue_main,event,none,non_symmetric_control,large,vars260_clauses1113,control,random_3sat_control:large,permutation_variant,True,SAT symmetry harder baseline candidate pool,adapter_inference,True,0.0006132125854492188,0.0006132125854492188,0.0
random_3sat_control,random_3sat_control_v260_c1113_seed3306_perm1731,random_3sat_control_v260_c1113_seed3306,perm_seed1731,8,event_adapter_final,0,1,1,1,/Users/cchao/EchoSAT/RLAF/runs/GNN_Glucose_3SAT_EchoSAT_SymmetryGRPO_v1_2_WC1_HardNeg_Full/iter=15.pt,glucose,enhanced,False,patched_pretrue_main,event,none,non_symmetric_control,large,vars260_clauses1113,control,random_3sat_control:large,permutation_variant,True,SAT symmetry harder baseline candidate pool,final_solve,True,2.64898,2.6876308750361204,2.64898
tseitin_complete,tseitin_k8_odd,tseitin_k8_odd,base,9,plain_unguided_glucose,0,1,1,1,/Users/cchao/EchoSAT/RLAF/runs/GNN_Glucose_3SAT_EchoSAT_SymmetryGRPO_v1_2_WC1_HardNeg_Full/iter=15.pt,glucose,enhanced,False,patched_pretrue_main,event,strong,strong_symmetry,medium,k8,main,tseitin_complete:medium,base,False,SAT symmetry harder baseline candidate pool,static_inference,False,0.0,0.0,0.0
tseitin_complete,tseitin_k8_odd,tseitin_k8_odd,base,9,plain_unguided_glucose,0,1,1,1,/Users/cchao/EchoSAT/RLAF/runs/GNN_Glucose_3SAT_EchoSAT_SymmetryGRPO_v1_2_WC1_HardNeg_Full/iter=15.pt,glucose,enhanced,False,patched_pretrue_main,event,strong,strong_symmetry,medium,k8,main,tseitin_complete:medium,base,False,SAT symmetry harder baseline candidate pool,warmup_rollout_collect_events,False,0.0,0.0,0.0
tseitin_complete,tseitin_k8_odd,tseitin_k8_odd,base,9,plain_unguided_glucose,0,1,1,1,/Users/cchao/EchoSAT/RLAF/runs/GNN_Glucose_3SAT_EchoSAT_SymmetryGRPO_v1_2_WC1_HardNeg_Full/iter=15.pt,glucose,enhanced,False,patched_pretrue_main,event,strong,strong_symmetry,medium,k8,main,tseitin_complete:medium,base,False,SAT symmetry harder baseline candidate pool,event_feature_attach,False,0.0,0.0,0.0
tseitin_complete,tseitin_k8_odd,tseitin_k8_odd,base,9,plain_unguided_glucose,0,1,1,1,/Users/cchao/EchoSAT/RLAF/runs/GNN_Glucose_3SAT_EchoSAT_SymmetryGRPO_v1_2_WC1_HardNeg_Full/iter=15.pt,glucose,enhanced,False,patched_pretrue_main,event,strong,strong_symmetry,medium,k8,main,tseitin_complete:medium,base,False,SAT symmetry harder baseline candidate pool,adapter_inference,False,0.0,0.0,0.0
tseitin_complete,tseitin_k8_odd,tseitin_k8_odd,base,9,plain_unguided_glucose,0,1,1,1,/Users/cchao/EchoSAT/RLAF/runs/GNN_Glucose_3SAT_EchoSAT_SymmetryGRPO_v1_2_WC1_HardNeg_Full/iter=15.pt,glucose,enhanced,False,patched_pretrue_main,event,strong,strong_symmetry,medium,k8,main,tseitin_complete:medium,base,False,SAT symmetry harder baseline candidate pool,final_solve,True,2.78926,2.836773458053358,2.78926
tseitin_complete,tseitin_k8_odd,tseitin_k8_odd,base,9,neutral_weighted_glucose,0,1,1,1,/Users/cchao/EchoSAT/RLAF/runs/GNN_Glucose_3SAT_EchoSAT_SymmetryGRPO_v1_2_WC1_HardNeg_Full/iter=15.pt,glucose,enhanced,False,patched_pretrue_main,event,strong,strong_symmetry,medium,k8,main,tseitin_complete:medium,base,False,SAT symmetry harder baseline candidate pool,static_inference,False,0.0,0.0,0.0
tseitin_complete,tseitin_k8_odd,tseitin_k8_odd,base,9,neutral_weighted_glucose,0,1,1,1,/Users/cchao/EchoSAT/RLAF/runs/GNN_Glucose_3SAT_EchoSAT_SymmetryGRPO_v1_2_WC1_HardNeg_Full/iter=15.pt,glucose,enhanced,False,patched_pretrue_main,event,strong,strong_symmetry,medium,k8,main,tseitin_complete:medium,base,False,SAT symmetry harder baseline candidate pool,warmup_rollout_collect_events,False,0.0,0.0,0.0
tseitin_complete,tseitin_k8_odd,tseitin_k8_odd,base,9,neutral_weighted_glucose,0,1,1,1,/Users/cchao/EchoSAT/RLAF/runs/GNN_Glucose_3SAT_EchoSAT_SymmetryGRPO_v1_2_WC1_HardNeg_Full/iter=15.pt,glucose,enhanced,False,patched_pretrue_main,event,strong,strong_symmetry,medium,k8,main,tseitin_complete:medium,base,False,SAT symmetry harder baseline candidate pool,event_feature_attach,False,0.0,0.0,0.0
tseitin_complete,tseitin_k8_odd,tseitin_k8_odd,base,9,neutral_weighted_glucose,0,1,1,1,/Users/cchao/EchoSAT/RLAF/runs/GNN_Glucose_3SAT_EchoSAT_SymmetryGRPO_v1_2_WC1_HardNeg_Full/iter=15.pt,glucose,enhanced,False,patched_pretrue_main,event,strong,strong_symmetry,medium,k8,main,tseitin_complete:medium,base,False,SAT symmetry harder baseline candidate pool,adapter_inference,False,0.0,0.0,0.0
tseitin_complete,tseitin_k8_odd,tseitin_k8_odd,base,9,neutral_weighted_glucose,0,1,1,1,/Users/cchao/EchoSAT/RLAF/runs/GNN_Glucose_3SAT_EchoSAT_SymmetryGRPO_v1_2_WC1_HardNeg_Full/iter=15.pt,glucose,enhanced,False,patched_pretrue_main,event,strong,strong_symmetry,medium,k8,main,tseitin_complete:medium,base,False,SAT symmetry harder baseline candidate pool,final_solve,True,3.28919,3.349690290982835,3.28919
tseitin_complete,tseitin_k8_odd,tseitin_k8_odd,base,9,static_weighted_glucose,0,1,1,1,/Users/cchao/EchoSAT/RLAF/runs/GNN_Glucose_3SAT_EchoSAT_SymmetryGRPO_v1_2_WC1_HardNeg_Full/iter=15.pt,glucose,enhanced,False,patched_pretrue_main,event,strong,strong_symmetry,medium,k8,main,tseitin_complete:medium,base,False,SAT symmetry harder baseline candidate pool,static_inference,True,8.590188026428223,8.590188026428223,0.0
tseitin_complete,tseitin_k8_odd,tseitin_k8_odd,base,9,static_weighted_glucose,0,1,1,1,/Users/cchao/EchoSAT/RLAF/runs/GNN_Glucose_3SAT_EchoSAT_SymmetryGRPO_v1_2_WC1_HardNeg_Full/iter=15.pt,glucose,enhanced,False,patched_pretrue_main,event,strong,strong_symmetry,medium,k8,main,tseitin_complete:medium,base,False,SAT symmetry harder baseline candidate pool,warmup_rollout_collect_events,False,0.0,0.0,0.0
tseitin_complete,tseitin_k8_odd,tseitin_k8_odd,base,9,static_weighted_glucose,0,1,1,1,/Users/cchao/EchoSAT/RLAF/runs/GNN_Glucose_3SAT_EchoSAT_SymmetryGRPO_v1_2_WC1_HardNeg_Full/iter=15.pt,glucose,enhanced,False,patched_pretrue_main,event,strong,strong_symmetry,medium,k8,main,tseitin_complete:medium,base,False,SAT symmetry harder baseline candidate pool,event_feature_attach,False,0.0,0.0,0.0
tseitin_complete,tseitin_k8_odd,tseitin_k8_odd,base,9,static_weighted_glucose,0,1,1,1,/Users/cchao/EchoSAT/RLAF/runs/GNN_Glucose_3SAT_EchoSAT_SymmetryGRPO_v1_2_WC1_HardNeg_Full/iter=15.pt,glucose,enhanced,False,patched_pretrue_main,event,strong,strong_symmetry,medium,k8,main,tseitin_complete:medium,base,False,SAT symmetry harder baseline candidate pool,adapter_inference,False,0.0,0.0,0.0
tseitin_complete,tseitin_k8_odd,tseitin_k8_odd,base,9,static_weighted_glucose,0,1,1,1,/Users/cchao/EchoSAT/RLAF/runs/GNN_Glucose_3SAT_EchoSAT_SymmetryGRPO_v1_2_WC1_HardNeg_Full/iter=15.pt,glucose,enhanced,False,patched_pretrue_main,event,strong,strong_symmetry,medium,k8,main,tseitin_complete:medium,base,False,SAT symmetry harder baseline candidate pool,final_solve,True,3.1606,3.243315832922235,3.1606
tseitin_complete,tseitin_k8_odd,tseitin_k8_odd,base,9,cached_trace_no_adapter_final,0,1,1,1,/Users/cchao/EchoSAT/RLAF/runs/GNN_Glucose_3SAT_EchoSAT_SymmetryGRPO_v1_2_WC1_HardNeg_Full/iter=15.pt,glucose,enhanced,False,patched_pretrue_main,event,strong,strong_symmetry,medium,k8,main,tseitin_complete:medium,base,False,SAT symmetry harder baseline candidate pool,static_inference,True,8.590188026428223,8.590188026428223,0.0
tseitin_complete,tseitin_k8_odd,tseitin_k8_odd,base,9,cached_trace_no_adapter_final,0,1,1,1,/Users/cchao/EchoSAT/RLAF/runs/GNN_Glucose_3SAT_EchoSAT_SymmetryGRPO_v1_2_WC1_HardNeg_Full/iter=15.pt,glucose,enhanced,False,patched_pretrue_main,event,strong,strong_symmetry,medium,k8,main,tseitin_complete:medium,base,False,SAT symmetry harder baseline candidate pool,warmup_rollout_collect_events,True,0.00109,0.004772917018271983,0.00109
tseitin_complete,tseitin_k8_odd,tseitin_k8_odd,base,9,cached_trace_no_adapter_final,0,1,1,1,/Users/cchao/EchoSAT/RLAF/runs/GNN_Glucose_3SAT_EchoSAT_SymmetryGRPO_v1_2_WC1_HardNeg_Full/iter=15.pt,glucose,enhanced,False,patched_pretrue_main,event,strong,strong_symmetry,medium,k8,main,tseitin_complete:medium,base,False,SAT symmetry harder baseline candidate pool,event_feature_attach,True,9.975000284612179e-05,9.975000284612179e-05,0.0
tseitin_complete,tseitin_k8_odd,tseitin_k8_odd,base,9,cached_trace_no_adapter_final,0,1,1,1,/Users/cchao/EchoSAT/RLAF/runs/GNN_Glucose_3SAT_EchoSAT_SymmetryGRPO_v1_2_WC1_HardNeg_Full/iter=15.pt,glucose,enhanced,False,patched_pretrue_main,event,strong,strong_symmetry,medium,k8,main,tseitin_complete:medium,base,False,SAT symmetry harder baseline candidate pool,adapter_inference,False,0.0,0.0,0.0
tseitin_complete,tseitin_k8_odd,tseitin_k8_odd,base,9,cached_trace_no_adapter_final,0,1,1,1,/Users/cchao/EchoSAT/RLAF/runs/GNN_Glucose_3SAT_EchoSAT_SymmetryGRPO_v1_2_WC1_HardNeg_Full/iter=15.pt,glucose,enhanced,False,patched_pretrue_main,event,strong,strong_symmetry,medium,k8,main,tseitin_complete:medium,base,False,SAT symmetry harder baseline candidate pool,final_solve,True,3.1606,3.243315832922235,3.1606
tseitin_complete,tseitin_k8_odd,tseitin_k8_odd,base,9,event_adapter_final,0,1,1,1,/Users/cchao/EchoSAT/RLAF/runs/GNN_Glucose_3SAT_EchoSAT_SymmetryGRPO_v1_2_WC1_HardNeg_Full/iter=15.pt,glucose,enhanced,False,patched_pretrue_main,event,strong,strong_symmetry,medium,k8,main,tseitin_complete:medium,base,False,SAT symmetry harder baseline candidate pool,static_inference,True,8.590188026428223,8.590188026428223,0.0
tseitin_complete,tseitin_k8_odd,tseitin_k8_odd,base,9,event_adapter_final,0,1,1,1,/Users/cchao/EchoSAT/RLAF/runs/GNN_Glucose_3SAT_EchoSAT_SymmetryGRPO_v1_2_WC1_HardNeg_Full/iter=15.pt,glucose,enhanced,False,patched_pretrue_main,event,strong,strong_symmetry,medium,k8,main,tseitin_complete:medium,base,False,SAT symmetry harder baseline candidate pool,warmup_rollout_collect_events,True,0.00109,0.004772917018271983,0.00109
tseitin_complete,tseitin_k8_odd,tseitin_k8_odd,base,9,event_adapter_final,0,1,1,1,/Users/cchao/EchoSAT/RLAF/runs/GNN_Glucose_3SAT_EchoSAT_SymmetryGRPO_v1_2_WC1_HardNeg_Full/iter=15.pt,glucose,enhanced,False,patched_pretrue_main,event,strong,strong_symmetry,medium,k8,main,tseitin_complete:medium,base,False,SAT symmetry harder baseline candidate pool,event_feature_attach,True,9.975000284612179e-05,9.975000284612179e-05,0.0
tseitin_complete,tseitin_k8_odd,tseitin_k8_odd,base,9,event_adapter_final,0,1,1,1,/Users/cchao/EchoSAT/RLAF/runs/GNN_Glucose_3SAT_EchoSAT_SymmetryGRPO_v1_2_WC1_HardNeg_Full/iter=15.pt,glucose,enhanced,False,patched_pretrue_main,event,strong,strong_symmetry,medium,k8,main,tseitin_complete:medium,base,False,SAT symmetry harder baseline candidate pool,adapter_inference,True,0.0006132125854492188,0.0006132125854492188,0.0
tseitin_complete,tseitin_k8_odd,tseitin_k8_odd,base,9,event_adapter_final,0,1,1,1,/Users/cchao/EchoSAT/RLAF/runs/GNN_Glucose_3SAT_EchoSAT_SymmetryGRPO_v1_2_WC1_HardNeg_Full/iter=15.pt,glucose,enhanced,False,patched_pretrue_main,event,strong,strong_symmetry,medium,k8,main,tseitin_complete:medium,base,False,SAT symmetry harder baseline candidate pool,final_solve,True,2.68093,2.71869433298707,2.68093
tseitin_complete,tseitin_k8_odd_perm1730,tseitin_k8_odd,perm_seed1730,10,plain_unguided_glucose,0,1,1,1,/Users/cchao/EchoSAT/RLAF/runs/GNN_Glucose_3SAT_EchoSAT_SymmetryGRPO_v1_2_WC1_HardNeg_Full/iter=15.pt,glucose,enhanced,False,patched_pretrue_main,event,strong,strong_symmetry,medium,k8,main,tseitin_complete:medium,permutation_variant,True,SAT symmetry harder baseline candidate pool,static_inference,False,0.0,0.0,0.0
tseitin_complete,tseitin_k8_odd_perm1730,tseitin_k8_odd,perm_seed1730,10,plain_unguided_glucose,0,1,1,1,/Users/cchao/EchoSAT/RLAF/runs/GNN_Glucose_3SAT_EchoSAT_SymmetryGRPO_v1_2_WC1_HardNeg_Full/iter=15.pt,glucose,enhanced,False,patched_pretrue_main,event,strong,strong_symmetry,medium,k8,main,tseitin_complete:medium,permutation_variant,True,SAT symmetry harder baseline candidate pool,warmup_rollout_collect_events,False,0.0,0.0,0.0
tseitin_complete,tseitin_k8_odd_perm1730,tseitin_k8_odd,perm_seed1730,10,plain_unguided_glucose,0,1,1,1,/Users/cchao/EchoSAT/RLAF/runs/GNN_Glucose_3SAT_EchoSAT_SymmetryGRPO_v1_2_WC1_HardNeg_Full/iter=15.pt,glucose,enhanced,False,patched_pretrue_main,event,strong,strong_symmetry,medium,k8,main,tseitin_complete:medium,permutation_variant,True,SAT symmetry harder baseline candidate pool,event_feature_attach,False,0.0,0.0,0.0
tseitin_complete,tseitin_k8_odd_perm1730,tseitin_k8_odd,perm_seed1730,10,plain_unguided_glucose,0,1,1,1,/Users/cchao/EchoSAT/RLAF/runs/GNN_Glucose_3SAT_EchoSAT_SymmetryGRPO_v1_2_WC1_HardNeg_Full/iter=15.pt,glucose,enhanced,False,patched_pretrue_main,event,strong,strong_symmetry,medium,k8,main,tseitin_complete:medium,permutation_variant,True,SAT symmetry harder baseline candidate pool,adapter_inference,False,0.0,0.0,0.0
tseitin_complete,tseitin_k8_odd_perm1730,tseitin_k8_odd,perm_seed1730,10,plain_unguided_glucose,0,1,1,1,/Users/cchao/EchoSAT/RLAF/runs/GNN_Glucose_3SAT_EchoSAT_SymmetryGRPO_v1_2_WC1_HardNeg_Full/iter=15.pt,glucose,enhanced,False,patched_pretrue_main,event,strong,strong_symmetry,medium,k8,main,tseitin_complete:medium,permutation_variant,True,SAT symmetry harder baseline candidate pool,final_solve,True,2.83431,2.881491707987152,2.83431
tseitin_complete,tseitin_k8_odd_perm1730,tseitin_k8_odd,perm_seed1730,10,neutral_weighted_glucose,0,1,1,1,/Users/cchao/EchoSAT/RLAF/runs/GNN_Glucose_3SAT_EchoSAT_SymmetryGRPO_v1_2_WC1_HardNeg_Full/iter=15.pt,glucose,enhanced,False,patched_pretrue_main,event,strong,strong_symmetry,medium,k8,main,tseitin_complete:medium,permutation_variant,True,SAT symmetry harder baseline candidate pool,static_inference,False,0.0,0.0,0.0
tseitin_complete,tseitin_k8_odd_perm1730,tseitin_k8_odd,perm_seed1730,10,neutral_weighted_glucose,0,1,1,1,/Users/cchao/EchoSAT/RLAF/runs/GNN_Glucose_3SAT_EchoSAT_SymmetryGRPO_v1_2_WC1_HardNeg_Full/iter=15.pt,glucose,enhanced,False,patched_pretrue_main,event,strong,strong_symmetry,medium,k8,main,tseitin_complete:medium,permutation_variant,True,SAT symmetry harder baseline candidate pool,warmup_rollout_collect_events,False,0.0,0.0,0.0
tseitin_complete,tseitin_k8_odd_perm1730,tseitin_k8_odd,perm_seed1730,10,neutral_weighted_glucose,0,1,1,1,/Users/cchao/EchoSAT/RLAF/runs/GNN_Glucose_3SAT_EchoSAT_SymmetryGRPO_v1_2_WC1_HardNeg_Full/iter=15.pt,glucose,enhanced,False,patched_pretrue_main,event,strong,strong_symmetry,medium,k8,main,tseitin_complete:medium,permutation_variant,True,SAT symmetry harder baseline candidate pool,event_feature_attach,False,0.0,0.0,0.0
tseitin_complete,tseitin_k8_odd_perm1730,tseitin_k8_odd,perm_seed1730,10,neutral_weighted_glucose,0,1,1,1,/Users/cchao/EchoSAT/RLAF/runs/GNN_Glucose_3SAT_EchoSAT_SymmetryGRPO_v1_2_WC1_HardNeg_Full/iter=15.pt,glucose,enhanced,False,patched_pretrue_main,event,strong,strong_symmetry,medium,k8,main,tseitin_complete:medium,permutation_variant,True,SAT symmetry harder baseline candidate pool,adapter_inference,False,0.0,0.0,0.0
tseitin_complete,tseitin_k8_odd_perm1730,tseitin_k8_odd,perm_seed1730,10,neutral_weighted_glucose,0,1,1,1,/Users/cchao/EchoSAT/RLAF/runs/GNN_Glucose_3SAT_EchoSAT_SymmetryGRPO_v1_2_WC1_HardNeg_Full/iter=15.pt,glucose,enhanced,False,patched_pretrue_main,event,strong,strong_symmetry,medium,k8,main,tseitin_complete:medium,permutation_variant,True,SAT symmetry harder baseline candidate pool,final_solve,True,2.79475,2.8498514590319246,2.79475
tseitin_complete,tseitin_k8_odd_perm1730,tseitin_k8_odd,perm_seed1730,10,static_weighted_glucose,0,1,1,1,/Users/cchao/EchoSAT/RLAF/runs/GNN_Glucose_3SAT_EchoSAT_SymmetryGRPO_v1_2_WC1_HardNeg_Full/iter=15.pt,glucose,enhanced,False,patched_pretrue_main,event,strong,strong_symmetry,medium,k8,main,tseitin_complete:medium,permutation_variant,True,SAT symmetry harder baseline candidate pool,static_inference,True,8.590188026428223,8.590188026428223,0.0
tseitin_complete,tseitin_k8_odd_perm1730,tseitin_k8_odd,perm_seed1730,10,static_weighted_glucose,0,1,1,1,/Users/cchao/EchoSAT/RLAF/runs/GNN_Glucose_3SAT_EchoSAT_SymmetryGRPO_v1_2_WC1_HardNeg_Full/iter=15.pt,glucose,enhanced,False,patched_pretrue_main,event,strong,strong_symmetry,medium,k8,main,tseitin_complete:medium,permutation_variant,True,SAT symmetry harder baseline candidate pool,warmup_rollout_collect_events,False,0.0,0.0,0.0
tseitin_complete,tseitin_k8_odd_perm1730,tseitin_k8_odd,perm_seed1730,10,static_weighted_glucose,0,1,1,1,/Users/cchao/EchoSAT/RLAF/runs/GNN_Glucose_3SAT_EchoSAT_SymmetryGRPO_v1_2_WC1_HardNeg_Full/iter=15.pt,glucose,enhanced,False,patched_pretrue_main,event,strong,strong_symmetry,medium,k8,main,tseitin_complete:medium,permutation_variant,True,SAT symmetry harder baseline candidate pool,event_feature_attach,False,0.0,0.0,0.0
tseitin_complete,tseitin_k8_odd_perm1730,tseitin_k8_odd,perm_seed1730,10,static_weighted_glucose,0,1,1,1,/Users/cchao/EchoSAT/RLAF/runs/GNN_Glucose_3SAT_EchoSAT_SymmetryGRPO_v1_2_WC1_HardNeg_Full/iter=15.pt,glucose,enhanced,False,patched_pretrue_main,event,strong,strong_symmetry,medium,k8,main,tseitin_complete:medium,permutation_variant,True,SAT symmetry harder baseline candidate pool,adapter_inference,False,0.0,0.0,0.0
tseitin_complete,tseitin_k8_odd_perm1730,tseitin_k8_odd,perm_seed1730,10,static_weighted_glucose,0,1,1,1,/Users/cchao/EchoSAT/RLAF/runs/GNN_Glucose_3SAT_EchoSAT_SymmetryGRPO_v1_2_WC1_HardNeg_Full/iter=15.pt,glucose,enhanced,False,patched_pretrue_main,event,strong,strong_symmetry,medium,k8,main,tseitin_complete:medium,permutation_variant,True,SAT symmetry harder baseline candidate pool,final_solve,True,2.31541,2.3841754579916596,2.31541
tseitin_complete,tseitin_k8_odd_perm1730,tseitin_k8_odd,perm_seed1730,10,cached_trace_no_adapter_final,0,1,1,1,/Users/cchao/EchoSAT/RLAF/runs/GNN_Glucose_3SAT_EchoSAT_SymmetryGRPO_v1_2_WC1_HardNeg_Full/iter=15.pt,glucose,enhanced,False,patched_pretrue_main,event,strong,strong_symmetry,medium,k8,main,tseitin_complete:medium,permutation_variant,True,SAT symmetry harder baseline candidate pool,static_inference,True,8.590188026428223,8.590188026428223,0.0
tseitin_complete,tseitin_k8_odd_perm1730,tseitin_k8_odd,perm_seed1730,10,cached_trace_no_adapter_final,0,1,1,1,/Users/cchao/EchoSAT/RLAF/runs/GNN_Glucose_3SAT_EchoSAT_SymmetryGRPO_v1_2_WC1_HardNeg_Full/iter=15.pt,glucose,enhanced,False,patched_pretrue_main,event,strong,strong_symmetry,medium,k8,main,tseitin_complete:medium,permutation_variant,True,SAT symmetry harder baseline candidate pool,warmup_rollout_collect_events,True,0.001235,0.004608666989952326,0.001235
tseitin_complete,tseitin_k8_odd_perm1730,tseitin_k8_odd,perm_seed1730,10,cached_trace_no_adapter_final,0,1,1,1,/Users/cchao/EchoSAT/RLAF/runs/GNN_Glucose_3SAT_EchoSAT_SymmetryGRPO_v1_2_WC1_HardNeg_Full/iter=15.pt,glucose,enhanced,False,patched_pretrue_main,event,strong,strong_symmetry,medium,k8,main,tseitin_complete:medium,permutation_variant,True,SAT symmetry harder baseline candidate pool,event_feature_attach,True,9.3833077698946e-05,9.3833077698946e-05,0.0
tseitin_complete,tseitin_k8_odd_perm1730,tseitin_k8_odd,perm_seed1730,10,cached_trace_no_adapter_final,0,1,1,1,/Users/cchao/EchoSAT/RLAF/runs/GNN_Glucose_3SAT_EchoSAT_SymmetryGRPO_v1_2_WC1_HardNeg_Full/iter=15.pt,glucose,enhanced,False,patched_pretrue_main,event,strong,strong_symmetry,medium,k8,main,tseitin_complete:medium,permutation_variant,True,SAT symmetry harder baseline candidate pool,adapter_inference,False,0.0,0.0,0.0
tseitin_complete,tseitin_k8_odd_perm1730,tseitin_k8_odd,perm_seed1730,10,cached_trace_no_adapter_final,0,1,1,1,/Users/cchao/EchoSAT/RLAF/runs/GNN_Glucose_3SAT_EchoSAT_SymmetryGRPO_v1_2_WC1_HardNeg_Full/iter=15.pt,glucose,enhanced,False,patched_pretrue_main,event,strong,strong_symmetry,medium,k8,main,tseitin_complete:medium,permutation_variant,True,SAT symmetry harder baseline candidate pool,final_solve,True,2.31541,2.3841754579916596,2.31541
tseitin_complete,tseitin_k8_odd_perm1730,tseitin_k8_odd,perm_seed1730,10,event_adapter_final,0,1,1,1,/Users/cchao/EchoSAT/RLAF/runs/GNN_Glucose_3SAT_EchoSAT_SymmetryGRPO_v1_2_WC1_HardNeg_Full/iter=15.pt,glucose,enhanced,False,patched_pretrue_main,event,strong,strong_symmetry,medium,k8,main,tseitin_complete:medium,permutation_variant,True,SAT symmetry harder baseline candidate pool,static_inference,True,8.590188026428223,8.590188026428223,0.0
tseitin_complete,tseitin_k8_odd_perm1730,tseitin_k8_odd,perm_seed1730,10,event_adapter_final,0,1,1,1,/Users/cchao/EchoSAT/RLAF/runs/GNN_Glucose_3SAT_EchoSAT_SymmetryGRPO_v1_2_WC1_HardNeg_Full/iter=15.pt,glucose,enhanced,False,patched_pretrue_main,event,strong,strong_symmetry,medium,k8,main,tseitin_complete:medium,permutation_variant,True,SAT symmetry harder baseline candidate pool,warmup_rollout_collect_events,True,0.001235,0.004608666989952326,0.001235
tseitin_complete,tseitin_k8_odd_perm1730,tseitin_k8_odd,perm_seed1730,10,event_adapter_final,0,1,1,1,/Users/cchao/EchoSAT/RLAF/runs/GNN_Glucose_3SAT_EchoSAT_SymmetryGRPO_v1_2_WC1_HardNeg_Full/iter=15.pt,glucose,enhanced,False,patched_pretrue_main,event,strong,strong_symmetry,medium,k8,main,tseitin_complete:medium,permutation_variant,True,SAT symmetry harder baseline candidate pool,event_feature_attach,True,9.3833077698946e-05,9.3833077698946e-05,0.0
tseitin_complete,tseitin_k8_odd_perm1730,tseitin_k8_odd,perm_seed1730,10,event_adapter_final,0,1,1,1,/Users/cchao/EchoSAT/RLAF/runs/GNN_Glucose_3SAT_EchoSAT_SymmetryGRPO_v1_2_WC1_HardNeg_Full/iter=15.pt,glucose,enhanced,False,patched_pretrue_main,event,strong,strong_symmetry,medium,k8,main,tseitin_complete:medium,permutation_variant,True,SAT symmetry harder baseline candidate pool,adapter_inference,True,0.0006132125854492188,0.0006132125854492188,0.0
tseitin_complete,tseitin_k8_odd_perm1730,tseitin_k8_odd,perm_seed1730,10,event_adapter_final,0,1,1,1,/Users/cchao/EchoSAT/RLAF/runs/GNN_Glucose_3SAT_EchoSAT_SymmetryGRPO_v1_2_WC1_HardNeg_Full/iter=15.pt,glucose,enhanced,False,patched_pretrue_main,event,strong,strong_symmetry,medium,k8,main,tseitin_complete:medium,permutation_variant,True,SAT symmetry harder baseline candidate pool,final_solve,True,0.848404,0.8625167079735547,0.848404
tseitin_complete,tseitin_k8_odd_perm1731,tseitin_k8_odd,perm_seed1731,11,plain_unguided_glucose,0,1,1,1,/Users/cchao/EchoSAT/RLAF/runs/GNN_Glucose_3SAT_EchoSAT_SymmetryGRPO_v1_2_WC1_HardNeg_Full/iter=15.pt,glucose,enhanced,False,patched_pretrue_main,event,strong,strong_symmetry,medium,k8,main,tseitin_complete:medium,permutation_variant,True,SAT symmetry harder baseline candidate pool,static_inference,False,0.0,0.0,0.0
tseitin_complete,tseitin_k8_odd_perm1731,tseitin_k8_odd,perm_seed1731,11,plain_unguided_glucose,0,1,1,1,/Users/cchao/EchoSAT/RLAF/runs/GNN_Glucose_3SAT_EchoSAT_SymmetryGRPO_v1_2_WC1_HardNeg_Full/iter=15.pt,glucose,enhanced,False,patched_pretrue_main,event,strong,strong_symmetry,medium,k8,main,tseitin_complete:medium,permutation_variant,True,SAT symmetry harder baseline candidate pool,warmup_rollout_collect_events,False,0.0,0.0,0.0
tseitin_complete,tseitin_k8_odd_perm1731,tseitin_k8_odd,perm_seed1731,11,plain_unguided_glucose,0,1,1,1,/Users/cchao/EchoSAT/RLAF/runs/GNN_Glucose_3SAT_EchoSAT_SymmetryGRPO_v1_2_WC1_HardNeg_Full/iter=15.pt,glucose,enhanced,False,patched_pretrue_main,event,strong,strong_symmetry,medium,k8,main,tseitin_complete:medium,permutation_variant,True,SAT symmetry harder baseline candidate pool,event_feature_attach,False,0.0,0.0,0.0
tseitin_complete,tseitin_k8_odd_perm1731,tseitin_k8_odd,perm_seed1731,11,plain_unguided_glucose,0,1,1,1,/Users/cchao/EchoSAT/RLAF/runs/GNN_Glucose_3SAT_EchoSAT_SymmetryGRPO_v1_2_WC1_HardNeg_Full/iter=15.pt,glucose,enhanced,False,patched_pretrue_main,event,strong,strong_symmetry,medium,k8,main,tseitin_complete:medium,permutation_variant,True,SAT symmetry harder baseline candidate pool,adapter_inference,False,0.0,0.0,0.0
tseitin_complete,tseitin_k8_odd_perm1731,tseitin_k8_odd,perm_seed1731,11,plain_unguided_glucose,0,1,1,1,/Users/cchao/EchoSAT/RLAF/runs/GNN_Glucose_3SAT_EchoSAT_SymmetryGRPO_v1_2_WC1_HardNeg_Full/iter=15.pt,glucose,enhanced,False,patched_pretrue_main,event,strong,strong_symmetry,medium,k8,main,tseitin_complete:medium,permutation_variant,True,SAT symmetry harder baseline candidate pool,final_solve,True,2.8236,2.8692930000834167,2.8236
tseitin_complete,tseitin_k8_odd_perm1731,tseitin_k8_odd,perm_seed1731,11,neutral_weighted_glucose,0,1,1,1,/Users/cchao/EchoSAT/RLAF/runs/GNN_Glucose_3SAT_EchoSAT_SymmetryGRPO_v1_2_WC1_HardNeg_Full/iter=15.pt,glucose,enhanced,False,patched_pretrue_main,event,strong,strong_symmetry,medium,k8,main,tseitin_complete:medium,permutation_variant,True,SAT symmetry harder baseline candidate pool,static_inference,False,0.0,0.0,0.0
tseitin_complete,tseitin_k8_odd_perm1731,tseitin_k8_odd,perm_seed1731,11,neutral_weighted_glucose,0,1,1,1,/Users/cchao/EchoSAT/RLAF/runs/GNN_Glucose_3SAT_EchoSAT_SymmetryGRPO_v1_2_WC1_HardNeg_Full/iter=15.pt,glucose,enhanced,False,patched_pretrue_main,event,strong,strong_symmetry,medium,k8,main,tseitin_complete:medium,permutation_variant,True,SAT symmetry harder baseline candidate pool,warmup_rollout_collect_events,False,0.0,0.0,0.0
tseitin_complete,tseitin_k8_odd_perm1731,tseitin_k8_odd,perm_seed1731,11,neutral_weighted_glucose,0,1,1,1,/Users/cchao/EchoSAT/RLAF/runs/GNN_Glucose_3SAT_EchoSAT_SymmetryGRPO_v1_2_WC1_HardNeg_Full/iter=15.pt,glucose,enhanced,False,patched_pretrue_main,event,strong,strong_symmetry,medium,k8,main,tseitin_complete:medium,permutation_variant,True,SAT symmetry harder baseline candidate pool,event_feature_attach,False,0.0,0.0,0.0
tseitin_complete,tseitin_k8_odd_perm1731,tseitin_k8_odd,perm_seed1731,11,neutral_weighted_glucose,0,1,1,1,/Users/cchao/EchoSAT/RLAF/runs/GNN_Glucose_3SAT_EchoSAT_SymmetryGRPO_v1_2_WC1_HardNeg_Full/iter=15.pt,glucose,enhanced,False,patched_pretrue_main,event,strong,strong_symmetry,medium,k8,main,tseitin_complete:medium,permutation_variant,True,SAT symmetry harder baseline candidate pool,adapter_inference,False,0.0,0.0,0.0
tseitin_complete,tseitin_k8_odd_perm1731,tseitin_k8_odd,perm_seed1731,11,neutral_weighted_glucose,0,1,1,1,/Users/cchao/EchoSAT/RLAF/runs/GNN_Glucose_3SAT_EchoSAT_SymmetryGRPO_v1_2_WC1_HardNeg_Full/iter=15.pt,glucose,enhanced,False,patched_pretrue_main,event,strong,strong_symmetry,medium,k8,main,tseitin_complete:medium,permutation_variant,True,SAT symmetry harder baseline candidate pool,final_solve,True,3.03719,3.096139458939433,3.03719
tseitin_complete,tseitin_k8_odd_perm1731,tseitin_k8_odd,perm_seed1731,11,static_weighted_glucose,0,1,1,1,/Users/cchao/EchoSAT/RLAF/runs/GNN_Glucose_3SAT_EchoSAT_SymmetryGRPO_v1_2_WC1_HardNeg_Full/iter=15.pt,glucose,enhanced,False,patched_pretrue_main,event,strong,strong_symmetry,medium,k8,main,tseitin_complete:medium,permutation_variant,True,SAT symmetry harder baseline candidate pool,static_inference,True,8.590188026428223,8.590188026428223,0.0
tseitin_complete,tseitin_k8_odd_perm1731,tseitin_k8_odd,perm_seed1731,11,static_weighted_glucose,0,1,1,1,/Users/cchao/EchoSAT/RLAF/runs/GNN_Glucose_3SAT_EchoSAT_SymmetryGRPO_v1_2_WC1_HardNeg_Full/iter=15.pt,glucose,enhanced,False,patched_pretrue_main,event,strong,strong_symmetry,medium,k8,main,tseitin_complete:medium,permutation_variant,True,SAT symmetry harder baseline candidate pool,warmup_rollout_collect_events,False,0.0,0.0,0.0
tseitin_complete,tseitin_k8_odd_perm1731,tseitin_k8_odd,perm_seed1731,11,static_weighted_glucose,0,1,1,1,/Users/cchao/EchoSAT/RLAF/runs/GNN_Glucose_3SAT_EchoSAT_SymmetryGRPO_v1_2_WC1_HardNeg_Full/iter=15.pt,glucose,enhanced,False,patched_pretrue_main,event,strong,strong_symmetry,medium,k8,main,tseitin_complete:medium,permutation_variant,True,SAT symmetry harder baseline candidate pool,event_feature_attach,False,0.0,0.0,0.0
tseitin_complete,tseitin_k8_odd_perm1731,tseitin_k8_odd,perm_seed1731,11,static_weighted_glucose,0,1,1,1,/Users/cchao/EchoSAT/RLAF/runs/GNN_Glucose_3SAT_EchoSAT_SymmetryGRPO_v1_2_WC1_HardNeg_Full/iter=15.pt,glucose,enhanced,False,patched_pretrue_main,event,strong,strong_symmetry,medium,k8,main,tseitin_complete:medium,permutation_variant,True,SAT symmetry harder baseline candidate pool,adapter_inference,False,0.0,0.0,0.0
tseitin_complete,tseitin_k8_odd_perm1731,tseitin_k8_odd,perm_seed1731,11,static_weighted_glucose,0,1,1,1,/Users/cchao/EchoSAT/RLAF/runs/GNN_Glucose_3SAT_EchoSAT_SymmetryGRPO_v1_2_WC1_HardNeg_Full/iter=15.pt,glucose,enhanced,False,patched_pretrue_main,event,strong,strong_symmetry,medium,k8,main,tseitin_complete:medium,permutation_variant,True,SAT symmetry harder baseline candidate pool,final_solve,True,2.95561,3.0350320839788765,2.95561
tseitin_complete,tseitin_k8_odd_perm1731,tseitin_k8_odd,perm_seed1731,11,cached_trace_no_adapter_final,0,1,1,1,/Users/cchao/EchoSAT/RLAF/runs/GNN_Glucose_3SAT_EchoSAT_SymmetryGRPO_v1_2_WC1_HardNeg_Full/iter=15.pt,glucose,enhanced,False,patched_pretrue_main,event,strong,strong_symmetry,medium,k8,main,tseitin_complete:medium,permutation_variant,True,SAT symmetry harder baseline candidate pool,static_inference,True,8.590188026428223,8.590188026428223,0.0
tseitin_complete,tseitin_k8_odd_perm1731,tseitin_k8_odd,perm_seed1731,11,cached_trace_no_adapter_final,0,1,1,1,/Users/cchao/EchoSAT/RLAF/runs/GNN_Glucose_3SAT_EchoSAT_SymmetryGRPO_v1_2_WC1_HardNeg_Full/iter=15.pt,glucose,enhanced,False,patched_pretrue_main,event,strong,strong_symmetry,medium,k8,main,tseitin_complete:medium,permutation_variant,True,SAT symmetry harder baseline candidate pool,warmup_rollout_collect_events,True,0.001299,0.004716374911367893,0.001299
tseitin_complete,tseitin_k8_odd_perm1731,tseitin_k8_odd,perm_seed1731,11,cached_trace_no_adapter_final,0,1,1,1,/Users/cchao/EchoSAT/RLAF/runs/GNN_Glucose_3SAT_EchoSAT_SymmetryGRPO_v1_2_WC1_HardNeg_Full/iter=15.pt,glucose,enhanced,False,patched_pretrue_main,event,strong,strong_symmetry,medium,k8,main,tseitin_complete:medium,permutation_variant,True,SAT symmetry harder baseline candidate pool,event_feature_attach,True,9.491702076047659e-05,9.491702076047659e-05,0.0
tseitin_complete,tseitin_k8_odd_perm1731,tseitin_k8_odd,perm_seed1731,11,cached_trace_no_adapter_final,0,1,1,1,/Users/cchao/EchoSAT/RLAF/runs/GNN_Glucose_3SAT_EchoSAT_SymmetryGRPO_v1_2_WC1_HardNeg_Full/iter=15.pt,glucose,enhanced,False,patched_pretrue_main,event,strong,strong_symmetry,medium,k8,main,tseitin_complete:medium,permutation_variant,True,SAT symmetry harder baseline candidate pool,adapter_inference,False,0.0,0.0,0.0
tseitin_complete,tseitin_k8_odd_perm1731,tseitin_k8_odd,perm_seed1731,11,cached_trace_no_adapter_final,0,1,1,1,/Users/cchao/EchoSAT/RLAF/runs/GNN_Glucose_3SAT_EchoSAT_SymmetryGRPO_v1_2_WC1_HardNeg_Full/iter=15.pt,glucose,enhanced,False,patched_pretrue_main,event,strong,strong_symmetry,medium,k8,main,tseitin_complete:medium,permutation_variant,True,SAT symmetry harder baseline candidate pool,final_solve,True,2.95561,3.0350320839788765,2.95561
tseitin_complete,tseitin_k8_odd_perm1731,tseitin_k8_odd,perm_seed1731,11,event_adapter_final,0,1,1,1,/Users/cchao/EchoSAT/RLAF/runs/GNN_Glucose_3SAT_EchoSAT_SymmetryGRPO_v1_2_WC1_HardNeg_Full/iter=15.pt,glucose,enhanced,False,patched_pretrue_main,event,strong,strong_symmetry,medium,k8,main,tseitin_complete:medium,permutation_variant,True,SAT symmetry harder baseline candidate pool,static_inference,True,8.590188026428223,8.590188026428223,0.0
tseitin_complete,tseitin_k8_odd_perm1731,tseitin_k8_odd,perm_seed1731,11,event_adapter_final,0,1,1,1,/Users/cchao/EchoSAT/RLAF/runs/GNN_Glucose_3SAT_EchoSAT_SymmetryGRPO_v1_2_WC1_HardNeg_Full/iter=15.pt,glucose,enhanced,False,patched_pretrue_main,event,strong,strong_symmetry,medium,k8,main,tseitin_complete:medium,permutation_variant,True,SAT symmetry harder baseline candidate pool,warmup_rollout_collect_events,True,0.001299,0.004716374911367893,0.001299
tseitin_complete,tseitin_k8_odd_perm1731,tseitin_k8_odd,perm_seed1731,11,event_adapter_final,0,1,1,1,/Users/cchao/EchoSAT/RLAF/runs/GNN_Glucose_3SAT_EchoSAT_SymmetryGRPO_v1_2_WC1_HardNeg_Full/iter=15.pt,glucose,enhanced,False,patched_pretrue_main,event,strong,strong_symmetry,medium,k8,main,tseitin_complete:medium,permutation_variant,True,SAT symmetry harder baseline candidate pool,event_feature_attach,True,9.491702076047659e-05,9.491702076047659e-05,0.0
tseitin_complete,tseitin_k8_odd_perm1731,tseitin_k8_odd,perm_seed1731,11,event_adapter_final,0,1,1,1,/Users/cchao/EchoSAT/RLAF/runs/GNN_Glucose_3SAT_EchoSAT_SymmetryGRPO_v1_2_WC1_HardNeg_Full/iter=15.pt,glucose,enhanced,False,patched_pretrue_main,event,strong,strong_symmetry,medium,k8,main,tseitin_complete:medium,permutation_variant,True,SAT symmetry harder baseline candidate pool,adapter_inference,True,0.0006132125854492188,0.0006132125854492188,0.0
tseitin_complete,tseitin_k8_odd_perm1731,tseitin_k8_odd,perm_seed1731,11,event_adapter_final,0,1,1,1,/Users/cchao/EchoSAT/RLAF/runs/GNN_Glucose_3SAT_EchoSAT_SymmetryGRPO_v1_2_WC1_HardNeg_Full/iter=15.pt,glucose,enhanced,False,patched_pretrue_main,event,strong,strong_symmetry,medium,k8,main,tseitin_complete:medium,permutation_variant,True,SAT symmetry harder baseline candidate pool,final_solve,True,2.4425,2.490978040965274,2.4425
vertex_cover_torus,vertex_cover_torus_4x5_k8_event,vertex_cover_torus_4x5_k8_event,base,12,plain_unguided_glucose,0,1,1,1,/Users/cchao/EchoSAT/RLAF/runs/GNN_Glucose_3SAT_EchoSAT_SymmetryGRPO_v1_2_WC1_HardNeg_Full/iter=15.pt,glucose,enhanced,False,patched_pretrue_main,event,strong,strong_symmetry,stress,4x5,main,vertex_cover_torus:stress,base,False,SAT symmetry harder baseline candidate pool,static_inference,False,0.0,0.0,0.0
vertex_cover_torus,vertex_cover_torus_4x5_k8_event,vertex_cover_torus_4x5_k8_event,base,12,plain_unguided_glucose,0,1,1,1,/Users/cchao/EchoSAT/RLAF/runs/GNN_Glucose_3SAT_EchoSAT_SymmetryGRPO_v1_2_WC1_HardNeg_Full/iter=15.pt,glucose,enhanced,False,patched_pretrue_main,event,strong,strong_symmetry,stress,4x5,main,vertex_cover_torus:stress,base,False,SAT symmetry harder baseline candidate pool,warmup_rollout_collect_events,False,0.0,0.0,0.0
vertex_cover_torus,vertex_cover_torus_4x5_k8_event,vertex_cover_torus_4x5_k8_event,base,12,plain_unguided_glucose,0,1,1,1,/Users/cchao/EchoSAT/RLAF/runs/GNN_Glucose_3SAT_EchoSAT_SymmetryGRPO_v1_2_WC1_HardNeg_Full/iter=15.pt,glucose,enhanced,False,patched_pretrue_main,event,strong,strong_symmetry,stress,4x5,main,vertex_cover_torus:stress,base,False,SAT symmetry harder baseline candidate pool,event_feature_attach,False,0.0,0.0,0.0
vertex_cover_torus,vertex_cover_torus_4x5_k8_event,vertex_cover_torus_4x5_k8_event,base,12,plain_unguided_glucose,0,1,1,1,/Users/cchao/EchoSAT/RLAF/runs/GNN_Glucose_3SAT_EchoSAT_SymmetryGRPO_v1_2_WC1_HardNeg_Full/iter=15.pt,glucose,enhanced,False,patched_pretrue_main,event,strong,strong_symmetry,stress,4x5,main,vertex_cover_torus:stress,base,False,SAT symmetry harder baseline candidate pool,adapter_inference,False,0.0,0.0,0.0
vertex_cover_torus,vertex_cover_torus_4x5_k8_event,vertex_cover_torus_4x5_k8_event,base,12,plain_unguided_glucose,0,1,1,1,/Users/cchao/EchoSAT/RLAF/runs/GNN_Glucose_3SAT_EchoSAT_SymmetryGRPO_v1_2_WC1_HardNeg_Full/iter=15.pt,glucose,enhanced,False,patched_pretrue_main,event,strong,strong_symmetry,stress,4x5,main,vertex_cover_torus:stress,base,False,SAT symmetry harder baseline candidate pool,final_solve,True,9.95798,10.259611750021577,9.95798
vertex_cover_torus,vertex_cover_torus_4x5_k8_event,vertex_cover_torus_4x5_k8_event,base,12,neutral_weighted_glucose,0,1,1,1,/Users/cchao/EchoSAT/RLAF/runs/GNN_Glucose_3SAT_EchoSAT_SymmetryGRPO_v1_2_WC1_HardNeg_Full/iter=15.pt,glucose,enhanced,False,patched_pretrue_main,event,strong,strong_symmetry,stress,4x5,main,vertex_cover_torus:stress,base,False,SAT symmetry harder baseline candidate pool,static_inference,False,0.0,0.0,0.0
vertex_cover_torus,vertex_cover_torus_4x5_k8_event,vertex_cover_torus_4x5_k8_event,base,12,neutral_weighted_glucose,0,1,1,1,/Users/cchao/EchoSAT/RLAF/runs/GNN_Glucose_3SAT_EchoSAT_SymmetryGRPO_v1_2_WC1_HardNeg_Full/iter=15.pt,glucose,enhanced,False,patched_pretrue_main,event,strong,strong_symmetry,stress,4x5,main,vertex_cover_torus:stress,base,False,SAT symmetry harder baseline candidate pool,warmup_rollout_collect_events,False,0.0,0.0,0.0
vertex_cover_torus,vertex_cover_torus_4x5_k8_event,vertex_cover_torus_4x5_k8_event,base,12,neutral_weighted_glucose,0,1,1,1,/Users/cchao/EchoSAT/RLAF/runs/GNN_Glucose_3SAT_EchoSAT_SymmetryGRPO_v1_2_WC1_HardNeg_Full/iter=15.pt,glucose,enhanced,False,patched_pretrue_main,event,strong,strong_symmetry,stress,4x5,main,vertex_cover_torus:stress,base,False,SAT symmetry harder baseline candidate pool,event_feature_attach,False,0.0,0.0,0.0
vertex_cover_torus,vertex_cover_torus_4x5_k8_event,vertex_cover_torus_4x5_k8_event,base,12,neutral_weighted_glucose,0,1,1,1,/Users/cchao/EchoSAT/RLAF/runs/GNN_Glucose_3SAT_EchoSAT_SymmetryGRPO_v1_2_WC1_HardNeg_Full/iter=15.pt,glucose,enhanced,False,patched_pretrue_main,event,strong,strong_symmetry,stress,4x5,main,vertex_cover_torus:stress,base,False,SAT symmetry harder baseline candidate pool,adapter_inference,False,0.0,0.0,0.0
vertex_cover_torus,vertex_cover_torus_4x5_k8_event,vertex_cover_torus_4x5_k8_event,base,12,neutral_weighted_glucose,0,1,1,1,/Users/cchao/EchoSAT/RLAF/runs/GNN_Glucose_3SAT_EchoSAT_SymmetryGRPO_v1_2_WC1_HardNeg_Full/iter=15.pt,glucose,enhanced,False,patched_pretrue_main,event,strong,strong_symmetry,stress,4x5,main,vertex_cover_torus:stress,base,False,SAT symmetry harder baseline candidate pool,final_solve,True,9.94803,10.224981792038307,9.94803
vertex_cover_torus,vertex_cover_torus_4x5_k8_event,vertex_cover_torus_4x5_k8_event,base,12,static_weighted_glucose,0,1,1,1,/Users/cchao/EchoSAT/RLAF/runs/GNN_Glucose_3SAT_EchoSAT_SymmetryGRPO_v1_2_WC1_HardNeg_Full/iter=15.pt,glucose,enhanced,False,patched_pretrue_main,event,strong,strong_symmetry,stress,4x5,main,vertex_cover_torus:stress,base,False,SAT symmetry harder baseline candidate pool,static_inference,True,8.590188026428223,8.590188026428223,0.0
vertex_cover_torus,vertex_cover_torus_4x5_k8_event,vertex_cover_torus_4x5_k8_event,base,12,static_weighted_glucose,0,1,1,1,/Users/cchao/EchoSAT/RLAF/runs/GNN_Glucose_3SAT_EchoSAT_SymmetryGRPO_v1_2_WC1_HardNeg_Full/iter=15.pt,glucose,enhanced,False,patched_pretrue_main,event,strong,strong_symmetry,stress,4x5,main,vertex_cover_torus:stress,base,False,SAT symmetry harder baseline candidate pool,warmup_rollout_collect_events,False,0.0,0.0,0.0
vertex_cover_torus,vertex_cover_torus_4x5_k8_event,vertex_cover_torus_4x5_k8_event,base,12,static_weighted_glucose,0,1,1,1,/Users/cchao/EchoSAT/RLAF/runs/GNN_Glucose_3SAT_EchoSAT_SymmetryGRPO_v1_2_WC1_HardNeg_Full/iter=15.pt,glucose,enhanced,False,patched_pretrue_main,event,strong,strong_symmetry,stress,4x5,main,vertex_cover_torus:stress,base,False,SAT symmetry harder baseline candidate pool,event_feature_attach,False,0.0,0.0,0.0
vertex_cover_torus,vertex_cover_torus_4x5_k8_event,vertex_cover_torus_4x5_k8_event,base,12,static_weighted_glucose,0,1,1,1,/Users/cchao/EchoSAT/RLAF/runs/GNN_Glucose_3SAT_EchoSAT_SymmetryGRPO_v1_2_WC1_HardNeg_Full/iter=15.pt,glucose,enhanced,False,patched_pretrue_main,event,strong,strong_symmetry,stress,4x5,main,vertex_cover_torus:stress,base,False,SAT symmetry harder baseline candidate pool,adapter_inference,False,0.0,0.0,0.0
vertex_cover_torus,vertex_cover_torus_4x5_k8_event,vertex_cover_torus_4x5_k8_event,base,12,static_weighted_glucose,0,1,1,1,/Users/cchao/EchoSAT/RLAF/runs/GNN_Glucose_3SAT_EchoSAT_SymmetryGRPO_v1_2_WC1_HardNeg_Full/iter=15.pt,glucose,enhanced,False,patched_pretrue_main,event,strong,strong_symmetry,stress,4x5,main,vertex_cover_torus:stress,base,False,SAT symmetry harder baseline candidate pool,final_solve,True,9.95277,10.25129679206293,9.95277
vertex_cover_torus,vertex_cover_torus_4x5_k8_event,vertex_cover_torus_4x5_k8_event,base,12,cached_trace_no_adapter_final,0,1,1,1,/Users/cchao/EchoSAT/RLAF/runs/GNN_Glucose_3SAT_EchoSAT_SymmetryGRPO_v1_2_WC1_HardNeg_Full/iter=15.pt,glucose,enhanced,False,patched_pretrue_main,event,strong,strong_symmetry,stress,4x5,main,vertex_cover_torus:stress,base,False,SAT symmetry harder baseline candidate pool,static_inference,True,8.590188026428223,8.590188026428223,0.0
vertex_cover_torus,vertex_cover_torus_4x5_k8_event,vertex_cover_torus_4x5_k8_event,base,12,cached_trace_no_adapter_final,0,1,1,1,/Users/cchao/EchoSAT/RLAF/runs/GNN_Glucose_3SAT_EchoSAT_SymmetryGRPO_v1_2_WC1_HardNeg_Full/iter=15.pt,glucose,enhanced,False,patched_pretrue_main,event,strong,strong_symmetry,stress,4x5,main,vertex_cover_torus:stress,base,False,SAT symmetry harder baseline candidate pool,warmup_rollout_collect_events,True,4.98164,5.169609374948777,4.98164
vertex_cover_torus,vertex_cover_torus_4x5_k8_event,vertex_cover_torus_4x5_k8_event,base,12,cached_trace_no_adapter_final,0,1,1,1,/Users/cchao/EchoSAT/RLAF/runs/GNN_Glucose_3SAT_EchoSAT_SymmetryGRPO_v1_2_WC1_HardNeg_Full/iter=15.pt,glucose,enhanced,False,patched_pretrue_main,event,strong,strong_symmetry,stress,4x5,main,vertex_cover_torus:stress,base,False,SAT symmetry harder baseline candidate pool,event_feature_attach,True,9.495799895375967e-05,9.495799895375967e-05,0.0
vertex_cover_torus,vertex_cover_torus_4x5_k8_event,vertex_cover_torus_4x5_k8_event,base,12,cached_trace_no_adapter_final,0,1,1,1,/Users/cchao/EchoSAT/RLAF/runs/GNN_Glucose_3SAT_EchoSAT_SymmetryGRPO_v1_2_WC1_HardNeg_Full/iter=15.pt,glucose,enhanced,False,patched_pretrue_main,event,strong,strong_symmetry,stress,4x5,main,vertex_cover_torus:stress,base,False,SAT symmetry harder baseline candidate pool,adapter_inference,False,0.0,0.0,0.0
vertex_cover_torus,vertex_cover_torus_4x5_k8_event,vertex_cover_torus_4x5_k8_event,base,12,cached_trace_no_adapter_final,0,1,1,1,/Users/cchao/EchoSAT/RLAF/runs/GNN_Glucose_3SAT_EchoSAT_SymmetryGRPO_v1_2_WC1_HardNeg_Full/iter=15.pt,glucose,enhanced,False,patched_pretrue_main,event,strong,strong_symmetry,stress,4x5,main,vertex_cover_torus:stress,base,False,SAT symmetry harder baseline candidate pool,final_solve,True,9.95277,10.25129679206293,9.95277
vertex_cover_torus,vertex_cover_torus_4x5_k8_event,vertex_cover_torus_4x5_k8_event,base,12,event_adapter_final,0,1,1,1,/Users/cchao/EchoSAT/RLAF/runs/GNN_Glucose_3SAT_EchoSAT_SymmetryGRPO_v1_2_WC1_HardNeg_Full/iter=15.pt,glucose,enhanced,False,patched_pretrue_main,event,strong,strong_symmetry,stress,4x5,main,vertex_cover_torus:stress,base,False,SAT symmetry harder baseline candidate pool,static_inference,True,8.590188026428223,8.590188026428223,0.0
vertex_cover_torus,vertex_cover_torus_4x5_k8_event,vertex_cover_torus_4x5_k8_event,base,12,event_adapter_final,0,1,1,1,/Users/cchao/EchoSAT/RLAF/runs/GNN_Glucose_3SAT_EchoSAT_SymmetryGRPO_v1_2_WC1_HardNeg_Full/iter=15.pt,glucose,enhanced,False,patched_pretrue_main,event,strong,strong_symmetry,stress,4x5,main,vertex_cover_torus:stress,base,False,SAT symmetry harder baseline candidate pool,warmup_rollout_collect_events,True,4.98164,5.169609374948777,4.98164
vertex_cover_torus,vertex_cover_torus_4x5_k8_event,vertex_cover_torus_4x5_k8_event,base,12,event_adapter_final,0,1,1,1,/Users/cchao/EchoSAT/RLAF/runs/GNN_Glucose_3SAT_EchoSAT_SymmetryGRPO_v1_2_WC1_HardNeg_Full/iter=15.pt,glucose,enhanced,False,patched_pretrue_main,event,strong,strong_symmetry,stress,4x5,main,vertex_cover_torus:stress,base,False,SAT symmetry harder baseline candidate pool,event_feature_attach,True,9.495799895375967e-05,9.495799895375967e-05,0.0
vertex_cover_torus,vertex_cover_torus_4x5_k8_event,vertex_cover_torus_4x5_k8_event,base,12,event_adapter_final,0,1,1,1,/Users/cchao/EchoSAT/RLAF/runs/GNN_Glucose_3SAT_EchoSAT_SymmetryGRPO_v1_2_WC1_HardNeg_Full/iter=15.pt,glucose,enhanced,False,patched_pretrue_main,event,strong,strong_symmetry,stress,4x5,main,vertex_cover_torus:stress,base,False,SAT symmetry harder baseline candidate pool,adapter_inference,True,0.0006132125854492188,0.0006132125854492188,0.0
vertex_cover_torus,vertex_cover_torus_4x5_k8_event,vertex_cover_torus_4x5_k8_event,base,12,event_adapter_final,0,1,1,1,/Users/cchao/EchoSAT/RLAF/runs/GNN_Glucose_3SAT_EchoSAT_SymmetryGRPO_v1_2_WC1_HardNeg_Full/iter=15.pt,glucose,enhanced,False,patched_pretrue_main,event,strong,strong_symmetry,stress,4x5,main,vertex_cover_torus:stress,base,False,SAT symmetry harder baseline candidate pool,final_solve,True,9.95219,10.213266749982722,9.95219
vertex_cover_torus,vertex_cover_torus_4x5_k8_event_perm1730,vertex_cover_torus_4x5_k8_event,perm_seed1730,13,plain_unguided_glucose,0,1,1,1,/Users/cchao/EchoSAT/RLAF/runs/GNN_Glucose_3SAT_EchoSAT_SymmetryGRPO_v1_2_WC1_HardNeg_Full/iter=15.pt,glucose,enhanced,False,patched_pretrue_main,event,strong,strong_symmetry,stress,4x5,main,vertex_cover_torus:stress,permutation_variant,True,SAT symmetry harder baseline candidate pool,static_inference,False,0.0,0.0,0.0
vertex_cover_torus,vertex_cover_torus_4x5_k8_event_perm1730,vertex_cover_torus_4x5_k8_event,perm_seed1730,13,plain_unguided_glucose,0,1,1,1,/Users/cchao/EchoSAT/RLAF/runs/GNN_Glucose_3SAT_EchoSAT_SymmetryGRPO_v1_2_WC1_HardNeg_Full/iter=15.pt,glucose,enhanced,False,patched_pretrue_main,event,strong,strong_symmetry,stress,4x5,main,vertex_cover_torus:stress,permutation_variant,True,SAT symmetry harder baseline candidate pool,warmup_rollout_collect_events,False,0.0,0.0,0.0
vertex_cover_torus,vertex_cover_torus_4x5_k8_event_perm1730,vertex_cover_torus_4x5_k8_event,perm_seed1730,13,plain_unguided_glucose,0,1,1,1,/Users/cchao/EchoSAT/RLAF/runs/GNN_Glucose_3SAT_EchoSAT_SymmetryGRPO_v1_2_WC1_HardNeg_Full/iter=15.pt,glucose,enhanced,False,patched_pretrue_main,event,strong,strong_symmetry,stress,4x5,main,vertex_cover_torus:stress,permutation_variant,True,SAT symmetry harder baseline candidate pool,event_feature_attach,False,0.0,0.0,0.0
vertex_cover_torus,vertex_cover_torus_4x5_k8_event_perm1730,vertex_cover_torus_4x5_k8_event,perm_seed1730,13,plain_unguided_glucose,0,1,1,1,/Users/cchao/EchoSAT/RLAF/runs/GNN_Glucose_3SAT_EchoSAT_SymmetryGRPO_v1_2_WC1_HardNeg_Full/iter=15.pt,glucose,enhanced,False,patched_pretrue_main,event,strong,strong_symmetry,stress,4x5,main,vertex_cover_torus:stress,permutation_variant,True,SAT symmetry harder baseline candidate pool,adapter_inference,False,0.0,0.0,0.0
vertex_cover_torus,vertex_cover_torus_4x5_k8_event_perm1730,vertex_cover_torus_4x5_k8_event,perm_seed1730,13,plain_unguided_glucose,0,1,1,1,/Users/cchao/EchoSAT/RLAF/runs/GNN_Glucose_3SAT_EchoSAT_SymmetryGRPO_v1_2_WC1_HardNeg_Full/iter=15.pt,glucose,enhanced,False,patched_pretrue_main,event,strong,strong_symmetry,stress,4x5,main,vertex_cover_torus:stress,permutation_variant,True,SAT symmetry harder baseline candidate pool,final_solve,True,9.95208,10.257797707919963,9.95208
vertex_cover_torus,vertex_cover_torus_4x5_k8_event_perm1730,vertex_cover_torus_4x5_k8_event,perm_seed1730,13,neutral_weighted_glucose,0,1,1,1,/Users/cchao/EchoSAT/RLAF/runs/GNN_Glucose_3SAT_EchoSAT_SymmetryGRPO_v1_2_WC1_HardNeg_Full/iter=15.pt,glucose,enhanced,False,patched_pretrue_main,event,strong,strong_symmetry,stress,4x5,main,vertex_cover_torus:stress,permutation_variant,True,SAT symmetry harder baseline candidate pool,static_inference,False,0.0,0.0,0.0
vertex_cover_torus,vertex_cover_torus_4x5_k8_event_perm1730,vertex_cover_torus_4x5_k8_event,perm_seed1730,13,neutral_weighted_glucose,0,1,1,1,/Users/cchao/EchoSAT/RLAF/runs/GNN_Glucose_3SAT_EchoSAT_SymmetryGRPO_v1_2_WC1_HardNeg_Full/iter=15.pt,glucose,enhanced,False,patched_pretrue_main,event,strong,strong_symmetry,stress,4x5,main,vertex_cover_torus:stress,permutation_variant,True,SAT symmetry harder baseline candidate pool,warmup_rollout_collect_events,False,0.0,0.0,0.0
vertex_cover_torus,vertex_cover_torus_4x5_k8_event_perm1730,vertex_cover_torus_4x5_k8_event,perm_seed1730,13,neutral_weighted_glucose,0,1,1,1,/Users/cchao/EchoSAT/RLAF/runs/GNN_Glucose_3SAT_EchoSAT_SymmetryGRPO_v1_2_WC1_HardNeg_Full/iter=15.pt,glucose,enhanced,False,patched_pretrue_main,event,strong,strong_symmetry,stress,4x5,main,vertex_cover_torus:stress,permutation_variant,True,SAT symmetry harder baseline candidate pool,event_feature_attach,False,0.0,0.0,0.0
vertex_cover_torus,vertex_cover_torus_4x5_k8_event_perm1730,vertex_cover_torus_4x5_k8_event,perm_seed1730,13,neutral_weighted_glucose,0,1,1,1,/Users/cchao/EchoSAT/RLAF/runs/GNN_Glucose_3SAT_EchoSAT_SymmetryGRPO_v1_2_WC1_HardNeg_Full/iter=15.pt,glucose,enhanced,False,patched_pretrue_main,event,strong,strong_symmetry,stress,4x5,main,vertex_cover_torus:stress,permutation_variant,True,SAT symmetry harder baseline candidate pool,adapter_inference,False,0.0,0.0,0.0
vertex_cover_torus,vertex_cover_torus_4x5_k8_event_perm1730,vertex_cover_torus_4x5_k8_event,perm_seed1730,13,neutral_weighted_glucose,0,1,1,1,/Users/cchao/EchoSAT/RLAF/runs/GNN_Glucose_3SAT_EchoSAT_SymmetryGRPO_v1_2_WC1_HardNeg_Full/iter=15.pt,glucose,enhanced,False,patched_pretrue_main,event,strong,strong_symmetry,stress,4x5,main,vertex_cover_torus:stress,permutation_variant,True,SAT symmetry harder baseline candidate pool,final_solve,True,9.9487,10.215619707945734,9.9487
vertex_cover_torus,vertex_cover_torus_4x5_k8_event_perm1730,vertex_cover_torus_4x5_k8_event,perm_seed1730,13,static_weighted_glucose,0,1,1,1,/Users/cchao/EchoSAT/RLAF/runs/GNN_Glucose_3SAT_EchoSAT_SymmetryGRPO_v1_2_WC1_HardNeg_Full/iter=15.pt,glucose,enhanced,False,patched_pretrue_main,event,strong,strong_symmetry,stress,4x5,main,vertex_cover_torus:stress,permutation_variant,True,SAT symmetry harder baseline candidate pool,static_inference,True,8.590188026428223,8.590188026428223,0.0
vertex_cover_torus,vertex_cover_torus_4x5_k8_event_perm1730,vertex_cover_torus_4x5_k8_event,perm_seed1730,13,static_weighted_glucose,0,1,1,1,/Users/cchao/EchoSAT/RLAF/runs/GNN_Glucose_3SAT_EchoSAT_SymmetryGRPO_v1_2_WC1_HardNeg_Full/iter=15.pt,glucose,enhanced,False,patched_pretrue_main,event,strong,strong_symmetry,stress,4x5,main,vertex_cover_torus:stress,permutation_variant,True,SAT symmetry harder baseline candidate pool,warmup_rollout_collect_events,False,0.0,0.0,0.0
vertex_cover_torus,vertex_cover_torus_4x5_k8_event_perm1730,vertex_cover_torus_4x5_k8_event,perm_seed1730,13,static_weighted_glucose,0,1,1,1,/Users/cchao/EchoSAT/RLAF/runs/GNN_Glucose_3SAT_EchoSAT_SymmetryGRPO_v1_2_WC1_HardNeg_Full/iter=15.pt,glucose,enhanced,False,patched_pretrue_main,event,strong,strong_symmetry,stress,4x5,main,vertex_cover_torus:stress,permutation_variant,True,SAT symmetry harder baseline candidate pool,event_feature_attach,False,0.0,0.0,0.0
vertex_cover_torus,vertex_cover_torus_4x5_k8_event_perm1730,vertex_cover_torus_4x5_k8_event,perm_seed1730,13,static_weighted_glucose,0,1,1,1,/Users/cchao/EchoSAT/RLAF/runs/GNN_Glucose_3SAT_EchoSAT_SymmetryGRPO_v1_2_WC1_HardNeg_Full/iter=15.pt,glucose,enhanced,False,patched_pretrue_main,event,strong,strong_symmetry,stress,4x5,main,vertex_cover_torus:stress,permutation_variant,True,SAT symmetry harder baseline candidate pool,adapter_inference,False,0.0,0.0,0.0
vertex_cover_torus,vertex_cover_torus_4x5_k8_event_perm1730,vertex_cover_torus_4x5_k8_event,perm_seed1730,13,static_weighted_glucose,0,1,1,1,/Users/cchao/EchoSAT/RLAF/runs/GNN_Glucose_3SAT_EchoSAT_SymmetryGRPO_v1_2_WC1_HardNeg_Full/iter=15.pt,glucose,enhanced,False,patched_pretrue_main,event,strong,strong_symmetry,stress,4x5,main,vertex_cover_torus:stress,permutation_variant,True,SAT symmetry harder baseline candidate pool,final_solve,True,9.95406,10.216660290956497,9.95406
vertex_cover_torus,vertex_cover_torus_4x5_k8_event_perm1730,vertex_cover_torus_4x5_k8_event,perm_seed1730,13,cached_trace_no_adapter_final,0,1,1,1,/Users/cchao/EchoSAT/RLAF/runs/GNN_Glucose_3SAT_EchoSAT_SymmetryGRPO_v1_2_WC1_HardNeg_Full/iter=15.pt,glucose,enhanced,False,patched_pretrue_main,event,strong,strong_symmetry,stress,4x5,main,vertex_cover_torus:stress,permutation_variant,True,SAT symmetry harder baseline candidate pool,static_inference,True,8.590188026428223,8.590188026428223,0.0
vertex_cover_torus,vertex_cover_torus_4x5_k8_event_perm1730,vertex_cover_torus_4x5_k8_event,perm_seed1730,13,cached_trace_no_adapter_final,0,1,1,1,/Users/cchao/EchoSAT/RLAF/runs/GNN_Glucose_3SAT_EchoSAT_SymmetryGRPO_v1_2_WC1_HardNeg_Full/iter=15.pt,glucose,enhanced,False,patched_pretrue_main,event,strong,strong_symmetry,stress,4x5,main,vertex_cover_torus:stress,permutation_variant,True,SAT symmetry harder baseline candidate pool,warmup_rollout_collect_events,True,4.97817,5.164320374955423,4.97817
vertex_cover_torus,vertex_cover_torus_4x5_k8_event_perm1730,vertex_cover_torus_4x5_k8_event,perm_seed1730,13,cached_trace_no_adapter_final,0,1,1,1,/Users/cchao/EchoSAT/RLAF/runs/GNN_Glucose_3SAT_EchoSAT_SymmetryGRPO_v1_2_WC1_HardNeg_Full/iter=15.pt,glucose,enhanced,False,patched_pretrue_main,event,strong,strong_symmetry,stress,4x5,main,vertex_cover_torus:stress,permutation_variant,True,SAT symmetry harder baseline candidate pool,event_feature_attach,True,9.712507016956806e-05,9.712507016956806e-05,0.0
vertex_cover_torus,vertex_cover_torus_4x5_k8_event_perm1730,vertex_cover_torus_4x5_k8_event,perm_seed1730,13,cached_trace_no_adapter_final,0,1,1,1,/Users/cchao/EchoSAT/RLAF/runs/GNN_Glucose_3SAT_EchoSAT_SymmetryGRPO_v1_2_WC1_HardNeg_Full/iter=15.pt,glucose,enhanced,False,patched_pretrue_main,event,strong,strong_symmetry,stress,4x5,main,vertex_cover_torus:stress,permutation_variant,True,SAT symmetry harder baseline candidate pool,adapter_inference,False,0.0,0.0,0.0
vertex_cover_torus,vertex_cover_torus_4x5_k8_event_perm1730,vertex_cover_torus_4x5_k8_event,perm_seed1730,13,cached_trace_no_adapter_final,0,1,1,1,/Users/cchao/EchoSAT/RLAF/runs/GNN_Glucose_3SAT_EchoSAT_SymmetryGRPO_v1_2_WC1_HardNeg_Full/iter=15.pt,glucose,enhanced,False,patched_pretrue_main,event,strong,strong_symmetry,stress,4x5,main,vertex_cover_torus:stress,permutation_variant,True,SAT symmetry harder baseline candidate pool,final_solve,True,9.95406,10.216660290956497,9.95406
vertex_cover_torus,vertex_cover_torus_4x5_k8_event_perm1730,vertex_cover_torus_4x5_k8_event,perm_seed1730,13,event_adapter_final,0,1,1,1,/Users/cchao/EchoSAT/RLAF/runs/GNN_Glucose_3SAT_EchoSAT_SymmetryGRPO_v1_2_WC1_HardNeg_Full/iter=15.pt,glucose,enhanced,False,patched_pretrue_main,event,strong,strong_symmetry,stress,4x5,main,vertex_cover_torus:stress,permutation_variant,True,SAT symmetry harder baseline candidate pool,static_inference,True,8.590188026428223,8.590188026428223,0.0
vertex_cover_torus,vertex_cover_torus_4x5_k8_event_perm1730,vertex_cover_torus_4x5_k8_event,perm_seed1730,13,event_adapter_final,0,1,1,1,/Users/cchao/EchoSAT/RLAF/runs/GNN_Glucose_3SAT_EchoSAT_SymmetryGRPO_v1_2_WC1_HardNeg_Full/iter=15.pt,glucose,enhanced,False,patched_pretrue_main,event,strong,strong_symmetry,stress,4x5,main,vertex_cover_torus:stress,permutation_variant,True,SAT symmetry harder baseline candidate pool,warmup_rollout_collect_events,True,4.97817,5.164320374955423,4.97817
vertex_cover_torus,vertex_cover_torus_4x5_k8_event_perm1730,vertex_cover_torus_4x5_k8_event,perm_seed1730,13,event_adapter_final,0,1,1,1,/Users/cchao/EchoSAT/RLAF/runs/GNN_Glucose_3SAT_EchoSAT_SymmetryGRPO_v1_2_WC1_HardNeg_Full/iter=15.pt,glucose,enhanced,False,patched_pretrue_main,event,strong,strong_symmetry,stress,4x5,main,vertex_cover_torus:stress,permutation_variant,True,SAT symmetry harder baseline candidate pool,event_feature_attach,True,9.712507016956806e-05,9.712507016956806e-05,0.0
vertex_cover_torus,vertex_cover_torus_4x5_k8_event_perm1730,vertex_cover_torus_4x5_k8_event,perm_seed1730,13,event_adapter_final,0,1,1,1,/Users/cchao/EchoSAT/RLAF/runs/GNN_Glucose_3SAT_EchoSAT_SymmetryGRPO_v1_2_WC1_HardNeg_Full/iter=15.pt,glucose,enhanced,False,patched_pretrue_main,event,strong,strong_symmetry,stress,4x5,main,vertex_cover_torus:stress,permutation_variant,True,SAT symmetry harder baseline candidate pool,adapter_inference,True,0.0006132125854492188,0.0006132125854492188,0.0
vertex_cover_torus,vertex_cover_torus_4x5_k8_event_perm1730,vertex_cover_torus_4x5_k8_event,perm_seed1730,13,event_adapter_final,0,1,1,1,/Users/cchao/EchoSAT/RLAF/runs/GNN_Glucose_3SAT_EchoSAT_SymmetryGRPO_v1_2_WC1_HardNeg_Full/iter=15.pt,glucose,enhanced,False,patched_pretrue_main,event,strong,strong_symmetry,stress,4x5,main,vertex_cover_torus:stress,permutation_variant,True,SAT symmetry harder baseline candidate pool,final_solve,True,9.9559,10.235496458015405,9.9559
vertex_cover_torus,vertex_cover_torus_4x5_k8_event_perm1731,vertex_cover_torus_4x5_k8_event,perm_seed1731,14,plain_unguided_glucose,0,1,1,1,/Users/cchao/EchoSAT/RLAF/runs/GNN_Glucose_3SAT_EchoSAT_SymmetryGRPO_v1_2_WC1_HardNeg_Full/iter=15.pt,glucose,enhanced,False,patched_pretrue_main,event,strong,strong_symmetry,stress,4x5,main,vertex_cover_torus:stress,permutation_variant,True,SAT symmetry harder baseline candidate pool,static_inference,False,0.0,0.0,0.0
vertex_cover_torus,vertex_cover_torus_4x5_k8_event_perm1731,vertex_cover_torus_4x5_k8_event,perm_seed1731,14,plain_unguided_glucose,0,1,1,1,/Users/cchao/EchoSAT/RLAF/runs/GNN_Glucose_3SAT_EchoSAT_SymmetryGRPO_v1_2_WC1_HardNeg_Full/iter=15.pt,glucose,enhanced,False,patched_pretrue_main,event,strong,strong_symmetry,stress,4x5,main,vertex_cover_torus:stress,permutation_variant,True,SAT symmetry harder baseline candidate pool,warmup_rollout_collect_events,False,0.0,0.0,0.0
vertex_cover_torus,vertex_cover_torus_4x5_k8_event_perm1731,vertex_cover_torus_4x5_k8_event,perm_seed1731,14,plain_unguided_glucose,0,1,1,1,/Users/cchao/EchoSAT/RLAF/runs/GNN_Glucose_3SAT_EchoSAT_SymmetryGRPO_v1_2_WC1_HardNeg_Full/iter=15.pt,glucose,enhanced,False,patched_pretrue_main,event,strong,strong_symmetry,stress,4x5,main,vertex_cover_torus:stress,permutation_variant,True,SAT symmetry harder baseline candidate pool,event_feature_attach,False,0.0,0.0,0.0
vertex_cover_torus,vertex_cover_torus_4x5_k8_event_perm1731,vertex_cover_torus_4x5_k8_event,perm_seed1731,14,plain_unguided_glucose,0,1,1,1,/Users/cchao/EchoSAT/RLAF/runs/GNN_Glucose_3SAT_EchoSAT_SymmetryGRPO_v1_2_WC1_HardNeg_Full/iter=15.pt,glucose,enhanced,False,patched_pretrue_main,event,strong,strong_symmetry,stress,4x5,main,vertex_cover_torus:stress,permutation_variant,True,SAT symmetry harder baseline candidate pool,adapter_inference,False,0.0,0.0,0.0
vertex_cover_torus,vertex_cover_torus_4x5_k8_event_perm1731,vertex_cover_torus_4x5_k8_event,perm_seed1731,14,plain_unguided_glucose,0,1,1,1,/Users/cchao/EchoSAT/RLAF/runs/GNN_Glucose_3SAT_EchoSAT_SymmetryGRPO_v1_2_WC1_HardNeg_Full/iter=15.pt,glucose,enhanced,False,patched_pretrue_main,event,strong,strong_symmetry,stress,4x5,main,vertex_cover_torus:stress,permutation_variant,True,SAT symmetry harder baseline candidate pool,final_solve,True,9.95416,10.249286290956661,9.95416
vertex_cover_torus,vertex_cover_torus_4x5_k8_event_perm1731,vertex_cover_torus_4x5_k8_event,perm_seed1731,14,neutral_weighted_glucose,0,1,1,1,/Users/cchao/EchoSAT/RLAF/runs/GNN_Glucose_3SAT_EchoSAT_SymmetryGRPO_v1_2_WC1_HardNeg_Full/iter=15.pt,glucose,enhanced,False,patched_pretrue_main,event,strong,strong_symmetry,stress,4x5,main,vertex_cover_torus:stress,permutation_variant,True,SAT symmetry harder baseline candidate pool,static_inference,False,0.0,0.0,0.0
vertex_cover_torus,vertex_cover_torus_4x5_k8_event_perm1731,vertex_cover_torus_4x5_k8_event,perm_seed1731,14,neutral_weighted_glucose,0,1,1,1,/Users/cchao/EchoSAT/RLAF/runs/GNN_Glucose_3SAT_EchoSAT_SymmetryGRPO_v1_2_WC1_HardNeg_Full/iter=15.pt,glucose,enhanced,False,patched_pretrue_main,event,strong,strong_symmetry,stress,4x5,main,vertex_cover_torus:stress,permutation_variant,True,SAT symmetry harder baseline candidate pool,warmup_rollout_collect_events,False,0.0,0.0,0.0
vertex_cover_torus,vertex_cover_torus_4x5_k8_event_perm1731,vertex_cover_torus_4x5_k8_event,perm_seed1731,14,neutral_weighted_glucose,0,1,1,1,/Users/cchao/EchoSAT/RLAF/runs/GNN_Glucose_3SAT_EchoSAT_SymmetryGRPO_v1_2_WC1_HardNeg_Full/iter=15.pt,glucose,enhanced,False,patched_pretrue_main,event,strong,strong_symmetry,stress,4x5,main,vertex_cover_torus:stress,permutation_variant,True,SAT symmetry harder baseline candidate pool,event_feature_attach,False,0.0,0.0,0.0
vertex_cover_torus,vertex_cover_torus_4x5_k8_event_perm1731,vertex_cover_torus_4x5_k8_event,perm_seed1731,14,neutral_weighted_glucose,0,1,1,1,/Users/cchao/EchoSAT/RLAF/runs/GNN_Glucose_3SAT_EchoSAT_SymmetryGRPO_v1_2_WC1_HardNeg_Full/iter=15.pt,glucose,enhanced,False,patched_pretrue_main,event,strong,strong_symmetry,stress,4x5,main,vertex_cover_torus:stress,permutation_variant,True,SAT symmetry harder baseline candidate pool,adapter_inference,False,0.0,0.0,0.0
vertex_cover_torus,vertex_cover_torus_4x5_k8_event_perm1731,vertex_cover_torus_4x5_k8_event,perm_seed1731,14,neutral_weighted_glucose,0,1,1,1,/Users/cchao/EchoSAT/RLAF/runs/GNN_Glucose_3SAT_EchoSAT_SymmetryGRPO_v1_2_WC1_HardNeg_Full/iter=15.pt,glucose,enhanced,False,patched_pretrue_main,event,strong,strong_symmetry,stress,4x5,main,vertex_cover_torus:stress,permutation_variant,True,SAT symmetry harder baseline candidate pool,final_solve,True,9.94951,10.213761250022799,9.94951
vertex_cover_torus,vertex_cover_torus_4x5_k8_event_perm1731,vertex_cover_torus_4x5_k8_event,perm_seed1731,14,static_weighted_glucose,0,1,1,1,/Users/cchao/EchoSAT/RLAF/runs/GNN_Glucose_3SAT_EchoSAT_SymmetryGRPO_v1_2_WC1_HardNeg_Full/iter=15.pt,glucose,enhanced,False,patched_pretrue_main,event,strong,strong_symmetry,stress,4x5,main,vertex_cover_torus:stress,permutation_variant,True,SAT symmetry harder baseline candidate pool,static_inference,True,8.590188026428223,8.590188026428223,0.0
vertex_cover_torus,vertex_cover_torus_4x5_k8_event_perm1731,vertex_cover_torus_4x5_k8_event,perm_seed1731,14,static_weighted_glucose,0,1,1,1,/Users/cchao/EchoSAT/RLAF/runs/GNN_Glucose_3SAT_EchoSAT_SymmetryGRPO_v1_2_WC1_HardNeg_Full/iter=15.pt,glucose,enhanced,False,patched_pretrue_main,event,strong,strong_symmetry,stress,4x5,main,vertex_cover_torus:stress,permutation_variant,True,SAT symmetry harder baseline candidate pool,warmup_rollout_collect_events,False,0.0,0.0,0.0
vertex_cover_torus,vertex_cover_torus_4x5_k8_event_perm1731,vertex_cover_torus_4x5_k8_event,perm_seed1731,14,static_weighted_glucose,0,1,1,1,/Users/cchao/EchoSAT/RLAF/runs/GNN_Glucose_3SAT_EchoSAT_SymmetryGRPO_v1_2_WC1_HardNeg_Full/iter=15.pt,glucose,enhanced,False,patched_pretrue_main,event,strong,strong_symmetry,stress,4x5,main,vertex_cover_torus:stress,permutation_variant,True,SAT symmetry harder baseline candidate pool,event_feature_attach,False,0.0,0.0,0.0
vertex_cover_torus,vertex_cover_torus_4x5_k8_event_perm1731,vertex_cover_torus_4x5_k8_event,perm_seed1731,14,static_weighted_glucose,0,1,1,1,/Users/cchao/EchoSAT/RLAF/runs/GNN_Glucose_3SAT_EchoSAT_SymmetryGRPO_v1_2_WC1_HardNeg_Full/iter=15.pt,glucose,enhanced,False,patched_pretrue_main,event,strong,strong_symmetry,stress,4x5,main,vertex_cover_torus:stress,permutation_variant,True,SAT symmetry harder baseline candidate pool,adapter_inference,False,0.0,0.0,0.0
vertex_cover_torus,vertex_cover_torus_4x5_k8_event_perm1731,vertex_cover_torus_4x5_k8_event,perm_seed1731,14,static_weighted_glucose,0,1,1,1,/Users/cchao/EchoSAT/RLAF/runs/GNN_Glucose_3SAT_EchoSAT_SymmetryGRPO_v1_2_WC1_HardNeg_Full/iter=15.pt,glucose,enhanced,False,patched_pretrue_main,event,strong,strong_symmetry,stress,4x5,main,vertex_cover_torus:stress,permutation_variant,True,SAT symmetry harder baseline candidate pool,final_solve,True,9.95509,10.23484437505249,9.95509
vertex_cover_torus,vertex_cover_torus_4x5_k8_event_perm1731,vertex_cover_torus_4x5_k8_event,perm_seed1731,14,cached_trace_no_adapter_final,0,1,1,1,/Users/cchao/EchoSAT/RLAF/runs/GNN_Glucose_3SAT_EchoSAT_SymmetryGRPO_v1_2_WC1_HardNeg_Full/iter=15.pt,glucose,enhanced,False,patched_pretrue_main,event,strong,strong_symmetry,stress,4x5,main,vertex_cover_torus:stress,permutation_variant,True,SAT symmetry harder baseline candidate pool,static_inference,True,8.590188026428223,8.590188026428223,0.0
vertex_cover_torus,vertex_cover_torus_4x5_k8_event_perm1731,vertex_cover_torus_4x5_k8_event,perm_seed1731,14,cached_trace_no_adapter_final,0,1,1,1,/Users/cchao/EchoSAT/RLAF/runs/GNN_Glucose_3SAT_EchoSAT_SymmetryGRPO_v1_2_WC1_HardNeg_Full/iter=15.pt,glucose,enhanced,False,patched_pretrue_main,event,strong,strong_symmetry,stress,4x5,main,vertex_cover_torus:stress,permutation_variant,True,SAT symmetry harder baseline candidate pool,warmup_rollout_collect_events,True,4.98001,5.1652653749333695,4.98001
vertex_cover_torus,vertex_cover_torus_4x5_k8_event_perm1731,vertex_cover_torus_4x5_k8_event,perm_seed1731,14,cached_trace_no_adapter_final,0,1,1,1,/Users/cchao/EchoSAT/RLAF/runs/GNN_Glucose_3SAT_EchoSAT_SymmetryGRPO_v1_2_WC1_HardNeg_Full/iter=15.pt,glucose,enhanced,False,patched_pretrue_main,event,strong,strong_symmetry,stress,4x5,main,vertex_cover_torus:stress,permutation_variant,True,SAT symmetry harder baseline candidate pool,event_feature_attach,True,9.137496817857027e-05,9.137496817857027e-05,0.0
vertex_cover_torus,vertex_cover_torus_4x5_k8_event_perm1731,vertex_cover_torus_4x5_k8_event,perm_seed1731,14,cached_trace_no_adapter_final,0,1,1,1,/Users/cchao/EchoSAT/RLAF/runs/GNN_Glucose_3SAT_EchoSAT_SymmetryGRPO_v1_2_WC1_HardNeg_Full/iter=15.pt,glucose,enhanced,False,patched_pretrue_main,event,strong,strong_symmetry,stress,4x5,main,vertex_cover_torus:stress,permutation_variant,True,SAT symmetry harder baseline candidate pool,adapter_inference,False,0.0,0.0,0.0
vertex_cover_torus,vertex_cover_torus_4x5_k8_event_perm1731,vertex_cover_torus_4x5_k8_event,perm_seed1731,14,cached_trace_no_adapter_final,0,1,1,1,/Users/cchao/EchoSAT/RLAF/runs/GNN_Glucose_3SAT_EchoSAT_SymmetryGRPO_v1_2_WC1_HardNeg_Full/iter=15.pt,glucose,enhanced,False,patched_pretrue_main,event,strong,strong_symmetry,stress,4x5,main,vertex_cover_torus:stress,permutation_variant,True,SAT symmetry harder baseline candidate pool,final_solve,True,9.95509,10.23484437505249,9.95509
vertex_cover_torus,vertex_cover_torus_4x5_k8_event_perm1731,vertex_cover_torus_4x5_k8_event,perm_seed1731,14,event_adapter_final,0,1,1,1,/Users/cchao/EchoSAT/RLAF/runs/GNN_Glucose_3SAT_EchoSAT_SymmetryGRPO_v1_2_WC1_HardNeg_Full/iter=15.pt,glucose,enhanced,False,patched_pretrue_main,event,strong,strong_symmetry,stress,4x5,main,vertex_cover_torus:stress,permutation_variant,True,SAT symmetry harder baseline candidate pool,static_inference,True,8.590188026428223,8.590188026428223,0.0
vertex_cover_torus,vertex_cover_torus_4x5_k8_event_perm1731,vertex_cover_torus_4x5_k8_event,perm_seed1731,14,event_adapter_final,0,1,1,1,/Users/cchao/EchoSAT/RLAF/runs/GNN_Glucose_3SAT_EchoSAT_SymmetryGRPO_v1_2_WC1_HardNeg_Full/iter=15.pt,glucose,enhanced,False,patched_pretrue_main,event,strong,strong_symmetry,stress,4x5,main,vertex_cover_torus:stress,permutation_variant,True,SAT symmetry harder baseline candidate pool,warmup_rollout_collect_events,True,4.98001,5.1652653749333695,4.98001
vertex_cover_torus,vertex_cover_torus_4x5_k8_event_perm1731,vertex_cover_torus_4x5_k8_event,perm_seed1731,14,event_adapter_final,0,1,1,1,/Users/cchao/EchoSAT/RLAF/runs/GNN_Glucose_3SAT_EchoSAT_SymmetryGRPO_v1_2_WC1_HardNeg_Full/iter=15.pt,glucose,enhanced,False,patched_pretrue_main,event,strong,strong_symmetry,stress,4x5,main,vertex_cover_torus:stress,permutation_variant,True,SAT symmetry harder baseline candidate pool,event_feature_attach,True,9.137496817857027e-05,9.137496817857027e-05,0.0
vertex_cover_torus,vertex_cover_torus_4x5_k8_event_perm1731,vertex_cover_torus_4x5_k8_event,perm_seed1731,14,event_adapter_final,0,1,1,1,/Users/cchao/EchoSAT/RLAF/runs/GNN_Glucose_3SAT_EchoSAT_SymmetryGRPO_v1_2_WC1_HardNeg_Full/iter=15.pt,glucose,enhanced,False,patched_pretrue_main,event,strong,strong_symmetry,stress,4x5,main,vertex_cover_torus:stress,permutation_variant,True,SAT symmetry harder baseline candidate pool,adapter_inference,True,0.0006132125854492188,0.0006132125854492188,0.0
vertex_cover_torus,vertex_cover_torus_4x5_k8_event_perm1731,vertex_cover_torus_4x5_k8_event,perm_seed1731,14,event_adapter_final,0,1,1,1,/Users/cchao/EchoSAT/RLAF/runs/GNN_Glucose_3SAT_EchoSAT_SymmetryGRPO_v1_2_WC1_HardNeg_Full/iter=15.pt,glucose,enhanced,False,patched_pretrue_main,event,strong,strong_symmetry,stress,4x5,main,vertex_cover_torus:stress,permutation_variant,True,SAT symmetry harder baseline candidate pool,final_solve,True,9.95553,10.229776415973902,9.95553
complete_coloring,k10_color9,k10_color9,base,0,plain_unguided_glucose,1,2,2,2,/Users/cchao/EchoSAT/RLAF/runs/GNN_Glucose_3SAT_EchoSAT_SymmetryGRPO_v1_2_WC1_HardNeg_Full/iter=15.pt,glucose,enhanced,False,patched_pretrue_main,event,strong,strong_symmetry,large,v10_c9,main,complete_coloring:large,base,False,SAT symmetry harder baseline candidate pool,static_inference,False,0.0,0.0,0.0
complete_coloring,k10_color9,k10_color9,base,0,plain_unguided_glucose,1,2,2,2,/Users/cchao/EchoSAT/RLAF/runs/GNN_Glucose_3SAT_EchoSAT_SymmetryGRPO_v1_2_WC1_HardNeg_Full/iter=15.pt,glucose,enhanced,False,patched_pretrue_main,event,strong,strong_symmetry,large,v10_c9,main,complete_coloring:large,base,False,SAT symmetry harder baseline candidate pool,warmup_rollout_collect_events,False,0.0,0.0,0.0
complete_coloring,k10_color9,k10_color9,base,0,plain_unguided_glucose,1,2,2,2,/Users/cchao/EchoSAT/RLAF/runs/GNN_Glucose_3SAT_EchoSAT_SymmetryGRPO_v1_2_WC1_HardNeg_Full/iter=15.pt,glucose,enhanced,False,patched_pretrue_main,event,strong,strong_symmetry,large,v10_c9,main,complete_coloring:large,base,False,SAT symmetry harder baseline candidate pool,event_feature_attach,False,0.0,0.0,0.0
complete_coloring,k10_color9,k10_color9,base,0,plain_unguided_glucose,1,2,2,2,/Users/cchao/EchoSAT/RLAF/runs/GNN_Glucose_3SAT_EchoSAT_SymmetryGRPO_v1_2_WC1_HardNeg_Full/iter=15.pt,glucose,enhanced,False,patched_pretrue_main,event,strong,strong_symmetry,large,v10_c9,main,complete_coloring:large,base,False,SAT symmetry harder baseline candidate pool,adapter_inference,False,0.0,0.0,0.0
complete_coloring,k10_color9,k10_color9,base,0,plain_unguided_glucose,1,2,2,2,/Users/cchao/EchoSAT/RLAF/runs/GNN_Glucose_3SAT_EchoSAT_SymmetryGRPO_v1_2_WC1_HardNeg_Full/iter=15.pt,glucose,enhanced,False,patched_pretrue_main,event,strong,strong_symmetry,large,v10_c9,main,complete_coloring:large,base,False,SAT symmetry harder baseline candidate pool,final_solve,True,1.79666,1.8290794159984216,1.79666
complete_coloring,k10_color9,k10_color9,base,0,neutral_weighted_glucose,1,2,2,2,/Users/cchao/EchoSAT/RLAF/runs/GNN_Glucose_3SAT_EchoSAT_SymmetryGRPO_v1_2_WC1_HardNeg_Full/iter=15.pt,glucose,enhanced,False,patched_pretrue_main,event,strong,strong_symmetry,large,v10_c9,main,complete_coloring:large,base,False,SAT symmetry harder baseline candidate pool,static_inference,False,0.0,0.0,0.0
complete_coloring,k10_color9,k10_color9,base,0,neutral_weighted_glucose,1,2,2,2,/Users/cchao/EchoSAT/RLAF/runs/GNN_Glucose_3SAT_EchoSAT_SymmetryGRPO_v1_2_WC1_HardNeg_Full/iter=15.pt,glucose,enhanced,False,patched_pretrue_main,event,strong,strong_symmetry,large,v10_c9,main,complete_coloring:large,base,False,SAT symmetry harder baseline candidate pool,warmup_rollout_collect_events,False,0.0,0.0,0.0
complete_coloring,k10_color9,k10_color9,base,0,neutral_weighted_glucose,1,2,2,2,/Users/cchao/EchoSAT/RLAF/runs/GNN_Glucose_3SAT_EchoSAT_SymmetryGRPO_v1_2_WC1_HardNeg_Full/iter=15.pt,glucose,enhanced,False,patched_pretrue_main,event,strong,strong_symmetry,large,v10_c9,main,complete_coloring:large,base,False,SAT symmetry harder baseline candidate pool,event_feature_attach,False,0.0,0.0,0.0
complete_coloring,k10_color9,k10_color9,base,0,neutral_weighted_glucose,1,2,2,2,/Users/cchao/EchoSAT/RLAF/runs/GNN_Glucose_3SAT_EchoSAT_SymmetryGRPO_v1_2_WC1_HardNeg_Full/iter=15.pt,glucose,enhanced,False,patched_pretrue_main,event,strong,strong_symmetry,large,v10_c9,main,complete_coloring:large,base,False,SAT symmetry harder baseline candidate pool,adapter_inference,False,0.0,0.0,0.0
complete_coloring,k10_color9,k10_color9,base,0,neutral_weighted_glucose,1,2,2,2,/Users/cchao/EchoSAT/RLAF/runs/GNN_Glucose_3SAT_EchoSAT_SymmetryGRPO_v1_2_WC1_HardNeg_Full/iter=15.pt,glucose,enhanced,False,patched_pretrue_main,event,strong,strong_symmetry,large,v10_c9,main,complete_coloring:large,base,False,SAT symmetry harder baseline candidate pool,final_solve,True,1.46299,1.4846553339157254,1.46299
complete_coloring,k10_color9,k10_color9,base,0,static_weighted_glucose,1,2,2,2,/Users/cchao/EchoSAT/RLAF/runs/GNN_Glucose_3SAT_EchoSAT_SymmetryGRPO_v1_2_WC1_HardNeg_Full/iter=15.pt,glucose,enhanced,False,patched_pretrue_main,event,strong,strong_symmetry,large,v10_c9,main,complete_coloring:large,base,False,SAT symmetry harder baseline candidate pool,static_inference,True,0.08415389060974121,0.08415389060974121,0.0
complete_coloring,k10_color9,k10_color9,base,0,static_weighted_glucose,1,2,2,2,/Users/cchao/EchoSAT/RLAF/runs/GNN_Glucose_3SAT_EchoSAT_SymmetryGRPO_v1_2_WC1_HardNeg_Full/iter=15.pt,glucose,enhanced,False,patched_pretrue_main,event,strong,strong_symmetry,large,v10_c9,main,complete_coloring:large,base,False,SAT symmetry harder baseline candidate pool,warmup_rollout_collect_events,False,0.0,0.0,0.0
complete_coloring,k10_color9,k10_color9,base,0,static_weighted_glucose,1,2,2,2,/Users/cchao/EchoSAT/RLAF/runs/GNN_Glucose_3SAT_EchoSAT_SymmetryGRPO_v1_2_WC1_HardNeg_Full/iter=15.pt,glucose,enhanced,False,patched_pretrue_main,event,strong,strong_symmetry,large,v10_c9,main,complete_coloring:large,base,False,SAT symmetry harder baseline candidate pool,event_feature_attach,False,0.0,0.0,0.0
complete_coloring,k10_color9,k10_color9,base,0,static_weighted_glucose,1,2,2,2,/Users/cchao/EchoSAT/RLAF/runs/GNN_Glucose_3SAT_EchoSAT_SymmetryGRPO_v1_2_WC1_HardNeg_Full/iter=15.pt,glucose,enhanced,False,patched_pretrue_main,event,strong,strong_symmetry,large,v10_c9,main,complete_coloring:large,base,False,SAT symmetry harder baseline candidate pool,adapter_inference,False,0.0,0.0,0.0
complete_coloring,k10_color9,k10_color9,base,0,static_weighted_glucose,1,2,2,2,/Users/cchao/EchoSAT/RLAF/runs/GNN_Glucose_3SAT_EchoSAT_SymmetryGRPO_v1_2_WC1_HardNeg_Full/iter=15.pt,glucose,enhanced,False,patched_pretrue_main,event,strong,strong_symmetry,large,v10_c9,main,complete_coloring:large,base,False,SAT symmetry harder baseline candidate pool,final_solve,True,1.45688,1.478475125040859,1.45688
complete_coloring,k10_color9,k10_color9,base,0,cached_trace_no_adapter_final,1,2,2,2,/Users/cchao/EchoSAT/RLAF/runs/GNN_Glucose_3SAT_EchoSAT_SymmetryGRPO_v1_2_WC1_HardNeg_Full/iter=15.pt,glucose,enhanced,False,patched_pretrue_main,event,strong,strong_symmetry,large,v10_c9,main,complete_coloring:large,base,False,SAT symmetry harder baseline candidate pool,static_inference,True,0.08415389060974121,0.08415389060974121,0.0
complete_coloring,k10_color9,k10_color9,base,0,cached_trace_no_adapter_final,1,2,2,2,/Users/cchao/EchoSAT/RLAF/runs/GNN_Glucose_3SAT_EchoSAT_SymmetryGRPO_v1_2_WC1_HardNeg_Full/iter=15.pt,glucose,enhanced,False,patched_pretrue_main,event,strong,strong_symmetry,large,v10_c9,main,complete_coloring:large,base,False,SAT symmetry harder baseline candidate pool,warmup_rollout_collect_events,True,0.001027,0.004478874965570867,0.001027
complete_coloring,k10_color9,k10_color9,base,0,cached_trace_no_adapter_final,1,2,2,2,/Users/cchao/EchoSAT/RLAF/runs/GNN_Glucose_3SAT_EchoSAT_SymmetryGRPO_v1_2_WC1_HardNeg_Full/iter=15.pt,glucose,enhanced,False,patched_pretrue_main,event,strong,strong_symmetry,large,v10_c9,main,complete_coloring:large,base,False,SAT symmetry harder baseline candidate pool,event_feature_attach,True,0.0003327500307932496,0.0003327500307932496,0.0
complete_coloring,k10_color9,k10_color9,base,0,cached_trace_no_adapter_final,1,2,2,2,/Users/cchao/EchoSAT/RLAF/runs/GNN_Glucose_3SAT_EchoSAT_SymmetryGRPO_v1_2_WC1_HardNeg_Full/iter=15.pt,glucose,enhanced,False,patched_pretrue_main,event,strong,strong_symmetry,large,v10_c9,main,complete_coloring:large,base,False,SAT symmetry harder baseline candidate pool,adapter_inference,False,0.0,0.0,0.0
complete_coloring,k10_color9,k10_color9,base,0,cached_trace_no_adapter_final,1,2,2,2,/Users/cchao/EchoSAT/RLAF/runs/GNN_Glucose_3SAT_EchoSAT_SymmetryGRPO_v1_2_WC1_HardNeg_Full/iter=15.pt,glucose,enhanced,False,patched_pretrue_main,event,strong,strong_symmetry,large,v10_c9,main,complete_coloring:large,base,False,SAT symmetry harder baseline candidate pool,final_solve,True,1.45688,1.478475125040859,1.45688
complete_coloring,k10_color9,k10_color9,base,0,event_adapter_final,1,2,2,2,/Users/cchao/EchoSAT/RLAF/runs/GNN_Glucose_3SAT_EchoSAT_SymmetryGRPO_v1_2_WC1_HardNeg_Full/iter=15.pt,glucose,enhanced,False,patched_pretrue_main,event,strong,strong_symmetry,large,v10_c9,main,complete_coloring:large,base,False,SAT symmetry harder baseline candidate pool,static_inference,True,0.08415389060974121,0.08415389060974121,0.0
complete_coloring,k10_color9,k10_color9,base,0,event_adapter_final,1,2,2,2,/Users/cchao/EchoSAT/RLAF/runs/GNN_Glucose_3SAT_EchoSAT_SymmetryGRPO_v1_2_WC1_HardNeg_Full/iter=15.pt,glucose,enhanced,False,patched_pretrue_main,event,strong,strong_symmetry,large,v10_c9,main,complete_coloring:large,base,False,SAT symmetry harder baseline candidate pool,warmup_rollout_collect_events,True,0.001027,0.004478874965570867,0.001027
complete_coloring,k10_color9,k10_color9,base,0,event_adapter_final,1,2,2,2,/Users/cchao/EchoSAT/RLAF/runs/GNN_Glucose_3SAT_EchoSAT_SymmetryGRPO_v1_2_WC1_HardNeg_Full/iter=15.pt,glucose,enhanced,False,patched_pretrue_main,event,strong,strong_symmetry,large,v10_c9,main,complete_coloring:large,base,False,SAT symmetry harder baseline candidate pool,event_feature_attach,True,0.0003327500307932496,0.0003327500307932496,0.0
complete_coloring,k10_color9,k10_color9,base,0,event_adapter_final,1,2,2,2,/Users/cchao/EchoSAT/RLAF/runs/GNN_Glucose_3SAT_EchoSAT_SymmetryGRPO_v1_2_WC1_HardNeg_Full/iter=15.pt,glucose,enhanced,False,patched_pretrue_main,event,strong,strong_symmetry,large,v10_c9,main,complete_coloring:large,base,False,SAT symmetry harder baseline candidate pool,adapter_inference,True,0.0008189678192138672,0.0008189678192138672,0.0
complete_coloring,k10_color9,k10_color9,base,0,event_adapter_final,1,2,2,2,/Users/cchao/EchoSAT/RLAF/runs/GNN_Glucose_3SAT_EchoSAT_SymmetryGRPO_v1_2_WC1_HardNeg_Full/iter=15.pt,glucose,enhanced,False,patched_pretrue_main,event,strong,strong_symmetry,large,v10_c9,main,complete_coloring:large,base,False,SAT symmetry harder baseline candidate pool,final_solve,True,1.71138,1.7462944580474868,1.71138
complete_coloring,k10_color9_perm1730,k10_color9,perm_seed1730,1,plain_unguided_glucose,1,2,2,2,/Users/cchao/EchoSAT/RLAF/runs/GNN_Glucose_3SAT_EchoSAT_SymmetryGRPO_v1_2_WC1_HardNeg_Full/iter=15.pt,glucose,enhanced,False,patched_pretrue_main,event,strong,strong_symmetry,large,v10_c9,main,complete_coloring:large,permutation_variant,True,SAT symmetry harder baseline candidate pool,static_inference,False,0.0,0.0,0.0
complete_coloring,k10_color9_perm1730,k10_color9,perm_seed1730,1,plain_unguided_glucose,1,2,2,2,/Users/cchao/EchoSAT/RLAF/runs/GNN_Glucose_3SAT_EchoSAT_SymmetryGRPO_v1_2_WC1_HardNeg_Full/iter=15.pt,glucose,enhanced,False,patched_pretrue_main,event,strong,strong_symmetry,large,v10_c9,main,complete_coloring:large,permutation_variant,True,SAT symmetry harder baseline candidate pool,warmup_rollout_collect_events,False,0.0,0.0,0.0
complete_coloring,k10_color9_perm1730,k10_color9,perm_seed1730,1,plain_unguided_glucose,1,2,2,2,/Users/cchao/EchoSAT/RLAF/runs/GNN_Glucose_3SAT_EchoSAT_SymmetryGRPO_v1_2_WC1_HardNeg_Full/iter=15.pt,glucose,enhanced,False,patched_pretrue_main,event,strong,strong_symmetry,large,v10_c9,main,complete_coloring:large,permutation_variant,True,SAT symmetry harder baseline candidate pool,event_feature_attach,False,0.0,0.0,0.0
complete_coloring,k10_color9_perm1730,k10_color9,perm_seed1730,1,plain_unguided_glucose,1,2,2,2,/Users/cchao/EchoSAT/RLAF/runs/GNN_Glucose_3SAT_EchoSAT_SymmetryGRPO_v1_2_WC1_HardNeg_Full/iter=15.pt,glucose,enhanced,False,patched_pretrue_main,event,strong,strong_symmetry,large,v10_c9,main,complete_coloring:large,permutation_variant,True,SAT symmetry harder baseline candidate pool,adapter_inference,False,0.0,0.0,0.0
complete_coloring,k10_color9_perm1730,k10_color9,perm_seed1730,1,plain_unguided_glucose,1,2,2,2,/Users/cchao/EchoSAT/RLAF/runs/GNN_Glucose_3SAT_EchoSAT_SymmetryGRPO_v1_2_WC1_HardNeg_Full/iter=15.pt,glucose,enhanced,False,patched_pretrue_main,event,strong,strong_symmetry,large,v10_c9,main,complete_coloring:large,permutation_variant,True,SAT symmetry harder baseline candidate pool,final_solve,True,1.60986,1.6383590420009568,1.60986
complete_coloring,k10_color9_perm1730,k10_color9,perm_seed1730,1,neutral_weighted_glucose,1,2,2,2,/Users/cchao/EchoSAT/RLAF/runs/GNN_Glucose_3SAT_EchoSAT_SymmetryGRPO_v1_2_WC1_HardNeg_Full/iter=15.pt,glucose,enhanced,False,patched_pretrue_main,event,strong,strong_symmetry,large,v10_c9,main,complete_coloring:large,permutation_variant,True,SAT symmetry harder baseline candidate pool,static_inference,False,0.0,0.0,0.0
complete_coloring,k10_color9_perm1730,k10_color9,perm_seed1730,1,neutral_weighted_glucose,1,2,2,2,/Users/cchao/EchoSAT/RLAF/runs/GNN_Glucose_3SAT_EchoSAT_SymmetryGRPO_v1_2_WC1_HardNeg_Full/iter=15.pt,glucose,enhanced,False,patched_pretrue_main,event,strong,strong_symmetry,large,v10_c9,main,complete_coloring:large,permutation_variant,True,SAT symmetry harder baseline candidate pool,warmup_rollout_collect_events,False,0.0,0.0,0.0
complete_coloring,k10_color9_perm1730,k10_color9,perm_seed1730,1,neutral_weighted_glucose,1,2,2,2,/Users/cchao/EchoSAT/RLAF/runs/GNN_Glucose_3SAT_EchoSAT_SymmetryGRPO_v1_2_WC1_HardNeg_Full/iter=15.pt,glucose,enhanced,False,patched_pretrue_main,event,strong,strong_symmetry,large,v10_c9,main,complete_coloring:large,permutation_variant,True,SAT symmetry harder baseline candidate pool,event_feature_attach,False,0.0,0.0,0.0
complete_coloring,k10_color9_perm1730,k10_color9,perm_seed1730,1,neutral_weighted_glucose,1,2,2,2,/Users/cchao/EchoSAT/RLAF/runs/GNN_Glucose_3SAT_EchoSAT_SymmetryGRPO_v1_2_WC1_HardNeg_Full/iter=15.pt,glucose,enhanced,False,patched_pretrue_main,event,strong,strong_symmetry,large,v10_c9,main,complete_coloring:large,permutation_variant,True,SAT symmetry harder baseline candidate pool,adapter_inference,False,0.0,0.0,0.0
complete_coloring,k10_color9_perm1730,k10_color9,perm_seed1730,1,neutral_weighted_glucose,1,2,2,2,/Users/cchao/EchoSAT/RLAF/runs/GNN_Glucose_3SAT_EchoSAT_SymmetryGRPO_v1_2_WC1_HardNeg_Full/iter=15.pt,glucose,enhanced,False,patched_pretrue_main,event,strong,strong_symmetry,large,v10_c9,main,complete_coloring:large,permutation_variant,True,SAT symmetry harder baseline candidate pool,final_solve,True,1.32604,1.3454878749325871,1.32604
complete_coloring,k10_color9_perm1730,k10_color9,perm_seed1730,1,static_weighted_glucose,1,2,2,2,/Users/cchao/EchoSAT/RLAF/runs/GNN_Glucose_3SAT_EchoSAT_SymmetryGRPO_v1_2_WC1_HardNeg_Full/iter=15.pt,glucose,enhanced,False,patched_pretrue_main,event,strong,strong_symmetry,large,v10_c9,main,complete_coloring:large,permutation_variant,True,SAT symmetry harder baseline candidate pool,static_inference,True,0.08415389060974121,0.08415389060974121,0.0
complete_coloring,k10_color9_perm1730,k10_color9,perm_seed1730,1,static_weighted_glucose,1,2,2,2,/Users/cchao/EchoSAT/RLAF/runs/GNN_Glucose_3SAT_EchoSAT_SymmetryGRPO_v1_2_WC1_HardNeg_Full/iter=15.pt,glucose,enhanced,False,patched_pretrue_main,event,strong,strong_symmetry,large,v10_c9,main,complete_coloring:large,permutation_variant,True,SAT symmetry harder baseline candidate pool,warmup_rollout_collect_events,False,0.0,0.0,0.0
complete_coloring,k10_color9_perm1730,k10_color9,perm_seed1730,1,static_weighted_glucose,1,2,2,2,/Users/cchao/EchoSAT/RLAF/runs/GNN_Glucose_3SAT_EchoSAT_SymmetryGRPO_v1_2_WC1_HardNeg_Full/iter=15.pt,glucose,enhanced,False,patched_pretrue_main,event,strong,strong_symmetry,large,v10_c9,main,complete_coloring:large,permutation_variant,True,SAT symmetry harder baseline candidate pool,event_feature_attach,False,0.0,0.0,0.0
complete_coloring,k10_color9_perm1730,k10_color9,perm_seed1730,1,static_weighted_glucose,1,2,2,2,/Users/cchao/EchoSAT/RLAF/runs/GNN_Glucose_3SAT_EchoSAT_SymmetryGRPO_v1_2_WC1_HardNeg_Full/iter=15.pt,glucose,enhanced,False,patched_pretrue_main,event,strong,strong_symmetry,large,v10_c9,main,complete_coloring:large,permutation_variant,True,SAT symmetry harder baseline candidate pool,adapter_inference,False,0.0,0.0,0.0
complete_coloring,k10_color9_perm1730,k10_color9,perm_seed1730,1,static_weighted_glucose,1,2,2,2,/Users/cchao/EchoSAT/RLAF/runs/GNN_Glucose_3SAT_EchoSAT_SymmetryGRPO_v1_2_WC1_HardNeg_Full/iter=15.pt,glucose,enhanced,False,patched_pretrue_main,event,strong,strong_symmetry,large,v10_c9,main,complete_coloring:large,permutation_variant,True,SAT symmetry harder baseline candidate pool,final_solve,True,1.4715,1.4920534590492025,1.4715
complete_coloring,k10_color9_perm1730,k10_color9,perm_seed1730,1,cached_trace_no_adapter_final,1,2,2,2,/Users/cchao/EchoSAT/RLAF/runs/GNN_Glucose_3SAT_EchoSAT_SymmetryGRPO_v1_2_WC1_HardNeg_Full/iter=15.pt,glucose,enhanced,False,patched_pretrue_main,event,strong,strong_symmetry,large,v10_c9,main,complete_coloring:large,permutation_variant,True,SAT symmetry harder baseline candidate pool,static_inference,True,0.08415389060974121,0.08415389060974121,0.0
complete_coloring,k10_color9_perm1730,k10_color9,perm_seed1730,1,cached_trace_no_adapter_final,1,2,2,2,/Users/cchao/EchoSAT/RLAF/runs/GNN_Glucose_3SAT_EchoSAT_SymmetryGRPO_v1_2_WC1_HardNeg_Full/iter=15.pt,glucose,enhanced,False,patched_pretrue_main,event,strong,strong_symmetry,large,v10_c9,main,complete_coloring:large,permutation_variant,True,SAT symmetry harder baseline candidate pool,warmup_rollout_collect_events,True,0.000986,0.0042588330106809735,0.000986
complete_coloring,k10_color9_perm1730,k10_color9,perm_seed1730,1,cached_trace_no_adapter_final,1,2,2,2,/Users/cchao/EchoSAT/RLAF/runs/GNN_Glucose_3SAT_EchoSAT_SymmetryGRPO_v1_2_WC1_HardNeg_Full/iter=15.pt,glucose,enhanced,False,patched_pretrue_main,event,strong,strong_symmetry,large,v10_c9,main,complete_coloring:large,permutation_variant,True,SAT symmetry harder baseline candidate pool,event_feature_attach,True,0.00013533292803913355,0.00013533292803913355,0.0
complete_coloring,k10_color9_perm1730,k10_color9,perm_seed1730,1,cached_trace_no_adapter_final,1,2,2,2,/Users/cchao/EchoSAT/RLAF/runs/GNN_Glucose_3SAT_EchoSAT_SymmetryGRPO_v1_2_WC1_HardNeg_Full/iter=15.pt,glucose,enhanced,False,patched_pretrue_main,event,strong,strong_symmetry,large,v10_c9,main,complete_coloring:large,permutation_variant,True,SAT symmetry harder baseline candidate pool,adapter_inference,False,0.0,0.0,0.0
complete_coloring,k10_color9_perm1730,k10_color9,perm_seed1730,1,cached_trace_no_adapter_final,1,2,2,2,/Users/cchao/EchoSAT/RLAF/runs/GNN_Glucose_3SAT_EchoSAT_SymmetryGRPO_v1_2_WC1_HardNeg_Full/iter=15.pt,glucose,enhanced,False,patched_pretrue_main,event,strong,strong_symmetry,large,v10_c9,main,complete_coloring:large,permutation_variant,True,SAT symmetry harder baseline candidate pool,final_solve,True,1.4715,1.4920534590492025,1.4715
complete_coloring,k10_color9_perm1730,k10_color9,perm_seed1730,1,event_adapter_final,1,2,2,2,/Users/cchao/EchoSAT/RLAF/runs/GNN_Glucose_3SAT_EchoSAT_SymmetryGRPO_v1_2_WC1_HardNeg_Full/iter=15.pt,glucose,enhanced,False,patched_pretrue_main,event,strong,strong_symmetry,large,v10_c9,main,complete_coloring:large,permutation_variant,True,SAT symmetry harder baseline candidate pool,static_inference,True,0.08415389060974121,0.08415389060974121,0.0
complete_coloring,k10_color9_perm1730,k10_color9,perm_seed1730,1,event_adapter_final,1,2,2,2,/Users/cchao/EchoSAT/RLAF/runs/GNN_Glucose_3SAT_EchoSAT_SymmetryGRPO_v1_2_WC1_HardNeg_Full/iter=15.pt,glucose,enhanced,False,patched_pretrue_main,event,strong,strong_symmetry,large,v10_c9,main,complete_coloring:large,permutation_variant,True,SAT symmetry harder baseline candidate pool,warmup_rollout_collect_events,True,0.000986,0.0042588330106809735,0.000986
complete_coloring,k10_color9_perm1730,k10_color9,perm_seed1730,1,event_adapter_final,1,2,2,2,/Users/cchao/EchoSAT/RLAF/runs/GNN_Glucose_3SAT_EchoSAT_SymmetryGRPO_v1_2_WC1_HardNeg_Full/iter=15.pt,glucose,enhanced,False,patched_pretrue_main,event,strong,strong_symmetry,large,v10_c9,main,complete_coloring:large,permutation_variant,True,SAT symmetry harder baseline candidate pool,event_feature_attach,True,0.00013533292803913355,0.00013533292803913355,0.0
complete_coloring,k10_color9_perm1730,k10_color9,perm_seed1730,1,event_adapter_final,1,2,2,2,/Users/cchao/EchoSAT/RLAF/runs/GNN_Glucose_3SAT_EchoSAT_SymmetryGRPO_v1_2_WC1_HardNeg_Full/iter=15.pt,glucose,enhanced,False,patched_pretrue_main,event,strong,strong_symmetry,large,v10_c9,main,complete_coloring:large,permutation_variant,True,SAT symmetry harder baseline candidate pool,adapter_inference,True,0.0008189678192138672,0.0008189678192138672,0.0
complete_coloring,k10_color9_perm1730,k10_color9,perm_seed1730,1,event_adapter_final,1,2,2,2,/Users/cchao/EchoSAT/RLAF/runs/GNN_Glucose_3SAT_EchoSAT_SymmetryGRPO_v1_2_WC1_HardNeg_Full/iter=15.pt,glucose,enhanced,False,patched_pretrue_main,event,strong,strong_symmetry,large,v10_c9,main,complete_coloring:large,permutation_variant,True,SAT symmetry harder baseline candidate pool,final_solve,True,1.51801,1.5398818749235943,1.51801
complete_coloring,k10_color9_perm1731,k10_color9,perm_seed1731,2,plain_unguided_glucose,1,2,2,2,/Users/cchao/EchoSAT/RLAF/runs/GNN_Glucose_3SAT_EchoSAT_SymmetryGRPO_v1_2_WC1_HardNeg_Full/iter=15.pt,glucose,enhanced,False,patched_pretrue_main,event,strong,strong_symmetry,large,v10_c9,main,complete_coloring:large,permutation_variant,True,SAT symmetry harder baseline candidate pool,static_inference,False,0.0,0.0,0.0
complete_coloring,k10_color9_perm1731,k10_color9,perm_seed1731,2,plain_unguided_glucose,1,2,2,2,/Users/cchao/EchoSAT/RLAF/runs/GNN_Glucose_3SAT_EchoSAT_SymmetryGRPO_v1_2_WC1_HardNeg_Full/iter=15.pt,glucose,enhanced,False,patched_pretrue_main,event,strong,strong_symmetry,large,v10_c9,main,complete_coloring:large,permutation_variant,True,SAT symmetry harder baseline candidate pool,warmup_rollout_collect_events,False,0.0,0.0,0.0
complete_coloring,k10_color9_perm1731,k10_color9,perm_seed1731,2,plain_unguided_glucose,1,2,2,2,/Users/cchao/EchoSAT/RLAF/runs/GNN_Glucose_3SAT_EchoSAT_SymmetryGRPO_v1_2_WC1_HardNeg_Full/iter=15.pt,glucose,enhanced,False,patched_pretrue_main,event,strong,strong_symmetry,large,v10_c9,main,complete_coloring:large,permutation_variant,True,SAT symmetry harder baseline candidate pool,event_feature_attach,False,0.0,0.0,0.0
complete_coloring,k10_color9_perm1731,k10_color9,perm_seed1731,2,plain_unguided_glucose,1,2,2,2,/Users/cchao/EchoSAT/RLAF/runs/GNN_Glucose_3SAT_EchoSAT_SymmetryGRPO_v1_2_WC1_HardNeg_Full/iter=15.pt,glucose,enhanced,False,patched_pretrue_main,event,strong,strong_symmetry,large,v10_c9,main,complete_coloring:large,permutation_variant,True,SAT symmetry harder baseline candidate pool,adapter_inference,False,0.0,0.0,0.0
complete_coloring,k10_color9_perm1731,k10_color9,perm_seed1731,2,plain_unguided_glucose,1,2,2,2,/Users/cchao/EchoSAT/RLAF/runs/GNN_Glucose_3SAT_EchoSAT_SymmetryGRPO_v1_2_WC1_HardNeg_Full/iter=15.pt,glucose,enhanced,False,patched_pretrue_main,event,strong,strong_symmetry,large,v10_c9,main,complete_coloring:large,permutation_variant,True,SAT symmetry harder baseline candidate pool,final_solve,True,1.62236,1.6516787499422207,1.62236
complete_coloring,k10_color9_perm1731,k10_color9,perm_seed1731,2,neutral_weighted_glucose,1,2,2,2,/Users/cchao/EchoSAT/RLAF/runs/GNN_Glucose_3SAT_EchoSAT_SymmetryGRPO_v1_2_WC1_HardNeg_Full/iter=15.pt,glucose,enhanced,False,patched_pretrue_main,event,strong,strong_symmetry,large,v10_c9,main,complete_coloring:large,permutation_variant,True,SAT symmetry harder baseline candidate pool,static_inference,False,0.0,0.0,0.0
complete_coloring,k10_color9_perm1731,k10_color9,perm_seed1731,2,neutral_weighted_glucose,1,2,2,2,/Users/cchao/EchoSAT/RLAF/runs/GNN_Glucose_3SAT_EchoSAT_SymmetryGRPO_v1_2_WC1_HardNeg_Full/iter=15.pt,glucose,enhanced,False,patched_pretrue_main,event,strong,strong_symmetry,large,v10_c9,main,complete_coloring:large,permutation_variant,True,SAT symmetry harder baseline candidate pool,warmup_rollout_collect_events,False,0.0,0.0,0.0
complete_coloring,k10_color9_perm1731,k10_color9,perm_seed1731,2,neutral_weighted_glucose,1,2,2,2,/Users/cchao/EchoSAT/RLAF/runs/GNN_Glucose_3SAT_EchoSAT_SymmetryGRPO_v1_2_WC1_HardNeg_Full/iter=15.pt,glucose,enhanced,False,patched_pretrue_main,event,strong,strong_symmetry,large,v10_c9,main,complete_coloring:large,permutation_variant,True,SAT symmetry harder baseline candidate pool,event_feature_attach,False,0.0,0.0,0.0
complete_coloring,k10_color9_perm1731,k10_color9,perm_seed1731,2,neutral_weighted_glucose,1,2,2,2,/Users/cchao/EchoSAT/RLAF/runs/GNN_Glucose_3SAT_EchoSAT_SymmetryGRPO_v1_2_WC1_HardNeg_Full/iter=15.pt,glucose,enhanced,False,patched_pretrue_main,event,strong,strong_symmetry,large,v10_c9,main,complete_coloring:large,permutation_variant,True,SAT symmetry harder baseline candidate pool,adapter_inference,False,0.0,0.0,0.0
complete_coloring,k10_color9_perm1731,k10_color9,perm_seed1731,2,neutral_weighted_glucose,1,2,2,2,/Users/cchao/EchoSAT/RLAF/runs/GNN_Glucose_3SAT_EchoSAT_SymmetryGRPO_v1_2_WC1_HardNeg_Full/iter=15.pt,glucose,enhanced,False,patched_pretrue_main,event,strong,strong_symmetry,large,v10_c9,main,complete_coloring:large,permutation_variant,True,SAT symmetry harder baseline candidate pool,final_solve,True,1.56141,1.583428499987349,1.56141
complete_coloring,k10_color9_perm1731,k10_color9,perm_seed1731,2,static_weighted_glucose,1,2,2,2,/Users/cchao/EchoSAT/RLAF/runs/GNN_Glucose_3SAT_EchoSAT_SymmetryGRPO_v1_2_WC1_HardNeg_Full/iter=15.pt,glucose,enhanced,False,patched_pretrue_main,event,strong,strong_symmetry,large,v10_c9,main,complete_coloring:large,permutation_variant,True,SAT symmetry harder baseline candidate pool,static_inference,True,0.08415389060974121,0.08415389060974121,0.0
complete_coloring,k10_color9_perm1731,k10_color9,perm_seed1731,2,static_weighted_glucose,1,2,2,2,/Users/cchao/EchoSAT/RLAF/runs/GNN_Glucose_3SAT_EchoSAT_SymmetryGRPO_v1_2_WC1_HardNeg_Full/iter=15.pt,glucose,enhanced,False,patched_pretrue_main,event,strong,strong_symmetry,large,v10_c9,main,complete_coloring:large,permutation_variant,True,SAT symmetry harder baseline candidate pool,warmup_rollout_collect_events,False,0.0,0.0,0.0
complete_coloring,k10_color9_perm1731,k10_color9,perm_seed1731,2,static_weighted_glucose,1,2,2,2,/Users/cchao/EchoSAT/RLAF/runs/GNN_Glucose_3SAT_EchoSAT_SymmetryGRPO_v1_2_WC1_HardNeg_Full/iter=15.pt,glucose,enhanced,False,patched_pretrue_main,event,strong,strong_symmetry,large,v10_c9,main,complete_coloring:large,permutation_variant,True,SAT symmetry harder baseline candidate pool,event_feature_attach,False,0.0,0.0,0.0
complete_coloring,k10_color9_perm1731,k10_color9,perm_seed1731,2,static_weighted_glucose,1,2,2,2,/Users/cchao/EchoSAT/RLAF/runs/GNN_Glucose_3SAT_EchoSAT_SymmetryGRPO_v1_2_WC1_HardNeg_Full/iter=15.pt,glucose,enhanced,False,patched_pretrue_main,event,strong,strong_symmetry,large,v10_c9,main,complete_coloring:large,permutation_variant,True,SAT symmetry harder baseline candidate pool,adapter_inference,False,0.0,0.0,0.0
complete_coloring,k10_color9_perm1731,k10_color9,perm_seed1731,2,static_weighted_glucose,1,2,2,2,/Users/cchao/EchoSAT/RLAF/runs/GNN_Glucose_3SAT_EchoSAT_SymmetryGRPO_v1_2_WC1_HardNeg_Full/iter=15.pt,glucose,enhanced,False,patched_pretrue_main,event,strong,strong_symmetry,large,v10_c9,main,complete_coloring:large,permutation_variant,True,SAT symmetry harder baseline candidate pool,final_solve,True,1.55085,1.5743863749084994,1.55085
complete_coloring,k10_color9_perm1731,k10_color9,perm_seed1731,2,cached_trace_no_adapter_final,1,2,2,2,/Users/cchao/EchoSAT/RLAF/runs/GNN_Glucose_3SAT_EchoSAT_SymmetryGRPO_v1_2_WC1_HardNeg_Full/iter=15.pt,glucose,enhanced,False,patched_pretrue_main,event,strong,strong_symmetry,large,v10_c9,main,complete_coloring:large,permutation_variant,True,SAT symmetry harder baseline candidate pool,static_inference,True,0.08415389060974121,0.08415389060974121,0.0
complete_coloring,k10_color9_perm1731,k10_color9,perm_seed1731,2,cached_trace_no_adapter_final,1,2,2,2,/Users/cchao/EchoSAT/RLAF/runs/GNN_Glucose_3SAT_EchoSAT_SymmetryGRPO_v1_2_WC1_HardNeg_Full/iter=15.pt,glucose,enhanced,False,patched_pretrue_main,event,strong,strong_symmetry,large,v10_c9,main,complete_coloring:large,permutation_variant,True,SAT symmetry harder baseline candidate pool,warmup_rollout_collect_events,True,0.000943,0.0037414170801639557,0.000943
complete_coloring,k10_color9_perm1731,k10_color9,perm_seed1731,2,cached_trace_no_adapter_final,1,2,2,2,/Users/cchao/EchoSAT/RLAF/runs/GNN_Glucose_3SAT_EchoSAT_SymmetryGRPO_v1_2_WC1_HardNeg_Full/iter=15.pt,glucose,enhanced,False,patched_pretrue_main,event,strong,strong_symmetry,large,v10_c9,main,complete_coloring:large,permutation_variant,True,SAT symmetry harder baseline candidate pool,event_feature_attach,True,0.0001287920167669654,0.0001287920167669654,0.0
complete_coloring,k10_color9_perm1731,k10_color9,perm_seed1731,2,cached_trace_no_adapter_final,1,2,2,2,/Users/cchao/EchoSAT/RLAF/runs/GNN_Glucose_3SAT_EchoSAT_SymmetryGRPO_v1_2_WC1_HardNeg_Full/iter=15.pt,glucose,enhanced,False,patched_pretrue_main,event,strong,strong_symmetry,large,v10_c9,main,complete_coloring:large,permutation_variant,True,SAT symmetry harder baseline candidate pool,adapter_inference,False,0.0,0.0,0.0
complete_coloring,k10_color9_perm1731,k10_color9,perm_seed1731,2,cached_trace_no_adapter_final,1,2,2,2,/Users/cchao/EchoSAT/RLAF/runs/GNN_Glucose_3SAT_EchoSAT_SymmetryGRPO_v1_2_WC1_HardNeg_Full/iter=15.pt,glucose,enhanced,False,patched_pretrue_main,event,strong,strong_symmetry,large,v10_c9,main,complete_coloring:large,permutation_variant,True,SAT symmetry harder baseline candidate pool,final_solve,True,1.55085,1.5743863749084994,1.55085
complete_coloring,k10_color9_perm1731,k10_color9,perm_seed1731,2,event_adapter_final,1,2,2,2,/Users/cchao/EchoSAT/RLAF/runs/GNN_Glucose_3SAT_EchoSAT_SymmetryGRPO_v1_2_WC1_HardNeg_Full/iter=15.pt,glucose,enhanced,False,patched_pretrue_main,event,strong,strong_symmetry,large,v10_c9,main,complete_coloring:large,permutation_variant,True,SAT symmetry harder baseline candidate pool,static_inference,True,0.08415389060974121,0.08415389060974121,0.0
complete_coloring,k10_color9_perm1731,k10_color9,perm_seed1731,2,event_adapter_final,1,2,2,2,/Users/cchao/EchoSAT/RLAF/runs/GNN_Glucose_3SAT_EchoSAT_SymmetryGRPO_v1_2_WC1_HardNeg_Full/iter=15.pt,glucose,enhanced,False,patched_pretrue_main,event,strong,strong_symmetry,large,v10_c9,main,complete_coloring:large,permutation_variant,True,SAT symmetry harder baseline candidate pool,warmup_rollout_collect_events,True,0.000943,0.0037414170801639557,0.000943
complete_coloring,k10_color9_perm1731,k10_color9,perm_seed1731,2,event_adapter_final,1,2,2,2,/Users/cchao/EchoSAT/RLAF/runs/GNN_Glucose_3SAT_EchoSAT_SymmetryGRPO_v1_2_WC1_HardNeg_Full/iter=15.pt,glucose,enhanced,False,patched_pretrue_main,event,strong,strong_symmetry,large,v10_c9,main,complete_coloring:large,permutation_variant,True,SAT symmetry harder baseline candidate pool,event_feature_attach,True,0.0001287920167669654,0.0001287920167669654,0.0
complete_coloring,k10_color9_perm1731,k10_color9,perm_seed1731,2,event_adapter_final,1,2,2,2,/Users/cchao/EchoSAT/RLAF/runs/GNN_Glucose_3SAT_EchoSAT_SymmetryGRPO_v1_2_WC1_HardNeg_Full/iter=15.pt,glucose,enhanced,False,patched_pretrue_main,event,strong,strong_symmetry,large,v10_c9,main,complete_coloring:large,permutation_variant,True,SAT symmetry harder baseline candidate pool,adapter_inference,True,0.0008189678192138672,0.0008189678192138672,0.0
complete_coloring,k10_color9_perm1731,k10_color9,perm_seed1731,2,event_adapter_final,1,2,2,2,/Users/cchao/EchoSAT/RLAF/runs/GNN_Glucose_3SAT_EchoSAT_SymmetryGRPO_v1_2_WC1_HardNeg_Full/iter=15.pt,glucose,enhanced,False,patched_pretrue_main,event,strong,strong_symmetry,large,v10_c9,main,complete_coloring:large,permutation_variant,True,SAT symmetry harder baseline candidate pool,final_solve,True,1.85771,1.8950226249871776,1.85771
php,php_p10_h9,php_p10_h9,base,3,plain_unguided_glucose,1,2,2,2,/Users/cchao/EchoSAT/RLAF/runs/GNN_Glucose_3SAT_EchoSAT_SymmetryGRPO_v1_2_WC1_HardNeg_Full/iter=15.pt,glucose,enhanced,False,patched_pretrue_main,event,strong,strong_symmetry,large,p10_h9,main,php:large,base,False,SAT symmetry harder baseline candidate pool,static_inference,False,0.0,0.0,0.0
php,php_p10_h9,php_p10_h9,base,3,plain_unguided_glucose,1,2,2,2,/Users/cchao/EchoSAT/RLAF/runs/GNN_Glucose_3SAT_EchoSAT_SymmetryGRPO_v1_2_WC1_HardNeg_Full/iter=15.pt,glucose,enhanced,False,patched_pretrue_main,event,strong,strong_symmetry,large,p10_h9,main,php:large,base,False,SAT symmetry harder baseline candidate pool,warmup_rollout_collect_events,False,0.0,0.0,0.0
php,php_p10_h9,php_p10_h9,base,3,plain_unguided_glucose,1,2,2,2,/Users/cchao/EchoSAT/RLAF/runs/GNN_Glucose_3SAT_EchoSAT_SymmetryGRPO_v1_2_WC1_HardNeg_Full/iter=15.pt,glucose,enhanced,False,patched_pretrue_main,event,strong,strong_symmetry,large,p10_h9,main,php:large,base,False,SAT symmetry harder baseline candidate pool,event_feature_attach,False,0.0,0.0,0.0
php,php_p10_h9,php_p10_h9,base,3,plain_unguided_glucose,1,2,2,2,/Users/cchao/EchoSAT/RLAF/runs/GNN_Glucose_3SAT_EchoSAT_SymmetryGRPO_v1_2_WC1_HardNeg_Full/iter=15.pt,glucose,enhanced,False,patched_pretrue_main,event,strong,strong_symmetry,large,p10_h9,main,php:large,base,False,SAT symmetry harder baseline candidate pool,adapter_inference,False,0.0,0.0,0.0
php,php_p10_h9,php_p10_h9,base,3,plain_unguided_glucose,1,2,2,2,/Users/cchao/EchoSAT/RLAF/runs/GNN_Glucose_3SAT_EchoSAT_SymmetryGRPO_v1_2_WC1_HardNeg_Full/iter=15.pt,glucose,enhanced,False,patched_pretrue_main,event,strong,strong_symmetry,large,p10_h9,main,php:large,base,False,SAT symmetry harder baseline candidate pool,final_solve,True,1.35977,1.3886033330345526,1.35977
php,php_p10_h9,php_p10_h9,base,3,neutral_weighted_glucose,1,2,2,2,/Users/cchao/EchoSAT/RLAF/runs/GNN_Glucose_3SAT_EchoSAT_SymmetryGRPO_v1_2_WC1_HardNeg_Full/iter=15.pt,glucose,enhanced,False,patched_pretrue_main,event,strong,strong_symmetry,large,p10_h9,main,php:large,base,False,SAT symmetry harder baseline candidate pool,static_inference,False,0.0,0.0,0.0
php,php_p10_h9,php_p10_h9,base,3,neutral_weighted_glucose,1,2,2,2,/Users/cchao/EchoSAT/RLAF/runs/GNN_Glucose_3SAT_EchoSAT_SymmetryGRPO_v1_2_WC1_HardNeg_Full/iter=15.pt,glucose,enhanced,False,patched_pretrue_main,event,strong,strong_symmetry,large,p10_h9,main,php:large,base,False,SAT symmetry harder baseline candidate pool,warmup_rollout_collect_events,False,0.0,0.0,0.0
php,php_p10_h9,php_p10_h9,base,3,neutral_weighted_glucose,1,2,2,2,/Users/cchao/EchoSAT/RLAF/runs/GNN_Glucose_3SAT_EchoSAT_SymmetryGRPO_v1_2_WC1_HardNeg_Full/iter=15.pt,glucose,enhanced,False,patched_pretrue_main,event,strong,strong_symmetry,large,p10_h9,main,php:large,base,False,SAT symmetry harder baseline candidate pool,event_feature_attach,False,0.0,0.0,0.0
php,php_p10_h9,php_p10_h9,base,3,neutral_weighted_glucose,1,2,2,2,/Users/cchao/EchoSAT/RLAF/runs/GNN_Glucose_3SAT_EchoSAT_SymmetryGRPO_v1_2_WC1_HardNeg_Full/iter=15.pt,glucose,enhanced,False,patched_pretrue_main,event,strong,strong_symmetry,large,p10_h9,main,php:large,base,False,SAT symmetry harder baseline candidate pool,adapter_inference,False,0.0,0.0,0.0
php,php_p10_h9,php_p10_h9,base,3,neutral_weighted_glucose,1,2,2,2,/Users/cchao/EchoSAT/RLAF/runs/GNN_Glucose_3SAT_EchoSAT_SymmetryGRPO_v1_2_WC1_HardNeg_Full/iter=15.pt,glucose,enhanced,False,patched_pretrue_main,event,strong,strong_symmetry,large,p10_h9,main,php:large,base,False,SAT symmetry harder baseline candidate pool,final_solve,True,1.36092,1.380185708985664,1.36092
php,php_p10_h9,php_p10_h9,base,3,static_weighted_glucose,1,2,2,2,/Users/cchao/EchoSAT/RLAF/runs/GNN_Glucose_3SAT_EchoSAT_SymmetryGRPO_v1_2_WC1_HardNeg_Full/iter=15.pt,glucose,enhanced,False,patched_pretrue_main,event,strong,strong_symmetry,large,p10_h9,main,php:large,base,False,SAT symmetry harder baseline candidate pool,static_inference,True,0.08415389060974121,0.08415389060974121,0.0
php,php_p10_h9,php_p10_h9,base,3,static_weighted_glucose,1,2,2,2,/Users/cchao/EchoSAT/RLAF/runs/GNN_Glucose_3SAT_EchoSAT_SymmetryGRPO_v1_2_WC1_HardNeg_Full/iter=15.pt,glucose,enhanced,False,patched_pretrue_main,event,strong,strong_symmetry,large,p10_h9,main,php:large,base,False,SAT symmetry harder baseline candidate pool,warmup_rollout_collect_events,False,0.0,0.0,0.0
php,php_p10_h9,php_p10_h9,base,3,static_weighted_glucose,1,2,2,2,/Users/cchao/EchoSAT/RLAF/runs/GNN_Glucose_3SAT_EchoSAT_SymmetryGRPO_v1_2_WC1_HardNeg_Full/iter=15.pt,glucose,enhanced,False,patched_pretrue_main,event,strong,strong_symmetry,large,p10_h9,main,php:large,base,False,SAT symmetry harder baseline candidate pool,event_feature_attach,False,0.0,0.0,0.0
php,php_p10_h9,php_p10_h9,base,3,static_weighted_glucose,1,2,2,2,/Users/cchao/EchoSAT/RLAF/runs/GNN_Glucose_3SAT_EchoSAT_SymmetryGRPO_v1_2_WC1_HardNeg_Full/iter=15.pt,glucose,enhanced,False,patched_pretrue_main,event,strong,strong_symmetry,large,p10_h9,main,php:large,base,False,SAT symmetry harder baseline candidate pool,adapter_inference,False,0.0,0.0,0.0
php,php_p10_h9,php_p10_h9,base,3,static_weighted_glucose,1,2,2,2,/Users/cchao/EchoSAT/RLAF/runs/GNN_Glucose_3SAT_EchoSAT_SymmetryGRPO_v1_2_WC1_HardNeg_Full/iter=15.pt,glucose,enhanced,False,patched_pretrue_main,event,strong,strong_symmetry,large,p10_h9,main,php:large,base,False,SAT symmetry harder baseline candidate pool,final_solve,True,1.27267,1.3000989579595625,1.27267
php,php_p10_h9,php_p10_h9,base,3,cached_trace_no_adapter_final,1,2,2,2,/Users/cchao/EchoSAT/RLAF/runs/GNN_Glucose_3SAT_EchoSAT_SymmetryGRPO_v1_2_WC1_HardNeg_Full/iter=15.pt,glucose,enhanced,False,patched_pretrue_main,event,strong,strong_symmetry,large,p10_h9,main,php:large,base,False,SAT symmetry harder baseline candidate pool,static_inference,True,0.08415389060974121,0.08415389060974121,0.0
php,php_p10_h9,php_p10_h9,base,3,cached_trace_no_adapter_final,1,2,2,2,/Users/cchao/EchoSAT/RLAF/runs/GNN_Glucose_3SAT_EchoSAT_SymmetryGRPO_v1_2_WC1_HardNeg_Full/iter=15.pt,glucose,enhanced,False,patched_pretrue_main,event,strong,strong_symmetry,large,p10_h9,main,php:large,base,False,SAT symmetry harder baseline candidate pool,warmup_rollout_collect_events,True,0.000985,0.0038533329498022795,0.000985
php,php_p10_h9,php_p10_h9,base,3,cached_trace_no_adapter_final,1,2,2,2,/Users/cchao/EchoSAT/RLAF/runs/GNN_Glucose_3SAT_EchoSAT_SymmetryGRPO_v1_2_WC1_HardNeg_Full/iter=15.pt,glucose,enhanced,False,patched_pretrue_main,event,strong,strong_symmetry,large,p10_h9,main,php:large,base,False,SAT symmetry harder baseline candidate pool,event_feature_attach,True,0.00011629192158579826,0.00011629192158579826,0.0
php,php_p10_h9,php_p10_h9,base,3,cached_trace_no_adapter_final,1,2,2,2,/Users/cchao/EchoSAT/RLAF/runs/GNN_Glucose_3SAT_EchoSAT_SymmetryGRPO_v1_2_WC1_HardNeg_Full/iter=15.pt,glucose,enhanced,False,patched_pretrue_main,event,strong,strong_symmetry,large,p10_h9,main,php:large,base,False,SAT symmetry harder baseline candidate pool,adapter_inference,False,0.0,0.0,0.0
php,php_p10_h9,php_p10_h9,base,3,cached_trace_no_adapter_final,1,2,2,2,/Users/cchao/EchoSAT/RLAF/runs/GNN_Glucose_3SAT_EchoSAT_SymmetryGRPO_v1_2_WC1_HardNeg_Full/iter=15.pt,glucose,enhanced,False,patched_pretrue_main,event,strong,strong_symmetry,large,p10_h9,main,php:large,base,False,SAT symmetry harder baseline candidate pool,final_solve,True,1.27267,1.3000989579595625,1.27267
php,php_p10_h9,php_p10_h9,base,3,event_adapter_final,1,2,2,2,/Users/cchao/EchoSAT/RLAF/runs/GNN_Glucose_3SAT_EchoSAT_SymmetryGRPO_v1_2_WC1_HardNeg_Full/iter=15.pt,glucose,enhanced,False,patched_pretrue_main,event,strong,strong_symmetry,large,p10_h9,main,php:large,base,False,SAT symmetry harder baseline candidate pool,static_inference,True,0.08415389060974121,0.08415389060974121,0.0
php,php_p10_h9,php_p10_h9,base,3,event_adapter_final,1,2,2,2,/Users/cchao/EchoSAT/RLAF/runs/GNN_Glucose_3SAT_EchoSAT_SymmetryGRPO_v1_2_WC1_HardNeg_Full/iter=15.pt,glucose,enhanced,False,patched_pretrue_main,event,strong,strong_symmetry,large,p10_h9,main,php:large,base,False,SAT symmetry harder baseline candidate pool,warmup_rollout_collect_events,True,0.000985,0.0038533329498022795,0.000985
php,php_p10_h9,php_p10_h9,base,3,event_adapter_final,1,2,2,2,/Users/cchao/EchoSAT/RLAF/runs/GNN_Glucose_3SAT_EchoSAT_SymmetryGRPO_v1_2_WC1_HardNeg_Full/iter=15.pt,glucose,enhanced,False,patched_pretrue_main,event,strong,strong_symmetry,large,p10_h9,main,php:large,base,False,SAT symmetry harder baseline candidate pool,event_feature_attach,True,0.00011629192158579826,0.00011629192158579826,0.0
php,php_p10_h9,php_p10_h9,base,3,event_adapter_final,1,2,2,2,/Users/cchao/EchoSAT/RLAF/runs/GNN_Glucose_3SAT_EchoSAT_SymmetryGRPO_v1_2_WC1_HardNeg_Full/iter=15.pt,glucose,enhanced,False,patched_pretrue_main,event,strong,strong_symmetry,large,p10_h9,main,php:large,base,False,SAT symmetry harder baseline candidate pool,adapter_inference,True,0.0008189678192138672,0.0008189678192138672,0.0
php,php_p10_h9,php_p10_h9,base,3,event_adapter_final,1,2,2,2,/Users/cchao/EchoSAT/RLAF/runs/GNN_Glucose_3SAT_EchoSAT_SymmetryGRPO_v1_2_WC1_HardNeg_Full/iter=15.pt,glucose,enhanced,False,patched_pretrue_main,event,strong,strong_symmetry,large,p10_h9,main,php:large,base,False,SAT symmetry harder baseline candidate pool,final_solve,True,1.32155,1.3404851669911295,1.32155
php,php_p10_h9_perm1730,php_p10_h9,perm_seed1730,4,plain_unguided_glucose,1,2,2,2,/Users/cchao/EchoSAT/RLAF/runs/GNN_Glucose_3SAT_EchoSAT_SymmetryGRPO_v1_2_WC1_HardNeg_Full/iter=15.pt,glucose,enhanced,False,patched_pretrue_main,event,strong,strong_symmetry,large,p10_h9,main,php:large,permutation_variant,True,SAT symmetry harder baseline candidate pool,static_inference,False,0.0,0.0,0.0
php,php_p10_h9_perm1730,php_p10_h9,perm_seed1730,4,plain_unguided_glucose,1,2,2,2,/Users/cchao/EchoSAT/RLAF/runs/GNN_Glucose_3SAT_EchoSAT_SymmetryGRPO_v1_2_WC1_HardNeg_Full/iter=15.pt,glucose,enhanced,False,patched_pretrue_main,event,strong,strong_symmetry,large,p10_h9,main,php:large,permutation_variant,True,SAT symmetry harder baseline candidate pool,warmup_rollout_collect_events,False,0.0,0.0,0.0
php,php_p10_h9_perm1730,php_p10_h9,perm_seed1730,4,plain_unguided_glucose,1,2,2,2,/Users/cchao/EchoSAT/RLAF/runs/GNN_Glucose_3SAT_EchoSAT_SymmetryGRPO_v1_2_WC1_HardNeg_Full/iter=15.pt,glucose,enhanced,False,patched_pretrue_main,event,strong,strong_symmetry,large,p10_h9,main,php:large,permutation_variant,True,SAT symmetry harder baseline candidate pool,event_feature_attach,False,0.0,0.0,0.0
php,php_p10_h9_perm1730,php_p10_h9,perm_seed1730,4,plain_unguided_glucose,1,2,2,2,/Users/cchao/EchoSAT/RLAF/runs/GNN_Glucose_3SAT_EchoSAT_SymmetryGRPO_v1_2_WC1_HardNeg_Full/iter=15.pt,glucose,enhanced,False,patched_pretrue_main,event,strong,strong_symmetry,large,p10_h9,main,php:large,permutation_variant,True,SAT symmetry harder baseline candidate pool,adapter_inference,False,0.0,0.0,0.0
php,php_p10_h9_perm1730,php_p10_h9,perm_seed1730,4,plain_unguided_glucose,1,2,2,2,/Users/cchao/EchoSAT/RLAF/runs/GNN_Glucose_3SAT_EchoSAT_SymmetryGRPO_v1_2_WC1_HardNeg_Full/iter=15.pt,glucose,enhanced,False,patched_pretrue_main,event,strong,strong_symmetry,large,p10_h9,main,php:large,permutation_variant,True,SAT symmetry harder baseline candidate pool,final_solve,True,1.52682,1.5488032919820398,1.52682
php,php_p10_h9_perm1730,php_p10_h9,perm_seed1730,4,neutral_weighted_glucose,1,2,2,2,/Users/cchao/EchoSAT/RLAF/runs/GNN_Glucose_3SAT_EchoSAT_SymmetryGRPO_v1_2_WC1_HardNeg_Full/iter=15.pt,glucose,enhanced,False,patched_pretrue_main,event,strong,strong_symmetry,large,p10_h9,main,php:large,permutation_variant,True,SAT symmetry harder baseline candidate pool,static_inference,False,0.0,0.0,0.0
php,php_p10_h9_perm1730,php_p10_h9,perm_seed1730,4,neutral_weighted_glucose,1,2,2,2,/Users/cchao/EchoSAT/RLAF/runs/GNN_Glucose_3SAT_EchoSAT_SymmetryGRPO_v1_2_WC1_HardNeg_Full/iter=15.pt,glucose,enhanced,False,patched_pretrue_main,event,strong,strong_symmetry,large,p10_h9,main,php:large,permutation_variant,True,SAT symmetry harder baseline candidate pool,warmup_rollout_collect_events,False,0.0,0.0,0.0
php,php_p10_h9_perm1730,php_p10_h9,perm_seed1730,4,neutral_weighted_glucose,1,2,2,2,/Users/cchao/EchoSAT/RLAF/runs/GNN_Glucose_3SAT_EchoSAT_SymmetryGRPO_v1_2_WC1_HardNeg_Full/iter=15.pt,glucose,enhanced,False,patched_pretrue_main,event,strong,strong_symmetry,large,p10_h9,main,php:large,permutation_variant,True,SAT symmetry harder baseline candidate pool,event_feature_attach,False,0.0,0.0,0.0
php,php_p10_h9_perm1730,php_p10_h9,perm_seed1730,4,neutral_weighted_glucose,1,2,2,2,/Users/cchao/EchoSAT/RLAF/runs/GNN_Glucose_3SAT_EchoSAT_SymmetryGRPO_v1_2_WC1_HardNeg_Full/iter=15.pt,glucose,enhanced,False,patched_pretrue_main,event,strong,strong_symmetry,large,p10_h9,main,php:large,permutation_variant,True,SAT symmetry harder baseline candidate pool,adapter_inference,False,0.0,0.0,0.0
php,php_p10_h9_perm1730,php_p10_h9,perm_seed1730,4,neutral_weighted_glucose,1,2,2,2,/Users/cchao/EchoSAT/RLAF/runs/GNN_Glucose_3SAT_EchoSAT_SymmetryGRPO_v1_2_WC1_HardNeg_Full/iter=15.pt,glucose,enhanced,False,patched_pretrue_main,event,strong,strong_symmetry,large,p10_h9,main,php:large,permutation_variant,True,SAT symmetry harder baseline candidate pool,final_solve,True,1.59885,1.6242510000010952,1.59885
php,php_p10_h9_perm1730,php_p10_h9,perm_seed1730,4,static_weighted_glucose,1,2,2,2,/Users/cchao/EchoSAT/RLAF/runs/GNN_Glucose_3SAT_EchoSAT_SymmetryGRPO_v1_2_WC1_HardNeg_Full/iter=15.pt,glucose,enhanced,False,patched_pretrue_main,event,strong,strong_symmetry,large,p10_h9,main,php:large,permutation_variant,True,SAT symmetry harder baseline candidate pool,static_inference,True,0.08415389060974121,0.08415389060974121,0.0
php,php_p10_h9_perm1730,php_p10_h9,perm_seed1730,4,static_weighted_glucose,1,2,2,2,/Users/cchao/EchoSAT/RLAF/runs/GNN_Glucose_3SAT_EchoSAT_SymmetryGRPO_v1_2_WC1_HardNeg_Full/iter=15.pt,glucose,enhanced,False,patched_pretrue_main,event,strong,strong_symmetry,large,p10_h9,main,php:large,permutation_variant,True,SAT symmetry harder baseline candidate pool,warmup_rollout_collect_events,False,0.0,0.0,0.0
php,php_p10_h9_perm1730,php_p10_h9,perm_seed1730,4,static_weighted_glucose,1,2,2,2,/Users/cchao/EchoSAT/RLAF/runs/GNN_Glucose_3SAT_EchoSAT_SymmetryGRPO_v1_2_WC1_HardNeg_Full/iter=15.pt,glucose,enhanced,False,patched_pretrue_main,event,strong,strong_symmetry,large,p10_h9,main,php:large,permutation_variant,True,SAT symmetry harder baseline candidate pool,event_feature_attach,False,0.0,0.0,0.0
php,php_p10_h9_perm1730,php_p10_h9,perm_seed1730,4,static_weighted_glucose,1,2,2,2,/Users/cchao/EchoSAT/RLAF/runs/GNN_Glucose_3SAT_EchoSAT_SymmetryGRPO_v1_2_WC1_HardNeg_Full/iter=15.pt,glucose,enhanced,False,patched_pretrue_main,event,strong,strong_symmetry,large,p10_h9,main,php:large,permutation_variant,True,SAT symmetry harder baseline candidate pool,adapter_inference,False,0.0,0.0,0.0
php,php_p10_h9_perm1730,php_p10_h9,perm_seed1730,4,static_weighted_glucose,1,2,2,2,/Users/cchao/EchoSAT/RLAF/runs/GNN_Glucose_3SAT_EchoSAT_SymmetryGRPO_v1_2_WC1_HardNeg_Full/iter=15.pt,glucose,enhanced,False,patched_pretrue_main,event,strong,strong_symmetry,large,p10_h9,main,php:large,permutation_variant,True,SAT symmetry harder baseline candidate pool,final_solve,True,1.44146,1.4792552499566227,1.44146
php,php_p10_h9_perm1730,php_p10_h9,perm_seed1730,4,cached_trace_no_adapter_final,1,2,2,2,/Users/cchao/EchoSAT/RLAF/runs/GNN_Glucose_3SAT_EchoSAT_SymmetryGRPO_v1_2_WC1_HardNeg_Full/iter=15.pt,glucose,enhanced,False,patched_pretrue_main,event,strong,strong_symmetry,large,p10_h9,main,php:large,permutation_variant,True,SAT symmetry harder baseline candidate pool,static_inference,True,0.08415389060974121,0.08415389060974121,0.0
php,php_p10_h9_perm1730,php_p10_h9,perm_seed1730,4,cached_trace_no_adapter_final,1,2,2,2,/Users/cchao/EchoSAT/RLAF/runs/GNN_Glucose_3SAT_EchoSAT_SymmetryGRPO_v1_2_WC1_HardNeg_Full/iter=15.pt,glucose,enhanced,False,patched_pretrue_main,event,strong,strong_symmetry,large,p10_h9,main,php:large,permutation_variant,True,SAT symmetry harder baseline candidate pool,warmup_rollout_collect_events,True,0.000977,0.00422845792490989,0.000977
php,php_p10_h9_perm1730,php_p10_h9,perm_seed1730,4,cached_trace_no_adapter_final,1,2,2,2,/Users/cchao/EchoSAT/RLAF/runs/GNN_Glucose_3SAT_EchoSAT_SymmetryGRPO_v1_2_WC1_HardNeg_Full/iter=15.pt,glucose,enhanced,False,patched_pretrue_main,event,strong,strong_symmetry,large,p10_h9,main,php:large,permutation_variant,True,SAT symmetry harder baseline candidate pool,event_feature_attach,True,0.00011124997399747372,0.00011124997399747372,0.0
php,php_p10_h9_perm1730,php_p10_h9,perm_seed1730,4,cached_trace_no_adapter_final,1,2,2,2,/Users/cchao/EchoSAT/RLAF/runs/GNN_Glucose_3SAT_EchoSAT_SymmetryGRPO_v1_2_WC1_HardNeg_Full/iter=15.pt,glucose,enhanced,False,patched_pretrue_main,event,strong,strong_symmetry,large,p10_h9,main,php:large,permutation_variant,True,SAT symmetry harder baseline candidate pool,adapter_inference,False,0.0,0.0,0.0
php,php_p10_h9_perm1730,php_p10_h9,perm_seed1730,4,cached_trace_no_adapter_final,1,2,2,2,/Users/cchao/EchoSAT/RLAF/runs/GNN_Glucose_3SAT_EchoSAT_SymmetryGRPO_v1_2_WC1_HardNeg_Full/iter=15.pt,glucose,enhanced,False,patched_pretrue_main,event,strong,strong_symmetry,large,p10_h9,main,php:large,permutation_variant,True,SAT symmetry harder baseline candidate pool,final_solve,True,1.44146,1.4792552499566227,1.44146
php,php_p10_h9_perm1730,php_p10_h9,perm_seed1730,4,event_adapter_final,1,2,2,2,/Users/cchao/EchoSAT/RLAF/runs/GNN_Glucose_3SAT_EchoSAT_SymmetryGRPO_v1_2_WC1_HardNeg_Full/iter=15.pt,glucose,enhanced,False,patched_pretrue_main,event,strong,strong_symmetry,large,p10_h9,main,php:large,permutation_variant,True,SAT symmetry harder baseline candidate pool,static_inference,True,0.08415389060974121,0.08415389060974121,0.0
php,php_p10_h9_perm1730,php_p10_h9,perm_seed1730,4,event_adapter_final,1,2,2,2,/Users/cchao/EchoSAT/RLAF/runs/GNN_Glucose_3SAT_EchoSAT_SymmetryGRPO_v1_2_WC1_HardNeg_Full/iter=15.pt,glucose,enhanced,False,patched_pretrue_main,event,strong,strong_symmetry,large,p10_h9,main,php:large,permutation_variant,True,SAT symmetry harder baseline candidate pool,warmup_rollout_collect_events,True,0.000977,0.00422845792490989,0.000977
php,php_p10_h9_perm1730,php_p10_h9,perm_seed1730,4,event_adapter_final,1,2,2,2,/Users/cchao/EchoSAT/RLAF/runs/GNN_Glucose_3SAT_EchoSAT_SymmetryGRPO_v1_2_WC1_HardNeg_Full/iter=15.pt,glucose,enhanced,False,patched_pretrue_main,event,strong,strong_symmetry,large,p10_h9,main,php:large,permutation_variant,True,SAT symmetry harder baseline candidate pool,event_feature_attach,True,0.00011124997399747372,0.00011124997399747372,0.0
php,php_p10_h9_perm1730,php_p10_h9,perm_seed1730,4,event_adapter_final,1,2,2,2,/Users/cchao/EchoSAT/RLAF/runs/GNN_Glucose_3SAT_EchoSAT_SymmetryGRPO_v1_2_WC1_HardNeg_Full/iter=15.pt,glucose,enhanced,False,patched_pretrue_main,event,strong,strong_symmetry,large,p10_h9,main,php:large,permutation_variant,True,SAT symmetry harder baseline candidate pool,adapter_inference,True,0.0008189678192138672,0.0008189678192138672,0.0
php,php_p10_h9_perm1730,php_p10_h9,perm_seed1730,4,event_adapter_final,1,2,2,2,/Users/cchao/EchoSAT/RLAF/runs/GNN_Glucose_3SAT_EchoSAT_SymmetryGRPO_v1_2_WC1_HardNeg_Full/iter=15.pt,glucose,enhanced,False,patched_pretrue_main,event,strong,strong_symmetry,large,p10_h9,main,php:large,permutation_variant,True,SAT symmetry harder baseline candidate pool,final_solve,True,1.50274,1.5329927079146728,1.50274
php,php_p10_h9_perm1731,php_p10_h9,perm_seed1731,5,plain_unguided_glucose,1,2,2,2,/Users/cchao/EchoSAT/RLAF/runs/GNN_Glucose_3SAT_EchoSAT_SymmetryGRPO_v1_2_WC1_HardNeg_Full/iter=15.pt,glucose,enhanced,False,patched_pretrue_main,event,strong,strong_symmetry,large,p10_h9,main,php:large,permutation_variant,True,SAT symmetry harder baseline candidate pool,static_inference,False,0.0,0.0,0.0
php,php_p10_h9_perm1731,php_p10_h9,perm_seed1731,5,plain_unguided_glucose,1,2,2,2,/Users/cchao/EchoSAT/RLAF/runs/GNN_Glucose_3SAT_EchoSAT_SymmetryGRPO_v1_2_WC1_HardNeg_Full/iter=15.pt,glucose,enhanced,False,patched_pretrue_main,event,strong,strong_symmetry,large,p10_h9,main,php:large,permutation_variant,True,SAT symmetry harder baseline candidate pool,warmup_rollout_collect_events,False,0.0,0.0,0.0
php,php_p10_h9_perm1731,php_p10_h9,perm_seed1731,5,plain_unguided_glucose,1,2,2,2,/Users/cchao/EchoSAT/RLAF/runs/GNN_Glucose_3SAT_EchoSAT_SymmetryGRPO_v1_2_WC1_HardNeg_Full/iter=15.pt,glucose,enhanced,False,patched_pretrue_main,event,strong,strong_symmetry,large,p10_h9,main,php:large,permutation_variant,True,SAT symmetry harder baseline candidate pool,event_feature_attach,False,0.0,0.0,0.0
php,php_p10_h9_perm1731,php_p10_h9,perm_seed1731,5,plain_unguided_glucose,1,2,2,2,/Users/cchao/EchoSAT/RLAF/runs/GNN_Glucose_3SAT_EchoSAT_SymmetryGRPO_v1_2_WC1_HardNeg_Full/iter=15.pt,glucose,enhanced,False,patched_pretrue_main,event,strong,strong_symmetry,large,p10_h9,main,php:large,permutation_variant,True,SAT symmetry harder baseline candidate pool,adapter_inference,False,0.0,0.0,0.0
php,php_p10_h9_perm1731,php_p10_h9,perm_seed1731,5,plain_unguided_glucose,1,2,2,2,/Users/cchao/EchoSAT/RLAF/runs/GNN_Glucose_3SAT_EchoSAT_SymmetryGRPO_v1_2_WC1_HardNeg_Full/iter=15.pt,glucose,enhanced,False,patched_pretrue_main,event,strong,strong_symmetry,large,p10_h9,main,php:large,permutation_variant,True,SAT symmetry harder baseline candidate pool,final_solve,True,1.66707,1.6909608748974279,1.66707
php,php_p10_h9_perm1731,php_p10_h9,perm_seed1731,5,neutral_weighted_glucose,1,2,2,2,/Users/cchao/EchoSAT/RLAF/runs/GNN_Glucose_3SAT_EchoSAT_SymmetryGRPO_v1_2_WC1_HardNeg_Full/iter=15.pt,glucose,enhanced,False,patched_pretrue_main,event,strong,strong_symmetry,large,p10_h9,main,php:large,permutation_variant,True,SAT symmetry harder baseline candidate pool,static_inference,False,0.0,0.0,0.0
php,php_p10_h9_perm1731,php_p10_h9,perm_seed1731,5,neutral_weighted_glucose,1,2,2,2,/Users/cchao/EchoSAT/RLAF/runs/GNN_Glucose_3SAT_EchoSAT_SymmetryGRPO_v1_2_WC1_HardNeg_Full/iter=15.pt,glucose,enhanced,False,patched_pretrue_main,event,strong,strong_symmetry,large,p10_h9,main,php:large,permutation_variant,True,SAT symmetry harder baseline candidate pool,warmup_rollout_collect_events,False,0.0,0.0,0.0
php,php_p10_h9_perm1731,php_p10_h9,perm_seed1731,5,neutral_weighted_glucose,1,2,2,2,/Users/cchao/EchoSAT/RLAF/runs/GNN_Glucose_3SAT_EchoSAT_SymmetryGRPO_v1_2_WC1_HardNeg_Full/iter=15.pt,glucose,enhanced,False,patched_pretrue_main,event,strong,strong_symmetry,large,p10_h9,main,php:large,permutation_variant,True,SAT symmetry harder baseline candidate pool,event_feature_attach,False,0.0,0.0,0.0
php,php_p10_h9_perm1731,php_p10_h9,perm_seed1731,5,neutral_weighted_glucose,1,2,2,2,/Users/cchao/EchoSAT/RLAF/runs/GNN_Glucose_3SAT_EchoSAT_SymmetryGRPO_v1_2_WC1_HardNeg_Full/iter=15.pt,glucose,enhanced,False,patched_pretrue_main,event,strong,strong_symmetry,large,p10_h9,main,php:large,permutation_variant,True,SAT symmetry harder baseline candidate pool,adapter_inference,False,0.0,0.0,0.0
php,php_p10_h9_perm1731,php_p10_h9,perm_seed1731,5,neutral_weighted_glucose,1,2,2,2,/Users/cchao/EchoSAT/RLAF/runs/GNN_Glucose_3SAT_EchoSAT_SymmetryGRPO_v1_2_WC1_HardNeg_Full/iter=15.pt,glucose,enhanced,False,patched_pretrue_main,event,strong,strong_symmetry,large,p10_h9,main,php:large,permutation_variant,True,SAT symmetry harder baseline candidate pool,final_solve,True,1.51591,1.541451167082414,1.51591
php,php_p10_h9_perm1731,php_p10_h9,perm_seed1731,5,static_weighted_glucose,1,2,2,2,/Users/cchao/EchoSAT/RLAF/runs/GNN_Glucose_3SAT_EchoSAT_SymmetryGRPO_v1_2_WC1_HardNeg_Full/iter=15.pt,glucose,enhanced,False,patched_pretrue_main,event,strong,strong_symmetry,large,p10_h9,main,php:large,permutation_variant,True,SAT symmetry harder baseline candidate pool,static_inference,True,0.08415389060974121,0.08415389060974121,0.0
php,php_p10_h9_perm1731,php_p10_h9,perm_seed1731,5,static_weighted_glucose,1,2,2,2,/Users/cchao/EchoSAT/RLAF/runs/GNN_Glucose_3SAT_EchoSAT_SymmetryGRPO_v1_2_WC1_HardNeg_Full/iter=15.pt,glucose,enhanced,False,patched_pretrue_main,event,strong,strong_symmetry,large,p10_h9,main,php:large,permutation_variant,True,SAT symmetry harder baseline candidate pool,warmup_rollout_collect_events,False,0.0,0.0,0.0
php,php_p10_h9_perm1731,php_p10_h9,perm_seed1731,5,static_weighted_glucose,1,2,2,2,/Users/cchao/EchoSAT/RLAF/runs/GNN_Glucose_3SAT_EchoSAT_SymmetryGRPO_v1_2_WC1_HardNeg_Full/iter=15.pt,glucose,enhanced,False,patched_pretrue_main,event,strong,strong_symmetry,large,p10_h9,main,php:large,permutation_variant,True,SAT symmetry harder baseline candidate pool,event_feature_attach,False,0.0,0.0,0.0
php,php_p10_h9_perm1731,php_p10_h9,perm_seed1731,5,static_weighted_glucose,1,2,2,2,/Users/cchao/EchoSAT/RLAF/runs/GNN_Glucose_3SAT_EchoSAT_SymmetryGRPO_v1_2_WC1_HardNeg_Full/iter=15.pt,glucose,enhanced,False,patched_pretrue_main,event,strong,strong_symmetry,large,p10_h9,main,php:large,permutation_variant,True,SAT symmetry harder baseline candidate pool,adapter_inference,False,0.0,0.0,0.0
php,php_p10_h9_perm1731,php_p10_h9,perm_seed1731,5,static_weighted_glucose,1,2,2,2,/Users/cchao/EchoSAT/RLAF/runs/GNN_Glucose_3SAT_EchoSAT_SymmetryGRPO_v1_2_WC1_HardNeg_Full/iter=15.pt,glucose,enhanced,False,patched_pretrue_main,event,strong,strong_symmetry,large,p10_h9,main,php:large,permutation_variant,True,SAT symmetry harder baseline candidate pool,final_solve,True,1.5161,1.5585711249150336,1.5161
php,php_p10_h9_perm1731,php_p10_h9,perm_seed1731,5,cached_trace_no_adapter_final,1,2,2,2,/Users/cchao/EchoSAT/RLAF/runs/GNN_Glucose_3SAT_EchoSAT_SymmetryGRPO_v1_2_WC1_HardNeg_Full/iter=15.pt,glucose,enhanced,False,patched_pretrue_main,event,strong,strong_symmetry,large,p10_h9,main,php:large,permutation_variant,True,SAT symmetry harder baseline candidate pool,static_inference,True,0.08415389060974121,0.08415389060974121,0.0
php,php_p10_h9_perm1731,php_p10_h9,perm_seed1731,5,cached_trace_no_adapter_final,1,2,2,2,/Users/cchao/EchoSAT/RLAF/runs/GNN_Glucose_3SAT_EchoSAT_SymmetryGRPO_v1_2_WC1_HardNeg_Full/iter=15.pt,glucose,enhanced,False,patched_pretrue_main,event,strong,strong_symmetry,large,p10_h9,main,php:large,permutation_variant,True,SAT symmetry harder baseline candidate pool,warmup_rollout_collect_events,True,0.000909,0.0033950419165194035,0.000909
php,php_p10_h9_perm1731,php_p10_h9,perm_seed1731,5,cached_trace_no_adapter_final,1,2,2,2,/Users/cchao/EchoSAT/RLAF/runs/GNN_Glucose_3SAT_EchoSAT_SymmetryGRPO_v1_2_WC1_HardNeg_Full/iter=15.pt,glucose,enhanced,False,patched_pretrue_main,event,strong,strong_symmetry,large,p10_h9,main,php:large,permutation_variant,True,SAT symmetry harder baseline candidate pool,event_feature_attach,True,0.00010774994734674692,0.00010774994734674692,0.0
php,php_p10_h9_perm1731,php_p10_h9,perm_seed1731,5,cached_trace_no_adapter_final,1,2,2,2,/Users/cchao/EchoSAT/RLAF/runs/GNN_Glucose_3SAT_EchoSAT_SymmetryGRPO_v1_2_WC1_HardNeg_Full/iter=15.pt,glucose,enhanced,False,patched_pretrue_main,event,strong,strong_symmetry,large,p10_h9,main,php:large,permutation_variant,True,SAT symmetry harder baseline candidate pool,adapter_inference,False,0.0,0.0,0.0
php,php_p10_h9_perm1731,php_p10_h9,perm_seed1731,5,cached_trace_no_adapter_final,1,2,2,2,/Users/cchao/EchoSAT/RLAF/runs/GNN_Glucose_3SAT_EchoSAT_SymmetryGRPO_v1_2_WC1_HardNeg_Full/iter=15.pt,glucose,enhanced,False,patched_pretrue_main,event,strong,strong_symmetry,large,p10_h9,main,php:large,permutation_variant,True,SAT symmetry harder baseline candidate pool,final_solve,True,1.5161,1.5585711249150336,1.5161
php,php_p10_h9_perm1731,php_p10_h9,perm_seed1731,5,event_adapter_final,1,2,2,2,/Users/cchao/EchoSAT/RLAF/runs/GNN_Glucose_3SAT_EchoSAT_SymmetryGRPO_v1_2_WC1_HardNeg_Full/iter=15.pt,glucose,enhanced,False,patched_pretrue_main,event,strong,strong_symmetry,large,p10_h9,main,php:large,permutation_variant,True,SAT symmetry harder baseline candidate pool,static_inference,True,0.08415389060974121,0.08415389060974121,0.0
php,php_p10_h9_perm1731,php_p10_h9,perm_seed1731,5,event_adapter_final,1,2,2,2,/Users/cchao/EchoSAT/RLAF/runs/GNN_Glucose_3SAT_EchoSAT_SymmetryGRPO_v1_2_WC1_HardNeg_Full/iter=15.pt,glucose,enhanced,False,patched_pretrue_main,event,strong,strong_symmetry,large,p10_h9,main,php:large,permutation_variant,True,SAT symmetry harder baseline candidate pool,warmup_rollout_collect_events,True,0.000909,0.0033950419165194035,0.000909
php,php_p10_h9_perm1731,php_p10_h9,perm_seed1731,5,event_adapter_final,1,2,2,2,/Users/cchao/EchoSAT/RLAF/runs/GNN_Glucose_3SAT_EchoSAT_SymmetryGRPO_v1_2_WC1_HardNeg_Full/iter=15.pt,glucose,enhanced,False,patched_pretrue_main,event,strong,strong_symmetry,large,p10_h9,main,php:large,permutation_variant,True,SAT symmetry harder baseline candidate pool,event_feature_attach,True,0.00010774994734674692,0.00010774994734674692,0.0
php,php_p10_h9_perm1731,php_p10_h9,perm_seed1731,5,event_adapter_final,1,2,2,2,/Users/cchao/EchoSAT/RLAF/runs/GNN_Glucose_3SAT_EchoSAT_SymmetryGRPO_v1_2_WC1_HardNeg_Full/iter=15.pt,glucose,enhanced,False,patched_pretrue_main,event,strong,strong_symmetry,large,p10_h9,main,php:large,permutation_variant,True,SAT symmetry harder baseline candidate pool,adapter_inference,True,0.0008189678192138672,0.0008189678192138672,0.0
php,php_p10_h9_perm1731,php_p10_h9,perm_seed1731,5,event_adapter_final,1,2,2,2,/Users/cchao/EchoSAT/RLAF/runs/GNN_Glucose_3SAT_EchoSAT_SymmetryGRPO_v1_2_WC1_HardNeg_Full/iter=15.pt,glucose,enhanced,False,patched_pretrue_main,event,strong,strong_symmetry,large,p10_h9,main,php:large,permutation_variant,True,SAT symmetry harder baseline candidate pool,final_solve,True,1.35032,1.3847786250989884,1.35032
random_3sat_control,random_3sat_control_v260_c1113_seed3306,random_3sat_control_v260_c1113_seed3306,base,6,plain_unguided_glucose,1,2,2,2,/Users/cchao/EchoSAT/RLAF/runs/GNN_Glucose_3SAT_EchoSAT_SymmetryGRPO_v1_2_WC1_HardNeg_Full/iter=15.pt,glucose,enhanced,False,patched_pretrue_main,event,none,non_symmetric_control,large,vars260_clauses1113,control,random_3sat_control:large,base,False,SAT symmetry harder baseline candidate pool,static_inference,False,0.0,0.0,0.0
random_3sat_control,random_3sat_control_v260_c1113_seed3306,random_3sat_control_v260_c1113_seed3306,base,6,plain_unguided_glucose,1,2,2,2,/Users/cchao/EchoSAT/RLAF/runs/GNN_Glucose_3SAT_EchoSAT_SymmetryGRPO_v1_2_WC1_HardNeg_Full/iter=15.pt,glucose,enhanced,False,patched_pretrue_main,event,none,non_symmetric_control,large,vars260_clauses1113,control,random_3sat_control:large,base,False,SAT symmetry harder baseline candidate pool,warmup_rollout_collect_events,False,0.0,0.0,0.0
random_3sat_control,random_3sat_control_v260_c1113_seed3306,random_3sat_control_v260_c1113_seed3306,base,6,plain_unguided_glucose,1,2,2,2,/Users/cchao/EchoSAT/RLAF/runs/GNN_Glucose_3SAT_EchoSAT_SymmetryGRPO_v1_2_WC1_HardNeg_Full/iter=15.pt,glucose,enhanced,False,patched_pretrue_main,event,none,non_symmetric_control,large,vars260_clauses1113,control,random_3sat_control:large,base,False,SAT symmetry harder baseline candidate pool,event_feature_attach,False,0.0,0.0,0.0
random_3sat_control,random_3sat_control_v260_c1113_seed3306,random_3sat_control_v260_c1113_seed3306,base,6,plain_unguided_glucose,1,2,2,2,/Users/cchao/EchoSAT/RLAF/runs/GNN_Glucose_3SAT_EchoSAT_SymmetryGRPO_v1_2_WC1_HardNeg_Full/iter=15.pt,glucose,enhanced,False,patched_pretrue_main,event,none,non_symmetric_control,large,vars260_clauses1113,control,random_3sat_control:large,base,False,SAT symmetry harder baseline candidate pool,adapter_inference,False,0.0,0.0,0.0
random_3sat_control,random_3sat_control_v260_c1113_seed3306,random_3sat_control_v260_c1113_seed3306,base,6,plain_unguided_glucose,1,2,2,2,/Users/cchao/EchoSAT/RLAF/runs/GNN_Glucose_3SAT_EchoSAT_SymmetryGRPO_v1_2_WC1_HardNeg_Full/iter=15.pt,glucose,enhanced,False,patched_pretrue_main,event,none,non_symmetric_control,large,vars260_clauses1113,control,random_3sat_control:large,base,False,SAT symmetry harder baseline candidate pool,final_solve,True,2.02796,2.05735070805531,2.02796
random_3sat_control,random_3sat_control_v260_c1113_seed3306,random_3sat_control_v260_c1113_seed3306,base,6,neutral_weighted_glucose,1,2,2,2,/Users/cchao/EchoSAT/RLAF/runs/GNN_Glucose_3SAT_EchoSAT_SymmetryGRPO_v1_2_WC1_HardNeg_Full/iter=15.pt,glucose,enhanced,False,patched_pretrue_main,event,none,non_symmetric_control,large,vars260_clauses1113,control,random_3sat_control:large,base,False,SAT symmetry harder baseline candidate pool,static_inference,False,0.0,0.0,0.0
random_3sat_control,random_3sat_control_v260_c1113_seed3306,random_3sat_control_v260_c1113_seed3306,base,6,neutral_weighted_glucose,1,2,2,2,/Users/cchao/EchoSAT/RLAF/runs/GNN_Glucose_3SAT_EchoSAT_SymmetryGRPO_v1_2_WC1_HardNeg_Full/iter=15.pt,glucose,enhanced,False,patched_pretrue_main,event,none,non_symmetric_control,large,vars260_clauses1113,control,random_3sat_control:large,base,False,SAT symmetry harder baseline candidate pool,warmup_rollout_collect_events,False,0.0,0.0,0.0
random_3sat_control,random_3sat_control_v260_c1113_seed3306,random_3sat_control_v260_c1113_seed3306,base,6,neutral_weighted_glucose,1,2,2,2,/Users/cchao/EchoSAT/RLAF/runs/GNN_Glucose_3SAT_EchoSAT_SymmetryGRPO_v1_2_WC1_HardNeg_Full/iter=15.pt,glucose,enhanced,False,patched_pretrue_main,event,none,non_symmetric_control,large,vars260_clauses1113,control,random_3sat_control:large,base,False,SAT symmetry harder baseline candidate pool,event_feature_attach,False,0.0,0.0,0.0
random_3sat_control,random_3sat_control_v260_c1113_seed3306,random_3sat_control_v260_c1113_seed3306,base,6,neutral_weighted_glucose,1,2,2,2,/Users/cchao/EchoSAT/RLAF/runs/GNN_Glucose_3SAT_EchoSAT_SymmetryGRPO_v1_2_WC1_HardNeg_Full/iter=15.pt,glucose,enhanced,False,patched_pretrue_main,event,none,non_symmetric_control,large,vars260_clauses1113,control,random_3sat_control:large,base,False,SAT symmetry harder baseline candidate pool,adapter_inference,False,0.0,0.0,0.0
random_3sat_control,random_3sat_control_v260_c1113_seed3306,random_3sat_control_v260_c1113_seed3306,base,6,neutral_weighted_glucose,1,2,2,2,/Users/cchao/EchoSAT/RLAF/runs/GNN_Glucose_3SAT_EchoSAT_SymmetryGRPO_v1_2_WC1_HardNeg_Full/iter=15.pt,glucose,enhanced,False,patched_pretrue_main,event,none,non_symmetric_control,large,vars260_clauses1113,control,random_3sat_control:large,base,False,SAT symmetry harder baseline candidate pool,final_solve,True,2.22845,2.2707768749678507,2.22845
random_3sat_control,random_3sat_control_v260_c1113_seed3306,random_3sat_control_v260_c1113_seed3306,base,6,static_weighted_glucose,1,2,2,2,/Users/cchao/EchoSAT/RLAF/runs/GNN_Glucose_3SAT_EchoSAT_SymmetryGRPO_v1_2_WC1_HardNeg_Full/iter=15.pt,glucose,enhanced,False,patched_pretrue_main,event,none,non_symmetric_control,large,vars260_clauses1113,control,random_3sat_control:large,base,False,SAT symmetry harder baseline candidate pool,static_inference,True,0.08415389060974121,0.08415389060974121,0.0
random_3sat_control,random_3sat_control_v260_c1113_seed3306,random_3sat_control_v260_c1113_seed3306,base,6,static_weighted_glucose,1,2,2,2,/Users/cchao/EchoSAT/RLAF/runs/GNN_Glucose_3SAT_EchoSAT_SymmetryGRPO_v1_2_WC1_HardNeg_Full/iter=15.pt,glucose,enhanced,False,patched_pretrue_main,event,none,non_symmetric_control,large,vars260_clauses1113,control,random_3sat_control:large,base,False,SAT symmetry harder baseline candidate pool,warmup_rollout_collect_events,False,0.0,0.0,0.0
random_3sat_control,random_3sat_control_v260_c1113_seed3306,random_3sat_control_v260_c1113_seed3306,base,6,static_weighted_glucose,1,2,2,2,/Users/cchao/EchoSAT/RLAF/runs/GNN_Glucose_3SAT_EchoSAT_SymmetryGRPO_v1_2_WC1_HardNeg_Full/iter=15.pt,glucose,enhanced,False,patched_pretrue_main,event,none,non_symmetric_control,large,vars260_clauses1113,control,random_3sat_control:large,base,False,SAT symmetry harder baseline candidate pool,event_feature_attach,False,0.0,0.0,0.0
random_3sat_control,random_3sat_control_v260_c1113_seed3306,random_3sat_control_v260_c1113_seed3306,base,6,static_weighted_glucose,1,2,2,2,/Users/cchao/EchoSAT/RLAF/runs/GNN_Glucose_3SAT_EchoSAT_SymmetryGRPO_v1_2_WC1_HardNeg_Full/iter=15.pt,glucose,enhanced,False,patched_pretrue_main,event,none,non_symmetric_control,large,vars260_clauses1113,control,random_3sat_control:large,base,False,SAT symmetry harder baseline candidate pool,adapter_inference,False,0.0,0.0,0.0
random_3sat_control,random_3sat_control_v260_c1113_seed3306,random_3sat_control_v260_c1113_seed3306,base,6,static_weighted_glucose,1,2,2,2,/Users/cchao/EchoSAT/RLAF/runs/GNN_Glucose_3SAT_EchoSAT_SymmetryGRPO_v1_2_WC1_HardNeg_Full/iter=15.pt,glucose,enhanced,False,patched_pretrue_main,event,none,non_symmetric_control,large,vars260_clauses1113,control,random_3sat_control:large,base,False,SAT symmetry harder baseline candidate pool,final_solve,True,2.37882,2.427762542036362,2.37882
random_3sat_control,random_3sat_control_v260_c1113_seed3306,random_3sat_control_v260_c1113_seed3306,base,6,cached_trace_no_adapter_final,1,2,2,2,/Users/cchao/EchoSAT/RLAF/runs/GNN_Glucose_3SAT_EchoSAT_SymmetryGRPO_v1_2_WC1_HardNeg_Full/iter=15.pt,glucose,enhanced,False,patched_pretrue_main,event,none,non_symmetric_control,large,vars260_clauses1113,control,random_3sat_control:large,base,False,SAT symmetry harder baseline candidate pool,static_inference,True,0.08415389060974121,0.08415389060974121,0.0
random_3sat_control,random_3sat_control_v260_c1113_seed3306,random_3sat_control_v260_c1113_seed3306,base,6,cached_trace_no_adapter_final,1,2,2,2,/Users/cchao/EchoSAT/RLAF/runs/GNN_Glucose_3SAT_EchoSAT_SymmetryGRPO_v1_2_WC1_HardNeg_Full/iter=15.pt,glucose,enhanced,False,patched_pretrue_main,event,none,non_symmetric_control,large,vars260_clauses1113,control,random_3sat_control:large,base,False,SAT symmetry harder baseline candidate pool,warmup_rollout_collect_events,True,0.001187,0.005500499974004924,0.001187
random_3sat_control,random_3sat_control_v260_c1113_seed3306,random_3sat_control_v260_c1113_seed3306,base,6,cached_trace_no_adapter_final,1,2,2,2,/Users/cchao/EchoSAT/RLAF/runs/GNN_Glucose_3SAT_EchoSAT_SymmetryGRPO_v1_2_WC1_HardNeg_Full/iter=15.pt,glucose,enhanced,False,patched_pretrue_main,event,none,non_symmetric_control,large,vars260_clauses1113,control,random_3sat_control:large,base,False,SAT symmetry harder baseline candidate pool,event_feature_attach,True,0.00015970796812325716,0.00015970796812325716,0.0
random_3sat_control,random_3sat_control_v260_c1113_seed3306,random_3sat_control_v260_c1113_seed3306,base,6,cached_trace_no_adapter_final,1,2,2,2,/Users/cchao/EchoSAT/RLAF/runs/GNN_Glucose_3SAT_EchoSAT_SymmetryGRPO_v1_2_WC1_HardNeg_Full/iter=15.pt,glucose,enhanced,False,patched_pretrue_main,event,none,non_symmetric_control,large,vars260_clauses1113,control,random_3sat_control:large,base,False,SAT symmetry harder baseline candidate pool,adapter_inference,False,0.0,0.0,0.0
random_3sat_control,random_3sat_control_v260_c1113_seed3306,random_3sat_control_v260_c1113_seed3306,base,6,cached_trace_no_adapter_final,1,2,2,2,/Users/cchao/EchoSAT/RLAF/runs/GNN_Glucose_3SAT_EchoSAT_SymmetryGRPO_v1_2_WC1_HardNeg_Full/iter=15.pt,glucose,enhanced,False,patched_pretrue_main,event,none,non_symmetric_control,large,vars260_clauses1113,control,random_3sat_control:large,base,False,SAT symmetry harder baseline candidate pool,final_solve,True,2.37882,2.427762542036362,2.37882
random_3sat_control,random_3sat_control_v260_c1113_seed3306,random_3sat_control_v260_c1113_seed3306,base,6,event_adapter_final,1,2,2,2,/Users/cchao/EchoSAT/RLAF/runs/GNN_Glucose_3SAT_EchoSAT_SymmetryGRPO_v1_2_WC1_HardNeg_Full/iter=15.pt,glucose,enhanced,False,patched_pretrue_main,event,none,non_symmetric_control,large,vars260_clauses1113,control,random_3sat_control:large,base,False,SAT symmetry harder baseline candidate pool,static_inference,True,0.08415389060974121,0.08415389060974121,0.0
random_3sat_control,random_3sat_control_v260_c1113_seed3306,random_3sat_control_v260_c1113_seed3306,base,6,event_adapter_final,1,2,2,2,/Users/cchao/EchoSAT/RLAF/runs/GNN_Glucose_3SAT_EchoSAT_SymmetryGRPO_v1_2_WC1_HardNeg_Full/iter=15.pt,glucose,enhanced,False,patched_pretrue_main,event,none,non_symmetric_control,large,vars260_clauses1113,control,random_3sat_control:large,base,False,SAT symmetry harder baseline candidate pool,warmup_rollout_collect_events,True,0.001187,0.005500499974004924,0.001187
random_3sat_control,random_3sat_control_v260_c1113_seed3306,random_3sat_control_v260_c1113_seed3306,base,6,event_adapter_final,1,2,2,2,/Users/cchao/EchoSAT/RLAF/runs/GNN_Glucose_3SAT_EchoSAT_SymmetryGRPO_v1_2_WC1_HardNeg_Full/iter=15.pt,glucose,enhanced,False,patched_pretrue_main,event,none,non_symmetric_control,large,vars260_clauses1113,control,random_3sat_control:large,base,False,SAT symmetry harder baseline candidate pool,event_feature_attach,True,0.00015970796812325716,0.00015970796812325716,0.0
random_3sat_control,random_3sat_control_v260_c1113_seed3306,random_3sat_control_v260_c1113_seed3306,base,6,event_adapter_final,1,2,2,2,/Users/cchao/EchoSAT/RLAF/runs/GNN_Glucose_3SAT_EchoSAT_SymmetryGRPO_v1_2_WC1_HardNeg_Full/iter=15.pt,glucose,enhanced,False,patched_pretrue_main,event,none,non_symmetric_control,large,vars260_clauses1113,control,random_3sat_control:large,base,False,SAT symmetry harder baseline candidate pool,adapter_inference,True,0.0008189678192138672,0.0008189678192138672,0.0
random_3sat_control,random_3sat_control_v260_c1113_seed3306,random_3sat_control_v260_c1113_seed3306,base,6,event_adapter_final,1,2,2,2,/Users/cchao/EchoSAT/RLAF/runs/GNN_Glucose_3SAT_EchoSAT_SymmetryGRPO_v1_2_WC1_HardNeg_Full/iter=15.pt,glucose,enhanced,False,patched_pretrue_main,event,none,non_symmetric_control,large,vars260_clauses1113,control,random_3sat_control:large,base,False,SAT symmetry harder baseline candidate pool,final_solve,True,2.56362,2.6075269170105457,2.56362
random_3sat_control,random_3sat_control_v260_c1113_seed3306_perm1730,random_3sat_control_v260_c1113_seed3306,perm_seed1730,7,plain_unguided_glucose,1,2,2,2,/Users/cchao/EchoSAT/RLAF/runs/GNN_Glucose_3SAT_EchoSAT_SymmetryGRPO_v1_2_WC1_HardNeg_Full/iter=15.pt,glucose,enhanced,False,patched_pretrue_main,event,none,non_symmetric_control,large,vars260_clauses1113,control,random_3sat_control:large,permutation_variant,True,SAT symmetry harder baseline candidate pool,static_inference,False,0.0,0.0,0.0
random_3sat_control,random_3sat_control_v260_c1113_seed3306_perm1730,random_3sat_control_v260_c1113_seed3306,perm_seed1730,7,plain_unguided_glucose,1,2,2,2,/Users/cchao/EchoSAT/RLAF/runs/GNN_Glucose_3SAT_EchoSAT_SymmetryGRPO_v1_2_WC1_HardNeg_Full/iter=15.pt,glucose,enhanced,False,patched_pretrue_main,event,none,non_symmetric_control,large,vars260_clauses1113,control,random_3sat_control:large,permutation_variant,True,SAT symmetry harder baseline candidate pool,warmup_rollout_collect_events,False,0.0,0.0,0.0
random_3sat_control,random_3sat_control_v260_c1113_seed3306_perm1730,random_3sat_control_v260_c1113_seed3306,perm_seed1730,7,plain_unguided_glucose,1,2,2,2,/Users/cchao/EchoSAT/RLAF/runs/GNN_Glucose_3SAT_EchoSAT_SymmetryGRPO_v1_2_WC1_HardNeg_Full/iter=15.pt,glucose,enhanced,False,patched_pretrue_main,event,none,non_symmetric_control,large,vars260_clauses1113,control,random_3sat_control:large,permutation_variant,True,SAT symmetry harder baseline candidate pool,event_feature_attach,False,0.0,0.0,0.0
random_3sat_control,random_3sat_control_v260_c1113_seed3306_perm1730,random_3sat_control_v260_c1113_seed3306,perm_seed1730,7,plain_unguided_glucose,1,2,2,2,/Users/cchao/EchoSAT/RLAF/runs/GNN_Glucose_3SAT_EchoSAT_SymmetryGRPO_v1_2_WC1_HardNeg_Full/iter=15.pt,glucose,enhanced,False,patched_pretrue_main,event,none,non_symmetric_control,large,vars260_clauses1113,control,random_3sat_control:large,permutation_variant,True,SAT symmetry harder baseline candidate pool,adapter_inference,False,0.0,0.0,0.0
random_3sat_control,random_3sat_control_v260_c1113_seed3306_perm1730,random_3sat_control_v260_c1113_seed3306,perm_seed1730,7,plain_unguided_glucose,1,2,2,2,/Users/cchao/EchoSAT/RLAF/runs/GNN_Glucose_3SAT_EchoSAT_SymmetryGRPO_v1_2_WC1_HardNeg_Full/iter=15.pt,glucose,enhanced,False,patched_pretrue_main,event,none,non_symmetric_control,large,vars260_clauses1113,control,random_3sat_control:large,permutation_variant,True,SAT symmetry harder baseline candidate pool,final_solve,True,1.7393,1.7631541670998558,1.7393
random_3sat_control,random_3sat_control_v260_c1113_seed3306_perm1730,random_3sat_control_v260_c1113_seed3306,perm_seed1730,7,neutral_weighted_glucose,1,2,2,2,/Users/cchao/EchoSAT/RLAF/runs/GNN_Glucose_3SAT_EchoSAT_SymmetryGRPO_v1_2_WC1_HardNeg_Full/iter=15.pt,glucose,enhanced,False,patched_pretrue_main,event,none,non_symmetric_control,large,vars260_clauses1113,control,random_3sat_control:large,permutation_variant,True,SAT symmetry harder baseline candidate pool,static_inference,False,0.0,0.0,0.0
random_3sat_control,random_3sat_control_v260_c1113_seed3306_perm1730,random_3sat_control_v260_c1113_seed3306,perm_seed1730,7,neutral_weighted_glucose,1,2,2,2,/Users/cchao/EchoSAT/RLAF/runs/GNN_Glucose_3SAT_EchoSAT_SymmetryGRPO_v1_2_WC1_HardNeg_Full/iter=15.pt,glucose,enhanced,False,patched_pretrue_main,event,none,non_symmetric_control,large,vars260_clauses1113,control,random_3sat_control:large,permutation_variant,True,SAT symmetry harder baseline candidate pool,warmup_rollout_collect_events,False,0.0,0.0,0.0
random_3sat_control,random_3sat_control_v260_c1113_seed3306_perm1730,random_3sat_control_v260_c1113_seed3306,perm_seed1730,7,neutral_weighted_glucose,1,2,2,2,/Users/cchao/EchoSAT/RLAF/runs/GNN_Glucose_3SAT_EchoSAT_SymmetryGRPO_v1_2_WC1_HardNeg_Full/iter=15.pt,glucose,enhanced,False,patched_pretrue_main,event,none,non_symmetric_control,large,vars260_clauses1113,control,random_3sat_control:large,permutation_variant,True,SAT symmetry harder baseline candidate pool,event_feature_attach,False,0.0,0.0,0.0
random_3sat_control,random_3sat_control_v260_c1113_seed3306_perm1730,random_3sat_control_v260_c1113_seed3306,perm_seed1730,7,neutral_weighted_glucose,1,2,2,2,/Users/cchao/EchoSAT/RLAF/runs/GNN_Glucose_3SAT_EchoSAT_SymmetryGRPO_v1_2_WC1_HardNeg_Full/iter=15.pt,glucose,enhanced,False,patched_pretrue_main,event,none,non_symmetric_control,large,vars260_clauses1113,control,random_3sat_control:large,permutation_variant,True,SAT symmetry harder baseline candidate pool,adapter_inference,False,0.0,0.0,0.0
random_3sat_control,random_3sat_control_v260_c1113_seed3306_perm1730,random_3sat_control_v260_c1113_seed3306,perm_seed1730,7,neutral_weighted_glucose,1,2,2,2,/Users/cchao/EchoSAT/RLAF/runs/GNN_Glucose_3SAT_EchoSAT_SymmetryGRPO_v1_2_WC1_HardNeg_Full/iter=15.pt,glucose,enhanced,False,patched_pretrue_main,event,none,non_symmetric_control,large,vars260_clauses1113,control,random_3sat_control:large,permutation_variant,True,SAT symmetry harder baseline candidate pool,final_solve,True,2.50752,2.5529840840026736,2.50752
random_3sat_control,random_3sat_control_v260_c1113_seed3306_perm1730,random_3sat_control_v260_c1113_seed3306,perm_seed1730,7,static_weighted_glucose,1,2,2,2,/Users/cchao/EchoSAT/RLAF/runs/GNN_Glucose_3SAT_EchoSAT_SymmetryGRPO_v1_2_WC1_HardNeg_Full/iter=15.pt,glucose,enhanced,False,patched_pretrue_main,event,none,non_symmetric_control,large,vars260_clauses1113,control,random_3sat_control:large,permutation_variant,True,SAT symmetry harder baseline candidate pool,static_inference,True,0.08415389060974121,0.08415389060974121,0.0
random_3sat_control,random_3sat_control_v260_c1113_seed3306_perm1730,random_3sat_control_v260_c1113_seed3306,perm_seed1730,7,static_weighted_glucose,1,2,2,2,/Users/cchao/EchoSAT/RLAF/runs/GNN_Glucose_3SAT_EchoSAT_SymmetryGRPO_v1_2_WC1_HardNeg_Full/iter=15.pt,glucose,enhanced,False,patched_pretrue_main,event,none,non_symmetric_control,large,vars260_clauses1113,control,random_3sat_control:large,permutation_variant,True,SAT symmetry harder baseline candidate pool,warmup_rollout_collect_events,False,0.0,0.0,0.0
random_3sat_control,random_3sat_control_v260_c1113_seed3306_perm1730,random_3sat_control_v260_c1113_seed3306,perm_seed1730,7,static_weighted_glucose,1,2,2,2,/Users/cchao/EchoSAT/RLAF/runs/GNN_Glucose_3SAT_EchoSAT_SymmetryGRPO_v1_2_WC1_HardNeg_Full/iter=15.pt,glucose,enhanced,False,patched_pretrue_main,event,none,non_symmetric_control,large,vars260_clauses1113,control,random_3sat_control:large,permutation_variant,True,SAT symmetry harder baseline candidate pool,event_feature_attach,False,0.0,0.0,0.0
random_3sat_control,random_3sat_control_v260_c1113_seed3306_perm1730,random_3sat_control_v260_c1113_seed3306,perm_seed1730,7,static_weighted_glucose,1,2,2,2,/Users/cchao/EchoSAT/RLAF/runs/GNN_Glucose_3SAT_EchoSAT_SymmetryGRPO_v1_2_WC1_HardNeg_Full/iter=15.pt,glucose,enhanced,False,patched_pretrue_main,event,none,non_symmetric_control,large,vars260_clauses1113,control,random_3sat_control:large,permutation_variant,True,SAT symmetry harder baseline candidate pool,adapter_inference,False,0.0,0.0,0.0
random_3sat_control,random_3sat_control_v260_c1113_seed3306_perm1730,random_3sat_control_v260_c1113_seed3306,perm_seed1730,7,static_weighted_glucose,1,2,2,2,/Users/cchao/EchoSAT/RLAF/runs/GNN_Glucose_3SAT_EchoSAT_SymmetryGRPO_v1_2_WC1_HardNeg_Full/iter=15.pt,glucose,enhanced,False,patched_pretrue_main,event,none,non_symmetric_control,large,vars260_clauses1113,control,random_3sat_control:large,permutation_variant,True,SAT symmetry harder baseline candidate pool,final_solve,True,2.32333,2.3691615840652958,2.32333
random_3sat_control,random_3sat_control_v260_c1113_seed3306_perm1730,random_3sat_control_v260_c1113_seed3306,perm_seed1730,7,cached_trace_no_adapter_final,1,2,2,2,/Users/cchao/EchoSAT/RLAF/runs/GNN_Glucose_3SAT_EchoSAT_SymmetryGRPO_v1_2_WC1_HardNeg_Full/iter=15.pt,glucose,enhanced,False,patched_pretrue_main,event,none,non_symmetric_control,large,vars260_clauses1113,control,random_3sat_control:large,permutation_variant,True,SAT symmetry harder baseline candidate pool,static_inference,True,0.08415389060974121,0.08415389060974121,0.0
random_3sat_control,random_3sat_control_v260_c1113_seed3306_perm1730,random_3sat_control_v260_c1113_seed3306,perm_seed1730,7,cached_trace_no_adapter_final,1,2,2,2,/Users/cchao/EchoSAT/RLAF/runs/GNN_Glucose_3SAT_EchoSAT_SymmetryGRPO_v1_2_WC1_HardNeg_Full/iter=15.pt,glucose,enhanced,False,patched_pretrue_main,event,none,non_symmetric_control,large,vars260_clauses1113,control,random_3sat_control:large,permutation_variant,True,SAT symmetry harder baseline candidate pool,warmup_rollout_collect_events,True,0.001008,0.00492645800113678,0.001008
random_3sat_control,random_3sat_control_v260_c1113_seed3306_perm1730,random_3sat_control_v260_c1113_seed3306,perm_seed1730,7,cached_trace_no_adapter_final,1,2,2,2,/Users/cchao/EchoSAT/RLAF/runs/GNN_Glucose_3SAT_EchoSAT_SymmetryGRPO_v1_2_WC1_HardNeg_Full/iter=15.pt,glucose,enhanced,False,patched_pretrue_main,event,none,non_symmetric_control,large,vars260_clauses1113,control,random_3sat_control:large,permutation_variant,True,SAT symmetry harder baseline candidate pool,event_feature_attach,True,0.00032166705932468176,0.00032166705932468176,0.0
random_3sat_control,random_3sat_control_v260_c1113_seed3306_perm1730,random_3sat_control_v260_c1113_seed3306,perm_seed1730,7,cached_trace_no_adapter_final,1,2,2,2,/Users/cchao/EchoSAT/RLAF/runs/GNN_Glucose_3SAT_EchoSAT_SymmetryGRPO_v1_2_WC1_HardNeg_Full/iter=15.pt,glucose,enhanced,False,patched_pretrue_main,event,none,non_symmetric_control,large,vars260_clauses1113,control,random_3sat_control:large,permutation_variant,True,SAT symmetry harder baseline candidate pool,adapter_inference,False,0.0,0.0,0.0
random_3sat_control,random_3sat_control_v260_c1113_seed3306_perm1730,random_3sat_control_v260_c1113_seed3306,perm_seed1730,7,cached_trace_no_adapter_final,1,2,2,2,/Users/cchao/EchoSAT/RLAF/runs/GNN_Glucose_3SAT_EchoSAT_SymmetryGRPO_v1_2_WC1_HardNeg_Full/iter=15.pt,glucose,enhanced,False,patched_pretrue_main,event,none,non_symmetric_control,large,vars260_clauses1113,control,random_3sat_control:large,permutation_variant,True,SAT symmetry harder baseline candidate pool,final_solve,True,2.32333,2.3691615840652958,2.32333
random_3sat_control,random_3sat_control_v260_c1113_seed3306_perm1730,random_3sat_control_v260_c1113_seed3306,perm_seed1730,7,event_adapter_final,1,2,2,2,/Users/cchao/EchoSAT/RLAF/runs/GNN_Glucose_3SAT_EchoSAT_SymmetryGRPO_v1_2_WC1_HardNeg_Full/iter=15.pt,glucose,enhanced,False,patched_pretrue_main,event,none,non_symmetric_control,large,vars260_clauses1113,control,random_3sat_control:large,permutation_variant,True,SAT symmetry harder baseline candidate pool,static_inference,True,0.08415389060974121,0.08415389060974121,0.0
random_3sat_control,random_3sat_control_v260_c1113_seed3306_perm1730,random_3sat_control_v260_c1113_seed3306,perm_seed1730,7,event_adapter_final,1,2,2,2,/Users/cchao/EchoSAT/RLAF/runs/GNN_Glucose_3SAT_EchoSAT_SymmetryGRPO_v1_2_WC1_HardNeg_Full/iter=15.pt,glucose,enhanced,False,patched_pretrue_main,event,none,non_symmetric_control,large,vars260_clauses1113,control,random_3sat_control:large,permutation_variant,True,SAT symmetry harder baseline candidate pool,warmup_rollout_collect_events,True,0.001008,0.00492645800113678,0.001008
random_3sat_control,random_3sat_control_v260_c1113_seed3306_perm1730,random_3sat_control_v260_c1113_seed3306,perm_seed1730,7,event_adapter_final,1,2,2,2,/Users/cchao/EchoSAT/RLAF/runs/GNN_Glucose_3SAT_EchoSAT_SymmetryGRPO_v1_2_WC1_HardNeg_Full/iter=15.pt,glucose,enhanced,False,patched_pretrue_main,event,none,non_symmetric_control,large,vars260_clauses1113,control,random_3sat_control:large,permutation_variant,True,SAT symmetry harder baseline candidate pool,event_feature_attach,True,0.00032166705932468176,0.00032166705932468176,0.0
random_3sat_control,random_3sat_control_v260_c1113_seed3306_perm1730,random_3sat_control_v260_c1113_seed3306,perm_seed1730,7,event_adapter_final,1,2,2,2,/Users/cchao/EchoSAT/RLAF/runs/GNN_Glucose_3SAT_EchoSAT_SymmetryGRPO_v1_2_WC1_HardNeg_Full/iter=15.pt,glucose,enhanced,False,patched_pretrue_main,event,none,non_symmetric_control,large,vars260_clauses1113,control,random_3sat_control:large,permutation_variant,True,SAT symmetry harder baseline candidate pool,adapter_inference,True,0.0008189678192138672,0.0008189678192138672,0.0
random_3sat_control,random_3sat_control_v260_c1113_seed3306_perm1730,random_3sat_control_v260_c1113_seed3306,perm_seed1730,7,event_adapter_final,1,2,2,2,/Users/cchao/EchoSAT/RLAF/runs/GNN_Glucose_3SAT_EchoSAT_SymmetryGRPO_v1_2_WC1_HardNeg_Full/iter=15.pt,glucose,enhanced,False,patched_pretrue_main,event,none,non_symmetric_control,large,vars260_clauses1113,control,random_3sat_control:large,permutation_variant,True,SAT symmetry harder baseline candidate pool,final_solve,True,2.53562,2.5741449999623,2.53562
random_3sat_control,random_3sat_control_v260_c1113_seed3306_perm1731,random_3sat_control_v260_c1113_seed3306,perm_seed1731,8,plain_unguided_glucose,1,2,2,2,/Users/cchao/EchoSAT/RLAF/runs/GNN_Glucose_3SAT_EchoSAT_SymmetryGRPO_v1_2_WC1_HardNeg_Full/iter=15.pt,glucose,enhanced,False,patched_pretrue_main,event,none,non_symmetric_control,large,vars260_clauses1113,control,random_3sat_control:large,permutation_variant,True,SAT symmetry harder baseline candidate pool,static_inference,False,0.0,0.0,0.0
random_3sat_control,random_3sat_control_v260_c1113_seed3306_perm1731,random_3sat_control_v260_c1113_seed3306,perm_seed1731,8,plain_unguided_glucose,1,2,2,2,/Users/cchao/EchoSAT/RLAF/runs/GNN_Glucose_3SAT_EchoSAT_SymmetryGRPO_v1_2_WC1_HardNeg_Full/iter=15.pt,glucose,enhanced,False,patched_pretrue_main,event,none,non_symmetric_control,large,vars260_clauses1113,control,random_3sat_control:large,permutation_variant,True,SAT symmetry harder baseline candidate pool,warmup_rollout_collect_events,False,0.0,0.0,0.0
random_3sat_control,random_3sat_control_v260_c1113_seed3306_perm1731,random_3sat_control_v260_c1113_seed3306,perm_seed1731,8,plain_unguided_glucose,1,2,2,2,/Users/cchao/EchoSAT/RLAF/runs/GNN_Glucose_3SAT_EchoSAT_SymmetryGRPO_v1_2_WC1_HardNeg_Full/iter=15.pt,glucose,enhanced,False,patched_pretrue_main,event,none,non_symmetric_control,large,vars260_clauses1113,control,random_3sat_control:large,permutation_variant,True,SAT symmetry harder baseline candidate pool,event_feature_attach,False,0.0,0.0,0.0
random_3sat_control,random_3sat_control_v260_c1113_seed3306_perm1731,random_3sat_control_v260_c1113_seed3306,perm_seed1731,8,plain_unguided_glucose,1,2,2,2,/Users/cchao/EchoSAT/RLAF/runs/GNN_Glucose_3SAT_EchoSAT_SymmetryGRPO_v1_2_WC1_HardNeg_Full/iter=15.pt,glucose,enhanced,False,patched_pretrue_main,event,none,non_symmetric_control,large,vars260_clauses1113,control,random_3sat_control:large,permutation_variant,True,SAT symmetry harder baseline candidate pool,adapter_inference,False,0.0,0.0,0.0
random_3sat_control,random_3sat_control_v260_c1113_seed3306_perm1731,random_3sat_control_v260_c1113_seed3306,perm_seed1731,8,plain_unguided_glucose,1,2,2,2,/Users/cchao/EchoSAT/RLAF/runs/GNN_Glucose_3SAT_EchoSAT_SymmetryGRPO_v1_2_WC1_HardNeg_Full/iter=15.pt,glucose,enhanced,False,patched_pretrue_main,event,none,non_symmetric_control,large,vars260_clauses1113,control,random_3sat_control:large,permutation_variant,True,SAT symmetry harder baseline candidate pool,final_solve,True,2.47486,2.5188196669332683,2.47486
random_3sat_control,random_3sat_control_v260_c1113_seed3306_perm1731,random_3sat_control_v260_c1113_seed3306,perm_seed1731,8,neutral_weighted_glucose,1,2,2,2,/Users/cchao/EchoSAT/RLAF/runs/GNN_Glucose_3SAT_EchoSAT_SymmetryGRPO_v1_2_WC1_HardNeg_Full/iter=15.pt,glucose,enhanced,False,patched_pretrue_main,event,none,non_symmetric_control,large,vars260_clauses1113,control,random_3sat_control:large,permutation_variant,True,SAT symmetry harder baseline candidate pool,static_inference,False,0.0,0.0,0.0
random_3sat_control,random_3sat_control_v260_c1113_seed3306_perm1731,random_3sat_control_v260_c1113_seed3306,perm_seed1731,8,neutral_weighted_glucose,1,2,2,2,/Users/cchao/EchoSAT/RLAF/runs/GNN_Glucose_3SAT_EchoSAT_SymmetryGRPO_v1_2_WC1_HardNeg_Full/iter=15.pt,glucose,enhanced,False,patched_pretrue_main,event,none,non_symmetric_control,large,vars260_clauses1113,control,random_3sat_control:large,permutation_variant,True,SAT symmetry harder baseline candidate pool,warmup_rollout_collect_events,False,0.0,0.0,0.0
random_3sat_control,random_3sat_control_v260_c1113_seed3306_perm1731,random_3sat_control_v260_c1113_seed3306,perm_seed1731,8,neutral_weighted_glucose,1,2,2,2,/Users/cchao/EchoSAT/RLAF/runs/GNN_Glucose_3SAT_EchoSAT_SymmetryGRPO_v1_2_WC1_HardNeg_Full/iter=15.pt,glucose,enhanced,False,patched_pretrue_main,event,none,non_symmetric_control,large,vars260_clauses1113,control,random_3sat_control:large,permutation_variant,True,SAT symmetry harder baseline candidate pool,event_feature_attach,False,0.0,0.0,0.0
random_3sat_control,random_3sat_control_v260_c1113_seed3306_perm1731,random_3sat_control_v260_c1113_seed3306,perm_seed1731,8,neutral_weighted_glucose,1,2,2,2,/Users/cchao/EchoSAT/RLAF/runs/GNN_Glucose_3SAT_EchoSAT_SymmetryGRPO_v1_2_WC1_HardNeg_Full/iter=15.pt,glucose,enhanced,False,patched_pretrue_main,event,none,non_symmetric_control,large,vars260_clauses1113,control,random_3sat_control:large,permutation_variant,True,SAT symmetry harder baseline candidate pool,adapter_inference,False,0.0,0.0,0.0
random_3sat_control,random_3sat_control_v260_c1113_seed3306_perm1731,random_3sat_control_v260_c1113_seed3306,perm_seed1731,8,neutral_weighted_glucose,1,2,2,2,/Users/cchao/EchoSAT/RLAF/runs/GNN_Glucose_3SAT_EchoSAT_SymmetryGRPO_v1_2_WC1_HardNeg_Full/iter=15.pt,glucose,enhanced,False,patched_pretrue_main,event,none,non_symmetric_control,large,vars260_clauses1113,control,random_3sat_control:large,permutation_variant,True,SAT symmetry harder baseline candidate pool,final_solve,True,2.49379,2.5374424579786137,2.49379
random_3sat_control,random_3sat_control_v260_c1113_seed3306_perm1731,random_3sat_control_v260_c1113_seed3306,perm_seed1731,8,static_weighted_glucose,1,2,2,2,/Users/cchao/EchoSAT/RLAF/runs/GNN_Glucose_3SAT_EchoSAT_SymmetryGRPO_v1_2_WC1_HardNeg_Full/iter=15.pt,glucose,enhanced,False,patched_pretrue_main,event,none,non_symmetric_control,large,vars260_clauses1113,control,random_3sat_control:large,permutation_variant,True,SAT symmetry harder baseline candidate pool,static_inference,True,8.128094911575317,8.128094911575317,0.0
random_3sat_control,random_3sat_control_v260_c1113_seed3306_perm1731,random_3sat_control_v260_c1113_seed3306,perm_seed1731,8,static_weighted_glucose,1,2,2,2,/Users/cchao/EchoSAT/RLAF/runs/GNN_Glucose_3SAT_EchoSAT_SymmetryGRPO_v1_2_WC1_HardNeg_Full/iter=15.pt,glucose,enhanced,False,patched_pretrue_main,event,none,non_symmetric_control,large,vars260_clauses1113,control,random_3sat_control:large,permutation_variant,True,SAT symmetry harder baseline candidate pool,warmup_rollout_collect_events,False,0.0,0.0,0.0
random_3sat_control,random_3sat_control_v260_c1113_seed3306_perm1731,random_3sat_control_v260_c1113_seed3306,perm_seed1731,8,static_weighted_glucose,1,2,2,2,/Users/cchao/EchoSAT/RLAF/runs/GNN_Glucose_3SAT_EchoSAT_SymmetryGRPO_v1_2_WC1_HardNeg_Full/iter=15.pt,glucose,enhanced,False,patched_pretrue_main,event,none,non_symmetric_control,large,vars260_clauses1113,control,random_3sat_control:large,permutation_variant,True,SAT symmetry harder baseline candidate pool,event_feature_attach,False,0.0,0.0,0.0
random_3sat_control,random_3sat_control_v260_c1113_seed3306_perm1731,random_3sat_control_v260_c1113_seed3306,perm_seed1731,8,static_weighted_glucose,1,2,2,2,/Users/cchao/EchoSAT/RLAF/runs/GNN_Glucose_3SAT_EchoSAT_SymmetryGRPO_v1_2_WC1_HardNeg_Full/iter=15.pt,glucose,enhanced,False,patched_pretrue_main,event,none,non_symmetric_control,large,vars260_clauses1113,control,random_3sat_control:large,permutation_variant,True,SAT symmetry harder baseline candidate pool,adapter_inference,False,0.0,0.0,0.0
random_3sat_control,random_3sat_control_v260_c1113_seed3306_perm1731,random_3sat_control_v260_c1113_seed3306,perm_seed1731,8,static_weighted_glucose,1,2,2,2,/Users/cchao/EchoSAT/RLAF/runs/GNN_Glucose_3SAT_EchoSAT_SymmetryGRPO_v1_2_WC1_HardNeg_Full/iter=15.pt,glucose,enhanced,False,patched_pretrue_main,event,none,non_symmetric_control,large,vars260_clauses1113,control,random_3sat_control:large,permutation_variant,True,SAT symmetry harder baseline candidate pool,final_solve,True,2.42184,2.4557423749938607,2.42184
random_3sat_control,random_3sat_control_v260_c1113_seed3306_perm1731,random_3sat_control_v260_c1113_seed3306,perm_seed1731,8,cached_trace_no_adapter_final,1,2,2,2,/Users/cchao/EchoSAT/RLAF/runs/GNN_Glucose_3SAT_EchoSAT_SymmetryGRPO_v1_2_WC1_HardNeg_Full/iter=15.pt,glucose,enhanced,False,patched_pretrue_main,event,none,non_symmetric_control,large,vars260_clauses1113,control,random_3sat_control:large,permutation_variant,True,SAT symmetry harder baseline candidate pool,static_inference,True,8.128094911575317,8.128094911575317,0.0
random_3sat_control,random_3sat_control_v260_c1113_seed3306_perm1731,random_3sat_control_v260_c1113_seed3306,perm_seed1731,8,cached_trace_no_adapter_final,1,2,2,2,/Users/cchao/EchoSAT/RLAF/runs/GNN_Glucose_3SAT_EchoSAT_SymmetryGRPO_v1_2_WC1_HardNeg_Full/iter=15.pt,glucose,enhanced,False,patched_pretrue_main,event,none,non_symmetric_control,large,vars260_clauses1113,control,random_3sat_control:large,permutation_variant,True,SAT symmetry harder baseline candidate pool,warmup_rollout_collect_events,True,0.001318,0.0050337499706074595,0.001318
random_3sat_control,random_3sat_control_v260_c1113_seed3306_perm1731,random_3sat_control_v260_c1113_seed3306,perm_seed1731,8,cached_trace_no_adapter_final,1,2,2,2,/Users/cchao/EchoSAT/RLAF/runs/GNN_Glucose_3SAT_EchoSAT_SymmetryGRPO_v1_2_WC1_HardNeg_Full/iter=15.pt,glucose,enhanced,False,patched_pretrue_main,event,none,non_symmetric_control,large,vars260_clauses1113,control,random_3sat_control:large,permutation_variant,True,SAT symmetry harder baseline candidate pool,event_feature_attach,True,0.00018804194405674934,0.00018804194405674934,0.0
random_3sat_control,random_3sat_control_v260_c1113_seed3306_perm1731,random_3sat_control_v260_c1113_seed3306,perm_seed1731,8,cached_trace_no_adapter_final,1,2,2,2,/Users/cchao/EchoSAT/RLAF/runs/GNN_Glucose_3SAT_EchoSAT_SymmetryGRPO_v1_2_WC1_HardNeg_Full/iter=15.pt,glucose,enhanced,False,patched_pretrue_main,event,none,non_symmetric_control,large,vars260_clauses1113,control,random_3sat_control:large,permutation_variant,True,SAT symmetry harder baseline candidate pool,adapter_inference,False,0.0,0.0,0.0
random_3sat_control,random_3sat_control_v260_c1113_seed3306_perm1731,random_3sat_control_v260_c1113_seed3306,perm_seed1731,8,cached_trace_no_adapter_final,1,2,2,2,/Users/cchao/EchoSAT/RLAF/runs/GNN_Glucose_3SAT_EchoSAT_SymmetryGRPO_v1_2_WC1_HardNeg_Full/iter=15.pt,glucose,enhanced,False,patched_pretrue_main,event,none,non_symmetric_control,large,vars260_clauses1113,control,random_3sat_control:large,permutation_variant,True,SAT symmetry harder baseline candidate pool,final_solve,True,2.42184,2.4557423749938607,2.42184
random_3sat_control,random_3sat_control_v260_c1113_seed3306_perm1731,random_3sat_control_v260_c1113_seed3306,perm_seed1731,8,event_adapter_final,1,2,2,2,/Users/cchao/EchoSAT/RLAF/runs/GNN_Glucose_3SAT_EchoSAT_SymmetryGRPO_v1_2_WC1_HardNeg_Full/iter=15.pt,glucose,enhanced,False,patched_pretrue_main,event,none,non_symmetric_control,large,vars260_clauses1113,control,random_3sat_control:large,permutation_variant,True,SAT symmetry harder baseline candidate pool,static_inference,True,8.128094911575317,8.128094911575317,0.0
random_3sat_control,random_3sat_control_v260_c1113_seed3306_perm1731,random_3sat_control_v260_c1113_seed3306,perm_seed1731,8,event_adapter_final,1,2,2,2,/Users/cchao/EchoSAT/RLAF/runs/GNN_Glucose_3SAT_EchoSAT_SymmetryGRPO_v1_2_WC1_HardNeg_Full/iter=15.pt,glucose,enhanced,False,patched_pretrue_main,event,none,non_symmetric_control,large,vars260_clauses1113,control,random_3sat_control:large,permutation_variant,True,SAT symmetry harder baseline candidate pool,warmup_rollout_collect_events,True,0.001318,0.0050337499706074595,0.001318
random_3sat_control,random_3sat_control_v260_c1113_seed3306_perm1731,random_3sat_control_v260_c1113_seed3306,perm_seed1731,8,event_adapter_final,1,2,2,2,/Users/cchao/EchoSAT/RLAF/runs/GNN_Glucose_3SAT_EchoSAT_SymmetryGRPO_v1_2_WC1_HardNeg_Full/iter=15.pt,glucose,enhanced,False,patched_pretrue_main,event,none,non_symmetric_control,large,vars260_clauses1113,control,random_3sat_control:large,permutation_variant,True,SAT symmetry harder baseline candidate pool,event_feature_attach,True,0.00018804194405674934,0.00018804194405674934,0.0
random_3sat_control,random_3sat_control_v260_c1113_seed3306_perm1731,random_3sat_control_v260_c1113_seed3306,perm_seed1731,8,event_adapter_final,1,2,2,2,/Users/cchao/EchoSAT/RLAF/runs/GNN_Glucose_3SAT_EchoSAT_SymmetryGRPO_v1_2_WC1_HardNeg_Full/iter=15.pt,glucose,enhanced,False,patched_pretrue_main,event,none,non_symmetric_control,large,vars260_clauses1113,control,random_3sat_control:large,permutation_variant,True,SAT symmetry harder baseline candidate pool,adapter_inference,True,0.0006458759307861328,0.0006458759307861328,0.0
random_3sat_control,random_3sat_control_v260_c1113_seed3306_perm1731,random_3sat_control_v260_c1113_seed3306,perm_seed1731,8,event_adapter_final,1,2,2,2,/Users/cchao/EchoSAT/RLAF/runs/GNN_Glucose_3SAT_EchoSAT_SymmetryGRPO_v1_2_WC1_HardNeg_Full/iter=15.pt,glucose,enhanced,False,patched_pretrue_main,event,none,non_symmetric_control,large,vars260_clauses1113,control,random_3sat_control:large,permutation_variant,True,SAT symmetry harder baseline candidate pool,final_solve,True,2.57414,2.618221458978951,2.57414
tseitin_complete,tseitin_k8_odd,tseitin_k8_odd,base,9,plain_unguided_glucose,1,2,2,2,/Users/cchao/EchoSAT/RLAF/runs/GNN_Glucose_3SAT_EchoSAT_SymmetryGRPO_v1_2_WC1_HardNeg_Full/iter=15.pt,glucose,enhanced,False,patched_pretrue_main,event,strong,strong_symmetry,medium,k8,main,tseitin_complete:medium,base,False,SAT symmetry harder baseline candidate pool,static_inference,False,0.0,0.0,0.0
tseitin_complete,tseitin_k8_odd,tseitin_k8_odd,base,9,plain_unguided_glucose,1,2,2,2,/Users/cchao/EchoSAT/RLAF/runs/GNN_Glucose_3SAT_EchoSAT_SymmetryGRPO_v1_2_WC1_HardNeg_Full/iter=15.pt,glucose,enhanced,False,patched_pretrue_main,event,strong,strong_symmetry,medium,k8,main,tseitin_complete:medium,base,False,SAT symmetry harder baseline candidate pool,warmup_rollout_collect_events,False,0.0,0.0,0.0
tseitin_complete,tseitin_k8_odd,tseitin_k8_odd,base,9,plain_unguided_glucose,1,2,2,2,/Users/cchao/EchoSAT/RLAF/runs/GNN_Glucose_3SAT_EchoSAT_SymmetryGRPO_v1_2_WC1_HardNeg_Full/iter=15.pt,glucose,enhanced,False,patched_pretrue_main,event,strong,strong_symmetry,medium,k8,main,tseitin_complete:medium,base,False,SAT symmetry harder baseline candidate pool,event_feature_attach,False,0.0,0.0,0.0
tseitin_complete,tseitin_k8_odd,tseitin_k8_odd,base,9,plain_unguided_glucose,1,2,2,2,/Users/cchao/EchoSAT/RLAF/runs/GNN_Glucose_3SAT_EchoSAT_SymmetryGRPO_v1_2_WC1_HardNeg_Full/iter=15.pt,glucose,enhanced,False,patched_pretrue_main,event,strong,strong_symmetry,medium,k8,main,tseitin_complete:medium,base,False,SAT symmetry harder baseline candidate pool,adapter_inference,False,0.0,0.0,0.0
tseitin_complete,tseitin_k8_odd,tseitin_k8_odd,base,9,plain_unguided_glucose,1,2,2,2,/Users/cchao/EchoSAT/RLAF/runs/GNN_Glucose_3SAT_EchoSAT_SymmetryGRPO_v1_2_WC1_HardNeg_Full/iter=15.pt,glucose,enhanced,False,patched_pretrue_main,event,strong,strong_symmetry,medium,k8,main,tseitin_complete:medium,base,False,SAT symmetry harder baseline candidate pool,final_solve,True,2.89089,2.9352000419748947,2.89089
tseitin_complete,tseitin_k8_odd,tseitin_k8_odd,base,9,neutral_weighted_glucose,1,2,2,2,/Users/cchao/EchoSAT/RLAF/runs/GNN_Glucose_3SAT_EchoSAT_SymmetryGRPO_v1_2_WC1_HardNeg_Full/iter=15.pt,glucose,enhanced,False,patched_pretrue_main,event,strong,strong_symmetry,medium,k8,main,tseitin_complete:medium,base,False,SAT symmetry harder baseline candidate pool,static_inference,False,0.0,0.0,0.0
tseitin_complete,tseitin_k8_odd,tseitin_k8_odd,base,9,neutral_weighted_glucose,1,2,2,2,/Users/cchao/EchoSAT/RLAF/runs/GNN_Glucose_3SAT_EchoSAT_SymmetryGRPO_v1_2_WC1_HardNeg_Full/iter=15.pt,glucose,enhanced,False,patched_pretrue_main,event,strong,strong_symmetry,medium,k8,main,tseitin_complete:medium,base,False,SAT symmetry harder baseline candidate pool,warmup_rollout_collect_events,False,0.0,0.0,0.0
tseitin_complete,tseitin_k8_odd,tseitin_k8_odd,base,9,neutral_weighted_glucose,1,2,2,2,/Users/cchao/EchoSAT/RLAF/runs/GNN_Glucose_3SAT_EchoSAT_SymmetryGRPO_v1_2_WC1_HardNeg_Full/iter=15.pt,glucose,enhanced,False,patched_pretrue_main,event,strong,strong_symmetry,medium,k8,main,tseitin_complete:medium,base,False,SAT symmetry harder baseline candidate pool,event_feature_attach,False,0.0,0.0,0.0
tseitin_complete,tseitin_k8_odd,tseitin_k8_odd,base,9,neutral_weighted_glucose,1,2,2,2,/Users/cchao/EchoSAT/RLAF/runs/GNN_Glucose_3SAT_EchoSAT_SymmetryGRPO_v1_2_WC1_HardNeg_Full/iter=15.pt,glucose,enhanced,False,patched_pretrue_main,event,strong,strong_symmetry,medium,k8,main,tseitin_complete:medium,base,False,SAT symmetry harder baseline candidate pool,adapter_inference,False,0.0,0.0,0.0
tseitin_complete,tseitin_k8_odd,tseitin_k8_odd,base,9,neutral_weighted_glucose,1,2,2,2,/Users/cchao/EchoSAT/RLAF/runs/GNN_Glucose_3SAT_EchoSAT_SymmetryGRPO_v1_2_WC1_HardNeg_Full/iter=15.pt,glucose,enhanced,False,patched_pretrue_main,event,strong,strong_symmetry,medium,k8,main,tseitin_complete:medium,base,False,SAT symmetry harder baseline candidate pool,final_solve,True,3.24031,3.2973187500610948,3.24031
tseitin_complete,tseitin_k8_odd,tseitin_k8_odd,base,9,static_weighted_glucose,1,2,2,2,/Users/cchao/EchoSAT/RLAF/runs/GNN_Glucose_3SAT_EchoSAT_SymmetryGRPO_v1_2_WC1_HardNeg_Full/iter=15.pt,glucose,enhanced,False,patched_pretrue_main,event,strong,strong_symmetry,medium,k8,main,tseitin_complete:medium,base,False,SAT symmetry harder baseline candidate pool,static_inference,True,8.128094911575317,8.128094911575317,0.0
tseitin_complete,tseitin_k8_odd,tseitin_k8_odd,base,9,static_weighted_glucose,1,2,2,2,/Users/cchao/EchoSAT/RLAF/runs/GNN_Glucose_3SAT_EchoSAT_SymmetryGRPO_v1_2_WC1_HardNeg_Full/iter=15.pt,glucose,enhanced,False,patched_pretrue_main,event,strong,strong_symmetry,medium,k8,main,tseitin_complete:medium,base,False,SAT symmetry harder baseline candidate pool,warmup_rollout_collect_events,False,0.0,0.0,0.0
tseitin_complete,tseitin_k8_odd,tseitin_k8_odd,base,9,static_weighted_glucose,1,2,2,2,/Users/cchao/EchoSAT/RLAF/runs/GNN_Glucose_3SAT_EchoSAT_SymmetryGRPO_v1_2_WC1_HardNeg_Full/iter=15.pt,glucose,enhanced,False,patched_pretrue_main,event,strong,strong_symmetry,medium,k8,main,tseitin_complete:medium,base,False,SAT symmetry harder baseline candidate pool,event_feature_attach,False,0.0,0.0,0.0
tseitin_complete,tseitin_k8_odd,tseitin_k8_odd,base,9,static_weighted_glucose,1,2,2,2,/Users/cchao/EchoSAT/RLAF/runs/GNN_Glucose_3SAT_EchoSAT_SymmetryGRPO_v1_2_WC1_HardNeg_Full/iter=15.pt,glucose,enhanced,False,patched_pretrue_main,event,strong,strong_symmetry,medium,k8,main,tseitin_complete:medium,base,False,SAT symmetry harder baseline candidate pool,adapter_inference,False,0.0,0.0,0.0
tseitin_complete,tseitin_k8_odd,tseitin_k8_odd,base,9,static_weighted_glucose,1,2,2,2,/Users/cchao/EchoSAT/RLAF/runs/GNN_Glucose_3SAT_EchoSAT_SymmetryGRPO_v1_2_WC1_HardNeg_Full/iter=15.pt,glucose,enhanced,False,patched_pretrue_main,event,strong,strong_symmetry,medium,k8,main,tseitin_complete:medium,base,False,SAT symmetry harder baseline candidate pool,final_solve,True,3.0303,3.082656916929409,3.0303
tseitin_complete,tseitin_k8_odd,tseitin_k8_odd,base,9,cached_trace_no_adapter_final,1,2,2,2,/Users/cchao/EchoSAT/RLAF/runs/GNN_Glucose_3SAT_EchoSAT_SymmetryGRPO_v1_2_WC1_HardNeg_Full/iter=15.pt,glucose,enhanced,False,patched_pretrue_main,event,strong,strong_symmetry,medium,k8,main,tseitin_complete:medium,base,False,SAT symmetry harder baseline candidate pool,static_inference,True,8.128094911575317,8.128094911575317,0.0
tseitin_complete,tseitin_k8_odd,tseitin_k8_odd,base,9,cached_trace_no_adapter_final,1,2,2,2,/Users/cchao/EchoSAT/RLAF/runs/GNN_Glucose_3SAT_EchoSAT_SymmetryGRPO_v1_2_WC1_HardNeg_Full/iter=15.pt,glucose,enhanced,False,patched_pretrue_main,event,strong,strong_symmetry,medium,k8,main,tseitin_complete:medium,base,False,SAT symmetry harder baseline candidate pool,warmup_rollout_collect_events,True,0.001043,0.004514834028668702,0.001043
tseitin_complete,tseitin_k8_odd,tseitin_k8_odd,base,9,cached_trace_no_adapter_final,1,2,2,2,/Users/cchao/EchoSAT/RLAF/runs/GNN_Glucose_3SAT_EchoSAT_SymmetryGRPO_v1_2_WC1_HardNeg_Full/iter=15.pt,glucose,enhanced,False,patched_pretrue_main,event,strong,strong_symmetry,medium,k8,main,tseitin_complete:medium,base,False,SAT symmetry harder baseline candidate pool,event_feature_attach,True,0.00012116704601794481,0.00012116704601794481,0.0
tseitin_complete,tseitin_k8_odd,tseitin_k8_odd,base,9,cached_trace_no_adapter_final,1,2,2,2,/Users/cchao/EchoSAT/RLAF/runs/GNN_Glucose_3SAT_EchoSAT_SymmetryGRPO_v1_2_WC1_HardNeg_Full/iter=15.pt,glucose,enhanced,False,patched_pretrue_main,event,strong,strong_symmetry,medium,k8,main,tseitin_complete:medium,base,False,SAT symmetry harder baseline candidate pool,adapter_inference,False,0.0,0.0,0.0
tseitin_complete,tseitin_k8_odd,tseitin_k8_odd,base,9,cached_trace_no_adapter_final,1,2,2,2,/Users/cchao/EchoSAT/RLAF/runs/GNN_Glucose_3SAT_EchoSAT_SymmetryGRPO_v1_2_WC1_HardNeg_Full/iter=15.pt,glucose,enhanced,False,patched_pretrue_main,event,strong,strong_symmetry,medium,k8,main,tseitin_complete:medium,base,False,SAT symmetry harder baseline candidate pool,final_solve,True,3.0303,3.082656916929409,3.0303
tseitin_complete,tseitin_k8_odd,tseitin_k8_odd,base,9,event_adapter_final,1,2,2,2,/Users/cchao/EchoSAT/RLAF/runs/GNN_Glucose_3SAT_EchoSAT_SymmetryGRPO_v1_2_WC1_HardNeg_Full/iter=15.pt,glucose,enhanced,False,patched_pretrue_main,event,strong,strong_symmetry,medium,k8,main,tseitin_complete:medium,base,False,SAT symmetry harder baseline candidate pool,static_inference,True,8.128094911575317,8.128094911575317,0.0
tseitin_complete,tseitin_k8_odd,tseitin_k8_odd,base,9,event_adapter_final,1,2,2,2,/Users/cchao/EchoSAT/RLAF/runs/GNN_Glucose_3SAT_EchoSAT_SymmetryGRPO_v1_2_WC1_HardNeg_Full/iter=15.pt,glucose,enhanced,False,patched_pretrue_main,event,strong,strong_symmetry,medium,k8,main,tseitin_complete:medium,base,False,SAT symmetry harder baseline candidate pool,warmup_rollout_collect_events,True,0.001043,0.004514834028668702,0.001043
tseitin_complete,tseitin_k8_odd,tseitin_k8_odd,base,9,event_adapter_final,1,2,2,2,/Users/cchao/EchoSAT/RLAF/runs/GNN_Glucose_3SAT_EchoSAT_SymmetryGRPO_v1_2_WC1_HardNeg_Full/iter=15.pt,glucose,enhanced,False,patched_pretrue_main,event,strong,strong_symmetry,medium,k8,main,tseitin_complete:medium,base,False,SAT symmetry harder baseline candidate pool,event_feature_attach,True,0.00012116704601794481,0.00012116704601794481,0.0
tseitin_complete,tseitin_k8_odd,tseitin_k8_odd,base,9,event_adapter_final,1,2,2,2,/Users/cchao/EchoSAT/RLAF/runs/GNN_Glucose_3SAT_EchoSAT_SymmetryGRPO_v1_2_WC1_HardNeg_Full/iter=15.pt,glucose,enhanced,False,patched_pretrue_main,event,strong,strong_symmetry,medium,k8,main,tseitin_complete:medium,base,False,SAT symmetry harder baseline candidate pool,adapter_inference,True,0.0006458759307861328,0.0006458759307861328,0.0
tseitin_complete,tseitin_k8_odd,tseitin_k8_odd,base,9,event_adapter_final,1,2,2,2,/Users/cchao/EchoSAT/RLAF/runs/GNN_Glucose_3SAT_EchoSAT_SymmetryGRPO_v1_2_WC1_HardNeg_Full/iter=15.pt,glucose,enhanced,False,patched_pretrue_main,event,strong,strong_symmetry,medium,k8,main,tseitin_complete:medium,base,False,SAT symmetry harder baseline candidate pool,final_solve,True,2.61051,2.6537693749414757,2.61051
tseitin_complete,tseitin_k8_odd_perm1730,tseitin_k8_odd,perm_seed1730,10,plain_unguided_glucose,1,2,2,2,/Users/cchao/EchoSAT/RLAF/runs/GNN_Glucose_3SAT_EchoSAT_SymmetryGRPO_v1_2_WC1_HardNeg_Full/iter=15.pt,glucose,enhanced,False,patched_pretrue_main,event,strong,strong_symmetry,medium,k8,main,tseitin_complete:medium,permutation_variant,True,SAT symmetry harder baseline candidate pool,static_inference,False,0.0,0.0,0.0
tseitin_complete,tseitin_k8_odd_perm1730,tseitin_k8_odd,perm_seed1730,10,plain_unguided_glucose,1,2,2,2,/Users/cchao/EchoSAT/RLAF/runs/GNN_Glucose_3SAT_EchoSAT_SymmetryGRPO_v1_2_WC1_HardNeg_Full/iter=15.pt,glucose,enhanced,False,patched_pretrue_main,event,strong,strong_symmetry,medium,k8,main,tseitin_complete:medium,permutation_variant,True,SAT symmetry harder baseline candidate pool,warmup_rollout_collect_events,False,0.0,0.0,0.0
tseitin_complete,tseitin_k8_odd_perm1730,tseitin_k8_odd,perm_seed1730,10,plain_unguided_glucose,1,2,2,2,/Users/cchao/EchoSAT/RLAF/runs/GNN_Glucose_3SAT_EchoSAT_SymmetryGRPO_v1_2_WC1_HardNeg_Full/iter=15.pt,glucose,enhanced,False,patched_pretrue_main,event,strong,strong_symmetry,medium,k8,main,tseitin_complete:medium,permutation_variant,True,SAT symmetry harder baseline candidate pool,event_feature_attach,False,0.0,0.0,0.0
tseitin_complete,tseitin_k8_odd_perm1730,tseitin_k8_odd,perm_seed1730,10,plain_unguided_glucose,1,2,2,2,/Users/cchao/EchoSAT/RLAF/runs/GNN_Glucose_3SAT_EchoSAT_SymmetryGRPO_v1_2_WC1_HardNeg_Full/iter=15.pt,glucose,enhanced,False,patched_pretrue_main,event,strong,strong_symmetry,medium,k8,main,tseitin_complete:medium,permutation_variant,True,SAT symmetry harder baseline candidate pool,adapter_inference,False,0.0,0.0,0.0
tseitin_complete,tseitin_k8_odd_perm1730,tseitin_k8_odd,perm_seed1730,10,plain_unguided_glucose,1,2,2,2,/Users/cchao/EchoSAT/RLAF/runs/GNN_Glucose_3SAT_EchoSAT_SymmetryGRPO_v1_2_WC1_HardNeg_Full/iter=15.pt,glucose,enhanced,False,patched_pretrue_main,event,strong,strong_symmetry,medium,k8,main,tseitin_complete:medium,permutation_variant,True,SAT symmetry harder baseline candidate pool,final_solve,True,2.95248,2.997368916985579,2.95248
tseitin_complete,tseitin_k8_odd_perm1730,tseitin_k8_odd,perm_seed1730,10,neutral_weighted_glucose,1,2,2,2,/Users/cchao/EchoSAT/RLAF/runs/GNN_Glucose_3SAT_EchoSAT_SymmetryGRPO_v1_2_WC1_HardNeg_Full/iter=15.pt,glucose,enhanced,False,patched_pretrue_main,event,strong,strong_symmetry,medium,k8,main,tseitin_complete:medium,permutation_variant,True,SAT symmetry harder baseline candidate pool,static_inference,False,0.0,0.0,0.0
tseitin_complete,tseitin_k8_odd_perm1730,tseitin_k8_odd,perm_seed1730,10,neutral_weighted_glucose,1,2,2,2,/Users/cchao/EchoSAT/RLAF/runs/GNN_Glucose_3SAT_EchoSAT_SymmetryGRPO_v1_2_WC1_HardNeg_Full/iter=15.pt,glucose,enhanced,False,patched_pretrue_main,event,strong,strong_symmetry,medium,k8,main,tseitin_complete:medium,permutation_variant,True,SAT symmetry harder baseline candidate pool,warmup_rollout_collect_events,False,0.0,0.0,0.0
tseitin_complete,tseitin_k8_odd_perm1730,tseitin_k8_odd,perm_seed1730,10,neutral_weighted_glucose,1,2,2,2,/Users/cchao/EchoSAT/RLAF/runs/GNN_Glucose_3SAT_EchoSAT_SymmetryGRPO_v1_2_WC1_HardNeg_Full/iter=15.pt,glucose,enhanced,False,patched_pretrue_main,event,strong,strong_symmetry,medium,k8,main,tseitin_complete:medium,permutation_variant,True,SAT symmetry harder baseline candidate pool,event_feature_attach,False,0.0,0.0,0.0
tseitin_complete,tseitin_k8_odd_perm1730,tseitin_k8_odd,perm_seed1730,10,neutral_weighted_glucose,1,2,2,2,/Users/cchao/EchoSAT/RLAF/runs/GNN_Glucose_3SAT_EchoSAT_SymmetryGRPO_v1_2_WC1_HardNeg_Full/iter=15.pt,glucose,enhanced,False,patched_pretrue_main,event,strong,strong_symmetry,medium,k8,main,tseitin_complete:medium,permutation_variant,True,SAT symmetry harder baseline candidate pool,adapter_inference,False,0.0,0.0,0.0
tseitin_complete,tseitin_k8_odd_perm1730,tseitin_k8_odd,perm_seed1730,10,neutral_weighted_glucose,1,2,2,2,/Users/cchao/EchoSAT/RLAF/runs/GNN_Glucose_3SAT_EchoSAT_SymmetryGRPO_v1_2_WC1_HardNeg_Full/iter=15.pt,glucose,enhanced,False,patched_pretrue_main,event,strong,strong_symmetry,medium,k8,main,tseitin_complete:medium,permutation_variant,True,SAT symmetry harder baseline candidate pool,final_solve,True,2.74334,2.7832119580125436,2.74334
tseitin_complete,tseitin_k8_odd_perm1730,tseitin_k8_odd,perm_seed1730,10,static_weighted_glucose,1,2,2,2,/Users/cchao/EchoSAT/RLAF/runs/GNN_Glucose_3SAT_EchoSAT_SymmetryGRPO_v1_2_WC1_HardNeg_Full/iter=15.pt,glucose,enhanced,False,patched_pretrue_main,event,strong,strong_symmetry,medium,k8,main,tseitin_complete:medium,permutation_variant,True,SAT symmetry harder baseline candidate pool,static_inference,True,8.128094911575317,8.128094911575317,0.0
tseitin_complete,tseitin_k8_odd_perm1730,tseitin_k8_odd,perm_seed1730,10,static_weighted_glucose,1,2,2,2,/Users/cchao/EchoSAT/RLAF/runs/GNN_Glucose_3SAT_EchoSAT_SymmetryGRPO_v1_2_WC1_HardNeg_Full/iter=15.pt,glucose,enhanced,False,patched_pretrue_main,event,strong,strong_symmetry,medium,k8,main,tseitin_complete:medium,permutation_variant,True,SAT symmetry harder baseline candidate pool,warmup_rollout_collect_events,False,0.0,0.0,0.0
tseitin_complete,tseitin_k8_odd_perm1730,tseitin_k8_odd,perm_seed1730,10,static_weighted_glucose,1,2,2,2,/Users/cchao/EchoSAT/RLAF/runs/GNN_Glucose_3SAT_EchoSAT_SymmetryGRPO_v1_2_WC1_HardNeg_Full/iter=15.pt,glucose,enhanced,False,patched_pretrue_main,event,strong,strong_symmetry,medium,k8,main,tseitin_complete:medium,permutation_variant,True,SAT symmetry harder baseline candidate pool,event_feature_attach,False,0.0,0.0,0.0
tseitin_complete,tseitin_k8_odd_perm1730,tseitin_k8_odd,perm_seed1730,10,static_weighted_glucose,1,2,2,2,/Users/cchao/EchoSAT/RLAF/runs/GNN_Glucose_3SAT_EchoSAT_SymmetryGRPO_v1_2_WC1_HardNeg_Full/iter=15.pt,glucose,enhanced,False,patched_pretrue_main,event,strong,strong_symmetry,medium,k8,main,tseitin_complete:medium,permutation_variant,True,SAT symmetry harder baseline candidate pool,adapter_inference,False,0.0,0.0,0.0
tseitin_complete,tseitin_k8_odd_perm1730,tseitin_k8_odd,perm_seed1730,10,static_weighted_glucose,1,2,2,2,/Users/cchao/EchoSAT/RLAF/runs/GNN_Glucose_3SAT_EchoSAT_SymmetryGRPO_v1_2_WC1_HardNeg_Full/iter=15.pt,glucose,enhanced,False,patched_pretrue_main,event,strong,strong_symmetry,medium,k8,main,tseitin_complete:medium,permutation_variant,True,SAT symmetry harder baseline candidate pool,final_solve,True,2.23723,2.279127666959539,2.23723
tseitin_complete,tseitin_k8_odd_perm1730,tseitin_k8_odd,perm_seed1730,10,cached_trace_no_adapter_final,1,2,2,2,/Users/cchao/EchoSAT/RLAF/runs/GNN_Glucose_3SAT_EchoSAT_SymmetryGRPO_v1_2_WC1_HardNeg_Full/iter=15.pt,glucose,enhanced,False,patched_pretrue_main,event,strong,strong_symmetry,medium,k8,main,tseitin_complete:medium,permutation_variant,True,SAT symmetry harder baseline candidate pool,static_inference,True,8.128094911575317,8.128094911575317,0.0
tseitin_complete,tseitin_k8_odd_perm1730,tseitin_k8_odd,perm_seed1730,10,cached_trace_no_adapter_final,1,2,2,2,/Users/cchao/EchoSAT/RLAF/runs/GNN_Glucose_3SAT_EchoSAT_SymmetryGRPO_v1_2_WC1_HardNeg_Full/iter=15.pt,glucose,enhanced,False,patched_pretrue_main,event,strong,strong_symmetry,medium,k8,main,tseitin_complete:medium,permutation_variant,True,SAT symmetry harder baseline candidate pool,warmup_rollout_collect_events,True,0.001238,0.00440125004388392,0.001238
tseitin_complete,tseitin_k8_odd_perm1730,tseitin_k8_odd,perm_seed1730,10,cached_trace_no_adapter_final,1,2,2,2,/Users/cchao/EchoSAT/RLAF/runs/GNN_Glucose_3SAT_EchoSAT_SymmetryGRPO_v1_2_WC1_HardNeg_Full/iter=15.pt,glucose,enhanced,False,patched_pretrue_main,event,strong,strong_symmetry,medium,k8,main,tseitin_complete:medium,permutation_variant,True,SAT symmetry harder baseline candidate pool,event_feature_attach,True,9.958306327462196e-05,9.958306327462196e-05,0.0
tseitin_complete,tseitin_k8_odd_perm1730,tseitin_k8_odd,perm_seed1730,10,cached_trace_no_adapter_final,1,2,2,2,/Users/cchao/EchoSAT/RLAF/runs/GNN_Glucose_3SAT_EchoSAT_SymmetryGRPO_v1_2_WC1_HardNeg_Full/iter=15.pt,glucose,enhanced,False,patched_pretrue_main,event,strong,strong_symmetry,medium,k8,main,tseitin_complete:medium,permutation_variant,True,SAT symmetry harder baseline candidate pool,adapter_inference,False,0.0,0.0,0.0
tseitin_complete,tseitin_k8_odd_perm1730,tseitin_k8_odd,perm_seed1730,10,cached_trace_no_adapter_final,1,2,2,2,/Users/cchao/EchoSAT/RLAF/runs/GNN_Glucose_3SAT_EchoSAT_SymmetryGRPO_v1_2_WC1_HardNeg_Full/iter=15.pt,glucose,enhanced,False,patched_pretrue_main,event,strong,strong_symmetry,medium,k8,main,tseitin_complete:medium,permutation_variant,True,SAT symmetry harder baseline candidate pool,final_solve,True,2.23723,2.279127666959539,2.23723
tseitin_complete,tseitin_k8_odd_perm1730,tseitin_k8_odd,perm_seed1730,10,event_adapter_final,1,2,2,2,/Users/cchao/EchoSAT/RLAF/runs/GNN_Glucose_3SAT_EchoSAT_SymmetryGRPO_v1_2_WC1_HardNeg_Full/iter=15.pt,glucose,enhanced,False,patched_pretrue_main,event,strong,strong_symmetry,medium,k8,main,tseitin_complete:medium,permutation_variant,True,SAT symmetry harder baseline candidate pool,static_inference,True,8.128094911575317,8.128094911575317,0.0
tseitin_complete,tseitin_k8_odd_perm1730,tseitin_k8_odd,perm_seed1730,10,event_adapter_final,1,2,2,2,/Users/cchao/EchoSAT/RLAF/runs/GNN_Glucose_3SAT_EchoSAT_SymmetryGRPO_v1_2_WC1_HardNeg_Full/iter=15.pt,glucose,enhanced,False,patched_pretrue_main,event,strong,strong_symmetry,medium,k8,main,tseitin_complete:medium,permutation_variant,True,SAT symmetry harder baseline candidate pool,warmup_rollout_collect_events,True,0.001238,0.00440125004388392,0.001238
tseitin_complete,tseitin_k8_odd_perm1730,tseitin_k8_odd,perm_seed1730,10,event_adapter_final,1,2,2,2,/Users/cchao/EchoSAT/RLAF/runs/GNN_Glucose_3SAT_EchoSAT_SymmetryGRPO_v1_2_WC1_HardNeg_Full/iter=15.pt,glucose,enhanced,False,patched_pretrue_main,event,strong,strong_symmetry,medium,k8,main,tseitin_complete:medium,permutation_variant,True,SAT symmetry harder baseline candidate pool,event_feature_attach,True,9.958306327462196e-05,9.958306327462196e-05,0.0
tseitin_complete,tseitin_k8_odd_perm1730,tseitin_k8_odd,perm_seed1730,10,event_adapter_final,1,2,2,2,/Users/cchao/EchoSAT/RLAF/runs/GNN_Glucose_3SAT_EchoSAT_SymmetryGRPO_v1_2_WC1_HardNeg_Full/iter=15.pt,glucose,enhanced,False,patched_pretrue_main,event,strong,strong_symmetry,medium,k8,main,tseitin_complete:medium,permutation_variant,True,SAT symmetry harder baseline candidate pool,adapter_inference,True,0.0006458759307861328,0.0006458759307861328,0.0
tseitin_complete,tseitin_k8_odd_perm1730,tseitin_k8_odd,perm_seed1730,10,event_adapter_final,1,2,2,2,/Users/cchao/EchoSAT/RLAF/runs/GNN_Glucose_3SAT_EchoSAT_SymmetryGRPO_v1_2_WC1_HardNeg_Full/iter=15.pt,glucose,enhanced,False,patched_pretrue_main,event,strong,strong_symmetry,medium,k8,main,tseitin_complete:medium,permutation_variant,True,SAT symmetry harder baseline candidate pool,final_solve,True,0.826967,0.8409822090761736,0.826967
tseitin_complete,tseitin_k8_odd_perm1731,tseitin_k8_odd,perm_seed1731,11,plain_unguided_glucose,1,2,2,2,/Users/cchao/EchoSAT/RLAF/runs/GNN_Glucose_3SAT_EchoSAT_SymmetryGRPO_v1_2_WC1_HardNeg_Full/iter=15.pt,glucose,enhanced,False,patched_pretrue_main,event,strong,strong_symmetry,medium,k8,main,tseitin_complete:medium,permutation_variant,True,SAT symmetry harder baseline candidate pool,static_inference,False,0.0,0.0,0.0
tseitin_complete,tseitin_k8_odd_perm1731,tseitin_k8_odd,perm_seed1731,11,plain_unguided_glucose,1,2,2,2,/Users/cchao/EchoSAT/RLAF/runs/GNN_Glucose_3SAT_EchoSAT_SymmetryGRPO_v1_2_WC1_HardNeg_Full/iter=15.pt,glucose,enhanced,False,patched_pretrue_main,event,strong,strong_symmetry,medium,k8,main,tseitin_complete:medium,permutation_variant,True,SAT symmetry harder baseline candidate pool,warmup_rollout_collect_events,False,0.0,0.0,0.0
tseitin_complete,tseitin_k8_odd_perm1731,tseitin_k8_odd,perm_seed1731,11,plain_unguided_glucose,1,2,2,2,/Users/cchao/EchoSAT/RLAF/runs/GNN_Glucose_3SAT_EchoSAT_SymmetryGRPO_v1_2_WC1_HardNeg_Full/iter=15.pt,glucose,enhanced,False,patched_pretrue_main,event,strong,strong_symmetry,medium,k8,main,tseitin_complete:medium,permutation_variant,True,SAT symmetry harder baseline candidate pool,event_feature_attach,False,0.0,0.0,0.0
tseitin_complete,tseitin_k8_odd_perm1731,tseitin_k8_odd,perm_seed1731,11,plain_unguided_glucose,1,2,2,2,/Users/cchao/EchoSAT/RLAF/runs/GNN_Glucose_3SAT_EchoSAT_SymmetryGRPO_v1_2_WC1_HardNeg_Full/iter=15.pt,glucose,enhanced,False,patched_pretrue_main,event,strong,strong_symmetry,medium,k8,main,tseitin_complete:medium,permutation_variant,True,SAT symmetry harder baseline candidate pool,adapter_inference,False,0.0,0.0,0.0
tseitin_complete,tseitin_k8_odd_perm1731,tseitin_k8_odd,perm_seed1731,11,plain_unguided_glucose,1,2,2,2,/Users/cchao/EchoSAT/RLAF/runs/GNN_Glucose_3SAT_EchoSAT_SymmetryGRPO_v1_2_WC1_HardNeg_Full/iter=15.pt,glucose,enhanced,False,patched_pretrue_main,event,strong,strong_symmetry,medium,k8,main,tseitin_complete:medium,permutation_variant,True,SAT symmetry harder baseline candidate pool,final_solve,True,2.94393,2.990149333025329,2.94393
tseitin_complete,tseitin_k8_odd_perm1731,tseitin_k8_odd,perm_seed1731,11,neutral_weighted_glucose,1,2,2,2,/Users/cchao/EchoSAT/RLAF/runs/GNN_Glucose_3SAT_EchoSAT_SymmetryGRPO_v1_2_WC1_HardNeg_Full/iter=15.pt,glucose,enhanced,False,patched_pretrue_main,event,strong,strong_symmetry,medium,k8,main,tseitin_complete:medium,permutation_variant,True,SAT symmetry harder baseline candidate pool,static_inference,False,0.0,0.0,0.0
tseitin_complete,tseitin_k8_odd_perm1731,tseitin_k8_odd,perm_seed1731,11,neutral_weighted_glucose,1,2,2,2,/Users/cchao/EchoSAT/RLAF/runs/GNN_Glucose_3SAT_EchoSAT_SymmetryGRPO_v1_2_WC1_HardNeg_Full/iter=15.pt,glucose,enhanced,False,patched_pretrue_main,event,strong,strong_symmetry,medium,k8,main,tseitin_complete:medium,permutation_variant,True,SAT symmetry harder baseline candidate pool,warmup_rollout_collect_events,False,0.0,0.0,0.0
tseitin_complete,tseitin_k8_odd_perm1731,tseitin_k8_odd,perm_seed1731,11,neutral_weighted_glucose,1,2,2,2,/Users/cchao/EchoSAT/RLAF/runs/GNN_Glucose_3SAT_EchoSAT_SymmetryGRPO_v1_2_WC1_HardNeg_Full/iter=15.pt,glucose,enhanced,False,patched_pretrue_main,event,strong,strong_symmetry,medium,k8,main,tseitin_complete:medium,permutation_variant,True,SAT symmetry harder baseline candidate pool,event_feature_attach,False,0.0,0.0,0.0
tseitin_complete,tseitin_k8_odd_perm1731,tseitin_k8_odd,perm_seed1731,11,neutral_weighted_glucose,1,2,2,2,/Users/cchao/EchoSAT/RLAF/runs/GNN_Glucose_3SAT_EchoSAT_SymmetryGRPO_v1_2_WC1_HardNeg_Full/iter=15.pt,glucose,enhanced,False,patched_pretrue_main,event,strong,strong_symmetry,medium,k8,main,tseitin_complete:medium,permutation_variant,True,SAT symmetry harder baseline candidate pool,adapter_inference,False,0.0,0.0,0.0
tseitin_complete,tseitin_k8_odd_perm1731,tseitin_k8_odd,perm_seed1731,11,neutral_weighted_glucose,1,2,2,2,/Users/cchao/EchoSAT/RLAF/runs/GNN_Glucose_3SAT_EchoSAT_SymmetryGRPO_v1_2_WC1_HardNeg_Full/iter=15.pt,glucose,enhanced,False,patched_pretrue_main,event,strong,strong_symmetry,medium,k8,main,tseitin_complete:medium,permutation_variant,True,SAT symmetry harder baseline candidate pool,final_solve,True,2.9565,2.9989456669427454,2.9565
tseitin_complete,tseitin_k8_odd_perm1731,tseitin_k8_odd,perm_seed1731,11,static_weighted_glucose,1,2,2,2,/Users/cchao/EchoSAT/RLAF/runs/GNN_Glucose_3SAT_EchoSAT_SymmetryGRPO_v1_2_WC1_HardNeg_Full/iter=15.pt,glucose,enhanced,False,patched_pretrue_main,event,strong,strong_symmetry,medium,k8,main,tseitin_complete:medium,permutation_variant,True,SAT symmetry harder baseline candidate pool,static_inference,True,8.128094911575317,8.128094911575317,0.0
tseitin_complete,tseitin_k8_odd_perm1731,tseitin_k8_odd,perm_seed1731,11,static_weighted_glucose,1,2,2,2,/Users/cchao/EchoSAT/RLAF/runs/GNN_Glucose_3SAT_EchoSAT_SymmetryGRPO_v1_2_WC1_HardNeg_Full/iter=15.pt,glucose,enhanced,False,patched_pretrue_main,event,strong,strong_symmetry,medium,k8,main,tseitin_complete:medium,permutation_variant,True,SAT symmetry harder baseline candidate pool,warmup_rollout_collect_events,False,0.0,0.0,0.0
tseitin_complete,tseitin_k8_odd_perm1731,tseitin_k8_odd,perm_seed1731,11,static_weighted_glucose,1,2,2,2,/Users/cchao/EchoSAT/RLAF/runs/GNN_Glucose_3SAT_EchoSAT_SymmetryGRPO_v1_2_WC1_HardNeg_Full/iter=15.pt,glucose,enhanced,False,patched_pretrue_main,event,strong,strong_symmetry,medium,k8,main,tseitin_complete:medium,permutation_variant,True,SAT symmetry harder baseline candidate pool,event_feature_attach,False,0.0,0.0,0.0
tseitin_complete,tseitin_k8_odd_perm1731,tseitin_k8_odd,perm_seed1731,11,static_weighted_glucose,1,2,2,2,/Users/cchao/EchoSAT/RLAF/runs/GNN_Glucose_3SAT_EchoSAT_SymmetryGRPO_v1_2_WC1_HardNeg_Full/iter=15.pt,glucose,enhanced,False,patched_pretrue_main,event,strong,strong_symmetry,medium,k8,main,tseitin_complete:medium,permutation_variant,True,SAT symmetry harder baseline candidate pool,adapter_inference,False,0.0,0.0,0.0
tseitin_complete,tseitin_k8_odd_perm1731,tseitin_k8_odd,perm_seed1731,11,static_weighted_glucose,1,2,2,2,/Users/cchao/EchoSAT/RLAF/runs/GNN_Glucose_3SAT_EchoSAT_SymmetryGRPO_v1_2_WC1_HardNeg_Full/iter=15.pt,glucose,enhanced,False,patched_pretrue_main,event,strong,strong_symmetry,medium,k8,main,tseitin_complete:medium,permutation_variant,True,SAT symmetry harder baseline candidate pool,final_solve,True,2.83879,2.8882758748950437,2.83879
tseitin_complete,tseitin_k8_odd_perm1731,tseitin_k8_odd,perm_seed1731,11,cached_trace_no_adapter_final,1,2,2,2,/Users/cchao/EchoSAT/RLAF/runs/GNN_Glucose_3SAT_EchoSAT_SymmetryGRPO_v1_2_WC1_HardNeg_Full/iter=15.pt,glucose,enhanced,False,patched_pretrue_main,event,strong,strong_symmetry,medium,k8,main,tseitin_complete:medium,permutation_variant,True,SAT symmetry harder baseline candidate pool,static_inference,True,8.128094911575317,8.128094911575317,0.0
tseitin_complete,tseitin_k8_odd_perm1731,tseitin_k8_odd,perm_seed1731,11,cached_trace_no_adapter_final,1,2,2,2,/Users/cchao/EchoSAT/RLAF/runs/GNN_Glucose_3SAT_EchoSAT_SymmetryGRPO_v1_2_WC1_HardNeg_Full/iter=15.pt,glucose,enhanced,False,patched_pretrue_main,event,strong,strong_symmetry,medium,k8,main,tseitin_complete:medium,permutation_variant,True,SAT symmetry harder baseline candidate pool,warmup_rollout_collect_events,True,0.001319,0.004861125024035573,0.001319
tseitin_complete,tseitin_k8_odd_perm1731,tseitin_k8_odd,perm_seed1731,11,cached_trace_no_adapter_final,1,2,2,2,/Users/cchao/EchoSAT/RLAF/runs/GNN_Glucose_3SAT_EchoSAT_SymmetryGRPO_v1_2_WC1_HardNeg_Full/iter=15.pt,glucose,enhanced,False,patched_pretrue_main,event,strong,strong_symmetry,medium,k8,main,tseitin_complete:medium,permutation_variant,True,SAT symmetry harder baseline candidate pool,event_feature_attach,True,9.887502528727055e-05,9.887502528727055e-05,0.0
tseitin_complete,tseitin_k8_odd_perm1731,tseitin_k8_odd,perm_seed1731,11,cached_trace_no_adapter_final,1,2,2,2,/Users/cchao/EchoSAT/RLAF/runs/GNN_Glucose_3SAT_EchoSAT_SymmetryGRPO_v1_2_WC1_HardNeg_Full/iter=15.pt,glucose,enhanced,False,patched_pretrue_main,event,strong,strong_symmetry,medium,k8,main,tseitin_complete:medium,permutation_variant,True,SAT symmetry harder baseline candidate pool,adapter_inference,False,0.0,0.0,0.0
tseitin_complete,tseitin_k8_odd_perm1731,tseitin_k8_odd,perm_seed1731,11,cached_trace_no_adapter_final,1,2,2,2,/Users/cchao/EchoSAT/RLAF/runs/GNN_Glucose_3SAT_EchoSAT_SymmetryGRPO_v1_2_WC1_HardNeg_Full/iter=15.pt,glucose,enhanced,False,patched_pretrue_main,event,strong,strong_symmetry,medium,k8,main,tseitin_complete:medium,permutation_variant,True,SAT symmetry harder baseline candidate pool,final_solve,True,2.83879,2.8882758748950437,2.83879
tseitin_complete,tseitin_k8_odd_perm1731,tseitin_k8_odd,perm_seed1731,11,event_adapter_final,1,2,2,2,/Users/cchao/EchoSAT/RLAF/runs/GNN_Glucose_3SAT_EchoSAT_SymmetryGRPO_v1_2_WC1_HardNeg_Full/iter=15.pt,glucose,enhanced,False,patched_pretrue_main,event,strong,strong_symmetry,medium,k8,main,tseitin_complete:medium,permutation_variant,True,SAT symmetry harder baseline candidate pool,static_inference,True,8.128094911575317,8.128094911575317,0.0
tseitin_complete,tseitin_k8_odd_perm1731,tseitin_k8_odd,perm_seed1731,11,event_adapter_final,1,2,2,2,/Users/cchao/EchoSAT/RLAF/runs/GNN_Glucose_3SAT_EchoSAT_SymmetryGRPO_v1_2_WC1_HardNeg_Full/iter=15.pt,glucose,enhanced,False,patched_pretrue_main,event,strong,strong_symmetry,medium,k8,main,tseitin_complete:medium,permutation_variant,True,SAT symmetry harder baseline candidate pool,warmup_rollout_collect_events,True,0.001319,0.004861125024035573,0.001319
tseitin_complete,tseitin_k8_odd_perm1731,tseitin_k8_odd,perm_seed1731,11,event_adapter_final,1,2,2,2,/Users/cchao/EchoSAT/RLAF/runs/GNN_Glucose_3SAT_EchoSAT_SymmetryGRPO_v1_2_WC1_HardNeg_Full/iter=15.pt,glucose,enhanced,False,patched_pretrue_main,event,strong,strong_symmetry,medium,k8,main,tseitin_complete:medium,permutation_variant,True,SAT symmetry harder baseline candidate pool,event_feature_attach,True,9.887502528727055e-05,9.887502528727055e-05,0.0
tseitin_complete,tseitin_k8_odd_perm1731,tseitin_k8_odd,perm_seed1731,11,event_adapter_final,1,2,2,2,/Users/cchao/EchoSAT/RLAF/runs/GNN_Glucose_3SAT_EchoSAT_SymmetryGRPO_v1_2_WC1_HardNeg_Full/iter=15.pt,glucose,enhanced,False,patched_pretrue_main,event,strong,strong_symmetry,medium,k8,main,tseitin_complete:medium,permutation_variant,True,SAT symmetry harder baseline candidate pool,adapter_inference,True,0.0006458759307861328,0.0006458759307861328,0.0
tseitin_complete,tseitin_k8_odd_perm1731,tseitin_k8_odd,perm_seed1731,11,event_adapter_final,1,2,2,2,/Users/cchao/EchoSAT/RLAF/runs/GNN_Glucose_3SAT_EchoSAT_SymmetryGRPO_v1_2_WC1_HardNeg_Full/iter=15.pt,glucose,enhanced,False,patched_pretrue_main,event,strong,strong_symmetry,medium,k8,main,tseitin_complete:medium,permutation_variant,True,SAT symmetry harder baseline candidate pool,final_solve,True,2.38141,2.4194879579590634,2.38141
vertex_cover_torus,vertex_cover_torus_4x5_k8_event,vertex_cover_torus_4x5_k8_event,base,12,plain_unguided_glucose,1,2,2,2,/Users/cchao/EchoSAT/RLAF/runs/GNN_Glucose_3SAT_EchoSAT_SymmetryGRPO_v1_2_WC1_HardNeg_Full/iter=15.pt,glucose,enhanced,False,patched_pretrue_main,event,strong,strong_symmetry,stress,4x5,main,vertex_cover_torus:stress,base,False,SAT symmetry harder baseline candidate pool,static_inference,False,0.0,0.0,0.0
vertex_cover_torus,vertex_cover_torus_4x5_k8_event,vertex_cover_torus_4x5_k8_event,base,12,plain_unguided_glucose,1,2,2,2,/Users/cchao/EchoSAT/RLAF/runs/GNN_Glucose_3SAT_EchoSAT_SymmetryGRPO_v1_2_WC1_HardNeg_Full/iter=15.pt,glucose,enhanced,False,patched_pretrue_main,event,strong,strong_symmetry,stress,4x5,main,vertex_cover_torus:stress,base,False,SAT symmetry harder baseline candidate pool,warmup_rollout_collect_events,False,0.0,0.0,0.0
vertex_cover_torus,vertex_cover_torus_4x5_k8_event,vertex_cover_torus_4x5_k8_event,base,12,plain_unguided_glucose,1,2,2,2,/Users/cchao/EchoSAT/RLAF/runs/GNN_Glucose_3SAT_EchoSAT_SymmetryGRPO_v1_2_WC1_HardNeg_Full/iter=15.pt,glucose,enhanced,False,patched_pretrue_main,event,strong,strong_symmetry,stress,4x5,main,vertex_cover_torus:stress,base,False,SAT symmetry harder baseline candidate pool,event_feature_attach,False,0.0,0.0,0.0
vertex_cover_torus,vertex_cover_torus_4x5_k8_event,vertex_cover_torus_4x5_k8_event,base,12,plain_unguided_glucose,1,2,2,2,/Users/cchao/EchoSAT/RLAF/runs/GNN_Glucose_3SAT_EchoSAT_SymmetryGRPO_v1_2_WC1_HardNeg_Full/iter=15.pt,glucose,enhanced,False,patched_pretrue_main,event,strong,strong_symmetry,stress,4x5,main,vertex_cover_torus:stress,base,False,SAT symmetry harder baseline candidate pool,adapter_inference,False,0.0,0.0,0.0
vertex_cover_torus,vertex_cover_torus_4x5_k8_event,vertex_cover_torus_4x5_k8_event,base,12,plain_unguided_glucose,1,2,2,2,/Users/cchao/EchoSAT/RLAF/runs/GNN_Glucose_3SAT_EchoSAT_SymmetryGRPO_v1_2_WC1_HardNeg_Full/iter=15.pt,glucose,enhanced,False,patched_pretrue_main,event,strong,strong_symmetry,stress,4x5,main,vertex_cover_torus:stress,base,False,SAT symmetry harder baseline candidate pool,final_solve,True,9.9551,10.233466541976668,9.9551
vertex_cover_torus,vertex_cover_torus_4x5_k8_event,vertex_cover_torus_4x5_k8_event,base,12,neutral_weighted_glucose,1,2,2,2,/Users/cchao/EchoSAT/RLAF/runs/GNN_Glucose_3SAT_EchoSAT_SymmetryGRPO_v1_2_WC1_HardNeg_Full/iter=15.pt,glucose,enhanced,False,patched_pretrue_main,event,strong,strong_symmetry,stress,4x5,main,vertex_cover_torus:stress,base,False,SAT symmetry harder baseline candidate pool,static_inference,False,0.0,0.0,0.0
vertex_cover_torus,vertex_cover_torus_4x5_k8_event,vertex_cover_torus_4x5_k8_event,base,12,neutral_weighted_glucose,1,2,2,2,/Users/cchao/EchoSAT/RLAF/runs/GNN_Glucose_3SAT_EchoSAT_SymmetryGRPO_v1_2_WC1_HardNeg_Full/iter=15.pt,glucose,enhanced,False,patched_pretrue_main,event,strong,strong_symmetry,stress,4x5,main,vertex_cover_torus:stress,base,False,SAT symmetry harder baseline candidate pool,warmup_rollout_collect_events,False,0.0,0.0,0.0
vertex_cover_torus,vertex_cover_torus_4x5_k8_event,vertex_cover_torus_4x5_k8_event,base,12,neutral_weighted_glucose,1,2,2,2,/Users/cchao/EchoSAT/RLAF/runs/GNN_Glucose_3SAT_EchoSAT_SymmetryGRPO_v1_2_WC1_HardNeg_Full/iter=15.pt,glucose,enhanced,False,patched_pretrue_main,event,strong,strong_symmetry,stress,4x5,main,vertex_cover_torus:stress,base,False,SAT symmetry harder baseline candidate pool,event_feature_attach,False,0.0,0.0,0.0
vertex_cover_torus,vertex_cover_torus_4x5_k8_event,vertex_cover_torus_4x5_k8_event,base,12,neutral_weighted_glucose,1,2,2,2,/Users/cchao/EchoSAT/RLAF/runs/GNN_Glucose_3SAT_EchoSAT_SymmetryGRPO_v1_2_WC1_HardNeg_Full/iter=15.pt,glucose,enhanced,False,patched_pretrue_main,event,strong,strong_symmetry,stress,4x5,main,vertex_cover_torus:stress,base,False,SAT symmetry harder baseline candidate pool,adapter_inference,False,0.0,0.0,0.0
vertex_cover_torus,vertex_cover_torus_4x5_k8_event,vertex_cover_torus_4x5_k8_event,base,12,neutral_weighted_glucose,1,2,2,2,/Users/cchao/EchoSAT/RLAF/runs/GNN_Glucose_3SAT_EchoSAT_SymmetryGRPO_v1_2_WC1_HardNeg_Full/iter=15.pt,glucose,enhanced,False,patched_pretrue_main,event,strong,strong_symmetry,stress,4x5,main,vertex_cover_torus:stress,base,False,SAT symmetry harder baseline candidate pool,final_solve,True,9.9556,10.215190291055478,9.9556
vertex_cover_torus,vertex_cover_torus_4x5_k8_event,vertex_cover_torus_4x5_k8_event,base,12,static_weighted_glucose,1,2,2,2,/Users/cchao/EchoSAT/RLAF/runs/GNN_Glucose_3SAT_EchoSAT_SymmetryGRPO_v1_2_WC1_HardNeg_Full/iter=15.pt,glucose,enhanced,False,patched_pretrue_main,event,strong,strong_symmetry,stress,4x5,main,vertex_cover_torus:stress,base,False,SAT symmetry harder baseline candidate pool,static_inference,True,8.128094911575317,8.128094911575317,0.0
vertex_cover_torus,vertex_cover_torus_4x5_k8_event,vertex_cover_torus_4x5_k8_event,base,12,static_weighted_glucose,1,2,2,2,/Users/cchao/EchoSAT/RLAF/runs/GNN_Glucose_3SAT_EchoSAT_SymmetryGRPO_v1_2_WC1_HardNeg_Full/iter=15.pt,glucose,enhanced,False,patched_pretrue_main,event,strong,strong_symmetry,stress,4x5,main,vertex_cover_torus:stress,base,False,SAT symmetry harder baseline candidate pool,warmup_rollout_collect_events,False,0.0,0.0,0.0
vertex_cover_torus,vertex_cover_torus_4x5_k8_event,vertex_cover_torus_4x5_k8_event,base,12,static_weighted_glucose,1,2,2,2,/Users/cchao/EchoSAT/RLAF/runs/GNN_Glucose_3SAT_EchoSAT_SymmetryGRPO_v1_2_WC1_HardNeg_Full/iter=15.pt,glucose,enhanced,False,patched_pretrue_main,event,strong,strong_symmetry,stress,4x5,main,vertex_cover_torus:stress,base,False,SAT symmetry harder baseline candidate pool,event_feature_attach,False,0.0,0.0,0.0
vertex_cover_torus,vertex_cover_torus_4x5_k8_event,vertex_cover_torus_4x5_k8_event,base,12,static_weighted_glucose,1,2,2,2,/Users/cchao/EchoSAT/RLAF/runs/GNN_Glucose_3SAT_EchoSAT_SymmetryGRPO_v1_2_WC1_HardNeg_Full/iter=15.pt,glucose,enhanced,False,patched_pretrue_main,event,strong,strong_symmetry,stress,4x5,main,vertex_cover_torus:stress,base,False,SAT symmetry harder baseline candidate pool,adapter_inference,False,0.0,0.0,0.0
vertex_cover_torus,vertex_cover_torus_4x5_k8_event,vertex_cover_torus_4x5_k8_event,base,12,static_weighted_glucose,1,2,2,2,/Users/cchao/EchoSAT/RLAF/runs/GNN_Glucose_3SAT_EchoSAT_SymmetryGRPO_v1_2_WC1_HardNeg_Full/iter=15.pt,glucose,enhanced,False,patched_pretrue_main,event,strong,strong_symmetry,stress,4x5,main,vertex_cover_torus:stress,base,False,SAT symmetry harder baseline candidate pool,final_solve,True,9.95429,10.210526709095575,9.95429
vertex_cover_torus,vertex_cover_torus_4x5_k8_event,vertex_cover_torus_4x5_k8_event,base,12,cached_trace_no_adapter_final,1,2,2,2,/Users/cchao/EchoSAT/RLAF/runs/GNN_Glucose_3SAT_EchoSAT_SymmetryGRPO_v1_2_WC1_HardNeg_Full/iter=15.pt,glucose,enhanced,False,patched_pretrue_main,event,strong,strong_symmetry,stress,4x5,main,vertex_cover_torus:stress,base,False,SAT symmetry harder baseline candidate pool,static_inference,True,8.128094911575317,8.128094911575317,0.0
vertex_cover_torus,vertex_cover_torus_4x5_k8_event,vertex_cover_torus_4x5_k8_event,base,12,cached_trace_no_adapter_final,1,2,2,2,/Users/cchao/EchoSAT/RLAF/runs/GNN_Glucose_3SAT_EchoSAT_SymmetryGRPO_v1_2_WC1_HardNeg_Full/iter=15.pt,glucose,enhanced,False,patched_pretrue_main,event,strong,strong_symmetry,stress,4x5,main,vertex_cover_torus:stress,base,False,SAT symmetry harder baseline candidate pool,warmup_rollout_collect_events,True,4.98214,5.165319500025362,4.98214
vertex_cover_torus,vertex_cover_torus_4x5_k8_event,vertex_cover_torus_4x5_k8_event,base,12,cached_trace_no_adapter_final,1,2,2,2,/Users/cchao/EchoSAT/RLAF/runs/GNN_Glucose_3SAT_EchoSAT_SymmetryGRPO_v1_2_WC1_HardNeg_Full/iter=15.pt,glucose,enhanced,False,patched_pretrue_main,event,strong,strong_symmetry,stress,4x5,main,vertex_cover_torus:stress,base,False,SAT symmetry harder baseline candidate pool,event_feature_attach,True,0.00010729196947067976,0.00010729196947067976,0.0
vertex_cover_torus,vertex_cover_torus_4x5_k8_event,vertex_cover_torus_4x5_k8_event,base,12,cached_trace_no_adapter_final,1,2,2,2,/Users/cchao/EchoSAT/RLAF/runs/GNN_Glucose_3SAT_EchoSAT_SymmetryGRPO_v1_2_WC1_HardNeg_Full/iter=15.pt,glucose,enhanced,False,patched_pretrue_main,event,strong,strong_symmetry,stress,4x5,main,vertex_cover_torus:stress,base,False,SAT symmetry harder baseline candidate pool,adapter_inference,False,0.0,0.0,0.0
vertex_cover_torus,vertex_cover_torus_4x5_k8_event,vertex_cover_torus_4x5_k8_event,base,12,cached_trace_no_adapter_final,1,2,2,2,/Users/cchao/EchoSAT/RLAF/runs/GNN_Glucose_3SAT_EchoSAT_SymmetryGRPO_v1_2_WC1_HardNeg_Full/iter=15.pt,glucose,enhanced,False,patched_pretrue_main,event,strong,strong_symmetry,stress,4x5,main,vertex_cover_torus:stress,base,False,SAT symmetry harder baseline candidate pool,final_solve,True,9.95429,10.210526709095575,9.95429
vertex_cover_torus,vertex_cover_torus_4x5_k8_event,vertex_cover_torus_4x5_k8_event,base,12,event_adapter_final,1,2,2,2,/Users/cchao/EchoSAT/RLAF/runs/GNN_Glucose_3SAT_EchoSAT_SymmetryGRPO_v1_2_WC1_HardNeg_Full/iter=15.pt,glucose,enhanced,False,patched_pretrue_main,event,strong,strong_symmetry,stress,4x5,main,vertex_cover_torus:stress,base,False,SAT symmetry harder baseline candidate pool,static_inference,True,8.128094911575317,8.128094911575317,0.0
vertex_cover_torus,vertex_cover_torus_4x5_k8_event,vertex_cover_torus_4x5_k8_event,base,12,event_adapter_final,1,2,2,2,/Users/cchao/EchoSAT/RLAF/runs/GNN_Glucose_3SAT_EchoSAT_SymmetryGRPO_v1_2_WC1_HardNeg_Full/iter=15.pt,glucose,enhanced,False,patched_pretrue_main,event,strong,strong_symmetry,stress,4x5,main,vertex_cover_torus:stress,base,False,SAT symmetry harder baseline candidate pool,warmup_rollout_collect_events,True,4.98214,5.165319500025362,4.98214
vertex_cover_torus,vertex_cover_torus_4x5_k8_event,vertex_cover_torus_4x5_k8_event,base,12,event_adapter_final,1,2,2,2,/Users/cchao/EchoSAT/RLAF/runs/GNN_Glucose_3SAT_EchoSAT_SymmetryGRPO_v1_2_WC1_HardNeg_Full/iter=15.pt,glucose,enhanced,False,patched_pretrue_main,event,strong,strong_symmetry,stress,4x5,main,vertex_cover_torus:stress,base,False,SAT symmetry harder baseline candidate pool,event_feature_attach,True,0.00010729196947067976,0.00010729196947067976,0.0
vertex_cover_torus,vertex_cover_torus_4x5_k8_event,vertex_cover_torus_4x5_k8_event,base,12,event_adapter_final,1,2,2,2,/Users/cchao/EchoSAT/RLAF/runs/GNN_Glucose_3SAT_EchoSAT_SymmetryGRPO_v1_2_WC1_HardNeg_Full/iter=15.pt,glucose,enhanced,False,patched_pretrue_main,event,strong,strong_symmetry,stress,4x5,main,vertex_cover_torus:stress,base,False,SAT symmetry harder baseline candidate pool,adapter_inference,True,0.0006458759307861328,0.0006458759307861328,0.0
vertex_cover_torus,vertex_cover_torus_4x5_k8_event,vertex_cover_torus_4x5_k8_event,base,12,event_adapter_final,1,2,2,2,/Users/cchao/EchoSAT/RLAF/runs/GNN_Glucose_3SAT_EchoSAT_SymmetryGRPO_v1_2_WC1_HardNeg_Full/iter=15.pt,glucose,enhanced,False,patched_pretrue_main,event,strong,strong_symmetry,stress,4x5,main,vertex_cover_torus:stress,base,False,SAT symmetry harder baseline candidate pool,final_solve,True,9.95434,10.217528124921955,9.95434
vertex_cover_torus,vertex_cover_torus_4x5_k8_event_perm1730,vertex_cover_torus_4x5_k8_event,perm_seed1730,13,plain_unguided_glucose,1,2,2,2,/Users/cchao/EchoSAT/RLAF/runs/GNN_Glucose_3SAT_EchoSAT_SymmetryGRPO_v1_2_WC1_HardNeg_Full/iter=15.pt,glucose,enhanced,False,patched_pretrue_main,event,strong,strong_symmetry,stress,4x5,main,vertex_cover_torus:stress,permutation_variant,True,SAT symmetry harder baseline candidate pool,static_inference,False,0.0,0.0,0.0
vertex_cover_torus,vertex_cover_torus_4x5_k8_event_perm1730,vertex_cover_torus_4x5_k8_event,perm_seed1730,13,plain_unguided_glucose,1,2,2,2,/Users/cchao/EchoSAT/RLAF/runs/GNN_Glucose_3SAT_EchoSAT_SymmetryGRPO_v1_2_WC1_HardNeg_Full/iter=15.pt,glucose,enhanced,False,patched_pretrue_main,event,strong,strong_symmetry,stress,4x5,main,vertex_cover_torus:stress,permutation_variant,True,SAT symmetry harder baseline candidate pool,warmup_rollout_collect_events,False,0.0,0.0,0.0
vertex_cover_torus,vertex_cover_torus_4x5_k8_event_perm1730,vertex_cover_torus_4x5_k8_event,perm_seed1730,13,plain_unguided_glucose,1,2,2,2,/Users/cchao/EchoSAT/RLAF/runs/GNN_Glucose_3SAT_EchoSAT_SymmetryGRPO_v1_2_WC1_HardNeg_Full/iter=15.pt,glucose,enhanced,False,patched_pretrue_main,event,strong,strong_symmetry,stress,4x5,main,vertex_cover_torus:stress,permutation_variant,True,SAT symmetry harder baseline candidate pool,event_feature_attach,False,0.0,0.0,0.0
vertex_cover_torus,vertex_cover_torus_4x5_k8_event_perm1730,vertex_cover_torus_4x5_k8_event,perm_seed1730,13,plain_unguided_glucose,1,2,2,2,/Users/cchao/EchoSAT/RLAF/runs/GNN_Glucose_3SAT_EchoSAT_SymmetryGRPO_v1_2_WC1_HardNeg_Full/iter=15.pt,glucose,enhanced,False,patched_pretrue_main,event,strong,strong_symmetry,stress,4x5,main,vertex_cover_torus:stress,permutation_variant,True,SAT symmetry harder baseline candidate pool,adapter_inference,False,0.0,0.0,0.0
vertex_cover_torus,vertex_cover_torus_4x5_k8_event_perm1730,vertex_cover_torus_4x5_k8_event,perm_seed1730,13,plain_unguided_glucose,1,2,2,2,/Users/cchao/EchoSAT/RLAF/runs/GNN_Glucose_3SAT_EchoSAT_SymmetryGRPO_v1_2_WC1_HardNeg_Full/iter=15.pt,glucose,enhanced,False,patched_pretrue_main,event,strong,strong_symmetry,stress,4x5,main,vertex_cover_torus:stress,permutation_variant,True,SAT symmetry harder baseline candidate pool,final_solve,True,9.95637,10.242024417035282,9.95637
vertex_cover_torus,vertex_cover_torus_4x5_k8_event_perm1730,vertex_cover_torus_4x5_k8_event,perm_seed1730,13,neutral_weighted_glucose,1,2,2,2,/Users/cchao/EchoSAT/RLAF/runs/GNN_Glucose_3SAT_EchoSAT_SymmetryGRPO_v1_2_WC1_HardNeg_Full/iter=15.pt,glucose,enhanced,False,patched_pretrue_main,event,strong,strong_symmetry,stress,4x5,main,vertex_cover_torus:stress,permutation_variant,True,SAT symmetry harder baseline candidate pool,static_inference,False,0.0,0.0,0.0
vertex_cover_torus,vertex_cover_torus_4x5_k8_event_perm1730,vertex_cover_torus_4x5_k8_event,perm_seed1730,13,neutral_weighted_glucose,1,2,2,2,/Users/cchao/EchoSAT/RLAF/runs/GNN_Glucose_3SAT_EchoSAT_SymmetryGRPO_v1_2_WC1_HardNeg_Full/iter=15.pt,glucose,enhanced,False,patched_pretrue_main,event,strong,strong_symmetry,stress,4x5,main,vertex_cover_torus:stress,permutation_variant,True,SAT symmetry harder baseline candidate pool,warmup_rollout_collect_events,False,0.0,0.0,0.0
vertex_cover_torus,vertex_cover_torus_4x5_k8_event_perm1730,vertex_cover_torus_4x5_k8_event,perm_seed1730,13,neutral_weighted_glucose,1,2,2,2,/Users/cchao/EchoSAT/RLAF/runs/GNN_Glucose_3SAT_EchoSAT_SymmetryGRPO_v1_2_WC1_HardNeg_Full/iter=15.pt,glucose,enhanced,False,patched_pretrue_main,event,strong,strong_symmetry,stress,4x5,main,vertex_cover_torus:stress,permutation_variant,True,SAT symmetry harder baseline candidate pool,event_feature_attach,False,0.0,0.0,0.0
vertex_cover_torus,vertex_cover_torus_4x5_k8_event_perm1730,vertex_cover_torus_4x5_k8_event,perm_seed1730,13,neutral_weighted_glucose,1,2,2,2,/Users/cchao/EchoSAT/RLAF/runs/GNN_Glucose_3SAT_EchoSAT_SymmetryGRPO_v1_2_WC1_HardNeg_Full/iter=15.pt,glucose,enhanced,False,patched_pretrue_main,event,strong,strong_symmetry,stress,4x5,main,vertex_cover_torus:stress,permutation_variant,True,SAT symmetry harder baseline candidate pool,adapter_inference,False,0.0,0.0,0.0
vertex_cover_torus,vertex_cover_torus_4x5_k8_event_perm1730,vertex_cover_torus_4x5_k8_event,perm_seed1730,13,neutral_weighted_glucose,1,2,2,2,/Users/cchao/EchoSAT/RLAF/runs/GNN_Glucose_3SAT_EchoSAT_SymmetryGRPO_v1_2_WC1_HardNeg_Full/iter=15.pt,glucose,enhanced,False,patched_pretrue_main,event,strong,strong_symmetry,stress,4x5,main,vertex_cover_torus:stress,permutation_variant,True,SAT symmetry harder baseline candidate pool,final_solve,True,9.95659,10.220054082921706,9.95659
vertex_cover_torus,vertex_cover_torus_4x5_k8_event_perm1730,vertex_cover_torus_4x5_k8_event,perm_seed1730,13,static_weighted_glucose,1,2,2,2,/Users/cchao/EchoSAT/RLAF/runs/GNN_Glucose_3SAT_EchoSAT_SymmetryGRPO_v1_2_WC1_HardNeg_Full/iter=15.pt,glucose,enhanced,False,patched_pretrue_main,event,strong,strong_symmetry,stress,4x5,main,vertex_cover_torus:stress,permutation_variant,True,SAT symmetry harder baseline candidate pool,static_inference,True,8.128094911575317,8.128094911575317,0.0
vertex_cover_torus,vertex_cover_torus_4x5_k8_event_perm1730,vertex_cover_torus_4x5_k8_event,perm_seed1730,13,static_weighted_glucose,1,2,2,2,/Users/cchao/EchoSAT/RLAF/runs/GNN_Glucose_3SAT_EchoSAT_SymmetryGRPO_v1_2_WC1_HardNeg_Full/iter=15.pt,glucose,enhanced,False,patched_pretrue_main,event,strong,strong_symmetry,stress,4x5,main,vertex_cover_torus:stress,permutation_variant,True,SAT symmetry harder baseline candidate pool,warmup_rollout_collect_events,False,0.0,0.0,0.0
vertex_cover_torus,vertex_cover_torus_4x5_k8_event_perm1730,vertex_cover_torus_4x5_k8_event,perm_seed1730,13,static_weighted_glucose,1,2,2,2,/Users/cchao/EchoSAT/RLAF/runs/GNN_Glucose_3SAT_EchoSAT_SymmetryGRPO_v1_2_WC1_HardNeg_Full/iter=15.pt,glucose,enhanced,False,patched_pretrue_main,event,strong,strong_symmetry,stress,4x5,main,vertex_cover_torus:stress,permutation_variant,True,SAT symmetry harder baseline candidate pool,event_feature_attach,False,0.0,0.0,0.0
vertex_cover_torus,vertex_cover_torus_4x5_k8_event_perm1730,vertex_cover_torus_4x5_k8_event,perm_seed1730,13,static_weighted_glucose,1,2,2,2,/Users/cchao/EchoSAT/RLAF/runs/GNN_Glucose_3SAT_EchoSAT_SymmetryGRPO_v1_2_WC1_HardNeg_Full/iter=15.pt,glucose,enhanced,False,patched_pretrue_main,event,strong,strong_symmetry,stress,4x5,main,vertex_cover_torus:stress,permutation_variant,True,SAT symmetry harder baseline candidate pool,adapter_inference,False,0.0,0.0,0.0
vertex_cover_torus,vertex_cover_torus_4x5_k8_event_perm1730,vertex_cover_torus_4x5_k8_event,perm_seed1730,13,static_weighted_glucose,1,2,2,2,/Users/cchao/EchoSAT/RLAF/runs/GNN_Glucose_3SAT_EchoSAT_SymmetryGRPO_v1_2_WC1_HardNeg_Full/iter=15.pt,glucose,enhanced,False,patched_pretrue_main,event,strong,strong_symmetry,stress,4x5,main,vertex_cover_torus:stress,permutation_variant,True,SAT symmetry harder baseline candidate pool,final_solve,True,9.95708,10.206208041054197,9.95708
vertex_cover_torus,vertex_cover_torus_4x5_k8_event_perm1730,vertex_cover_torus_4x5_k8_event,perm_seed1730,13,cached_trace_no_adapter_final,1,2,2,2,/Users/cchao/EchoSAT/RLAF/runs/GNN_Glucose_3SAT_EchoSAT_SymmetryGRPO_v1_2_WC1_HardNeg_Full/iter=15.pt,glucose,enhanced,False,patched_pretrue_main,event,strong,strong_symmetry,stress,4x5,main,vertex_cover_torus:stress,permutation_variant,True,SAT symmetry harder baseline candidate pool,static_inference,True,8.128094911575317,8.128094911575317,0.0
vertex_cover_torus,vertex_cover_torus_4x5_k8_event_perm1730,vertex_cover_torus_4x5_k8_event,perm_seed1730,13,cached_trace_no_adapter_final,1,2,2,2,/Users/cchao/EchoSAT/RLAF/runs/GNN_Glucose_3SAT_EchoSAT_SymmetryGRPO_v1_2_WC1_HardNeg_Full/iter=15.pt,glucose,enhanced,False,patched_pretrue_main,event,strong,strong_symmetry,stress,4x5,main,vertex_cover_torus:stress,permutation_variant,True,SAT symmetry harder baseline candidate pool,warmup_rollout_collect_events,True,4.97792,5.165729291038588,4.97792
vertex_cover_torus,vertex_cover_torus_4x5_k8_event_perm1730,vertex_cover_torus_4x5_k8_event,perm_seed1730,13,cached_trace_no_adapter_final,1,2,2,2,/Users/cchao/EchoSAT/RLAF/runs/GNN_Glucose_3SAT_EchoSAT_SymmetryGRPO_v1_2_WC1_HardNeg_Full/iter=15.pt,glucose,enhanced,False,patched_pretrue_main,event,strong,strong_symmetry,stress,4x5,main,vertex_cover_torus:stress,permutation_variant,True,SAT symmetry harder baseline candidate pool,event_feature_attach,True,9.537499863654375e-05,9.537499863654375e-05,0.0
vertex_cover_torus,vertex_cover_torus_4x5_k8_event_perm1730,vertex_cover_torus_4x5_k8_event,perm_seed1730,13,cached_trace_no_adapter_final,1,2,2,2,/Users/cchao/EchoSAT/RLAF/runs/GNN_Glucose_3SAT_EchoSAT_SymmetryGRPO_v1_2_WC1_HardNeg_Full/iter=15.pt,glucose,enhanced,False,patched_pretrue_main,event,strong,strong_symmetry,stress,4x5,main,vertex_cover_torus:stress,permutation_variant,True,SAT symmetry harder baseline candidate pool,adapter_inference,False,0.0,0.0,0.0
vertex_cover_torus,vertex_cover_torus_4x5_k8_event_perm1730,vertex_cover_torus_4x5_k8_event,perm_seed1730,13,cached_trace_no_adapter_final,1,2,2,2,/Users/cchao/EchoSAT/RLAF/runs/GNN_Glucose_3SAT_EchoSAT_SymmetryGRPO_v1_2_WC1_HardNeg_Full/iter=15.pt,glucose,enhanced,False,patched_pretrue_main,event,strong,strong_symmetry,stress,4x5,main,vertex_cover_torus:stress,permutation_variant,True,SAT symmetry harder baseline candidate pool,final_solve,True,9.95708,10.206208041054197,9.95708
vertex_cover_torus,vertex_cover_torus_4x5_k8_event_perm1730,vertex_cover_torus_4x5_k8_event,perm_seed1730,13,event_adapter_final,1,2,2,2,/Users/cchao/EchoSAT/RLAF/runs/GNN_Glucose_3SAT_EchoSAT_SymmetryGRPO_v1_2_WC1_HardNeg_Full/iter=15.pt,glucose,enhanced,False,patched_pretrue_main,event,strong,strong_symmetry,stress,4x5,main,vertex_cover_torus:stress,permutation_variant,True,SAT symmetry harder baseline candidate pool,static_inference,True,8.128094911575317,8.128094911575317,0.0
vertex_cover_torus,vertex_cover_torus_4x5_k8_event_perm1730,vertex_cover_torus_4x5_k8_event,perm_seed1730,13,event_adapter_final,1,2,2,2,/Users/cchao/EchoSAT/RLAF/runs/GNN_Glucose_3SAT_EchoSAT_SymmetryGRPO_v1_2_WC1_HardNeg_Full/iter=15.pt,glucose,enhanced,False,patched_pretrue_main,event,strong,strong_symmetry,stress,4x5,main,vertex_cover_torus:stress,permutation_variant,True,SAT symmetry harder baseline candidate pool,warmup_rollout_collect_events,True,4.97792,5.165729291038588,4.97792
vertex_cover_torus,vertex_cover_torus_4x5_k8_event_perm1730,vertex_cover_torus_4x5_k8_event,perm_seed1730,13,event_adapter_final,1,2,2,2,/Users/cchao/EchoSAT/RLAF/runs/GNN_Glucose_3SAT_EchoSAT_SymmetryGRPO_v1_2_WC1_HardNeg_Full/iter=15.pt,glucose,enhanced,False,patched_pretrue_main,event,strong,strong_symmetry,stress,4x5,main,vertex_cover_torus:stress,permutation_variant,True,SAT symmetry harder baseline candidate pool,event_feature_attach,True,9.537499863654375e-05,9.537499863654375e-05,0.0
vertex_cover_torus,vertex_cover_torus_4x5_k8_event_perm1730,vertex_cover_torus_4x5_k8_event,perm_seed1730,13,event_adapter_final,1,2,2,2,/Users/cchao/EchoSAT/RLAF/runs/GNN_Glucose_3SAT_EchoSAT_SymmetryGRPO_v1_2_WC1_HardNeg_Full/iter=15.pt,glucose,enhanced,False,patched_pretrue_main,event,strong,strong_symmetry,stress,4x5,main,vertex_cover_torus:stress,permutation_variant,True,SAT symmetry harder baseline candidate pool,adapter_inference,True,0.0006458759307861328,0.0006458759307861328,0.0
vertex_cover_torus,vertex_cover_torus_4x5_k8_event_perm1730,vertex_cover_torus_4x5_k8_event,perm_seed1730,13,event_adapter_final,1,2,2,2,/Users/cchao/EchoSAT/RLAF/runs/GNN_Glucose_3SAT_EchoSAT_SymmetryGRPO_v1_2_WC1_HardNeg_Full/iter=15.pt,glucose,enhanced,False,patched_pretrue_main,event,strong,strong_symmetry,stress,4x5,main,vertex_cover_torus:stress,permutation_variant,True,SAT symmetry harder baseline candidate pool,final_solve,True,9.95487,10.218133665970527,9.95487
vertex_cover_torus,vertex_cover_torus_4x5_k8_event_perm1731,vertex_cover_torus_4x5_k8_event,perm_seed1731,14,plain_unguided_glucose,1,2,2,2,/Users/cchao/EchoSAT/RLAF/runs/GNN_Glucose_3SAT_EchoSAT_SymmetryGRPO_v1_2_WC1_HardNeg_Full/iter=15.pt,glucose,enhanced,False,patched_pretrue_main,event,strong,strong_symmetry,stress,4x5,main,vertex_cover_torus:stress,permutation_variant,True,SAT symmetry harder baseline candidate pool,static_inference,False,0.0,0.0,0.0
vertex_cover_torus,vertex_cover_torus_4x5_k8_event_perm1731,vertex_cover_torus_4x5_k8_event,perm_seed1731,14,plain_unguided_glucose,1,2,2,2,/Users/cchao/EchoSAT/RLAF/runs/GNN_Glucose_3SAT_EchoSAT_SymmetryGRPO_v1_2_WC1_HardNeg_Full/iter=15.pt,glucose,enhanced,False,patched_pretrue_main,event,strong,strong_symmetry,stress,4x5,main,vertex_cover_torus:stress,permutation_variant,True,SAT symmetry harder baseline candidate pool,warmup_rollout_collect_events,False,0.0,0.0,0.0
vertex_cover_torus,vertex_cover_torus_4x5_k8_event_perm1731,vertex_cover_torus_4x5_k8_event,perm_seed1731,14,plain_unguided_glucose,1,2,2,2,/Users/cchao/EchoSAT/RLAF/runs/GNN_Glucose_3SAT_EchoSAT_SymmetryGRPO_v1_2_WC1_HardNeg_Full/iter=15.pt,glucose,enhanced,False,patched_pretrue_main,event,strong,strong_symmetry,stress,4x5,main,vertex_cover_torus:stress,permutation_variant,True,SAT symmetry harder baseline candidate pool,event_feature_attach,False,0.0,0.0,0.0
vertex_cover_torus,vertex_cover_torus_4x5_k8_event_perm1731,vertex_cover_torus_4x5_k8_event,perm_seed1731,14,plain_unguided_glucose,1,2,2,2,/Users/cchao/EchoSAT/RLAF/runs/GNN_Glucose_3SAT_EchoSAT_SymmetryGRPO_v1_2_WC1_HardNeg_Full/iter=15.pt,glucose,enhanced,False,patched_pretrue_main,event,strong,strong_symmetry,stress,4x5,main,vertex_cover_torus:stress,permutation_variant,True,SAT symmetry harder baseline candidate pool,adapter_inference,False,0.0,0.0,0.0
vertex_cover_torus,vertex_cover_torus_4x5_k8_event_perm1731,vertex_cover_torus_4x5_k8_event,perm_seed1731,14,plain_unguided_glucose,1,2,2,2,/Users/cchao/EchoSAT/RLAF/runs/GNN_Glucose_3SAT_EchoSAT_SymmetryGRPO_v1_2_WC1_HardNeg_Full/iter=15.pt,glucose,enhanced,False,patched_pretrue_main,event,strong,strong_symmetry,stress,4x5,main,vertex_cover_torus:stress,permutation_variant,True,SAT symmetry harder baseline candidate pool,final_solve,True,9.95939,10.225439375033602,9.95939
vertex_cover_torus,vertex_cover_torus_4x5_k8_event_perm1731,vertex_cover_torus_4x5_k8_event,perm_seed1731,14,neutral_weighted_glucose,1,2,2,2,/Users/cchao/EchoSAT/RLAF/runs/GNN_Glucose_3SAT_EchoSAT_SymmetryGRPO_v1_2_WC1_HardNeg_Full/iter=15.pt,glucose,enhanced,False,patched_pretrue_main,event,strong,strong_symmetry,stress,4x5,main,vertex_cover_torus:stress,permutation_variant,True,SAT symmetry harder baseline candidate pool,static_inference,False,0.0,0.0,0.0
vertex_cover_torus,vertex_cover_torus_4x5_k8_event_perm1731,vertex_cover_torus_4x5_k8_event,perm_seed1731,14,neutral_weighted_glucose,1,2,2,2,/Users/cchao/EchoSAT/RLAF/runs/GNN_Glucose_3SAT_EchoSAT_SymmetryGRPO_v1_2_WC1_HardNeg_Full/iter=15.pt,glucose,enhanced,False,patched_pretrue_main,event,strong,strong_symmetry,stress,4x5,main,vertex_cover_torus:stress,permutation_variant,True,SAT symmetry harder baseline candidate pool,warmup_rollout_collect_events,False,0.0,0.0,0.0
vertex_cover_torus,vertex_cover_torus_4x5_k8_event_perm1731,vertex_cover_torus_4x5_k8_event,perm_seed1731,14,neutral_weighted_glucose,1,2,2,2,/Users/cchao/EchoSAT/RLAF/runs/GNN_Glucose_3SAT_EchoSAT_SymmetryGRPO_v1_2_WC1_HardNeg_Full/iter=15.pt,glucose,enhanced,False,patched_pretrue_main,event,strong,strong_symmetry,stress,4x5,main,vertex_cover_torus:stress,permutation_variant,True,SAT symmetry harder baseline candidate pool,event_feature_attach,False,0.0,0.0,0.0
vertex_cover_torus,vertex_cover_torus_4x5_k8_event_perm1731,vertex_cover_torus_4x5_k8_event,perm_seed1731,14,neutral_weighted_glucose,1,2,2,2,/Users/cchao/EchoSAT/RLAF/runs/GNN_Glucose_3SAT_EchoSAT_SymmetryGRPO_v1_2_WC1_HardNeg_Full/iter=15.pt,glucose,enhanced,False,patched_pretrue_main,event,strong,strong_symmetry,stress,4x5,main,vertex_cover_torus:stress,permutation_variant,True,SAT symmetry harder baseline candidate pool,adapter_inference,False,0.0,0.0,0.0
vertex_cover_torus,vertex_cover_torus_4x5_k8_event_perm1731,vertex_cover_torus_4x5_k8_event,perm_seed1731,14,neutral_weighted_glucose,1,2,2,2,/Users/cchao/EchoSAT/RLAF/runs/GNN_Glucose_3SAT_EchoSAT_SymmetryGRPO_v1_2_WC1_HardNeg_Full/iter=15.pt,glucose,enhanced,False,patched_pretrue_main,event,strong,strong_symmetry,stress,4x5,main,vertex_cover_torus:stress,permutation_variant,True,SAT symmetry harder baseline candidate pool,final_solve,True,9.95913,10.224449249915779,9.95913
vertex_cover_torus,vertex_cover_torus_4x5_k8_event_perm1731,vertex_cover_torus_4x5_k8_event,perm_seed1731,14,static_weighted_glucose,1,2,2,2,/Users/cchao/EchoSAT/RLAF/runs/GNN_Glucose_3SAT_EchoSAT_SymmetryGRPO_v1_2_WC1_HardNeg_Full/iter=15.pt,glucose,enhanced,False,patched_pretrue_main,event,strong,strong_symmetry,stress,4x5,main,vertex_cover_torus:stress,permutation_variant,True,SAT symmetry harder baseline candidate pool,static_inference,True,8.128094911575317,8.128094911575317,0.0
vertex_cover_torus,vertex_cover_torus_4x5_k8_event_perm1731,vertex_cover_torus_4x5_k8_event,perm_seed1731,14,static_weighted_glucose,1,2,2,2,/Users/cchao/EchoSAT/RLAF/runs/GNN_Glucose_3SAT_EchoSAT_SymmetryGRPO_v1_2_WC1_HardNeg_Full/iter=15.pt,glucose,enhanced,False,patched_pretrue_main,event,strong,strong_symmetry,stress,4x5,main,vertex_cover_torus:stress,permutation_variant,True,SAT symmetry harder baseline candidate pool,warmup_rollout_collect_events,False,0.0,0.0,0.0
vertex_cover_torus,vertex_cover_torus_4x5_k8_event_perm1731,vertex_cover_torus_4x5_k8_event,perm_seed1731,14,static_weighted_glucose,1,2,2,2,/Users/cchao/EchoSAT/RLAF/runs/GNN_Glucose_3SAT_EchoSAT_SymmetryGRPO_v1_2_WC1_HardNeg_Full/iter=15.pt,glucose,enhanced,False,patched_pretrue_main,event,strong,strong_symmetry,stress,4x5,main,vertex_cover_torus:stress,permutation_variant,True,SAT symmetry harder baseline candidate pool,event_feature_attach,False,0.0,0.0,0.0
vertex_cover_torus,vertex_cover_torus_4x5_k8_event_perm1731,vertex_cover_torus_4x5_k8_event,perm_seed1731,14,static_weighted_glucose,1,2,2,2,/Users/cchao/EchoSAT/RLAF/runs/GNN_Glucose_3SAT_EchoSAT_SymmetryGRPO_v1_2_WC1_HardNeg_Full/iter=15.pt,glucose,enhanced,False,patched_pretrue_main,event,strong,strong_symmetry,stress,4x5,main,vertex_cover_torus:stress,permutation_variant,True,SAT symmetry harder baseline candidate pool,adapter_inference,False,0.0,0.0,0.0
vertex_cover_torus,vertex_cover_torus_4x5_k8_event_perm1731,vertex_cover_torus_4x5_k8_event,perm_seed1731,14,static_weighted_glucose,1,2,2,2,/Users/cchao/EchoSAT/RLAF/runs/GNN_Glucose_3SAT_EchoSAT_SymmetryGRPO_v1_2_WC1_HardNeg_Full/iter=15.pt,glucose,enhanced,False,patched_pretrue_main,event,strong,strong_symmetry,stress,4x5,main,vertex_cover_torus:stress,permutation_variant,True,SAT symmetry harder baseline candidate pool,final_solve,True,9.95613,10.20234449999407,9.95613
vertex_cover_torus,vertex_cover_torus_4x5_k8_event_perm1731,vertex_cover_torus_4x5_k8_event,perm_seed1731,14,cached_trace_no_adapter_final,1,2,2,2,/Users/cchao/EchoSAT/RLAF/runs/GNN_Glucose_3SAT_EchoSAT_SymmetryGRPO_v1_2_WC1_HardNeg_Full/iter=15.pt,glucose,enhanced,False,patched_pretrue_main,event,strong,strong_symmetry,stress,4x5,main,vertex_cover_torus:stress,permutation_variant,True,SAT symmetry harder baseline candidate pool,static_inference,True,8.128094911575317,8.128094911575317,0.0
vertex_cover_torus,vertex_cover_torus_4x5_k8_event_perm1731,vertex_cover_torus_4x5_k8_event,perm_seed1731,14,cached_trace_no_adapter_final,1,2,2,2,/Users/cchao/EchoSAT/RLAF/runs/GNN_Glucose_3SAT_EchoSAT_SymmetryGRPO_v1_2_WC1_HardNeg_Full/iter=15.pt,glucose,enhanced,False,patched_pretrue_main,event,strong,strong_symmetry,stress,4x5,main,vertex_cover_torus:stress,permutation_variant,True,SAT symmetry harder baseline candidate pool,warmup_rollout_collect_events,True,4.97818,5.164610958076082,4.97818
vertex_cover_torus,vertex_cover_torus_4x5_k8_event_perm1731,vertex_cover_torus_4x5_k8_event,perm_seed1731,14,cached_trace_no_adapter_final,1,2,2,2,/Users/cchao/EchoSAT/RLAF/runs/GNN_Glucose_3SAT_EchoSAT_SymmetryGRPO_v1_2_WC1_HardNeg_Full/iter=15.pt,glucose,enhanced,False,patched_pretrue_main,event,strong,strong_symmetry,stress,4x5,main,vertex_cover_torus:stress,permutation_variant,True,SAT symmetry harder baseline candidate pool,event_feature_attach,True,0.00010270799975842237,0.00010270799975842237,0.0
vertex_cover_torus,vertex_cover_torus_4x5_k8_event_perm1731,vertex_cover_torus_4x5_k8_event,perm_seed1731,14,cached_trace_no_adapter_final,1,2,2,2,/Users/cchao/EchoSAT/RLAF/runs/GNN_Glucose_3SAT_EchoSAT_SymmetryGRPO_v1_2_WC1_HardNeg_Full/iter=15.pt,glucose,enhanced,False,patched_pretrue_main,event,strong,strong_symmetry,stress,4x5,main,vertex_cover_torus:stress,permutation_variant,True,SAT symmetry harder baseline candidate pool,adapter_inference,False,0.0,0.0,0.0
vertex_cover_torus,vertex_cover_torus_4x5_k8_event_perm1731,vertex_cover_torus_4x5_k8_event,perm_seed1731,14,cached_trace_no_adapter_final,1,2,2,2,/Users/cchao/EchoSAT/RLAF/runs/GNN_Glucose_3SAT_EchoSAT_SymmetryGRPO_v1_2_WC1_HardNeg_Full/iter=15.pt,glucose,enhanced,False,patched_pretrue_main,event,strong,strong_symmetry,stress,4x5,main,vertex_cover_torus:stress,permutation_variant,True,SAT symmetry harder baseline candidate pool,final_solve,True,9.95613,10.20234449999407,9.95613
vertex_cover_torus,vertex_cover_torus_4x5_k8_event_perm1731,vertex_cover_torus_4x5_k8_event,perm_seed1731,14,event_adapter_final,1,2,2,2,/Users/cchao/EchoSAT/RLAF/runs/GNN_Glucose_3SAT_EchoSAT_SymmetryGRPO_v1_2_WC1_HardNeg_Full/iter=15.pt,glucose,enhanced,False,patched_pretrue_main,event,strong,strong_symmetry,stress,4x5,main,vertex_cover_torus:stress,permutation_variant,True,SAT symmetry harder baseline candidate pool,static_inference,True,8.128094911575317,8.128094911575317,0.0
vertex_cover_torus,vertex_cover_torus_4x5_k8_event_perm1731,vertex_cover_torus_4x5_k8_event,perm_seed1731,14,event_adapter_final,1,2,2,2,/Users/cchao/EchoSAT/RLAF/runs/GNN_Glucose_3SAT_EchoSAT_SymmetryGRPO_v1_2_WC1_HardNeg_Full/iter=15.pt,glucose,enhanced,False,patched_pretrue_main,event,strong,strong_symmetry,stress,4x5,main,vertex_cover_torus:stress,permutation_variant,True,SAT symmetry harder baseline candidate pool,warmup_rollout_collect_events,True,4.97818,5.164610958076082,4.97818
vertex_cover_torus,vertex_cover_torus_4x5_k8_event_perm1731,vertex_cover_torus_4x5_k8_event,perm_seed1731,14,event_adapter_final,1,2,2,2,/Users/cchao/EchoSAT/RLAF/runs/GNN_Glucose_3SAT_EchoSAT_SymmetryGRPO_v1_2_WC1_HardNeg_Full/iter=15.pt,glucose,enhanced,False,patched_pretrue_main,event,strong,strong_symmetry,stress,4x5,main,vertex_cover_torus:stress,permutation_variant,True,SAT symmetry harder baseline candidate pool,event_feature_attach,True,0.00010270799975842237,0.00010270799975842237,0.0
vertex_cover_torus,vertex_cover_torus_4x5_k8_event_perm1731,vertex_cover_torus_4x5_k8_event,perm_seed1731,14,event_adapter_final,1,2,2,2,/Users/cchao/EchoSAT/RLAF/runs/GNN_Glucose_3SAT_EchoSAT_SymmetryGRPO_v1_2_WC1_HardNeg_Full/iter=15.pt,glucose,enhanced,False,patched_pretrue_main,event,strong,strong_symmetry,stress,4x5,main,vertex_cover_torus:stress,permutation_variant,True,SAT symmetry harder baseline candidate pool,adapter_inference,True,0.0006458759307861328,0.0006458759307861328,0.0
vertex_cover_torus,vertex_cover_torus_4x5_k8_event_perm1731,vertex_cover_torus_4x5_k8_event,perm_seed1731,14,event_adapter_final,1,2,2,2,/Users/cchao/EchoSAT/RLAF/runs/GNN_Glucose_3SAT_EchoSAT_SymmetryGRPO_v1_2_WC1_HardNeg_Full/iter=15.pt,glucose,enhanced,False,patched_pretrue_main,event,strong,strong_symmetry,stress,4x5,main,vertex_cover_torus:stress,permutation_variant,True,SAT symmetry harder baseline candidate pool,final_solve,True,9.95393,10.219728625030257,9.95393
complete_coloring,k10_color9,k10_color9,base,0,plain_unguided_glucose,2,3,3,3,/Users/cchao/EchoSAT/RLAF/runs/GNN_Glucose_3SAT_EchoSAT_SymmetryGRPO_v1_2_WC1_HardNeg_Full/iter=15.pt,glucose,enhanced,False,patched_pretrue_main,event,strong,strong_symmetry,large,v10_c9,main,complete_coloring:large,base,False,SAT symmetry harder baseline candidate pool,static_inference,False,0.0,0.0,0.0
complete_coloring,k10_color9,k10_color9,base,0,plain_unguided_glucose,2,3,3,3,/Users/cchao/EchoSAT/RLAF/runs/GNN_Glucose_3SAT_EchoSAT_SymmetryGRPO_v1_2_WC1_HardNeg_Full/iter=15.pt,glucose,enhanced,False,patched_pretrue_main,event,strong,strong_symmetry,large,v10_c9,main,complete_coloring:large,base,False,SAT symmetry harder baseline candidate pool,warmup_rollout_collect_events,False,0.0,0.0,0.0
complete_coloring,k10_color9,k10_color9,base,0,plain_unguided_glucose,2,3,3,3,/Users/cchao/EchoSAT/RLAF/runs/GNN_Glucose_3SAT_EchoSAT_SymmetryGRPO_v1_2_WC1_HardNeg_Full/iter=15.pt,glucose,enhanced,False,patched_pretrue_main,event,strong,strong_symmetry,large,v10_c9,main,complete_coloring:large,base,False,SAT symmetry harder baseline candidate pool,event_feature_attach,False,0.0,0.0,0.0
complete_coloring,k10_color9,k10_color9,base,0,plain_unguided_glucose,2,3,3,3,/Users/cchao/EchoSAT/RLAF/runs/GNN_Glucose_3SAT_EchoSAT_SymmetryGRPO_v1_2_WC1_HardNeg_Full/iter=15.pt,glucose,enhanced,False,patched_pretrue_main,event,strong,strong_symmetry,large,v10_c9,main,complete_coloring:large,base,False,SAT symmetry harder baseline candidate pool,adapter_inference,False,0.0,0.0,0.0
complete_coloring,k10_color9,k10_color9,base,0,plain_unguided_glucose,2,3,3,3,/Users/cchao/EchoSAT/RLAF/runs/GNN_Glucose_3SAT_EchoSAT_SymmetryGRPO_v1_2_WC1_HardNeg_Full/iter=15.pt,glucose,enhanced,False,patched_pretrue_main,event,strong,strong_symmetry,large,v10_c9,main,complete_coloring:large,base,False,SAT symmetry harder baseline candidate pool,final_solve,True,1.76167,1.8017638340825215,1.76167
complete_coloring,k10_color9,k10_color9,base,0,neutral_weighted_glucose,2,3,3,3,/Users/cchao/EchoSAT/RLAF/runs/GNN_Glucose_3SAT_EchoSAT_SymmetryGRPO_v1_2_WC1_HardNeg_Full/iter=15.pt,glucose,enhanced,False,patched_pretrue_main,event,strong,strong_symmetry,large,v10_c9,main,complete_coloring:large,base,False,SAT symmetry harder baseline candidate pool,static_inference,False,0.0,0.0,0.0
complete_coloring,k10_color9,k10_color9,base,0,neutral_weighted_glucose,2,3,3,3,/Users/cchao/EchoSAT/RLAF/runs/GNN_Glucose_3SAT_EchoSAT_SymmetryGRPO_v1_2_WC1_HardNeg_Full/iter=15.pt,glucose,enhanced,False,patched_pretrue_main,event,strong,strong_symmetry,large,v10_c9,main,complete_coloring:large,base,False,SAT symmetry harder baseline candidate pool,warmup_rollout_collect_events,False,0.0,0.0,0.0
complete_coloring,k10_color9,k10_color9,base,0,neutral_weighted_glucose,2,3,3,3,/Users/cchao/EchoSAT/RLAF/runs/GNN_Glucose_3SAT_EchoSAT_SymmetryGRPO_v1_2_WC1_HardNeg_Full/iter=15.pt,glucose,enhanced,False,patched_pretrue_main,event,strong,strong_symmetry,large,v10_c9,main,complete_coloring:large,base,False,SAT symmetry harder baseline candidate pool,event_feature_attach,False,0.0,0.0,0.0
complete_coloring,k10_color9,k10_color9,base,0,neutral_weighted_glucose,2,3,3,3,/Users/cchao/EchoSAT/RLAF/runs/GNN_Glucose_3SAT_EchoSAT_SymmetryGRPO_v1_2_WC1_HardNeg_Full/iter=15.pt,glucose,enhanced,False,patched_pretrue_main,event,strong,strong_symmetry,large,v10_c9,main,complete_coloring:large,base,False,SAT symmetry harder baseline candidate pool,adapter_inference,False,0.0,0.0,0.0
complete_coloring,k10_color9,k10_color9,base,0,neutral_weighted_glucose,2,3,3,3,/Users/cchao/EchoSAT/RLAF/runs/GNN_Glucose_3SAT_EchoSAT_SymmetryGRPO_v1_2_WC1_HardNeg_Full/iter=15.pt,glucose,enhanced,False,patched_pretrue_main,event,strong,strong_symmetry,large,v10_c9,main,complete_coloring:large,base,False,SAT symmetry harder baseline candidate pool,final_solve,True,1.53419,1.596178000094369,1.53419
complete_coloring,k10_color9,k10_color9,base,0,static_weighted_glucose,2,3,3,3,/Users/cchao/EchoSAT/RLAF/runs/GNN_Glucose_3SAT_EchoSAT_SymmetryGRPO_v1_2_WC1_HardNeg_Full/iter=15.pt,glucose,enhanced,False,patched_pretrue_main,event,strong,strong_symmetry,large,v10_c9,main,complete_coloring:large,base,False,SAT symmetry harder baseline candidate pool,static_inference,True,0.08248090744018555,0.08248090744018555,0.0
complete_coloring,k10_color9,k10_color9,base,0,static_weighted_glucose,2,3,3,3,/Users/cchao/EchoSAT/RLAF/runs/GNN_Glucose_3SAT_EchoSAT_SymmetryGRPO_v1_2_WC1_HardNeg_Full/iter=15.pt,glucose,enhanced,False,patched_pretrue_main,event,strong,strong_symmetry,large,v10_c9,main,complete_coloring:large,base,False,SAT symmetry harder baseline candidate pool,warmup_rollout_collect_events,False,0.0,0.0,0.0
complete_coloring,k10_color9,k10_color9,base,0,static_weighted_glucose,2,3,3,3,/Users/cchao/EchoSAT/RLAF/runs/GNN_Glucose_3SAT_EchoSAT_SymmetryGRPO_v1_2_WC1_HardNeg_Full/iter=15.pt,glucose,enhanced,False,patched_pretrue_main,event,strong,strong_symmetry,large,v10_c9,main,complete_coloring:large,base,False,SAT symmetry harder baseline candidate pool,event_feature_attach,False,0.0,0.0,0.0
complete_coloring,k10_color9,k10_color9,base,0,static_weighted_glucose,2,3,3,3,/Users/cchao/EchoSAT/RLAF/runs/GNN_Glucose_3SAT_EchoSAT_SymmetryGRPO_v1_2_WC1_HardNeg_Full/iter=15.pt,glucose,enhanced,False,patched_pretrue_main,event,strong,strong_symmetry,large,v10_c9,main,complete_coloring:large,base,False,SAT symmetry harder baseline candidate pool,adapter_inference,False,0.0,0.0,0.0
complete_coloring,k10_color9,k10_color9,base,0,static_weighted_glucose,2,3,3,3,/Users/cchao/EchoSAT/RLAF/runs/GNN_Glucose_3SAT_EchoSAT_SymmetryGRPO_v1_2_WC1_HardNeg_Full/iter=15.pt,glucose,enhanced,False,patched_pretrue_main,event,strong,strong_symmetry,large,v10_c9,main,complete_coloring:large,base,False,SAT symmetry harder baseline candidate pool,final_solve,True,1.45052,1.483069834066555,1.45052
complete_coloring,k10_color9,k10_color9,base,0,cached_trace_no_adapter_final,2,3,3,3,/Users/cchao/EchoSAT/RLAF/runs/GNN_Glucose_3SAT_EchoSAT_SymmetryGRPO_v1_2_WC1_HardNeg_Full/iter=15.pt,glucose,enhanced,False,patched_pretrue_main,event,strong,strong_symmetry,large,v10_c9,main,complete_coloring:large,base,False,SAT symmetry harder baseline candidate pool,static_inference,True,0.08248090744018555,0.08248090744018555,0.0
complete_coloring,k10_color9,k10_color9,base,0,cached_trace_no_adapter_final,2,3,3,3,/Users/cchao/EchoSAT/RLAF/runs/GNN_Glucose_3SAT_EchoSAT_SymmetryGRPO_v1_2_WC1_HardNeg_Full/iter=15.pt,glucose,enhanced,False,patched_pretrue_main,event,strong,strong_symmetry,large,v10_c9,main,complete_coloring:large,base,False,SAT symmetry harder baseline candidate pool,warmup_rollout_collect_events,True,0.001076,0.004589083953760564,0.001076
complete_coloring,k10_color9,k10_color9,base,0,cached_trace_no_adapter_final,2,3,3,3,/Users/cchao/EchoSAT/RLAF/runs/GNN_Glucose_3SAT_EchoSAT_SymmetryGRPO_v1_2_WC1_HardNeg_Full/iter=15.pt,glucose,enhanced,False,patched_pretrue_main,event,strong,strong_symmetry,large,v10_c9,main,complete_coloring:large,base,False,SAT symmetry harder baseline candidate pool,event_feature_attach,True,0.0003078329609706998,0.0003078329609706998,0.0
complete_coloring,k10_color9,k10_color9,base,0,cached_trace_no_adapter_final,2,3,3,3,/Users/cchao/EchoSAT/RLAF/runs/GNN_Glucose_3SAT_EchoSAT_SymmetryGRPO_v1_2_WC1_HardNeg_Full/iter=15.pt,glucose,enhanced,False,patched_pretrue_main,event,strong,strong_symmetry,large,v10_c9,main,complete_coloring:large,base,False,SAT symmetry harder baseline candidate pool,adapter_inference,False,0.0,0.0,0.0
complete_coloring,k10_color9,k10_color9,base,0,cached_trace_no_adapter_final,2,3,3,3,/Users/cchao/EchoSAT/RLAF/runs/GNN_Glucose_3SAT_EchoSAT_SymmetryGRPO_v1_2_WC1_HardNeg_Full/iter=15.pt,glucose,enhanced,False,patched_pretrue_main,event,strong,strong_symmetry,large,v10_c9,main,complete_coloring:large,base,False,SAT symmetry harder baseline candidate pool,final_solve,True,1.45052,1.483069834066555,1.45052
complete_coloring,k10_color9,k10_color9,base,0,event_adapter_final,2,3,3,3,/Users/cchao/EchoSAT/RLAF/runs/GNN_Glucose_3SAT_EchoSAT_SymmetryGRPO_v1_2_WC1_HardNeg_Full/iter=15.pt,glucose,enhanced,False,patched_pretrue_main,event,strong,strong_symmetry,large,v10_c9,main,complete_coloring:large,base,False,SAT symmetry harder baseline candidate pool,static_inference,True,0.08248090744018555,0.08248090744018555,0.0
complete_coloring,k10_color9,k10_color9,base,0,event_adapter_final,2,3,3,3,/Users/cchao/EchoSAT/RLAF/runs/GNN_Glucose_3SAT_EchoSAT_SymmetryGRPO_v1_2_WC1_HardNeg_Full/iter=15.pt,glucose,enhanced,False,patched_pretrue_main,event,strong,strong_symmetry,large,v10_c9,main,complete_coloring:large,base,False,SAT symmetry harder baseline candidate pool,warmup_rollout_collect_events,True,0.001076,0.004589083953760564,0.001076
complete_coloring,k10_color9,k10_color9,base,0,event_adapter_final,2,3,3,3,/Users/cchao/EchoSAT/RLAF/runs/GNN_Glucose_3SAT_EchoSAT_SymmetryGRPO_v1_2_WC1_HardNeg_Full/iter=15.pt,glucose,enhanced,False,patched_pretrue_main,event,strong,strong_symmetry,large,v10_c9,main,complete_coloring:large,base,False,SAT symmetry harder baseline candidate pool,event_feature_attach,True,0.0003078329609706998,0.0003078329609706998,0.0
complete_coloring,k10_color9,k10_color9,base,0,event_adapter_final,2,3,3,3,/Users/cchao/EchoSAT/RLAF/runs/GNN_Glucose_3SAT_EchoSAT_SymmetryGRPO_v1_2_WC1_HardNeg_Full/iter=15.pt,glucose,enhanced,False,patched_pretrue_main,event,strong,strong_symmetry,large,v10_c9,main,complete_coloring:large,base,False,SAT symmetry harder baseline candidate pool,adapter_inference,True,0.0007178783416748047,0.0007178783416748047,0.0
complete_coloring,k10_color9,k10_color9,base,0,event_adapter_final,2,3,3,3,/Users/cchao/EchoSAT/RLAF/runs/GNN_Glucose_3SAT_EchoSAT_SymmetryGRPO_v1_2_WC1_HardNeg_Full/iter=15.pt,glucose,enhanced,False,patched_pretrue_main,event,strong,strong_symmetry,large,v10_c9,main,complete_coloring:large,base,False,SAT symmetry harder baseline candidate pool,final_solve,True,1.74189,1.7923849580110982,1.74189
complete_coloring,k10_color9_perm1730,k10_color9,perm_seed1730,1,plain_unguided_glucose,2,3,3,3,/Users/cchao/EchoSAT/RLAF/runs/GNN_Glucose_3SAT_EchoSAT_SymmetryGRPO_v1_2_WC1_HardNeg_Full/iter=15.pt,glucose,enhanced,False,patched_pretrue_main,event,strong,strong_symmetry,large,v10_c9,main,complete_coloring:large,permutation_variant,True,SAT symmetry harder baseline candidate pool,static_inference,False,0.0,0.0,0.0
complete_coloring,k10_color9_perm1730,k10_color9,perm_seed1730,1,plain_unguided_glucose,2,3,3,3,/Users/cchao/EchoSAT/RLAF/runs/GNN_Glucose_3SAT_EchoSAT_SymmetryGRPO_v1_2_WC1_HardNeg_Full/iter=15.pt,glucose,enhanced,False,patched_pretrue_main,event,strong,strong_symmetry,large,v10_c9,main,complete_coloring:large,permutation_variant,True,SAT symmetry harder baseline candidate pool,warmup_rollout_collect_events,False,0.0,0.0,0.0
complete_coloring,k10_color9_perm1730,k10_color9,perm_seed1730,1,plain_unguided_glucose,2,3,3,3,/Users/cchao/EchoSAT/RLAF/runs/GNN_Glucose_3SAT_EchoSAT_SymmetryGRPO_v1_2_WC1_HardNeg_Full/iter=15.pt,glucose,enhanced,False,patched_pretrue_main,event,strong,strong_symmetry,large,v10_c9,main,complete_coloring:large,permutation_variant,True,SAT symmetry harder baseline candidate pool,event_feature_attach,False,0.0,0.0,0.0
complete_coloring,k10_color9_perm1730,k10_color9,perm_seed1730,1,plain_unguided_glucose,2,3,3,3,/Users/cchao/EchoSAT/RLAF/runs/GNN_Glucose_3SAT_EchoSAT_SymmetryGRPO_v1_2_WC1_HardNeg_Full/iter=15.pt,glucose,enhanced,False,patched_pretrue_main,event,strong,strong_symmetry,large,v10_c9,main,complete_coloring:large,permutation_variant,True,SAT symmetry harder baseline candidate pool,adapter_inference,False,0.0,0.0,0.0
complete_coloring,k10_color9_perm1730,k10_color9,perm_seed1730,1,plain_unguided_glucose,2,3,3,3,/Users/cchao/EchoSAT/RLAF/runs/GNN_Glucose_3SAT_EchoSAT_SymmetryGRPO_v1_2_WC1_HardNeg_Full/iter=15.pt,glucose,enhanced,False,patched_pretrue_main,event,strong,strong_symmetry,large,v10_c9,main,complete_coloring:large,permutation_variant,True,SAT symmetry harder baseline candidate pool,final_solve,True,1.58205,1.605700375046581,1.58205
complete_coloring,k10_color9_perm1730,k10_color9,perm_seed1730,1,neutral_weighted_glucose,2,3,3,3,/Users/cchao/EchoSAT/RLAF/runs/GNN_Glucose_3SAT_EchoSAT_SymmetryGRPO_v1_2_WC1_HardNeg_Full/iter=15.pt,glucose,enhanced,False,patched_pretrue_main,event,strong,strong_symmetry,large,v10_c9,main,complete_coloring:large,permutation_variant,True,SAT symmetry harder baseline candidate pool,static_inference,False,0.0,0.0,0.0
complete_coloring,k10_color9_perm1730,k10_color9,perm_seed1730,1,neutral_weighted_glucose,2,3,3,3,/Users/cchao/EchoSAT/RLAF/runs/GNN_Glucose_3SAT_EchoSAT_SymmetryGRPO_v1_2_WC1_HardNeg_Full/iter=15.pt,glucose,enhanced,False,patched_pretrue_main,event,strong,strong_symmetry,large,v10_c9,main,complete_coloring:large,permutation_variant,True,SAT symmetry harder baseline candidate pool,warmup_rollout_collect_events,False,0.0,0.0,0.0
complete_coloring,k10_color9_perm1730,k10_color9,perm_seed1730,1,neutral_weighted_glucose,2,3,3,3,/Users/cchao/EchoSAT/RLAF/runs/GNN_Glucose_3SAT_EchoSAT_SymmetryGRPO_v1_2_WC1_HardNeg_Full/iter=15.pt,glucose,enhanced,False,patched_pretrue_main,event,strong,strong_symmetry,large,v10_c9,main,complete_coloring:large,permutation_variant,True,SAT symmetry harder baseline candidate pool,event_feature_attach,False,0.0,0.0,0.0
complete_coloring,k10_color9_perm1730,k10_color9,perm_seed1730,1,neutral_weighted_glucose,2,3,3,3,/Users/cchao/EchoSAT/RLAF/runs/GNN_Glucose_3SAT_EchoSAT_SymmetryGRPO_v1_2_WC1_HardNeg_Full/iter=15.pt,glucose,enhanced,False,patched_pretrue_main,event,strong,strong_symmetry,large,v10_c9,main,complete_coloring:large,permutation_variant,True,SAT symmetry harder baseline candidate pool,adapter_inference,False,0.0,0.0,0.0
complete_coloring,k10_color9_perm1730,k10_color9,perm_seed1730,1,neutral_weighted_glucose,2,3,3,3,/Users/cchao/EchoSAT/RLAF/runs/GNN_Glucose_3SAT_EchoSAT_SymmetryGRPO_v1_2_WC1_HardNeg_Full/iter=15.pt,glucose,enhanced,False,patched_pretrue_main,event,strong,strong_symmetry,large,v10_c9,main,complete_coloring:large,permutation_variant,True,SAT symmetry harder baseline candidate pool,final_solve,True,1.39921,1.4612291250377893,1.39921
complete_coloring,k10_color9_perm1730,k10_color9,perm_seed1730,1,static_weighted_glucose,2,3,3,3,/Users/cchao/EchoSAT/RLAF/runs/GNN_Glucose_3SAT_EchoSAT_SymmetryGRPO_v1_2_WC1_HardNeg_Full/iter=15.pt,glucose,enhanced,False,patched_pretrue_main,event,strong,strong_symmetry,large,v10_c9,main,complete_coloring:large,permutation_variant,True,SAT symmetry harder baseline candidate pool,static_inference,True,0.08248090744018555,0.08248090744018555,0.0
complete_coloring,k10_color9_perm1730,k10_color9,perm_seed1730,1,static_weighted_glucose,2,3,3,3,/Users/cchao/EchoSAT/RLAF/runs/GNN_Glucose_3SAT_EchoSAT_SymmetryGRPO_v1_2_WC1_HardNeg_Full/iter=15.pt,glucose,enhanced,False,patched_pretrue_main,event,strong,strong_symmetry,large,v10_c9,main,complete_coloring:large,permutation_variant,True,SAT symmetry harder baseline candidate pool,warmup_rollout_collect_events,False,0.0,0.0,0.0
complete_coloring,k10_color9_perm1730,k10_color9,perm_seed1730,1,static_weighted_glucose,2,3,3,3,/Users/cchao/EchoSAT/RLAF/runs/GNN_Glucose_3SAT_EchoSAT_SymmetryGRPO_v1_2_WC1_HardNeg_Full/iter=15.pt,glucose,enhanced,False,patched_pretrue_main,event,strong,strong_symmetry,large,v10_c9,main,complete_coloring:large,permutation_variant,True,SAT symmetry harder baseline candidate pool,event_feature_attach,False,0.0,0.0,0.0
complete_coloring,k10_color9_perm1730,k10_color9,perm_seed1730,1,static_weighted_glucose,2,3,3,3,/Users/cchao/EchoSAT/RLAF/runs/GNN_Glucose_3SAT_EchoSAT_SymmetryGRPO_v1_2_WC1_HardNeg_Full/iter=15.pt,glucose,enhanced,False,patched_pretrue_main,event,strong,strong_symmetry,large,v10_c9,main,complete_coloring:large,permutation_variant,True,SAT symmetry harder baseline candidate pool,adapter_inference,False,0.0,0.0,0.0
complete_coloring,k10_color9_perm1730,k10_color9,perm_seed1730,1,static_weighted_glucose,2,3,3,3,/Users/cchao/EchoSAT/RLAF/runs/GNN_Glucose_3SAT_EchoSAT_SymmetryGRPO_v1_2_WC1_HardNeg_Full/iter=15.pt,glucose,enhanced,False,patched_pretrue_main,event,strong,strong_symmetry,large,v10_c9,main,complete_coloring:large,permutation_variant,True,SAT symmetry harder baseline candidate pool,final_solve,True,1.46426,1.4943855419987813,1.46426
complete_coloring,k10_color9_perm1730,k10_color9,perm_seed1730,1,cached_trace_no_adapter_final,2,3,3,3,/Users/cchao/EchoSAT/RLAF/runs/GNN_Glucose_3SAT_EchoSAT_SymmetryGRPO_v1_2_WC1_HardNeg_Full/iter=15.pt,glucose,enhanced,False,patched_pretrue_main,event,strong,strong_symmetry,large,v10_c9,main,complete_coloring:large,permutation_variant,True,SAT symmetry harder baseline candidate pool,static_inference,True,0.08248090744018555,0.08248090744018555,0.0
complete_coloring,k10_color9_perm1730,k10_color9,perm_seed1730,1,cached_trace_no_adapter_final,2,3,3,3,/Users/cchao/EchoSAT/RLAF/runs/GNN_Glucose_3SAT_EchoSAT_SymmetryGRPO_v1_2_WC1_HardNeg_Full/iter=15.pt,glucose,enhanced,False,patched_pretrue_main,event,strong,strong_symmetry,large,v10_c9,main,complete_coloring:large,permutation_variant,True,SAT symmetry harder baseline candidate pool,warmup_rollout_collect_events,True,0.000957,0.004566250019706786,0.000957
complete_coloring,k10_color9_perm1730,k10_color9,perm_seed1730,1,cached_trace_no_adapter_final,2,3,3,3,/Users/cchao/EchoSAT/RLAF/runs/GNN_Glucose_3SAT_EchoSAT_SymmetryGRPO_v1_2_WC1_HardNeg_Full/iter=15.pt,glucose,enhanced,False,patched_pretrue_main,event,strong,strong_symmetry,large,v10_c9,main,complete_coloring:large,permutation_variant,True,SAT symmetry harder baseline candidate pool,event_feature_attach,True,0.00013008294627070427,0.00013008294627070427,0.0
complete_coloring,k10_color9_perm1730,k10_color9,perm_seed1730,1,cached_trace_no_adapter_final,2,3,3,3,/Users/cchao/EchoSAT/RLAF/runs/GNN_Glucose_3SAT_EchoSAT_SymmetryGRPO_v1_2_WC1_HardNeg_Full/iter=15.pt,glucose,enhanced,False,patched_pretrue_main,event,strong,strong_symmetry,large,v10_c9,main,complete_coloring:large,permutation_variant,True,SAT symmetry harder baseline candidate pool,adapter_inference,False,0.0,0.0,0.0
complete_coloring,k10_color9_perm1730,k10_color9,perm_seed1730,1,cached_trace_no_adapter_final,2,3,3,3,/Users/cchao/EchoSAT/RLAF/runs/GNN_Glucose_3SAT_EchoSAT_SymmetryGRPO_v1_2_WC1_HardNeg_Full/iter=15.pt,glucose,enhanced,False,patched_pretrue_main,event,strong,strong_symmetry,large,v10_c9,main,complete_coloring:large,permutation_variant,True,SAT symmetry harder baseline candidate pool,final_solve,True,1.46426,1.4943855419987813,1.46426
complete_coloring,k10_color9_perm1730,k10_color9,perm_seed1730,1,event_adapter_final,2,3,3,3,/Users/cchao/EchoSAT/RLAF/runs/GNN_Glucose_3SAT_EchoSAT_SymmetryGRPO_v1_2_WC1_HardNeg_Full/iter=15.pt,glucose,enhanced,False,patched_pretrue_main,event,strong,strong_symmetry,large,v10_c9,main,complete_coloring:large,permutation_variant,True,SAT symmetry harder baseline candidate pool,static_inference,True,0.08248090744018555,0.08248090744018555,0.0
complete_coloring,k10_color9_perm1730,k10_color9,perm_seed1730,1,event_adapter_final,2,3,3,3,/Users/cchao/EchoSAT/RLAF/runs/GNN_Glucose_3SAT_EchoSAT_SymmetryGRPO_v1_2_WC1_HardNeg_Full/iter=15.pt,glucose,enhanced,False,patched_pretrue_main,event,strong,strong_symmetry,large,v10_c9,main,complete_coloring:large,permutation_variant,True,SAT symmetry harder baseline candidate pool,warmup_rollout_collect_events,True,0.000957,0.004566250019706786,0.000957
complete_coloring,k10_color9_perm1730,k10_color9,perm_seed1730,1,event_adapter_final,2,3,3,3,/Users/cchao/EchoSAT/RLAF/runs/GNN_Glucose_3SAT_EchoSAT_SymmetryGRPO_v1_2_WC1_HardNeg_Full/iter=15.pt,glucose,enhanced,False,patched_pretrue_main,event,strong,strong_symmetry,large,v10_c9,main,complete_coloring:large,permutation_variant,True,SAT symmetry harder baseline candidate pool,event_feature_attach,True,0.00013008294627070427,0.00013008294627070427,0.0
complete_coloring,k10_color9_perm1730,k10_color9,perm_seed1730,1,event_adapter_final,2,3,3,3,/Users/cchao/EchoSAT/RLAF/runs/GNN_Glucose_3SAT_EchoSAT_SymmetryGRPO_v1_2_WC1_HardNeg_Full/iter=15.pt,glucose,enhanced,False,patched_pretrue_main,event,strong,strong_symmetry,large,v10_c9,main,complete_coloring:large,permutation_variant,True,SAT symmetry harder baseline candidate pool,adapter_inference,True,0.0007178783416748047,0.0007178783416748047,0.0
complete_coloring,k10_color9_perm1730,k10_color9,perm_seed1730,1,event_adapter_final,2,3,3,3,/Users/cchao/EchoSAT/RLAF/runs/GNN_Glucose_3SAT_EchoSAT_SymmetryGRPO_v1_2_WC1_HardNeg_Full/iter=15.pt,glucose,enhanced,False,patched_pretrue_main,event,strong,strong_symmetry,large,v10_c9,main,complete_coloring:large,permutation_variant,True,SAT symmetry harder baseline candidate pool,final_solve,True,1.53488,1.5791653750929981,1.53488
complete_coloring,k10_color9_perm1731,k10_color9,perm_seed1731,2,plain_unguided_glucose,2,3,3,3,/Users/cchao/EchoSAT/RLAF/runs/GNN_Glucose_3SAT_EchoSAT_SymmetryGRPO_v1_2_WC1_HardNeg_Full/iter=15.pt,glucose,enhanced,False,patched_pretrue_main,event,strong,strong_symmetry,large,v10_c9,main,complete_coloring:large,permutation_variant,True,SAT symmetry harder baseline candidate pool,static_inference,False,0.0,0.0,0.0
complete_coloring,k10_color9_perm1731,k10_color9,perm_seed1731,2,plain_unguided_glucose,2,3,3,3,/Users/cchao/EchoSAT/RLAF/runs/GNN_Glucose_3SAT_EchoSAT_SymmetryGRPO_v1_2_WC1_HardNeg_Full/iter=15.pt,glucose,enhanced,False,patched_pretrue_main,event,strong,strong_symmetry,large,v10_c9,main,complete_coloring:large,permutation_variant,True,SAT symmetry harder baseline candidate pool,warmup_rollout_collect_events,False,0.0,0.0,0.0
complete_coloring,k10_color9_perm1731,k10_color9,perm_seed1731,2,plain_unguided_glucose,2,3,3,3,/Users/cchao/EchoSAT/RLAF/runs/GNN_Glucose_3SAT_EchoSAT_SymmetryGRPO_v1_2_WC1_HardNeg_Full/iter=15.pt,glucose,enhanced,False,patched_pretrue_main,event,strong,strong_symmetry,large,v10_c9,main,complete_coloring:large,permutation_variant,True,SAT symmetry harder baseline candidate pool,event_feature_attach,False,0.0,0.0,0.0
complete_coloring,k10_color9_perm1731,k10_color9,perm_seed1731,2,plain_unguided_glucose,2,3,3,3,/Users/cchao/EchoSAT/RLAF/runs/GNN_Glucose_3SAT_EchoSAT_SymmetryGRPO_v1_2_WC1_HardNeg_Full/iter=15.pt,glucose,enhanced,False,patched_pretrue_main,event,strong,strong_symmetry,large,v10_c9,main,complete_coloring:large,permutation_variant,True,SAT symmetry harder baseline candidate pool,adapter_inference,False,0.0,0.0,0.0
complete_coloring,k10_color9_perm1731,k10_color9,perm_seed1731,2,plain_unguided_glucose,2,3,3,3,/Users/cchao/EchoSAT/RLAF/runs/GNN_Glucose_3SAT_EchoSAT_SymmetryGRPO_v1_2_WC1_HardNeg_Full/iter=15.pt,glucose,enhanced,False,patched_pretrue_main,event,strong,strong_symmetry,large,v10_c9,main,complete_coloring:large,permutation_variant,True,SAT symmetry harder baseline candidate pool,final_solve,True,1.59153,1.6140334999654442,1.59153
complete_coloring,k10_color9_perm1731,k10_color9,perm_seed1731,2,neutral_weighted_glucose,2,3,3,3,/Users/cchao/EchoSAT/RLAF/runs/GNN_Glucose_3SAT_EchoSAT_SymmetryGRPO_v1_2_WC1_HardNeg_Full/iter=15.pt,glucose,enhanced,False,patched_pretrue_main,event,strong,strong_symmetry,large,v10_c9,main,complete_coloring:large,permutation_variant,True,SAT symmetry harder baseline candidate pool,static_inference,False,0.0,0.0,0.0
complete_coloring,k10_color9_perm1731,k10_color9,perm_seed1731,2,neutral_weighted_glucose,2,3,3,3,/Users/cchao/EchoSAT/RLAF/runs/GNN_Glucose_3SAT_EchoSAT_SymmetryGRPO_v1_2_WC1_HardNeg_Full/iter=15.pt,glucose,enhanced,False,patched_pretrue_main,event,strong,strong_symmetry,large,v10_c9,main,complete_coloring:large,permutation_variant,True,SAT symmetry harder baseline candidate pool,warmup_rollout_collect_events,False,0.0,0.0,0.0
complete_coloring,k10_color9_perm1731,k10_color9,perm_seed1731,2,neutral_weighted_glucose,2,3,3,3,/Users/cchao/EchoSAT/RLAF/runs/GNN_Glucose_3SAT_EchoSAT_SymmetryGRPO_v1_2_WC1_HardNeg_Full/iter=15.pt,glucose,enhanced,False,patched_pretrue_main,event,strong,strong_symmetry,large,v10_c9,main,complete_coloring:large,permutation_variant,True,SAT symmetry harder baseline candidate pool,event_feature_attach,False,0.0,0.0,0.0
complete_coloring,k10_color9_perm1731,k10_color9,perm_seed1731,2,neutral_weighted_glucose,2,3,3,3,/Users/cchao/EchoSAT/RLAF/runs/GNN_Glucose_3SAT_EchoSAT_SymmetryGRPO_v1_2_WC1_HardNeg_Full/iter=15.pt,glucose,enhanced,False,patched_pretrue_main,event,strong,strong_symmetry,large,v10_c9,main,complete_coloring:large,permutation_variant,True,SAT symmetry harder baseline candidate pool,adapter_inference,False,0.0,0.0,0.0
complete_coloring,k10_color9_perm1731,k10_color9,perm_seed1731,2,neutral_weighted_glucose,2,3,3,3,/Users/cchao/EchoSAT/RLAF/runs/GNN_Glucose_3SAT_EchoSAT_SymmetryGRPO_v1_2_WC1_HardNeg_Full/iter=15.pt,glucose,enhanced,False,patched_pretrue_main,event,strong,strong_symmetry,large,v10_c9,main,complete_coloring:large,permutation_variant,True,SAT symmetry harder baseline candidate pool,final_solve,True,1.62766,1.6889964160509408,1.62766
complete_coloring,k10_color9_perm1731,k10_color9,perm_seed1731,2,static_weighted_glucose,2,3,3,3,/Users/cchao/EchoSAT/RLAF/runs/GNN_Glucose_3SAT_EchoSAT_SymmetryGRPO_v1_2_WC1_HardNeg_Full/iter=15.pt,glucose,enhanced,False,patched_pretrue_main,event,strong,strong_symmetry,large,v10_c9,main,complete_coloring:large,permutation_variant,True,SAT symmetry harder baseline candidate pool,static_inference,True,0.08248090744018555,0.08248090744018555,0.0
complete_coloring,k10_color9_perm1731,k10_color9,perm_seed1731,2,static_weighted_glucose,2,3,3,3,/Users/cchao/EchoSAT/RLAF/runs/GNN_Glucose_3SAT_EchoSAT_SymmetryGRPO_v1_2_WC1_HardNeg_Full/iter=15.pt,glucose,enhanced,False,patched_pretrue_main,event,strong,strong_symmetry,large,v10_c9,main,complete_coloring:large,permutation_variant,True,SAT symmetry harder baseline candidate pool,warmup_rollout_collect_events,False,0.0,0.0,0.0
complete_coloring,k10_color9_perm1731,k10_color9,perm_seed1731,2,static_weighted_glucose,2,3,3,3,/Users/cchao/EchoSAT/RLAF/runs/GNN_Glucose_3SAT_EchoSAT_SymmetryGRPO_v1_2_WC1_HardNeg_Full/iter=15.pt,glucose,enhanced,False,patched_pretrue_main,event,strong,strong_symmetry,large,v10_c9,main,complete_coloring:large,permutation_variant,True,SAT symmetry harder baseline candidate pool,event_feature_attach,False,0.0,0.0,0.0
complete_coloring,k10_color9_perm1731,k10_color9,perm_seed1731,2,static_weighted_glucose,2,3,3,3,/Users/cchao/EchoSAT/RLAF/runs/GNN_Glucose_3SAT_EchoSAT_SymmetryGRPO_v1_2_WC1_HardNeg_Full/iter=15.pt,glucose,enhanced,False,patched_pretrue_main,event,strong,strong_symmetry,large,v10_c9,main,complete_coloring:large,permutation_variant,True,SAT symmetry harder baseline candidate pool,adapter_inference,False,0.0,0.0,0.0
complete_coloring,k10_color9_perm1731,k10_color9,perm_seed1731,2,static_weighted_glucose,2,3,3,3,/Users/cchao/EchoSAT/RLAF/runs/GNN_Glucose_3SAT_EchoSAT_SymmetryGRPO_v1_2_WC1_HardNeg_Full/iter=15.pt,glucose,enhanced,False,patched_pretrue_main,event,strong,strong_symmetry,large,v10_c9,main,complete_coloring:large,permutation_variant,True,SAT symmetry harder baseline candidate pool,final_solve,True,1.54896,1.5792309580137953,1.54896
complete_coloring,k10_color9_perm1731,k10_color9,perm_seed1731,2,cached_trace_no_adapter_final,2,3,3,3,/Users/cchao/EchoSAT/RLAF/runs/GNN_Glucose_3SAT_EchoSAT_SymmetryGRPO_v1_2_WC1_HardNeg_Full/iter=15.pt,glucose,enhanced,False,patched_pretrue_main,event,strong,strong_symmetry,large,v10_c9,main,complete_coloring:large,permutation_variant,True,SAT symmetry harder baseline candidate pool,static_inference,True,0.08248090744018555,0.08248090744018555,0.0
complete_coloring,k10_color9_perm1731,k10_color9,perm_seed1731,2,cached_trace_no_adapter_final,2,3,3,3,/Users/cchao/EchoSAT/RLAF/runs/GNN_Glucose_3SAT_EchoSAT_SymmetryGRPO_v1_2_WC1_HardNeg_Full/iter=15.pt,glucose,enhanced,False,patched_pretrue_main,event,strong,strong_symmetry,large,v10_c9,main,complete_coloring:large,permutation_variant,True,SAT symmetry harder baseline candidate pool,warmup_rollout_collect_events,True,0.000982,0.0041755830170586705,0.000982
complete_coloring,k10_color9_perm1731,k10_color9,perm_seed1731,2,cached_trace_no_adapter_final,2,3,3,3,/Users/cchao/EchoSAT/RLAF/runs/GNN_Glucose_3SAT_EchoSAT_SymmetryGRPO_v1_2_WC1_HardNeg_Full/iter=15.pt,glucose,enhanced,False,patched_pretrue_main,event,strong,strong_symmetry,large,v10_c9,main,complete_coloring:large,permutation_variant,True,SAT symmetry harder baseline candidate pool,event_feature_attach,True,0.00011833303142338991,0.00011833303142338991,0.0
complete_coloring,k10_color9_perm1731,k10_color9,perm_seed1731,2,cached_trace_no_adapter_final,2,3,3,3,/Users/cchao/EchoSAT/RLAF/runs/GNN_Glucose_3SAT_EchoSAT_SymmetryGRPO_v1_2_WC1_HardNeg_Full/iter=15.pt,glucose,enhanced,False,patched_pretrue_main,event,strong,strong_symmetry,large,v10_c9,main,complete_coloring:large,permutation_variant,True,SAT symmetry harder baseline candidate pool,adapter_inference,False,0.0,0.0,0.0
complete_coloring,k10_color9_perm1731,k10_color9,perm_seed1731,2,cached_trace_no_adapter_final,2,3,3,3,/Users/cchao/EchoSAT/RLAF/runs/GNN_Glucose_3SAT_EchoSAT_SymmetryGRPO_v1_2_WC1_HardNeg_Full/iter=15.pt,glucose,enhanced,False,patched_pretrue_main,event,strong,strong_symmetry,large,v10_c9,main,complete_coloring:large,permutation_variant,True,SAT symmetry harder baseline candidate pool,final_solve,True,1.54896,1.5792309580137953,1.54896
complete_coloring,k10_color9_perm1731,k10_color9,perm_seed1731,2,event_adapter_final,2,3,3,3,/Users/cchao/EchoSAT/RLAF/runs/GNN_Glucose_3SAT_EchoSAT_SymmetryGRPO_v1_2_WC1_HardNeg_Full/iter=15.pt,glucose,enhanced,False,patched_pretrue_main,event,strong,strong_symmetry,large,v10_c9,main,complete_coloring:large,permutation_variant,True,SAT symmetry harder baseline candidate pool,static_inference,True,0.08248090744018555,0.08248090744018555,0.0
complete_coloring,k10_color9_perm1731,k10_color9,perm_seed1731,2,event_adapter_final,2,3,3,3,/Users/cchao/EchoSAT/RLAF/runs/GNN_Glucose_3SAT_EchoSAT_SymmetryGRPO_v1_2_WC1_HardNeg_Full/iter=15.pt,glucose,enhanced,False,patched_pretrue_main,event,strong,strong_symmetry,large,v10_c9,main,complete_coloring:large,permutation_variant,True,SAT symmetry harder baseline candidate pool,warmup_rollout_collect_events,True,0.000982,0.0041755830170586705,0.000982
complete_coloring,k10_color9_perm1731,k10_color9,perm_seed1731,2,event_adapter_final,2,3,3,3,/Users/cchao/EchoSAT/RLAF/runs/GNN_Glucose_3SAT_EchoSAT_SymmetryGRPO_v1_2_WC1_HardNeg_Full/iter=15.pt,glucose,enhanced,False,patched_pretrue_main,event,strong,strong_symmetry,large,v10_c9,main,complete_coloring:large,permutation_variant,True,SAT symmetry harder baseline candidate pool,event_feature_attach,True,0.00011833303142338991,0.00011833303142338991,0.0
complete_coloring,k10_color9_perm1731,k10_color9,perm_seed1731,2,event_adapter_final,2,3,3,3,/Users/cchao/EchoSAT/RLAF/runs/GNN_Glucose_3SAT_EchoSAT_SymmetryGRPO_v1_2_WC1_HardNeg_Full/iter=15.pt,glucose,enhanced,False,patched_pretrue_main,event,strong,strong_symmetry,large,v10_c9,main,complete_coloring:large,permutation_variant,True,SAT symmetry harder baseline candidate pool,adapter_inference,True,0.0007178783416748047,0.0007178783416748047,0.0
complete_coloring,k10_color9_perm1731,k10_color9,perm_seed1731,2,event_adapter_final,2,3,3,3,/Users/cchao/EchoSAT/RLAF/runs/GNN_Glucose_3SAT_EchoSAT_SymmetryGRPO_v1_2_WC1_HardNeg_Full/iter=15.pt,glucose,enhanced,False,patched_pretrue_main,event,strong,strong_symmetry,large,v10_c9,main,complete_coloring:large,permutation_variant,True,SAT symmetry harder baseline candidate pool,final_solve,True,1.87609,1.9293474999722093,1.87609
php,php_p10_h9,php_p10_h9,base,3,plain_unguided_glucose,2,3,3,3,/Users/cchao/EchoSAT/RLAF/runs/GNN_Glucose_3SAT_EchoSAT_SymmetryGRPO_v1_2_WC1_HardNeg_Full/iter=15.pt,glucose,enhanced,False,patched_pretrue_main,event,strong,strong_symmetry,large,p10_h9,main,php:large,base,False,SAT symmetry harder baseline candidate pool,static_inference,False,0.0,0.0,0.0
php,php_p10_h9,php_p10_h9,base,3,plain_unguided_glucose,2,3,3,3,/Users/cchao/EchoSAT/RLAF/runs/GNN_Glucose_3SAT_EchoSAT_SymmetryGRPO_v1_2_WC1_HardNeg_Full/iter=15.pt,glucose,enhanced,False,patched_pretrue_main,event,strong,strong_symmetry,large,p10_h9,main,php:large,base,False,SAT symmetry harder baseline candidate pool,warmup_rollout_collect_events,False,0.0,0.0,0.0
php,php_p10_h9,php_p10_h9,base,3,plain_unguided_glucose,2,3,3,3,/Users/cchao/EchoSAT/RLAF/runs/GNN_Glucose_3SAT_EchoSAT_SymmetryGRPO_v1_2_WC1_HardNeg_Full/iter=15.pt,glucose,enhanced,False,patched_pretrue_main,event,strong,strong_symmetry,large,p10_h9,main,php:large,base,False,SAT symmetry harder baseline candidate pool,event_feature_attach,False,0.0,0.0,0.0
php,php_p10_h9,php_p10_h9,base,3,plain_unguided_glucose,2,3,3,3,/Users/cchao/EchoSAT/RLAF/runs/GNN_Glucose_3SAT_EchoSAT_SymmetryGRPO_v1_2_WC1_HardNeg_Full/iter=15.pt,glucose,enhanced,False,patched_pretrue_main,event,strong,strong_symmetry,large,p10_h9,main,php:large,base,False,SAT symmetry harder baseline candidate pool,adapter_inference,False,0.0,0.0,0.0
php,php_p10_h9,php_p10_h9,base,3,plain_unguided_glucose,2,3,3,3,/Users/cchao/EchoSAT/RLAF/runs/GNN_Glucose_3SAT_EchoSAT_SymmetryGRPO_v1_2_WC1_HardNeg_Full/iter=15.pt,glucose,enhanced,False,patched_pretrue_main,event,strong,strong_symmetry,large,p10_h9,main,php:large,base,False,SAT symmetry harder baseline candidate pool,final_solve,True,1.32684,1.3456133339786902,1.32684
php,php_p10_h9,php_p10_h9,base,3,neutral_weighted_glucose,2,3,3,3,/Users/cchao/EchoSAT/RLAF/runs/GNN_Glucose_3SAT_EchoSAT_SymmetryGRPO_v1_2_WC1_HardNeg_Full/iter=15.pt,glucose,enhanced,False,patched_pretrue_main,event,strong,strong_symmetry,large,p10_h9,main,php:large,base,False,SAT symmetry harder baseline candidate pool,static_inference,False,0.0,0.0,0.0
php,php_p10_h9,php_p10_h9,base,3,neutral_weighted_glucose,2,3,3,3,/Users/cchao/EchoSAT/RLAF/runs/GNN_Glucose_3SAT_EchoSAT_SymmetryGRPO_v1_2_WC1_HardNeg_Full/iter=15.pt,glucose,enhanced,False,patched_pretrue_main,event,strong,strong_symmetry,large,p10_h9,main,php:large,base,False,SAT symmetry harder baseline candidate pool,warmup_rollout_collect_events,False,0.0,0.0,0.0
php,php_p10_h9,php_p10_h9,base,3,neutral_weighted_glucose,2,3,3,3,/Users/cchao/EchoSAT/RLAF/runs/GNN_Glucose_3SAT_EchoSAT_SymmetryGRPO_v1_2_WC1_HardNeg_Full/iter=15.pt,glucose,enhanced,False,patched_pretrue_main,event,strong,strong_symmetry,large,p10_h9,main,php:large,base,False,SAT symmetry harder baseline candidate pool,event_feature_attach,False,0.0,0.0,0.0
php,php_p10_h9,php_p10_h9,base,3,neutral_weighted_glucose,2,3,3,3,/Users/cchao/EchoSAT/RLAF/runs/GNN_Glucose_3SAT_EchoSAT_SymmetryGRPO_v1_2_WC1_HardNeg_Full/iter=15.pt,glucose,enhanced,False,patched_pretrue_main,event,strong,strong_symmetry,large,p10_h9,main,php:large,base,False,SAT symmetry harder baseline candidate pool,adapter_inference,False,0.0,0.0,0.0
php,php_p10_h9,php_p10_h9,base,3,neutral_weighted_glucose,2,3,3,3,/Users/cchao/EchoSAT/RLAF/runs/GNN_Glucose_3SAT_EchoSAT_SymmetryGRPO_v1_2_WC1_HardNeg_Full/iter=15.pt,glucose,enhanced,False,patched_pretrue_main,event,strong,strong_symmetry,large,p10_h9,main,php:large,base,False,SAT symmetry harder baseline candidate pool,final_solve,True,1.42962,1.4886631660629064,1.42962
php,php_p10_h9,php_p10_h9,base,3,static_weighted_glucose,2,3,3,3,/Users/cchao/EchoSAT/RLAF/runs/GNN_Glucose_3SAT_EchoSAT_SymmetryGRPO_v1_2_WC1_HardNeg_Full/iter=15.pt,glucose,enhanced,False,patched_pretrue_main,event,strong,strong_symmetry,large,p10_h9,main,php:large,base,False,SAT symmetry harder baseline candidate pool,static_inference,True,0.08248090744018555,0.08248090744018555,0.0
php,php_p10_h9,php_p10_h9,base,3,static_weighted_glucose,2,3,3,3,/Users/cchao/EchoSAT/RLAF/runs/GNN_Glucose_3SAT_EchoSAT_SymmetryGRPO_v1_2_WC1_HardNeg_Full/iter=15.pt,glucose,enhanced,False,patched_pretrue_main,event,strong,strong_symmetry,large,p10_h9,main,php:large,base,False,SAT symmetry harder baseline candidate pool,warmup_rollout_collect_events,False,0.0,0.0,0.0
php,php_p10_h9,php_p10_h9,base,3,static_weighted_glucose,2,3,3,3,/Users/cchao/EchoSAT/RLAF/runs/GNN_Glucose_3SAT_EchoSAT_SymmetryGRPO_v1_2_WC1_HardNeg_Full/iter=15.pt,glucose,enhanced,False,patched_pretrue_main,event,strong,strong_symmetry,large,p10_h9,main,php:large,base,False,SAT symmetry harder baseline candidate pool,event_feature_attach,False,0.0,0.0,0.0
php,php_p10_h9,php_p10_h9,base,3,static_weighted_glucose,2,3,3,3,/Users/cchao/EchoSAT/RLAF/runs/GNN_Glucose_3SAT_EchoSAT_SymmetryGRPO_v1_2_WC1_HardNeg_Full/iter=15.pt,glucose,enhanced,False,patched_pretrue_main,event,strong,strong_symmetry,large,p10_h9,main,php:large,base,False,SAT symmetry harder baseline candidate pool,adapter_inference,False,0.0,0.0,0.0
php,php_p10_h9,php_p10_h9,base,3,static_weighted_glucose,2,3,3,3,/Users/cchao/EchoSAT/RLAF/runs/GNN_Glucose_3SAT_EchoSAT_SymmetryGRPO_v1_2_WC1_HardNeg_Full/iter=15.pt,glucose,enhanced,False,patched_pretrue_main,event,strong,strong_symmetry,large,p10_h9,main,php:large,base,False,SAT symmetry harder baseline candidate pool,final_solve,True,1.26203,1.2823486670386046,1.26203
php,php_p10_h9,php_p10_h9,base,3,cached_trace_no_adapter_final,2,3,3,3,/Users/cchao/EchoSAT/RLAF/runs/GNN_Glucose_3SAT_EchoSAT_SymmetryGRPO_v1_2_WC1_HardNeg_Full/iter=15.pt,glucose,enhanced,False,patched_pretrue_main,event,strong,strong_symmetry,large,p10_h9,main,php:large,base,False,SAT symmetry harder baseline candidate pool,static_inference,True,0.08248090744018555,0.08248090744018555,0.0
php,php_p10_h9,php_p10_h9,base,3,cached_trace_no_adapter_final,2,3,3,3,/Users/cchao/EchoSAT/RLAF/runs/GNN_Glucose_3SAT_EchoSAT_SymmetryGRPO_v1_2_WC1_HardNeg_Full/iter=15.pt,glucose,enhanced,False,patched_pretrue_main,event,strong,strong_symmetry,large,p10_h9,main,php:large,base,False,SAT symmetry harder baseline candidate pool,warmup_rollout_collect_events,True,0.000949,0.004252917016856372,0.000949
php,php_p10_h9,php_p10_h9,base,3,cached_trace_no_adapter_final,2,3,3,3,/Users/cchao/EchoSAT/RLAF/runs/GNN_Glucose_3SAT_EchoSAT_SymmetryGRPO_v1_2_WC1_HardNeg_Full/iter=15.pt,glucose,enhanced,False,patched_pretrue_main,event,strong,strong_symmetry,large,p10_h9,main,php:large,base,False,SAT symmetry harder baseline candidate pool,event_feature_attach,True,0.00011245906352996826,0.00011245906352996826,0.0
php,php_p10_h9,php_p10_h9,base,3,cached_trace_no_adapter_final,2,3,3,3,/Users/cchao/EchoSAT/RLAF/runs/GNN_Glucose_3SAT_EchoSAT_SymmetryGRPO_v1_2_WC1_HardNeg_Full/iter=15.pt,glucose,enhanced,False,patched_pretrue_main,event,strong,strong_symmetry,large,p10_h9,main,php:large,base,False,SAT symmetry harder baseline candidate pool,adapter_inference,False,0.0,0.0,0.0
php,php_p10_h9,php_p10_h9,base,3,cached_trace_no_adapter_final,2,3,3,3,/Users/cchao/EchoSAT/RLAF/runs/GNN_Glucose_3SAT_EchoSAT_SymmetryGRPO_v1_2_WC1_HardNeg_Full/iter=15.pt,glucose,enhanced,False,patched_pretrue_main,event,strong,strong_symmetry,large,p10_h9,main,php:large,base,False,SAT symmetry harder baseline candidate pool,final_solve,True,1.26203,1.2823486670386046,1.26203
php,php_p10_h9,php_p10_h9,base,3,event_adapter_final,2,3,3,3,/Users/cchao/EchoSAT/RLAF/runs/GNN_Glucose_3SAT_EchoSAT_SymmetryGRPO_v1_2_WC1_HardNeg_Full/iter=15.pt,glucose,enhanced,False,patched_pretrue_main,event,strong,strong_symmetry,large,p10_h9,main,php:large,base,False,SAT symmetry harder baseline candidate pool,static_inference,True,0.08248090744018555,0.08248090744018555,0.0
php,php_p10_h9,php_p10_h9,base,3,event_adapter_final,2,3,3,3,/Users/cchao/EchoSAT/RLAF/runs/GNN_Glucose_3SAT_EchoSAT_SymmetryGRPO_v1_2_WC1_HardNeg_Full/iter=15.pt,glucose,enhanced,False,patched_pretrue_main,event,strong,strong_symmetry,large,p10_h9,main,php:large,base,False,SAT symmetry harder baseline candidate pool,warmup_rollout_collect_events,True,0.000949,0.004252917016856372,0.000949
php,php_p10_h9,php_p10_h9,base,3,event_adapter_final,2,3,3,3,/Users/cchao/EchoSAT/RLAF/runs/GNN_Glucose_3SAT_EchoSAT_SymmetryGRPO_v1_2_WC1_HardNeg_Full/iter=15.pt,glucose,enhanced,False,patched_pretrue_main,event,strong,strong_symmetry,large,p10_h9,main,php:large,base,False,SAT symmetry harder baseline candidate pool,event_feature_attach,True,0.00011245906352996826,0.00011245906352996826,0.0
php,php_p10_h9,php_p10_h9,base,3,event_adapter_final,2,3,3,3,/Users/cchao/EchoSAT/RLAF/runs/GNN_Glucose_3SAT_EchoSAT_SymmetryGRPO_v1_2_WC1_HardNeg_Full/iter=15.pt,glucose,enhanced,False,patched_pretrue_main,event,strong,strong_symmetry,large,p10_h9,main,php:large,base,False,SAT symmetry harder baseline candidate pool,adapter_inference,True,0.0007178783416748047,0.0007178783416748047,0.0
php,php_p10_h9,php_p10_h9,base,3,event_adapter_final,2,3,3,3,/Users/cchao/EchoSAT/RLAF/runs/GNN_Glucose_3SAT_EchoSAT_SymmetryGRPO_v1_2_WC1_HardNeg_Full/iter=15.pt,glucose,enhanced,False,patched_pretrue_main,event,strong,strong_symmetry,large,p10_h9,main,php:large,base,False,SAT symmetry harder baseline candidate pool,final_solve,True,1.33551,1.3740267918910831,1.33551
php,php_p10_h9_perm1730,php_p10_h9,perm_seed1730,4,plain_unguided_glucose,2,3,3,3,/Users/cchao/EchoSAT/RLAF/runs/GNN_Glucose_3SAT_EchoSAT_SymmetryGRPO_v1_2_WC1_HardNeg_Full/iter=15.pt,glucose,enhanced,False,patched_pretrue_main,event,strong,strong_symmetry,large,p10_h9,main,php:large,permutation_variant,True,SAT symmetry harder baseline candidate pool,static_inference,False,0.0,0.0,0.0
php,php_p10_h9_perm1730,php_p10_h9,perm_seed1730,4,plain_unguided_glucose,2,3,3,3,/Users/cchao/EchoSAT/RLAF/runs/GNN_Glucose_3SAT_EchoSAT_SymmetryGRPO_v1_2_WC1_HardNeg_Full/iter=15.pt,glucose,enhanced,False,patched_pretrue_main,event,strong,strong_symmetry,large,p10_h9,main,php:large,permutation_variant,True,SAT symmetry harder baseline candidate pool,warmup_rollout_collect_events,False,0.0,0.0,0.0
php,php_p10_h9_perm1730,php_p10_h9,perm_seed1730,4,plain_unguided_glucose,2,3,3,3,/Users/cchao/EchoSAT/RLAF/runs/GNN_Glucose_3SAT_EchoSAT_SymmetryGRPO_v1_2_WC1_HardNeg_Full/iter=15.pt,glucose,enhanced,False,patched_pretrue_main,event,strong,strong_symmetry,large,p10_h9,main,php:large,permutation_variant,True,SAT symmetry harder baseline candidate pool,event_feature_attach,False,0.0,0.0,0.0
php,php_p10_h9_perm1730,php_p10_h9,perm_seed1730,4,plain_unguided_glucose,2,3,3,3,/Users/cchao/EchoSAT/RLAF/runs/GNN_Glucose_3SAT_EchoSAT_SymmetryGRPO_v1_2_WC1_HardNeg_Full/iter=15.pt,glucose,enhanced,False,patched_pretrue_main,event,strong,strong_symmetry,large,p10_h9,main,php:large,permutation_variant,True,SAT symmetry harder baseline candidate pool,adapter_inference,False,0.0,0.0,0.0
php,php_p10_h9_perm1730,php_p10_h9,perm_seed1730,4,plain_unguided_glucose,2,3,3,3,/Users/cchao/EchoSAT/RLAF/runs/GNN_Glucose_3SAT_EchoSAT_SymmetryGRPO_v1_2_WC1_HardNeg_Full/iter=15.pt,glucose,enhanced,False,patched_pretrue_main,event,strong,strong_symmetry,large,p10_h9,main,php:large,permutation_variant,True,SAT symmetry harder baseline candidate pool,final_solve,True,1.50031,1.53218504099641,1.50031
php,php_p10_h9_perm1730,php_p10_h9,perm_seed1730,4,neutral_weighted_glucose,2,3,3,3,/Users/cchao/EchoSAT/RLAF/runs/GNN_Glucose_3SAT_EchoSAT_SymmetryGRPO_v1_2_WC1_HardNeg_Full/iter=15.pt,glucose,enhanced,False,patched_pretrue_main,event,strong,strong_symmetry,large,p10_h9,main,php:large,permutation_variant,True,SAT symmetry harder baseline candidate pool,static_inference,False,0.0,0.0,0.0
php,php_p10_h9_perm1730,php_p10_h9,perm_seed1730,4,neutral_weighted_glucose,2,3,3,3,/Users/cchao/EchoSAT/RLAF/runs/GNN_Glucose_3SAT_EchoSAT_SymmetryGRPO_v1_2_WC1_HardNeg_Full/iter=15.pt,glucose,enhanced,False,patched_pretrue_main,event,strong,strong_symmetry,large,p10_h9,main,php:large,permutation_variant,True,SAT symmetry harder baseline candidate pool,warmup_rollout_collect_events,False,0.0,0.0,0.0
php,php_p10_h9_perm1730,php_p10_h9,perm_seed1730,4,neutral_weighted_glucose,2,3,3,3,/Users/cchao/EchoSAT/RLAF/runs/GNN_Glucose_3SAT_EchoSAT_SymmetryGRPO_v1_2_WC1_HardNeg_Full/iter=15.pt,glucose,enhanced,False,patched_pretrue_main,event,strong,strong_symmetry,large,p10_h9,main,php:large,permutation_variant,True,SAT symmetry harder baseline candidate pool,event_feature_attach,False,0.0,0.0,0.0
php,php_p10_h9_perm1730,php_p10_h9,perm_seed1730,4,neutral_weighted_glucose,2,3,3,3,/Users/cchao/EchoSAT/RLAF/runs/GNN_Glucose_3SAT_EchoSAT_SymmetryGRPO_v1_2_WC1_HardNeg_Full/iter=15.pt,glucose,enhanced,False,patched_pretrue_main,event,strong,strong_symmetry,large,p10_h9,main,php:large,permutation_variant,True,SAT symmetry harder baseline candidate pool,adapter_inference,False,0.0,0.0,0.0
php,php_p10_h9_perm1730,php_p10_h9,perm_seed1730,4,neutral_weighted_glucose,2,3,3,3,/Users/cchao/EchoSAT/RLAF/runs/GNN_Glucose_3SAT_EchoSAT_SymmetryGRPO_v1_2_WC1_HardNeg_Full/iter=15.pt,glucose,enhanced,False,patched_pretrue_main,event,strong,strong_symmetry,large,p10_h9,main,php:large,permutation_variant,True,SAT symmetry harder baseline candidate pool,final_solve,True,1.70533,1.7913647500099614,1.70533
php,php_p10_h9_perm1730,php_p10_h9,perm_seed1730,4,static_weighted_glucose,2,3,3,3,/Users/cchao/EchoSAT/RLAF/runs/GNN_Glucose_3SAT_EchoSAT_SymmetryGRPO_v1_2_WC1_HardNeg_Full/iter=15.pt,glucose,enhanced,False,patched_pretrue_main,event,strong,strong_symmetry,large,p10_h9,main,php:large,permutation_variant,True,SAT symmetry harder baseline candidate pool,static_inference,True,0.08248090744018555,0.08248090744018555,0.0
php,php_p10_h9_perm1730,php_p10_h9,perm_seed1730,4,static_weighted_glucose,2,3,3,3,/Users/cchao/EchoSAT/RLAF/runs/GNN_Glucose_3SAT_EchoSAT_SymmetryGRPO_v1_2_WC1_HardNeg_Full/iter=15.pt,glucose,enhanced,False,patched_pretrue_main,event,strong,strong_symmetry,large,p10_h9,main,php:large,permutation_variant,True,SAT symmetry harder baseline candidate pool,warmup_rollout_collect_events,False,0.0,0.0,0.0
php,php_p10_h9_perm1730,php_p10_h9,perm_seed1730,4,static_weighted_glucose,2,3,3,3,/Users/cchao/EchoSAT/RLAF/runs/GNN_Glucose_3SAT_EchoSAT_SymmetryGRPO_v1_2_WC1_HardNeg_Full/iter=15.pt,glucose,enhanced,False,patched_pretrue_main,event,strong,strong_symmetry,large,p10_h9,main,php:large,permutation_variant,True,SAT symmetry harder baseline candidate pool,event_feature_attach,False,0.0,0.0,0.0
php,php_p10_h9_perm1730,php_p10_h9,perm_seed1730,4,static_weighted_glucose,2,3,3,3,/Users/cchao/EchoSAT/RLAF/runs/GNN_Glucose_3SAT_EchoSAT_SymmetryGRPO_v1_2_WC1_HardNeg_Full/iter=15.pt,glucose,enhanced,False,patched_pretrue_main,event,strong,strong_symmetry,large,p10_h9,main,php:large,permutation_variant,True,SAT symmetry harder baseline candidate pool,adapter_inference,False,0.0,0.0,0.0
php,php_p10_h9_perm1730,php_p10_h9,perm_seed1730,4,static_weighted_glucose,2,3,3,3,/Users/cchao/EchoSAT/RLAF/runs/GNN_Glucose_3SAT_EchoSAT_SymmetryGRPO_v1_2_WC1_HardNeg_Full/iter=15.pt,glucose,enhanced,False,patched_pretrue_main,event,strong,strong_symmetry,large,p10_h9,main,php:large,permutation_variant,True,SAT symmetry harder baseline candidate pool,final_solve,True,1.43592,1.4682620409876108,1.43592
php,php_p10_h9_perm1730,php_p10_h9,perm_seed1730,4,cached_trace_no_adapter_final,2,3,3,3,/Users/cchao/EchoSAT/RLAF/runs/GNN_Glucose_3SAT_EchoSAT_SymmetryGRPO_v1_2_WC1_HardNeg_Full/iter=15.pt,glucose,enhanced,False,patched_pretrue_main,event,strong,strong_symmetry,large,p10_h9,main,php:large,permutation_variant,True,SAT symmetry harder baseline candidate pool,static_inference,True,0.08248090744018555,0.08248090744018555,0.0
php,php_p10_h9_perm1730,php_p10_h9,perm_seed1730,4,cached_trace_no_adapter_final,2,3,3,3,/Users/cchao/EchoSAT/RLAF/runs/GNN_Glucose_3SAT_EchoSAT_SymmetryGRPO_v1_2_WC1_HardNeg_Full/iter=15.pt,glucose,enhanced,False,patched_pretrue_main,event,strong,strong_symmetry,large,p10_h9,main,php:large,permutation_variant,True,SAT symmetry harder baseline candidate pool,warmup_rollout_collect_events,True,0.001006,0.0039052499923855066,0.001006
php,php_p10_h9_perm1730,php_p10_h9,perm_seed1730,4,cached_trace_no_adapter_final,2,3,3,3,/Users/cchao/EchoSAT/RLAF/runs/GNN_Glucose_3SAT_EchoSAT_SymmetryGRPO_v1_2_WC1_HardNeg_Full/iter=15.pt,glucose,enhanced,False,patched_pretrue_main,event,strong,strong_symmetry,large,p10_h9,main,php:large,permutation_variant,True,SAT symmetry harder baseline candidate pool,event_feature_attach,True,0.00021858292166143656,0.00021858292166143656,0.0
php,php_p10_h9_perm1730,php_p10_h9,perm_seed1730,4,cached_trace_no_adapter_final,2,3,3,3,/Users/cchao/EchoSAT/RLAF/runs/GNN_Glucose_3SAT_EchoSAT_SymmetryGRPO_v1_2_WC1_HardNeg_Full/iter=15.pt,glucose,enhanced,False,patched_pretrue_main,event,strong,strong_symmetry,large,p10_h9,main,php:large,permutation_variant,True,SAT symmetry harder baseline candidate pool,adapter_inference,False,0.0,0.0,0.0
php,php_p10_h9_perm1730,php_p10_h9,perm_seed1730,4,cached_trace_no_adapter_final,2,3,3,3,/Users/cchao/EchoSAT/RLAF/runs/GNN_Glucose_3SAT_EchoSAT_SymmetryGRPO_v1_2_WC1_HardNeg_Full/iter=15.pt,glucose,enhanced,False,patched_pretrue_main,event,strong,strong_symmetry,large,p10_h9,main,php:large,permutation_variant,True,SAT symmetry harder baseline candidate pool,final_solve,True,1.43592,1.4682620409876108,1.43592
php,php_p10_h9_perm1730,php_p10_h9,perm_seed1730,4,event_adapter_final,2,3,3,3,/Users/cchao/EchoSAT/RLAF/runs/GNN_Glucose_3SAT_EchoSAT_SymmetryGRPO_v1_2_WC1_HardNeg_Full/iter=15.pt,glucose,enhanced,False,patched_pretrue_main,event,strong,strong_symmetry,large,p10_h9,main,php:large,permutation_variant,True,SAT symmetry harder baseline candidate pool,static_inference,True,0.08248090744018555,0.08248090744018555,0.0
php,php_p10_h9_perm1730,php_p10_h9,perm_seed1730,4,event_adapter_final,2,3,3,3,/Users/cchao/EchoSAT/RLAF/runs/GNN_Glucose_3SAT_EchoSAT_SymmetryGRPO_v1_2_WC1_HardNeg_Full/iter=15.pt,glucose,enhanced,False,patched_pretrue_main,event,strong,strong_symmetry,large,p10_h9,main,php:large,permutation_variant,True,SAT symmetry harder baseline candidate pool,warmup_rollout_collect_events,True,0.001006,0.0039052499923855066,0.001006
php,php_p10_h9_perm1730,php_p10_h9,perm_seed1730,4,event_adapter_final,2,3,3,3,/Users/cchao/EchoSAT/RLAF/runs/GNN_Glucose_3SAT_EchoSAT_SymmetryGRPO_v1_2_WC1_HardNeg_Full/iter=15.pt,glucose,enhanced,False,patched_pretrue_main,event,strong,strong_symmetry,large,p10_h9,main,php:large,permutation_variant,True,SAT symmetry harder baseline candidate pool,event_feature_attach,True,0.00021858292166143656,0.00021858292166143656,0.0
php,php_p10_h9_perm1730,php_p10_h9,perm_seed1730,4,event_adapter_final,2,3,3,3,/Users/cchao/EchoSAT/RLAF/runs/GNN_Glucose_3SAT_EchoSAT_SymmetryGRPO_v1_2_WC1_HardNeg_Full/iter=15.pt,glucose,enhanced,False,patched_pretrue_main,event,strong,strong_symmetry,large,p10_h9,main,php:large,permutation_variant,True,SAT symmetry harder baseline candidate pool,adapter_inference,True,0.0007178783416748047,0.0007178783416748047,0.0
php,php_p10_h9_perm1730,php_p10_h9,perm_seed1730,4,event_adapter_final,2,3,3,3,/Users/cchao/EchoSAT/RLAF/runs/GNN_Glucose_3SAT_EchoSAT_SymmetryGRPO_v1_2_WC1_HardNeg_Full/iter=15.pt,glucose,enhanced,False,patched_pretrue_main,event,strong,strong_symmetry,large,p10_h9,main,php:large,permutation_variant,True,SAT symmetry harder baseline candidate pool,final_solve,True,1.53202,1.6335179170127958,1.53202
php,php_p10_h9_perm1731,php_p10_h9,perm_seed1731,5,plain_unguided_glucose,2,3,3,3,/Users/cchao/EchoSAT/RLAF/runs/GNN_Glucose_3SAT_EchoSAT_SymmetryGRPO_v1_2_WC1_HardNeg_Full/iter=15.pt,glucose,enhanced,False,patched_pretrue_main,event,strong,strong_symmetry,large,p10_h9,main,php:large,permutation_variant,True,SAT symmetry harder baseline candidate pool,static_inference,False,0.0,0.0,0.0
php,php_p10_h9_perm1731,php_p10_h9,perm_seed1731,5,plain_unguided_glucose,2,3,3,3,/Users/cchao/EchoSAT/RLAF/runs/GNN_Glucose_3SAT_EchoSAT_SymmetryGRPO_v1_2_WC1_HardNeg_Full/iter=15.pt,glucose,enhanced,False,patched_pretrue_main,event,strong,strong_symmetry,large,p10_h9,main,php:large,permutation_variant,True,SAT symmetry harder baseline candidate pool,warmup_rollout_collect_events,False,0.0,0.0,0.0
php,php_p10_h9_perm1731,php_p10_h9,perm_seed1731,5,plain_unguided_glucose,2,3,3,3,/Users/cchao/EchoSAT/RLAF/runs/GNN_Glucose_3SAT_EchoSAT_SymmetryGRPO_v1_2_WC1_HardNeg_Full/iter=15.pt,glucose,enhanced,False,patched_pretrue_main,event,strong,strong_symmetry,large,p10_h9,main,php:large,permutation_variant,True,SAT symmetry harder baseline candidate pool,event_feature_attach,False,0.0,0.0,0.0
php,php_p10_h9_perm1731,php_p10_h9,perm_seed1731,5,plain_unguided_glucose,2,3,3,3,/Users/cchao/EchoSAT/RLAF/runs/GNN_Glucose_3SAT_EchoSAT_SymmetryGRPO_v1_2_WC1_HardNeg_Full/iter=15.pt,glucose,enhanced,False,patched_pretrue_main,event,strong,strong_symmetry,large,p10_h9,main,php:large,permutation_variant,True,SAT symmetry harder baseline candidate pool,adapter_inference,False,0.0,0.0,0.0
php,php_p10_h9_perm1731,php_p10_h9,perm_seed1731,5,plain_unguided_glucose,2,3,3,3,/Users/cchao/EchoSAT/RLAF/runs/GNN_Glucose_3SAT_EchoSAT_SymmetryGRPO_v1_2_WC1_HardNeg_Full/iter=15.pt,glucose,enhanced,False,patched_pretrue_main,event,strong,strong_symmetry,large,p10_h9,main,php:large,permutation_variant,True,SAT symmetry harder baseline candidate pool,final_solve,True,1.63865,1.674600875005126,1.63865
php,php_p10_h9_perm1731,php_p10_h9,perm_seed1731,5,neutral_weighted_glucose,2,3,3,3,/Users/cchao/EchoSAT/RLAF/runs/GNN_Glucose_3SAT_EchoSAT_SymmetryGRPO_v1_2_WC1_HardNeg_Full/iter=15.pt,glucose,enhanced,False,patched_pretrue_main,event,strong,strong_symmetry,large,p10_h9,main,php:large,permutation_variant,True,SAT symmetry harder baseline candidate pool,static_inference,False,0.0,0.0,0.0
php,php_p10_h9_perm1731,php_p10_h9,perm_seed1731,5,neutral_weighted_glucose,2,3,3,3,/Users/cchao/EchoSAT/RLAF/runs/GNN_Glucose_3SAT_EchoSAT_SymmetryGRPO_v1_2_WC1_HardNeg_Full/iter=15.pt,glucose,enhanced,False,patched_pretrue_main,event,strong,strong_symmetry,large,p10_h9,main,php:large,permutation_variant,True,SAT symmetry harder baseline candidate pool,warmup_rollout_collect_events,False,0.0,0.0,0.0
php,php_p10_h9_perm1731,php_p10_h9,perm_seed1731,5,neutral_weighted_glucose,2,3,3,3,/Users/cchao/EchoSAT/RLAF/runs/GNN_Glucose_3SAT_EchoSAT_SymmetryGRPO_v1_2_WC1_HardNeg_Full/iter=15.pt,glucose,enhanced,False,patched_pretrue_main,event,strong,strong_symmetry,large,p10_h9,main,php:large,permutation_variant,True,SAT symmetry harder baseline candidate pool,event_feature_attach,False,0.0,0.0,0.0
php,php_p10_h9_perm1731,php_p10_h9,perm_seed1731,5,neutral_weighted_glucose,2,3,3,3,/Users/cchao/EchoSAT/RLAF/runs/GNN_Glucose_3SAT_EchoSAT_SymmetryGRPO_v1_2_WC1_HardNeg_Full/iter=15.pt,glucose,enhanced,False,patched_pretrue_main,event,strong,strong_symmetry,large,p10_h9,main,php:large,permutation_variant,True,SAT symmetry harder baseline candidate pool,adapter_inference,False,0.0,0.0,0.0
php,php_p10_h9_perm1731,php_p10_h9,perm_seed1731,5,neutral_weighted_glucose,2,3,3,3,/Users/cchao/EchoSAT/RLAF/runs/GNN_Glucose_3SAT_EchoSAT_SymmetryGRPO_v1_2_WC1_HardNeg_Full/iter=15.pt,glucose,enhanced,False,patched_pretrue_main,event,strong,strong_symmetry,large,p10_h9,main,php:large,permutation_variant,True,SAT symmetry harder baseline candidate pool,final_solve,True,1.64619,1.731535290949978,1.64619
php,php_p10_h9_perm1731,php_p10_h9,perm_seed1731,5,static_weighted_glucose,2,3,3,3,/Users/cchao/EchoSAT/RLAF/runs/GNN_Glucose_3SAT_EchoSAT_SymmetryGRPO_v1_2_WC1_HardNeg_Full/iter=15.pt,glucose,enhanced,False,patched_pretrue_main,event,strong,strong_symmetry,large,p10_h9,main,php:large,permutation_variant,True,SAT symmetry harder baseline candidate pool,static_inference,True,0.08248090744018555,0.08248090744018555,0.0
php,php_p10_h9_perm1731,php_p10_h9,perm_seed1731,5,static_weighted_glucose,2,3,3,3,/Users/cchao/EchoSAT/RLAF/runs/GNN_Glucose_3SAT_EchoSAT_SymmetryGRPO_v1_2_WC1_HardNeg_Full/iter=15.pt,glucose,enhanced,False,patched_pretrue_main,event,strong,strong_symmetry,large,p10_h9,main,php:large,permutation_variant,True,SAT symmetry harder baseline candidate pool,warmup_rollout_collect_events,False,0.0,0.0,0.0
php,php_p10_h9_perm1731,php_p10_h9,perm_seed1731,5,static_weighted_glucose,2,3,3,3,/Users/cchao/EchoSAT/RLAF/runs/GNN_Glucose_3SAT_EchoSAT_SymmetryGRPO_v1_2_WC1_HardNeg_Full/iter=15.pt,glucose,enhanced,False,patched_pretrue_main,event,strong,strong_symmetry,large,p10_h9,main,php:large,permutation_variant,True,SAT symmetry harder baseline candidate pool,event_feature_attach,False,0.0,0.0,0.0
php,php_p10_h9_perm1731,php_p10_h9,perm_seed1731,5,static_weighted_glucose,2,3,3,3,/Users/cchao/EchoSAT/RLAF/runs/GNN_Glucose_3SAT_EchoSAT_SymmetryGRPO_v1_2_WC1_HardNeg_Full/iter=15.pt,glucose,enhanced,False,patched_pretrue_main,event,strong,strong_symmetry,large,p10_h9,main,php:large,permutation_variant,True,SAT symmetry harder baseline candidate pool,adapter_inference,False,0.0,0.0,0.0
php,php_p10_h9_perm1731,php_p10_h9,perm_seed1731,5,static_weighted_glucose,2,3,3,3,/Users/cchao/EchoSAT/RLAF/runs/GNN_Glucose_3SAT_EchoSAT_SymmetryGRPO_v1_2_WC1_HardNeg_Full/iter=15.pt,glucose,enhanced,False,patched_pretrue_main,event,strong,strong_symmetry,large,p10_h9,main,php:large,permutation_variant,True,SAT symmetry harder baseline candidate pool,final_solve,True,1.51727,1.540976457996294,1.51727
php,php_p10_h9_perm1731,php_p10_h9,perm_seed1731,5,cached_trace_no_adapter_final,2,3,3,3,/Users/cchao/EchoSAT/RLAF/runs/GNN_Glucose_3SAT_EchoSAT_SymmetryGRPO_v1_2_WC1_HardNeg_Full/iter=15.pt,glucose,enhanced,False,patched_pretrue_main,event,strong,strong_symmetry,large,p10_h9,main,php:large,permutation_variant,True,SAT symmetry harder baseline candidate pool,static_inference,True,0.08248090744018555,0.08248090744018555,0.0
php,php_p10_h9_perm1731,php_p10_h9,perm_seed1731,5,cached_trace_no_adapter_final,2,3,3,3,/Users/cchao/EchoSAT/RLAF/runs/GNN_Glucose_3SAT_EchoSAT_SymmetryGRPO_v1_2_WC1_HardNeg_Full/iter=15.pt,glucose,enhanced,False,patched_pretrue_main,event,strong,strong_symmetry,large,p10_h9,main,php:large,permutation_variant,True,SAT symmetry harder baseline candidate pool,warmup_rollout_collect_events,True,0.000988,0.004206959041766822,0.000988
php,php_p10_h9_perm1731,php_p10_h9,perm_seed1731,5,cached_trace_no_adapter_final,2,3,3,3,/Users/cchao/EchoSAT/RLAF/runs/GNN_Glucose_3SAT_EchoSAT_SymmetryGRPO_v1_2_WC1_HardNeg_Full/iter=15.pt,glucose,enhanced,False,patched_pretrue_main,event,strong,strong_symmetry,large,p10_h9,main,php:large,permutation_variant,True,SAT symmetry harder baseline candidate pool,event_feature_attach,True,0.00016387493815273046,0.00016387493815273046,0.0
php,php_p10_h9_perm1731,php_p10_h9,perm_seed1731,5,cached_trace_no_adapter_final,2,3,3,3,/Users/cchao/EchoSAT/RLAF/runs/GNN_Glucose_3SAT_EchoSAT_SymmetryGRPO_v1_2_WC1_HardNeg_Full/iter=15.pt,glucose,enhanced,False,patched_pretrue_main,event,strong,strong_symmetry,large,p10_h9,main,php:large,permutation_variant,True,SAT symmetry harder baseline candidate pool,adapter_inference,False,0.0,0.0,0.0
php,php_p10_h9_perm1731,php_p10_h9,perm_seed1731,5,cached_trace_no_adapter_final,2,3,3,3,/Users/cchao/EchoSAT/RLAF/runs/GNN_Glucose_3SAT_EchoSAT_SymmetryGRPO_v1_2_WC1_HardNeg_Full/iter=15.pt,glucose,enhanced,False,patched_pretrue_main,event,strong,strong_symmetry,large,p10_h9,main,php:large,permutation_variant,True,SAT symmetry harder baseline candidate pool,final_solve,True,1.51727,1.540976457996294,1.51727
php,php_p10_h9_perm1731,php_p10_h9,perm_seed1731,5,event_adapter_final,2,3,3,3,/Users/cchao/EchoSAT/RLAF/runs/GNN_Glucose_3SAT_EchoSAT_SymmetryGRPO_v1_2_WC1_HardNeg_Full/iter=15.pt,glucose,enhanced,False,patched_pretrue_main,event,strong,strong_symmetry,large,p10_h9,main,php:large,permutation_variant,True,SAT symmetry harder baseline candidate pool,static_inference,True,0.08248090744018555,0.08248090744018555,0.0
php,php_p10_h9_perm1731,php_p10_h9,perm_seed1731,5,event_adapter_final,2,3,3,3,/Users/cchao/EchoSAT/RLAF/runs/GNN_Glucose_3SAT_EchoSAT_SymmetryGRPO_v1_2_WC1_HardNeg_Full/iter=15.pt,glucose,enhanced,False,patched_pretrue_main,event,strong,strong_symmetry,large,p10_h9,main,php:large,permutation_variant,True,SAT symmetry harder baseline candidate pool,warmup_rollout_collect_events,True,0.000988,0.004206959041766822,0.000988
php,php_p10_h9_perm1731,php_p10_h9,perm_seed1731,5,event_adapter_final,2,3,3,3,/Users/cchao/EchoSAT/RLAF/runs/GNN_Glucose_3SAT_EchoSAT_SymmetryGRPO_v1_2_WC1_HardNeg_Full/iter=15.pt,glucose,enhanced,False,patched_pretrue_main,event,strong,strong_symmetry,large,p10_h9,main,php:large,permutation_variant,True,SAT symmetry harder baseline candidate pool,event_feature_attach,True,0.00016387493815273046,0.00016387493815273046,0.0
php,php_p10_h9_perm1731,php_p10_h9,perm_seed1731,5,event_adapter_final,2,3,3,3,/Users/cchao/EchoSAT/RLAF/runs/GNN_Glucose_3SAT_EchoSAT_SymmetryGRPO_v1_2_WC1_HardNeg_Full/iter=15.pt,glucose,enhanced,False,patched_pretrue_main,event,strong,strong_symmetry,large,p10_h9,main,php:large,permutation_variant,True,SAT symmetry harder baseline candidate pool,adapter_inference,True,0.0007178783416748047,0.0007178783416748047,0.0
php,php_p10_h9_perm1731,php_p10_h9,perm_seed1731,5,event_adapter_final,2,3,3,3,/Users/cchao/EchoSAT/RLAF/runs/GNN_Glucose_3SAT_EchoSAT_SymmetryGRPO_v1_2_WC1_HardNeg_Full/iter=15.pt,glucose,enhanced,False,patched_pretrue_main,event,strong,strong_symmetry,large,p10_h9,main,php:large,permutation_variant,True,SAT symmetry harder baseline candidate pool,final_solve,True,1.38199,1.4844350840430707,1.38199
random_3sat_control,random_3sat_control_v260_c1113_seed3306,random_3sat_control_v260_c1113_seed3306,base,6,plain_unguided_glucose,2,3,3,3,/Users/cchao/EchoSAT/RLAF/runs/GNN_Glucose_3SAT_EchoSAT_SymmetryGRPO_v1_2_WC1_HardNeg_Full/iter=15.pt,glucose,enhanced,False,patched_pretrue_main,event,none,non_symmetric_control,large,vars260_clauses1113,control,random_3sat_control:large,base,False,SAT symmetry harder baseline candidate pool,static_inference,False,0.0,0.0,0.0
random_3sat_control,random_3sat_control_v260_c1113_seed3306,random_3sat_control_v260_c1113_seed3306,base,6,plain_unguided_glucose,2,3,3,3,/Users/cchao/EchoSAT/RLAF/runs/GNN_Glucose_3SAT_EchoSAT_SymmetryGRPO_v1_2_WC1_HardNeg_Full/iter=15.pt,glucose,enhanced,False,patched_pretrue_main,event,none,non_symmetric_control,large,vars260_clauses1113,control,random_3sat_control:large,base,False,SAT symmetry harder baseline candidate pool,warmup_rollout_collect_events,False,0.0,0.0,0.0
random_3sat_control,random_3sat_control_v260_c1113_seed3306,random_3sat_control_v260_c1113_seed3306,base,6,plain_unguided_glucose,2,3,3,3,/Users/cchao/EchoSAT/RLAF/runs/GNN_Glucose_3SAT_EchoSAT_SymmetryGRPO_v1_2_WC1_HardNeg_Full/iter=15.pt,glucose,enhanced,False,patched_pretrue_main,event,none,non_symmetric_control,large,vars260_clauses1113,control,random_3sat_control:large,base,False,SAT symmetry harder baseline candidate pool,event_feature_attach,False,0.0,0.0,0.0
random_3sat_control,random_3sat_control_v260_c1113_seed3306,random_3sat_control_v260_c1113_seed3306,base,6,plain_unguided_glucose,2,3,3,3,/Users/cchao/EchoSAT/RLAF/runs/GNN_Glucose_3SAT_EchoSAT_SymmetryGRPO_v1_2_WC1_HardNeg_Full/iter=15.pt,glucose,enhanced,False,patched_pretrue_main,event,none,non_symmetric_control,large,vars260_clauses1113,control,random_3sat_control:large,base,False,SAT symmetry harder baseline candidate pool,adapter_inference,False,0.0,0.0,0.0
random_3sat_control,random_3sat_control_v260_c1113_seed3306,random_3sat_control_v260_c1113_seed3306,base,6,plain_unguided_glucose,2,3,3,3,/Users/cchao/EchoSAT/RLAF/runs/GNN_Glucose_3SAT_EchoSAT_SymmetryGRPO_v1_2_WC1_HardNeg_Full/iter=15.pt,glucose,enhanced,False,patched_pretrue_main,event,none,non_symmetric_control,large,vars260_clauses1113,control,random_3sat_control:large,base,False,SAT symmetry harder baseline candidate pool,final_solve,True,1.98388,2.021110916044563,1.98388
random_3sat_control,random_3sat_control_v260_c1113_seed3306,random_3sat_control_v260_c1113_seed3306,base,6,neutral_weighted_glucose,2,3,3,3,/Users/cchao/EchoSAT/RLAF/runs/GNN_Glucose_3SAT_EchoSAT_SymmetryGRPO_v1_2_WC1_HardNeg_Full/iter=15.pt,glucose,enhanced,False,patched_pretrue_main,event,none,non_symmetric_control,large,vars260_clauses1113,control,random_3sat_control:large,base,False,SAT symmetry harder baseline candidate pool,static_inference,False,0.0,0.0,0.0
random_3sat_control,random_3sat_control_v260_c1113_seed3306,random_3sat_control_v260_c1113_seed3306,base,6,neutral_weighted_glucose,2,3,3,3,/Users/cchao/EchoSAT/RLAF/runs/GNN_Glucose_3SAT_EchoSAT_SymmetryGRPO_v1_2_WC1_HardNeg_Full/iter=15.pt,glucose,enhanced,False,patched_pretrue_main,event,none,non_symmetric_control,large,vars260_clauses1113,control,random_3sat_control:large,base,False,SAT symmetry harder baseline candidate pool,warmup_rollout_collect_events,False,0.0,0.0,0.0
random_3sat_control,random_3sat_control_v260_c1113_seed3306,random_3sat_control_v260_c1113_seed3306,base,6,neutral_weighted_glucose,2,3,3,3,/Users/cchao/EchoSAT/RLAF/runs/GNN_Glucose_3SAT_EchoSAT_SymmetryGRPO_v1_2_WC1_HardNeg_Full/iter=15.pt,glucose,enhanced,False,patched_pretrue_main,event,none,non_symmetric_control,large,vars260_clauses1113,control,random_3sat_control:large,base,False,SAT symmetry harder baseline candidate pool,event_feature_attach,False,0.0,0.0,0.0
random_3sat_control,random_3sat_control_v260_c1113_seed3306,random_3sat_control_v260_c1113_seed3306,base,6,neutral_weighted_glucose,2,3,3,3,/Users/cchao/EchoSAT/RLAF/runs/GNN_Glucose_3SAT_EchoSAT_SymmetryGRPO_v1_2_WC1_HardNeg_Full/iter=15.pt,glucose,enhanced,False,patched_pretrue_main,event,none,non_symmetric_control,large,vars260_clauses1113,control,random_3sat_control:large,base,False,SAT symmetry harder baseline candidate pool,adapter_inference,False,0.0,0.0,0.0
random_3sat_control,random_3sat_control_v260_c1113_seed3306,random_3sat_control_v260_c1113_seed3306,base,6,neutral_weighted_glucose,2,3,3,3,/Users/cchao/EchoSAT/RLAF/runs/GNN_Glucose_3SAT_EchoSAT_SymmetryGRPO_v1_2_WC1_HardNeg_Full/iter=15.pt,glucose,enhanced,False,patched_pretrue_main,event,none,non_symmetric_control,large,vars260_clauses1113,control,random_3sat_control:large,base,False,SAT symmetry harder baseline candidate pool,final_solve,True,2.42424,2.552035125088878,2.42424
random_3sat_control,random_3sat_control_v260_c1113_seed3306,random_3sat_control_v260_c1113_seed3306,base,6,static_weighted_glucose,2,3,3,3,/Users/cchao/EchoSAT/RLAF/runs/GNN_Glucose_3SAT_EchoSAT_SymmetryGRPO_v1_2_WC1_HardNeg_Full/iter=15.pt,glucose,enhanced,False,patched_pretrue_main,event,none,non_symmetric_control,large,vars260_clauses1113,control,random_3sat_control:large,base,False,SAT symmetry harder baseline candidate pool,static_inference,True,0.08248090744018555,0.08248090744018555,0.0
random_3sat_control,random_3sat_control_v260_c1113_seed3306,random_3sat_control_v260_c1113_seed3306,base,6,static_weighted_glucose,2,3,3,3,/Users/cchao/EchoSAT/RLAF/runs/GNN_Glucose_3SAT_EchoSAT_SymmetryGRPO_v1_2_WC1_HardNeg_Full/iter=15.pt,glucose,enhanced,False,patched_pretrue_main,event,none,non_symmetric_control,large,vars260_clauses1113,control,random_3sat_control:large,base,False,SAT symmetry harder baseline candidate pool,warmup_rollout_collect_events,False,0.0,0.0,0.0
random_3sat_control,random_3sat_control_v260_c1113_seed3306,random_3sat_control_v260_c1113_seed3306,base,6,static_weighted_glucose,2,3,3,3,/Users/cchao/EchoSAT/RLAF/runs/GNN_Glucose_3SAT_EchoSAT_SymmetryGRPO_v1_2_WC1_HardNeg_Full/iter=15.pt,glucose,enhanced,False,patched_pretrue_main,event,none,non_symmetric_control,large,vars260_clauses1113,control,random_3sat_control:large,base,False,SAT symmetry harder baseline candidate pool,event_feature_attach,False,0.0,0.0,0.0
random_3sat_control,random_3sat_control_v260_c1113_seed3306,random_3sat_control_v260_c1113_seed3306,base,6,static_weighted_glucose,2,3,3,3,/Users/cchao/EchoSAT/RLAF/runs/GNN_Glucose_3SAT_EchoSAT_SymmetryGRPO_v1_2_WC1_HardNeg_Full/iter=15.pt,glucose,enhanced,False,patched_pretrue_main,event,none,non_symmetric_control,large,vars260_clauses1113,control,random_3sat_control:large,base,False,SAT symmetry harder baseline candidate pool,adapter_inference,False,0.0,0.0,0.0
random_3sat_control,random_3sat_control_v260_c1113_seed3306,random_3sat_control_v260_c1113_seed3306,base,6,static_weighted_glucose,2,3,3,3,/Users/cchao/EchoSAT/RLAF/runs/GNN_Glucose_3SAT_EchoSAT_SymmetryGRPO_v1_2_WC1_HardNeg_Full/iter=15.pt,glucose,enhanced,False,patched_pretrue_main,event,none,non_symmetric_control,large,vars260_clauses1113,control,random_3sat_control:large,base,False,SAT symmetry harder baseline candidate pool,final_solve,True,2.38253,2.4210455419961363,2.38253
random_3sat_control,random_3sat_control_v260_c1113_seed3306,random_3sat_control_v260_c1113_seed3306,base,6,cached_trace_no_adapter_final,2,3,3,3,/Users/cchao/EchoSAT/RLAF/runs/GNN_Glucose_3SAT_EchoSAT_SymmetryGRPO_v1_2_WC1_HardNeg_Full/iter=15.pt,glucose,enhanced,False,patched_pretrue_main,event,none,non_symmetric_control,large,vars260_clauses1113,control,random_3sat_control:large,base,False,SAT symmetry harder baseline candidate pool,static_inference,True,0.08248090744018555,0.08248090744018555,0.0
random_3sat_control,random_3sat_control_v260_c1113_seed3306,random_3sat_control_v260_c1113_seed3306,base,6,cached_trace_no_adapter_final,2,3,3,3,/Users/cchao/EchoSAT/RLAF/runs/GNN_Glucose_3SAT_EchoSAT_SymmetryGRPO_v1_2_WC1_HardNeg_Full/iter=15.pt,glucose,enhanced,False,patched_pretrue_main,event,none,non_symmetric_control,large,vars260_clauses1113,control,random_3sat_control:large,base,False,SAT symmetry harder baseline candidate pool,warmup_rollout_collect_events,True,0.001059,0.004719792050309479,0.001059
random_3sat_control,random_3sat_control_v260_c1113_seed3306,random_3sat_control_v260_c1113_seed3306,base,6,cached_trace_no_adapter_final,2,3,3,3,/Users/cchao/EchoSAT/RLAF/runs/GNN_Glucose_3SAT_EchoSAT_SymmetryGRPO_v1_2_WC1_HardNeg_Full/iter=15.pt,glucose,enhanced,False,patched_pretrue_main,event,none,non_symmetric_control,large,vars260_clauses1113,control,random_3sat_control:large,base,False,SAT symmetry harder baseline candidate pool,event_feature_attach,True,0.00017220806330442429,0.00017220806330442429,0.0
random_3sat_control,random_3sat_control_v260_c1113_seed3306,random_3sat_control_v260_c1113_seed3306,base,6,cached_trace_no_adapter_final,2,3,3,3,/Users/cchao/EchoSAT/RLAF/runs/GNN_Glucose_3SAT_EchoSAT_SymmetryGRPO_v1_2_WC1_HardNeg_Full/iter=15.pt,glucose,enhanced,False,patched_pretrue_main,event,none,non_symmetric_control,large,vars260_clauses1113,control,random_3sat_control:large,base,False,SAT symmetry harder baseline candidate pool,adapter_inference,False,0.0,0.0,0.0
random_3sat_control,random_3sat_control_v260_c1113_seed3306,random_3sat_control_v260_c1113_seed3306,base,6,cached_trace_no_adapter_final,2,3,3,3,/Users/cchao/EchoSAT/RLAF/runs/GNN_Glucose_3SAT_EchoSAT_SymmetryGRPO_v1_2_WC1_HardNeg_Full/iter=15.pt,glucose,enhanced,False,patched_pretrue_main,event,none,non_symmetric_control,large,vars260_clauses1113,control,random_3sat_control:large,base,False,SAT symmetry harder baseline candidate pool,final_solve,True,2.38253,2.4210455419961363,2.38253
random_3sat_control,random_3sat_control_v260_c1113_seed3306,random_3sat_control_v260_c1113_seed3306,base,6,event_adapter_final,2,3,3,3,/Users/cchao/EchoSAT/RLAF/runs/GNN_Glucose_3SAT_EchoSAT_SymmetryGRPO_v1_2_WC1_HardNeg_Full/iter=15.pt,glucose,enhanced,False,patched_pretrue_main,event,none,non_symmetric_control,large,vars260_clauses1113,control,random_3sat_control:large,base,False,SAT symmetry harder baseline candidate pool,static_inference,True,0.08248090744018555,0.08248090744018555,0.0
random_3sat_control,random_3sat_control_v260_c1113_seed3306,random_3sat_control_v260_c1113_seed3306,base,6,event_adapter_final,2,3,3,3,/Users/cchao/EchoSAT/RLAF/runs/GNN_Glucose_3SAT_EchoSAT_SymmetryGRPO_v1_2_WC1_HardNeg_Full/iter=15.pt,glucose,enhanced,False,patched_pretrue_main,event,none,non_symmetric_control,large,vars260_clauses1113,control,random_3sat_control:large,base,False,SAT symmetry harder baseline candidate pool,warmup_rollout_collect_events,True,0.001059,0.004719792050309479,0.001059
random_3sat_control,random_3sat_control_v260_c1113_seed3306,random_3sat_control_v260_c1113_seed3306,base,6,event_adapter_final,2,3,3,3,/Users/cchao/EchoSAT/RLAF/runs/GNN_Glucose_3SAT_EchoSAT_SymmetryGRPO_v1_2_WC1_HardNeg_Full/iter=15.pt,glucose,enhanced,False,patched_pretrue_main,event,none,non_symmetric_control,large,vars260_clauses1113,control,random_3sat_control:large,base,False,SAT symmetry harder baseline candidate pool,event_feature_attach,True,0.00017220806330442429,0.00017220806330442429,0.0
random_3sat_control,random_3sat_control_v260_c1113_seed3306,random_3sat_control_v260_c1113_seed3306,base,6,event_adapter_final,2,3,3,3,/Users/cchao/EchoSAT/RLAF/runs/GNN_Glucose_3SAT_EchoSAT_SymmetryGRPO_v1_2_WC1_HardNeg_Full/iter=15.pt,glucose,enhanced,False,patched_pretrue_main,event,none,non_symmetric_control,large,vars260_clauses1113,control,random_3sat_control:large,base,False,SAT symmetry harder baseline candidate pool,adapter_inference,True,0.0007178783416748047,0.0007178783416748047,0.0
random_3sat_control,random_3sat_control_v260_c1113_seed3306,random_3sat_control_v260_c1113_seed3306,base,6,event_adapter_final,2,3,3,3,/Users/cchao/EchoSAT/RLAF/runs/GNN_Glucose_3SAT_EchoSAT_SymmetryGRPO_v1_2_WC1_HardNeg_Full/iter=15.pt,glucose,enhanced,False,patched_pretrue_main,event,none,non_symmetric_control,large,vars260_clauses1113,control,random_3sat_control:large,base,False,SAT symmetry harder baseline candidate pool,final_solve,True,2.615,2.7408303749980405,2.615
random_3sat_control,random_3sat_control_v260_c1113_seed3306_perm1730,random_3sat_control_v260_c1113_seed3306,perm_seed1730,7,plain_unguided_glucose,2,3,3,3,/Users/cchao/EchoSAT/RLAF/runs/GNN_Glucose_3SAT_EchoSAT_SymmetryGRPO_v1_2_WC1_HardNeg_Full/iter=15.pt,glucose,enhanced,False,patched_pretrue_main,event,none,non_symmetric_control,large,vars260_clauses1113,control,random_3sat_control:large,permutation_variant,True,SAT symmetry harder baseline candidate pool,static_inference,False,0.0,0.0,0.0
random_3sat_control,random_3sat_control_v260_c1113_seed3306_perm1730,random_3sat_control_v260_c1113_seed3306,perm_seed1730,7,plain_unguided_glucose,2,3,3,3,/Users/cchao/EchoSAT/RLAF/runs/GNN_Glucose_3SAT_EchoSAT_SymmetryGRPO_v1_2_WC1_HardNeg_Full/iter=15.pt,glucose,enhanced,False,patched_pretrue_main,event,none,non_symmetric_control,large,vars260_clauses1113,control,random_3sat_control:large,permutation_variant,True,SAT symmetry harder baseline candidate pool,warmup_rollout_collect_events,False,0.0,0.0,0.0
random_3sat_control,random_3sat_control_v260_c1113_seed3306_perm1730,random_3sat_control_v260_c1113_seed3306,perm_seed1730,7,plain_unguided_glucose,2,3,3,3,/Users/cchao/EchoSAT/RLAF/runs/GNN_Glucose_3SAT_EchoSAT_SymmetryGRPO_v1_2_WC1_HardNeg_Full/iter=15.pt,glucose,enhanced,False,patched_pretrue_main,event,none,non_symmetric_control,large,vars260_clauses1113,control,random_3sat_control:large,permutation_variant,True,SAT symmetry harder baseline candidate pool,event_feature_attach,False,0.0,0.0,0.0
random_3sat_control,random_3sat_control_v260_c1113_seed3306_perm1730,random_3sat_control_v260_c1113_seed3306,perm_seed1730,7,plain_unguided_glucose,2,3,3,3,/Users/cchao/EchoSAT/RLAF/runs/GNN_Glucose_3SAT_EchoSAT_SymmetryGRPO_v1_2_WC1_HardNeg_Full/iter=15.pt,glucose,enhanced,False,patched_pretrue_main,event,none,non_symmetric_control,large,vars260_clauses1113,control,random_3sat_control:large,permutation_variant,True,SAT symmetry harder baseline candidate pool,adapter_inference,False,0.0,0.0,0.0
random_3sat_control,random_3sat_control_v260_c1113_seed3306_perm1730,random_3sat_control_v260_c1113_seed3306,perm_seed1730,7,plain_unguided_glucose,2,3,3,3,/Users/cchao/EchoSAT/RLAF/runs/GNN_Glucose_3SAT_EchoSAT_SymmetryGRPO_v1_2_WC1_HardNeg_Full/iter=15.pt,glucose,enhanced,False,patched_pretrue_main,event,none,non_symmetric_control,large,vars260_clauses1113,control,random_3sat_control:large,permutation_variant,True,SAT symmetry harder baseline candidate pool,final_solve,True,1.69854,1.7228601250099018,1.69854
random_3sat_control,random_3sat_control_v260_c1113_seed3306_perm1730,random_3sat_control_v260_c1113_seed3306,perm_seed1730,7,neutral_weighted_glucose,2,3,3,3,/Users/cchao/EchoSAT/RLAF/runs/GNN_Glucose_3SAT_EchoSAT_SymmetryGRPO_v1_2_WC1_HardNeg_Full/iter=15.pt,glucose,enhanced,False,patched_pretrue_main,event,none,non_symmetric_control,large,vars260_clauses1113,control,random_3sat_control:large,permutation_variant,True,SAT symmetry harder baseline candidate pool,static_inference,False,0.0,0.0,0.0
random_3sat_control,random_3sat_control_v260_c1113_seed3306_perm1730,random_3sat_control_v260_c1113_seed3306,perm_seed1730,7,neutral_weighted_glucose,2,3,3,3,/Users/cchao/EchoSAT/RLAF/runs/GNN_Glucose_3SAT_EchoSAT_SymmetryGRPO_v1_2_WC1_HardNeg_Full/iter=15.pt,glucose,enhanced,False,patched_pretrue_main,event,none,non_symmetric_control,large,vars260_clauses1113,control,random_3sat_control:large,permutation_variant,True,SAT symmetry harder baseline candidate pool,warmup_rollout_collect_events,False,0.0,0.0,0.0
random_3sat_control,random_3sat_control_v260_c1113_seed3306_perm1730,random_3sat_control_v260_c1113_seed3306,perm_seed1730,7,neutral_weighted_glucose,2,3,3,3,/Users/cchao/EchoSAT/RLAF/runs/GNN_Glucose_3SAT_EchoSAT_SymmetryGRPO_v1_2_WC1_HardNeg_Full/iter=15.pt,glucose,enhanced,False,patched_pretrue_main,event,none,non_symmetric_control,large,vars260_clauses1113,control,random_3sat_control:large,permutation_variant,True,SAT symmetry harder baseline candidate pool,event_feature_attach,False,0.0,0.0,0.0
random_3sat_control,random_3sat_control_v260_c1113_seed3306_perm1730,random_3sat_control_v260_c1113_seed3306,perm_seed1730,7,neutral_weighted_glucose,2,3,3,3,/Users/cchao/EchoSAT/RLAF/runs/GNN_Glucose_3SAT_EchoSAT_SymmetryGRPO_v1_2_WC1_HardNeg_Full/iter=15.pt,glucose,enhanced,False,patched_pretrue_main,event,none,non_symmetric_control,large,vars260_clauses1113,control,random_3sat_control:large,permutation_variant,True,SAT symmetry harder baseline candidate pool,adapter_inference,False,0.0,0.0,0.0
random_3sat_control,random_3sat_control_v260_c1113_seed3306_perm1730,random_3sat_control_v260_c1113_seed3306,perm_seed1730,7,neutral_weighted_glucose,2,3,3,3,/Users/cchao/EchoSAT/RLAF/runs/GNN_Glucose_3SAT_EchoSAT_SymmetryGRPO_v1_2_WC1_HardNeg_Full/iter=15.pt,glucose,enhanced,False,patched_pretrue_main,event,none,non_symmetric_control,large,vars260_clauses1113,control,random_3sat_control:large,permutation_variant,True,SAT symmetry harder baseline candidate pool,final_solve,True,2.77882,2.934763792087324,2.77882
random_3sat_control,random_3sat_control_v260_c1113_seed3306_perm1730,random_3sat_control_v260_c1113_seed3306,perm_seed1730,7,static_weighted_glucose,2,3,3,3,/Users/cchao/EchoSAT/RLAF/runs/GNN_Glucose_3SAT_EchoSAT_SymmetryGRPO_v1_2_WC1_HardNeg_Full/iter=15.pt,glucose,enhanced,False,patched_pretrue_main,event,none,non_symmetric_control,large,vars260_clauses1113,control,random_3sat_control:large,permutation_variant,True,SAT symmetry harder baseline candidate pool,static_inference,True,0.08248090744018555,0.08248090744018555,0.0
random_3sat_control,random_3sat_control_v260_c1113_seed3306_perm1730,random_3sat_control_v260_c1113_seed3306,perm_seed1730,7,static_weighted_glucose,2,3,3,3,/Users/cchao/EchoSAT/RLAF/runs/GNN_Glucose_3SAT_EchoSAT_SymmetryGRPO_v1_2_WC1_HardNeg_Full/iter=15.pt,glucose,enhanced,False,patched_pretrue_main,event,none,non_symmetric_control,large,vars260_clauses1113,control,random_3sat_control:large,permutation_variant,True,SAT symmetry harder baseline candidate pool,warmup_rollout_collect_events,False,0.0,0.0,0.0
random_3sat_control,random_3sat_control_v260_c1113_seed3306_perm1730,random_3sat_control_v260_c1113_seed3306,perm_seed1730,7,static_weighted_glucose,2,3,3,3,/Users/cchao/EchoSAT/RLAF/runs/GNN_Glucose_3SAT_EchoSAT_SymmetryGRPO_v1_2_WC1_HardNeg_Full/iter=15.pt,glucose,enhanced,False,patched_pretrue_main,event,none,non_symmetric_control,large,vars260_clauses1113,control,random_3sat_control:large,permutation_variant,True,SAT symmetry harder baseline candidate pool,event_feature_attach,False,0.0,0.0,0.0
random_3sat_control,random_3sat_control_v260_c1113_seed3306_perm1730,random_3sat_control_v260_c1113_seed3306,perm_seed1730,7,static_weighted_glucose,2,3,3,3,/Users/cchao/EchoSAT/RLAF/runs/GNN_Glucose_3SAT_EchoSAT_SymmetryGRPO_v1_2_WC1_HardNeg_Full/iter=15.pt,glucose,enhanced,False,patched_pretrue_main,event,none,non_symmetric_control,large,vars260_clauses1113,control,random_3sat_control:large,permutation_variant,True,SAT symmetry harder baseline candidate pool,adapter_inference,False,0.0,0.0,0.0
random_3sat_control,random_3sat_control_v260_c1113_seed3306_perm1730,random_3sat_control_v260_c1113_seed3306,perm_seed1730,7,static_weighted_glucose,2,3,3,3,/Users/cchao/EchoSAT/RLAF/runs/GNN_Glucose_3SAT_EchoSAT_SymmetryGRPO_v1_2_WC1_HardNeg_Full/iter=15.pt,glucose,enhanced,False,patched_pretrue_main,event,none,non_symmetric_control,large,vars260_clauses1113,control,random_3sat_control:large,permutation_variant,True,SAT symmetry harder baseline candidate pool,final_solve,True,2.3227,2.359528583008796,2.3227
random_3sat_control,random_3sat_control_v260_c1113_seed3306_perm1730,random_3sat_control_v260_c1113_seed3306,perm_seed1730,7,cached_trace_no_adapter_final,2,3,3,3,/Users/cchao/EchoSAT/RLAF/runs/GNN_Glucose_3SAT_EchoSAT_SymmetryGRPO_v1_2_WC1_HardNeg_Full/iter=15.pt,glucose,enhanced,False,patched_pretrue_main,event,none,non_symmetric_control,large,vars260_clauses1113,control,random_3sat_control:large,permutation_variant,True,SAT symmetry harder baseline candidate pool,static_inference,True,0.08248090744018555,0.08248090744018555,0.0
random_3sat_control,random_3sat_control_v260_c1113_seed3306_perm1730,random_3sat_control_v260_c1113_seed3306,perm_seed1730,7,cached_trace_no_adapter_final,2,3,3,3,/Users/cchao/EchoSAT/RLAF/runs/GNN_Glucose_3SAT_EchoSAT_SymmetryGRPO_v1_2_WC1_HardNeg_Full/iter=15.pt,glucose,enhanced,False,patched_pretrue_main,event,none,non_symmetric_control,large,vars260_clauses1113,control,random_3sat_control:large,permutation_variant,True,SAT symmetry harder baseline candidate pool,warmup_rollout_collect_events,True,0.001089,0.005383874988183379,0.001089
random_3sat_control,random_3sat_control_v260_c1113_seed3306_perm1730,random_3sat_control_v260_c1113_seed3306,perm_seed1730,7,cached_trace_no_adapter_final,2,3,3,3,/Users/cchao/EchoSAT/RLAF/runs/GNN_Glucose_3SAT_EchoSAT_SymmetryGRPO_v1_2_WC1_HardNeg_Full/iter=15.pt,glucose,enhanced,False,patched_pretrue_main,event,none,non_symmetric_control,large,vars260_clauses1113,control,random_3sat_control:large,permutation_variant,True,SAT symmetry harder baseline candidate pool,event_feature_attach,True,0.00015670794527977705,0.00015670794527977705,0.0
random_3sat_control,random_3sat_control_v260_c1113_seed3306_perm1730,random_3sat_control_v260_c1113_seed3306,perm_seed1730,7,cached_trace_no_adapter_final,2,3,3,3,/Users/cchao/EchoSAT/RLAF/runs/GNN_Glucose_3SAT_EchoSAT_SymmetryGRPO_v1_2_WC1_HardNeg_Full/iter=15.pt,glucose,enhanced,False,patched_pretrue_main,event,none,non_symmetric_control,large,vars260_clauses1113,control,random_3sat_control:large,permutation_variant,True,SAT symmetry harder baseline candidate pool,adapter_inference,False,0.0,0.0,0.0
random_3sat_control,random_3sat_control_v260_c1113_seed3306_perm1730,random_3sat_control_v260_c1113_seed3306,perm_seed1730,7,cached_trace_no_adapter_final,2,3,3,3,/Users/cchao/EchoSAT/RLAF/runs/GNN_Glucose_3SAT_EchoSAT_SymmetryGRPO_v1_2_WC1_HardNeg_Full/iter=15.pt,glucose,enhanced,False,patched_pretrue_main,event,none,non_symmetric_control,large,vars260_clauses1113,control,random_3sat_control:large,permutation_variant,True,SAT symmetry harder baseline candidate pool,final_solve,True,2.3227,2.359528583008796,2.3227
random_3sat_control,random_3sat_control_v260_c1113_seed3306_perm1730,random_3sat_control_v260_c1113_seed3306,perm_seed1730,7,event_adapter_final,2,3,3,3,/Users/cchao/EchoSAT/RLAF/runs/GNN_Glucose_3SAT_EchoSAT_SymmetryGRPO_v1_2_WC1_HardNeg_Full/iter=15.pt,glucose,enhanced,False,patched_pretrue_main,event,none,non_symmetric_control,large,vars260_clauses1113,control,random_3sat_control:large,permutation_variant,True,SAT symmetry harder baseline candidate pool,static_inference,True,0.08248090744018555,0.08248090744018555,0.0
random_3sat_control,random_3sat_control_v260_c1113_seed3306_perm1730,random_3sat_control_v260_c1113_seed3306,perm_seed1730,7,event_adapter_final,2,3,3,3,/Users/cchao/EchoSAT/RLAF/runs/GNN_Glucose_3SAT_EchoSAT_SymmetryGRPO_v1_2_WC1_HardNeg_Full/iter=15.pt,glucose,enhanced,False,patched_pretrue_main,event,none,non_symmetric_control,large,vars260_clauses1113,control,random_3sat_control:large,permutation_variant,True,SAT symmetry harder baseline candidate pool,warmup_rollout_collect_events,True,0.001089,0.005383874988183379,0.001089
random_3sat_control,random_3sat_control_v260_c1113_seed3306_perm1730,random_3sat_control_v260_c1113_seed3306,perm_seed1730,7,event_adapter_final,2,3,3,3,/Users/cchao/EchoSAT/RLAF/runs/GNN_Glucose_3SAT_EchoSAT_SymmetryGRPO_v1_2_WC1_HardNeg_Full/iter=15.pt,glucose,enhanced,False,patched_pretrue_main,event,none,non_symmetric_control,large,vars260_clauses1113,control,random_3sat_control:large,permutation_variant,True,SAT symmetry harder baseline candidate pool,event_feature_attach,True,0.00015670794527977705,0.00015670794527977705,0.0
random_3sat_control,random_3sat_control_v260_c1113_seed3306_perm1730,random_3sat_control_v260_c1113_seed3306,perm_seed1730,7,event_adapter_final,2,3,3,3,/Users/cchao/EchoSAT/RLAF/runs/GNN_Glucose_3SAT_EchoSAT_SymmetryGRPO_v1_2_WC1_HardNeg_Full/iter=15.pt,glucose,enhanced,False,patched_pretrue_main,event,none,non_symmetric_control,large,vars260_clauses1113,control,random_3sat_control:large,permutation_variant,True,SAT symmetry harder baseline candidate pool,adapter_inference,True,0.0007178783416748047,0.0007178783416748047,0.0
random_3sat_control,random_3sat_control_v260_c1113_seed3306_perm1730,random_3sat_control_v260_c1113_seed3306,perm_seed1730,7,event_adapter_final,2,3,3,3,/Users/cchao/EchoSAT/RLAF/runs/GNN_Glucose_3SAT_EchoSAT_SymmetryGRPO_v1_2_WC1_HardNeg_Full/iter=15.pt,glucose,enhanced,False,patched_pretrue_main,event,none,non_symmetric_control,large,vars260_clauses1113,control,random_3sat_control:large,permutation_variant,True,SAT symmetry harder baseline candidate pool,final_solve,True,2.5752,2.7009113340172917,2.5752
random_3sat_control,random_3sat_control_v260_c1113_seed3306_perm1731,random_3sat_control_v260_c1113_seed3306,perm_seed1731,8,plain_unguided_glucose,2,3,3,3,/Users/cchao/EchoSAT/RLAF/runs/GNN_Glucose_3SAT_EchoSAT_SymmetryGRPO_v1_2_WC1_HardNeg_Full/iter=15.pt,glucose,enhanced,False,patched_pretrue_main,event,none,non_symmetric_control,large,vars260_clauses1113,control,random_3sat_control:large,permutation_variant,True,SAT symmetry harder baseline candidate pool,static_inference,False,0.0,0.0,0.0
random_3sat_control,random_3sat_control_v260_c1113_seed3306_perm1731,random_3sat_control_v260_c1113_seed3306,perm_seed1731,8,plain_unguided_glucose,2,3,3,3,/Users/cchao/EchoSAT/RLAF/runs/GNN_Glucose_3SAT_EchoSAT_SymmetryGRPO_v1_2_WC1_HardNeg_Full/iter=15.pt,glucose,enhanced,False,patched_pretrue_main,event,none,non_symmetric_control,large,vars260_clauses1113,control,random_3sat_control:large,permutation_variant,True,SAT symmetry harder baseline candidate pool,warmup_rollout_collect_events,False,0.0,0.0,0.0
random_3sat_control,random_3sat_control_v260_c1113_seed3306_perm1731,random_3sat_control_v260_c1113_seed3306,perm_seed1731,8,plain_unguided_glucose,2,3,3,3,/Users/cchao/EchoSAT/RLAF/runs/GNN_Glucose_3SAT_EchoSAT_SymmetryGRPO_v1_2_WC1_HardNeg_Full/iter=15.pt,glucose,enhanced,False,patched_pretrue_main,event,none,non_symmetric_control,large,vars260_clauses1113,control,random_3sat_control:large,permutation_variant,True,SAT symmetry harder baseline candidate pool,event_feature_attach,False,0.0,0.0,0.0
random_3sat_control,random_3sat_control_v260_c1113_seed3306_perm1731,random_3sat_control_v260_c1113_seed3306,perm_seed1731,8,plain_unguided_glucose,2,3,3,3,/Users/cchao/EchoSAT/RLAF/runs/GNN_Glucose_3SAT_EchoSAT_SymmetryGRPO_v1_2_WC1_HardNeg_Full/iter=15.pt,glucose,enhanced,False,patched_pretrue_main,event,none,non_symmetric_control,large,vars260_clauses1113,control,random_3sat_control:large,permutation_variant,True,SAT symmetry harder baseline candidate pool,adapter_inference,False,0.0,0.0,0.0
random_3sat_control,random_3sat_control_v260_c1113_seed3306_perm1731,random_3sat_control_v260_c1113_seed3306,perm_seed1731,8,plain_unguided_glucose,2,3,3,3,/Users/cchao/EchoSAT/RLAF/runs/GNN_Glucose_3SAT_EchoSAT_SymmetryGRPO_v1_2_WC1_HardNeg_Full/iter=15.pt,glucose,enhanced,False,patched_pretrue_main,event,none,non_symmetric_control,large,vars260_clauses1113,control,random_3sat_control:large,permutation_variant,True,SAT symmetry harder baseline candidate pool,final_solve,True,2.4051,2.4396209169644862,2.4051
random_3sat_control,random_3sat_control_v260_c1113_seed3306_perm1731,random_3sat_control_v260_c1113_seed3306,perm_seed1731,8,neutral_weighted_glucose,2,3,3,3,/Users/cchao/EchoSAT/RLAF/runs/GNN_Glucose_3SAT_EchoSAT_SymmetryGRPO_v1_2_WC1_HardNeg_Full/iter=15.pt,glucose,enhanced,False,patched_pretrue_main,event,none,non_symmetric_control,large,vars260_clauses1113,control,random_3sat_control:large,permutation_variant,True,SAT symmetry harder baseline candidate pool,static_inference,False,0.0,0.0,0.0
random_3sat_control,random_3sat_control_v260_c1113_seed3306_perm1731,random_3sat_control_v260_c1113_seed3306,perm_seed1731,8,neutral_weighted_glucose,2,3,3,3,/Users/cchao/EchoSAT/RLAF/runs/GNN_Glucose_3SAT_EchoSAT_SymmetryGRPO_v1_2_WC1_HardNeg_Full/iter=15.pt,glucose,enhanced,False,patched_pretrue_main,event,none,non_symmetric_control,large,vars260_clauses1113,control,random_3sat_control:large,permutation_variant,True,SAT symmetry harder baseline candidate pool,warmup_rollout_collect_events,False,0.0,0.0,0.0
random_3sat_control,random_3sat_control_v260_c1113_seed3306_perm1731,random_3sat_control_v260_c1113_seed3306,perm_seed1731,8,neutral_weighted_glucose,2,3,3,3,/Users/cchao/EchoSAT/RLAF/runs/GNN_Glucose_3SAT_EchoSAT_SymmetryGRPO_v1_2_WC1_HardNeg_Full/iter=15.pt,glucose,enhanced,False,patched_pretrue_main,event,none,non_symmetric_control,large,vars260_clauses1113,control,random_3sat_control:large,permutation_variant,True,SAT symmetry harder baseline candidate pool,event_feature_attach,False,0.0,0.0,0.0
random_3sat_control,random_3sat_control_v260_c1113_seed3306_perm1731,random_3sat_control_v260_c1113_seed3306,perm_seed1731,8,neutral_weighted_glucose,2,3,3,3,/Users/cchao/EchoSAT/RLAF/runs/GNN_Glucose_3SAT_EchoSAT_SymmetryGRPO_v1_2_WC1_HardNeg_Full/iter=15.pt,glucose,enhanced,False,patched_pretrue_main,event,none,non_symmetric_control,large,vars260_clauses1113,control,random_3sat_control:large,permutation_variant,True,SAT symmetry harder baseline candidate pool,adapter_inference,False,0.0,0.0,0.0
random_3sat_control,random_3sat_control_v260_c1113_seed3306_perm1731,random_3sat_control_v260_c1113_seed3306,perm_seed1731,8,neutral_weighted_glucose,2,3,3,3,/Users/cchao/EchoSAT/RLAF/runs/GNN_Glucose_3SAT_EchoSAT_SymmetryGRPO_v1_2_WC1_HardNeg_Full/iter=15.pt,glucose,enhanced,False,patched_pretrue_main,event,none,non_symmetric_control,large,vars260_clauses1113,control,random_3sat_control:large,permutation_variant,True,SAT symmetry harder baseline candidate pool,final_solve,True,2.67285,2.8025316250277683,2.67285
random_3sat_control,random_3sat_control_v260_c1113_seed3306_perm1731,random_3sat_control_v260_c1113_seed3306,perm_seed1731,8,static_weighted_glucose,2,3,3,3,/Users/cchao/EchoSAT/RLAF/runs/GNN_Glucose_3SAT_EchoSAT_SymmetryGRPO_v1_2_WC1_HardNeg_Full/iter=15.pt,glucose,enhanced,False,patched_pretrue_main,event,none,non_symmetric_control,large,vars260_clauses1113,control,random_3sat_control:large,permutation_variant,True,SAT symmetry harder baseline candidate pool,static_inference,True,7.824711799621582,7.824711799621582,0.0
random_3sat_control,random_3sat_control_v260_c1113_seed3306_perm1731,random_3sat_control_v260_c1113_seed3306,perm_seed1731,8,static_weighted_glucose,2,3,3,3,/Users/cchao/EchoSAT/RLAF/runs/GNN_Glucose_3SAT_EchoSAT_SymmetryGRPO_v1_2_WC1_HardNeg_Full/iter=15.pt,glucose,enhanced,False,patched_pretrue_main,event,none,non_symmetric_control,large,vars260_clauses1113,control,random_3sat_control:large,permutation_variant,True,SAT symmetry harder baseline candidate pool,warmup_rollout_collect_events,False,0.0,0.0,0.0
random_3sat_control,random_3sat_control_v260_c1113_seed3306_perm1731,random_3sat_control_v260_c1113_seed3306,perm_seed1731,8,static_weighted_glucose,2,3,3,3,/Users/cchao/EchoSAT/RLAF/runs/GNN_Glucose_3SAT_EchoSAT_SymmetryGRPO_v1_2_WC1_HardNeg_Full/iter=15.pt,glucose,enhanced,False,patched_pretrue_main,event,none,non_symmetric_control,large,vars260_clauses1113,control,random_3sat_control:large,permutation_variant,True,SAT symmetry harder baseline candidate pool,event_feature_attach,False,0.0,0.0,0.0
random_3sat_control,random_3sat_control_v260_c1113_seed3306_perm1731,random_3sat_control_v260_c1113_seed3306,perm_seed1731,8,static_weighted_glucose,2,3,3,3,/Users/cchao/EchoSAT/RLAF/runs/GNN_Glucose_3SAT_EchoSAT_SymmetryGRPO_v1_2_WC1_HardNeg_Full/iter=15.pt,glucose,enhanced,False,patched_pretrue_main,event,none,non_symmetric_control,large,vars260_clauses1113,control,random_3sat_control:large,permutation_variant,True,SAT symmetry harder baseline candidate pool,adapter_inference,False,0.0,0.0,0.0
random_3sat_control,random_3sat_control_v260_c1113_seed3306_perm1731,random_3sat_control_v260_c1113_seed3306,perm_seed1731,8,static_weighted_glucose,2,3,3,3,/Users/cchao/EchoSAT/RLAF/runs/GNN_Glucose_3SAT_EchoSAT_SymmetryGRPO_v1_2_WC1_HardNeg_Full/iter=15.pt,glucose,enhanced,False,patched_pretrue_main,event,none,non_symmetric_control,large,vars260_clauses1113,control,random_3sat_control:large,permutation_variant,True,SAT symmetry harder baseline candidate pool,final_solve,True,2.41254,2.4532476250315085,2.41254
random_3sat_control,random_3sat_control_v260_c1113_seed3306_perm1731,random_3sat_control_v260_c1113_seed3306,perm_seed1731,8,cached_trace_no_adapter_final,2,3,3,3,/Users/cchao/EchoSAT/RLAF/runs/GNN_Glucose_3SAT_EchoSAT_SymmetryGRPO_v1_2_WC1_HardNeg_Full/iter=15.pt,glucose,enhanced,False,patched_pretrue_main,event,none,non_symmetric_control,large,vars260_clauses1113,control,random_3sat_control:large,permutation_variant,True,SAT symmetry harder baseline candidate pool,static_inference,True,7.824711799621582,7.824711799621582,0.0
random_3sat_control,random_3sat_control_v260_c1113_seed3306_perm1731,random_3sat_control_v260_c1113_seed3306,perm_seed1731,8,cached_trace_no_adapter_final,2,3,3,3,/Users/cchao/EchoSAT/RLAF/runs/GNN_Glucose_3SAT_EchoSAT_SymmetryGRPO_v1_2_WC1_HardNeg_Full/iter=15.pt,glucose,enhanced,False,patched_pretrue_main,event,none,non_symmetric_control,large,vars260_clauses1113,control,random_3sat_control:large,permutation_variant,True,SAT symmetry harder baseline candidate pool,warmup_rollout_collect_events,True,0.001123,0.005303165991790593,0.001123
random_3sat_control,random_3sat_control_v260_c1113_seed3306_perm1731,random_3sat_control_v260_c1113_seed3306,perm_seed1731,8,cached_trace_no_adapter_final,2,3,3,3,/Users/cchao/EchoSAT/RLAF/runs/GNN_Glucose_3SAT_EchoSAT_SymmetryGRPO_v1_2_WC1_HardNeg_Full/iter=15.pt,glucose,enhanced,False,patched_pretrue_main,event,none,non_symmetric_control,large,vars260_clauses1113,control,random_3sat_control:large,permutation_variant,True,SAT symmetry harder baseline candidate pool,event_feature_attach,True,0.0004028750117868185,0.0004028750117868185,0.0
random_3sat_control,random_3sat_control_v260_c1113_seed3306_perm1731,random_3sat_control_v260_c1113_seed3306,perm_seed1731,8,cached_trace_no_adapter_final,2,3,3,3,/Users/cchao/EchoSAT/RLAF/runs/GNN_Glucose_3SAT_EchoSAT_SymmetryGRPO_v1_2_WC1_HardNeg_Full/iter=15.pt,glucose,enhanced,False,patched_pretrue_main,event,none,non_symmetric_control,large,vars260_clauses1113,control,random_3sat_control:large,permutation_variant,True,SAT symmetry harder baseline candidate pool,adapter_inference,False,0.0,0.0,0.0
random_3sat_control,random_3sat_control_v260_c1113_seed3306_perm1731,random_3sat_control_v260_c1113_seed3306,perm_seed1731,8,cached_trace_no_adapter_final,2,3,3,3,/Users/cchao/EchoSAT/RLAF/runs/GNN_Glucose_3SAT_EchoSAT_SymmetryGRPO_v1_2_WC1_HardNeg_Full/iter=15.pt,glucose,enhanced,False,patched_pretrue_main,event,none,non_symmetric_control,large,vars260_clauses1113,control,random_3sat_control:large,permutation_variant,True,SAT symmetry harder baseline candidate pool,final_solve,True,2.41254,2.4532476250315085,2.41254
random_3sat_control,random_3sat_control_v260_c1113_seed3306_perm1731,random_3sat_control_v260_c1113_seed3306,perm_seed1731,8,event_adapter_final,2,3,3,3,/Users/cchao/EchoSAT/RLAF/runs/GNN_Glucose_3SAT_EchoSAT_SymmetryGRPO_v1_2_WC1_HardNeg_Full/iter=15.pt,glucose,enhanced,False,patched_pretrue_main,event,none,non_symmetric_control,large,vars260_clauses1113,control,random_3sat_control:large,permutation_variant,True,SAT symmetry harder baseline candidate pool,static_inference,True,7.824711799621582,7.824711799621582,0.0
random_3sat_control,random_3sat_control_v260_c1113_seed3306_perm1731,random_3sat_control_v260_c1113_seed3306,perm_seed1731,8,event_adapter_final,2,3,3,3,/Users/cchao/EchoSAT/RLAF/runs/GNN_Glucose_3SAT_EchoSAT_SymmetryGRPO_v1_2_WC1_HardNeg_Full/iter=15.pt,glucose,enhanced,False,patched_pretrue_main,event,none,non_symmetric_control,large,vars260_clauses1113,control,random_3sat_control:large,permutation_variant,True,SAT symmetry harder baseline candidate pool,warmup_rollout_collect_events,True,0.001123,0.005303165991790593,0.001123
random_3sat_control,random_3sat_control_v260_c1113_seed3306_perm1731,random_3sat_control_v260_c1113_seed3306,perm_seed1731,8,event_adapter_final,2,3,3,3,/Users/cchao/EchoSAT/RLAF/runs/GNN_Glucose_3SAT_EchoSAT_SymmetryGRPO_v1_2_WC1_HardNeg_Full/iter=15.pt,glucose,enhanced,False,patched_pretrue_main,event,none,non_symmetric_control,large,vars260_clauses1113,control,random_3sat_control:large,permutation_variant,True,SAT symmetry harder baseline candidate pool,event_feature_attach,True,0.0004028750117868185,0.0004028750117868185,0.0
random_3sat_control,random_3sat_control_v260_c1113_seed3306_perm1731,random_3sat_control_v260_c1113_seed3306,perm_seed1731,8,event_adapter_final,2,3,3,3,/Users/cchao/EchoSAT/RLAF/runs/GNN_Glucose_3SAT_EchoSAT_SymmetryGRPO_v1_2_WC1_HardNeg_Full/iter=15.pt,glucose,enhanced,False,patched_pretrue_main,event,none,non_symmetric_control,large,vars260_clauses1113,control,random_3sat_control:large,permutation_variant,True,SAT symmetry harder baseline candidate pool,adapter_inference,True,0.0007231235504150391,0.0007231235504150391,0.0
random_3sat_control,random_3sat_control_v260_c1113_seed3306_perm1731,random_3sat_control_v260_c1113_seed3306,perm_seed1731,8,event_adapter_final,2,3,3,3,/Users/cchao/EchoSAT/RLAF/runs/GNN_Glucose_3SAT_EchoSAT_SymmetryGRPO_v1_2_WC1_HardNeg_Full/iter=15.pt,glucose,enhanced,False,patched_pretrue_main,event,none,non_symmetric_control,large,vars260_clauses1113,control,random_3sat_control:large,permutation_variant,True,SAT symmetry harder baseline candidate pool,final_solve,True,2.58161,2.628309541963972,2.58161
tseitin_complete,tseitin_k8_odd,tseitin_k8_odd,base,9,plain_unguided_glucose,2,3,3,3,/Users/cchao/EchoSAT/RLAF/runs/GNN_Glucose_3SAT_EchoSAT_SymmetryGRPO_v1_2_WC1_HardNeg_Full/iter=15.pt,glucose,enhanced,False,patched_pretrue_main,event,strong,strong_symmetry,medium,k8,main,tseitin_complete:medium,base,False,SAT symmetry harder baseline candidate pool,static_inference,False,0.0,0.0,0.0
tseitin_complete,tseitin_k8_odd,tseitin_k8_odd,base,9,plain_unguided_glucose,2,3,3,3,/Users/cchao/EchoSAT/RLAF/runs/GNN_Glucose_3SAT_EchoSAT_SymmetryGRPO_v1_2_WC1_HardNeg_Full/iter=15.pt,glucose,enhanced,False,patched_pretrue_main,event,strong,strong_symmetry,medium,k8,main,tseitin_complete:medium,base,False,SAT symmetry harder baseline candidate pool,warmup_rollout_collect_events,False,0.0,0.0,0.0
tseitin_complete,tseitin_k8_odd,tseitin_k8_odd,base,9,plain_unguided_glucose,2,3,3,3,/Users/cchao/EchoSAT/RLAF/runs/GNN_Glucose_3SAT_EchoSAT_SymmetryGRPO_v1_2_WC1_HardNeg_Full/iter=15.pt,glucose,enhanced,False,patched_pretrue_main,event,strong,strong_symmetry,medium,k8,main,tseitin_complete:medium,base,False,SAT symmetry harder baseline candidate pool,event_feature_attach,False,0.0,0.0,0.0
tseitin_complete,tseitin_k8_odd,tseitin_k8_odd,base,9,plain_unguided_glucose,2,3,3,3,/Users/cchao/EchoSAT/RLAF/runs/GNN_Glucose_3SAT_EchoSAT_SymmetryGRPO_v1_2_WC1_HardNeg_Full/iter=15.pt,glucose,enhanced,False,patched_pretrue_main,event,strong,strong_symmetry,medium,k8,main,tseitin_complete:medium,base,False,SAT symmetry harder baseline candidate pool,adapter_inference,False,0.0,0.0,0.0
tseitin_complete,tseitin_k8_odd,tseitin_k8_odd,base,9,plain_unguided_glucose,2,3,3,3,/Users/cchao/EchoSAT/RLAF/runs/GNN_Glucose_3SAT_EchoSAT_SymmetryGRPO_v1_2_WC1_HardNeg_Full/iter=15.pt,glucose,enhanced,False,patched_pretrue_main,event,strong,strong_symmetry,medium,k8,main,tseitin_complete:medium,base,False,SAT symmetry harder baseline candidate pool,final_solve,True,2.8343,2.9079550410388038,2.8343
tseitin_complete,tseitin_k8_odd,tseitin_k8_odd,base,9,neutral_weighted_glucose,2,3,3,3,/Users/cchao/EchoSAT/RLAF/runs/GNN_Glucose_3SAT_EchoSAT_SymmetryGRPO_v1_2_WC1_HardNeg_Full/iter=15.pt,glucose,enhanced,False,patched_pretrue_main,event,strong,strong_symmetry,medium,k8,main,tseitin_complete:medium,base,False,SAT symmetry harder baseline candidate pool,static_inference,False,0.0,0.0,0.0
tseitin_complete,tseitin_k8_odd,tseitin_k8_odd,base,9,neutral_weighted_glucose,2,3,3,3,/Users/cchao/EchoSAT/RLAF/runs/GNN_Glucose_3SAT_EchoSAT_SymmetryGRPO_v1_2_WC1_HardNeg_Full/iter=15.pt,glucose,enhanced,False,patched_pretrue_main,event,strong,strong_symmetry,medium,k8,main,tseitin_complete:medium,base,False,SAT symmetry harder baseline candidate pool,warmup_rollout_collect_events,False,0.0,0.0,0.0
tseitin_complete,tseitin_k8_odd,tseitin_k8_odd,base,9,neutral_weighted_glucose,2,3,3,3,/Users/cchao/EchoSAT/RLAF/runs/GNN_Glucose_3SAT_EchoSAT_SymmetryGRPO_v1_2_WC1_HardNeg_Full/iter=15.pt,glucose,enhanced,False,patched_pretrue_main,event,strong,strong_symmetry,medium,k8,main,tseitin_complete:medium,base,False,SAT symmetry harder baseline candidate pool,event_feature_attach,False,0.0,0.0,0.0
tseitin_complete,tseitin_k8_odd,tseitin_k8_odd,base,9,neutral_weighted_glucose,2,3,3,3,/Users/cchao/EchoSAT/RLAF/runs/GNN_Glucose_3SAT_EchoSAT_SymmetryGRPO_v1_2_WC1_HardNeg_Full/iter=15.pt,glucose,enhanced,False,patched_pretrue_main,event,strong,strong_symmetry,medium,k8,main,tseitin_complete:medium,base,False,SAT symmetry harder baseline candidate pool,adapter_inference,False,0.0,0.0,0.0
tseitin_complete,tseitin_k8_odd,tseitin_k8_odd,base,9,neutral_weighted_glucose,2,3,3,3,/Users/cchao/EchoSAT/RLAF/runs/GNN_Glucose_3SAT_EchoSAT_SymmetryGRPO_v1_2_WC1_HardNeg_Full/iter=15.pt,glucose,enhanced,False,patched_pretrue_main,event,strong,strong_symmetry,medium,k8,main,tseitin_complete:medium,base,False,SAT symmetry harder baseline candidate pool,final_solve,True,3.5198,3.7372808329528198,3.5198
tseitin_complete,tseitin_k8_odd,tseitin_k8_odd,base,9,static_weighted_glucose,2,3,3,3,/Users/cchao/EchoSAT/RLAF/runs/GNN_Glucose_3SAT_EchoSAT_SymmetryGRPO_v1_2_WC1_HardNeg_Full/iter=15.pt,glucose,enhanced,False,patched_pretrue_main,event,strong,strong_symmetry,medium,k8,main,tseitin_complete:medium,base,False,SAT symmetry harder baseline candidate pool,static_inference,True,7.824711799621582,7.824711799621582,0.0
tseitin_complete,tseitin_k8_odd,tseitin_k8_odd,base,9,static_weighted_glucose,2,3,3,3,/Users/cchao/EchoSAT/RLAF/runs/GNN_Glucose_3SAT_EchoSAT_SymmetryGRPO_v1_2_WC1_HardNeg_Full/iter=15.pt,glucose,enhanced,False,patched_pretrue_main,event,strong,strong_symmetry,medium,k8,main,tseitin_complete:medium,base,False,SAT symmetry harder baseline candidate pool,warmup_rollout_collect_events,False,0.0,0.0,0.0
tseitin_complete,tseitin_k8_odd,tseitin_k8_odd,base,9,static_weighted_glucose,2,3,3,3,/Users/cchao/EchoSAT/RLAF/runs/GNN_Glucose_3SAT_EchoSAT_SymmetryGRPO_v1_2_WC1_HardNeg_Full/iter=15.pt,glucose,enhanced,False,patched_pretrue_main,event,strong,strong_symmetry,medium,k8,main,tseitin_complete:medium,base,False,SAT symmetry harder baseline candidate pool,event_feature_attach,False,0.0,0.0,0.0
tseitin_complete,tseitin_k8_odd,tseitin_k8_odd,base,9,static_weighted_glucose,2,3,3,3,/Users/cchao/EchoSAT/RLAF/runs/GNN_Glucose_3SAT_EchoSAT_SymmetryGRPO_v1_2_WC1_HardNeg_Full/iter=15.pt,glucose,enhanced,False,patched_pretrue_main,event,strong,strong_symmetry,medium,k8,main,tseitin_complete:medium,base,False,SAT symmetry harder baseline candidate pool,adapter_inference,False,0.0,0.0,0.0
tseitin_complete,tseitin_k8_odd,tseitin_k8_odd,base,9,static_weighted_glucose,2,3,3,3,/Users/cchao/EchoSAT/RLAF/runs/GNN_Glucose_3SAT_EchoSAT_SymmetryGRPO_v1_2_WC1_HardNeg_Full/iter=15.pt,glucose,enhanced,False,patched_pretrue_main,event,strong,strong_symmetry,medium,k8,main,tseitin_complete:medium,base,False,SAT symmetry harder baseline candidate pool,final_solve,True,3.01149,3.066502667032182,3.01149
tseitin_complete,tseitin_k8_odd,tseitin_k8_odd,base,9,cached_trace_no_adapter_final,2,3,3,3,/Users/cchao/EchoSAT/RLAF/runs/GNN_Glucose_3SAT_EchoSAT_SymmetryGRPO_v1_2_WC1_HardNeg_Full/iter=15.pt,glucose,enhanced,False,patched_pretrue_main,event,strong,strong_symmetry,medium,k8,main,tseitin_complete:medium,base,False,SAT symmetry harder baseline candidate pool,static_inference,True,7.824711799621582,7.824711799621582,0.0
tseitin_complete,tseitin_k8_odd,tseitin_k8_odd,base,9,cached_trace_no_adapter_final,2,3,3,3,/Users/cchao/EchoSAT/RLAF/runs/GNN_Glucose_3SAT_EchoSAT_SymmetryGRPO_v1_2_WC1_HardNeg_Full/iter=15.pt,glucose,enhanced,False,patched_pretrue_main,event,strong,strong_symmetry,medium,k8,main,tseitin_complete:medium,base,False,SAT symmetry harder baseline candidate pool,warmup_rollout_collect_events,True,0.001133,0.004297874984331429,0.001133
tseitin_complete,tseitin_k8_odd,tseitin_k8_odd,base,9,cached_trace_no_adapter_final,2,3,3,3,/Users/cchao/EchoSAT/RLAF/runs/GNN_Glucose_3SAT_EchoSAT_SymmetryGRPO_v1_2_WC1_HardNeg_Full/iter=15.pt,glucose,enhanced,False,patched_pretrue_main,event,strong,strong_symmetry,medium,k8,main,tseitin_complete:medium,base,False,SAT symmetry harder baseline candidate pool,event_feature_attach,True,0.00014287501107901335,0.00014287501107901335,0.0
tseitin_complete,tseitin_k8_odd,tseitin_k8_odd,base,9,cached_trace_no_adapter_final,2,3,3,3,/Users/cchao/EchoSAT/RLAF/runs/GNN_Glucose_3SAT_EchoSAT_SymmetryGRPO_v1_2_WC1_HardNeg_Full/iter=15.pt,glucose,enhanced,False,patched_pretrue_main,event,strong,strong_symmetry,medium,k8,main,tseitin_complete:medium,base,False,SAT symmetry harder baseline candidate pool,adapter_inference,False,0.0,0.0,0.0
tseitin_complete,tseitin_k8_odd,tseitin_k8_odd,base,9,cached_trace_no_adapter_final,2,3,3,3,/Users/cchao/EchoSAT/RLAF/runs/GNN_Glucose_3SAT_EchoSAT_SymmetryGRPO_v1_2_WC1_HardNeg_Full/iter=15.pt,glucose,enhanced,False,patched_pretrue_main,event,strong,strong_symmetry,medium,k8,main,tseitin_complete:medium,base,False,SAT symmetry harder baseline candidate pool,final_solve,True,3.01149,3.066502667032182,3.01149
tseitin_complete,tseitin_k8_odd,tseitin_k8_odd,base,9,event_adapter_final,2,3,3,3,/Users/cchao/EchoSAT/RLAF/runs/GNN_Glucose_3SAT_EchoSAT_SymmetryGRPO_v1_2_WC1_HardNeg_Full/iter=15.pt,glucose,enhanced,False,patched_pretrue_main,event,strong,strong_symmetry,medium,k8,main,tseitin_complete:medium,base,False,SAT symmetry harder baseline candidate pool,static_inference,True,7.824711799621582,7.824711799621582,0.0
tseitin_complete,tseitin_k8_odd,tseitin_k8_odd,base,9,event_adapter_final,2,3,3,3,/Users/cchao/EchoSAT/RLAF/runs/GNN_Glucose_3SAT_EchoSAT_SymmetryGRPO_v1_2_WC1_HardNeg_Full/iter=15.pt,glucose,enhanced,False,patched_pretrue_main,event,strong,strong_symmetry,medium,k8,main,tseitin_complete:medium,base,False,SAT symmetry harder baseline candidate pool,warmup_rollout_collect_events,True,0.001133,0.004297874984331429,0.001133
tseitin_complete,tseitin_k8_odd,tseitin_k8_odd,base,9,event_adapter_final,2,3,3,3,/Users/cchao/EchoSAT/RLAF/runs/GNN_Glucose_3SAT_EchoSAT_SymmetryGRPO_v1_2_WC1_HardNeg_Full/iter=15.pt,glucose,enhanced,False,patched_pretrue_main,event,strong,strong_symmetry,medium,k8,main,tseitin_complete:medium,base,False,SAT symmetry harder baseline candidate pool,event_feature_attach,True,0.00014287501107901335,0.00014287501107901335,0.0
tseitin_complete,tseitin_k8_odd,tseitin_k8_odd,base,9,event_adapter_final,2,3,3,3,/Users/cchao/EchoSAT/RLAF/runs/GNN_Glucose_3SAT_EchoSAT_SymmetryGRPO_v1_2_WC1_HardNeg_Full/iter=15.pt,glucose,enhanced,False,patched_pretrue_main,event,strong,strong_symmetry,medium,k8,main,tseitin_complete:medium,base,False,SAT symmetry harder baseline candidate pool,adapter_inference,True,0.0007231235504150391,0.0007231235504150391,0.0
tseitin_complete,tseitin_k8_odd,tseitin_k8_odd,base,9,event_adapter_final,2,3,3,3,/Users/cchao/EchoSAT/RLAF/runs/GNN_Glucose_3SAT_EchoSAT_SymmetryGRPO_v1_2_WC1_HardNeg_Full/iter=15.pt,glucose,enhanced,False,patched_pretrue_main,event,strong,strong_symmetry,medium,k8,main,tseitin_complete:medium,base,False,SAT symmetry harder baseline candidate pool,final_solve,True,2.60574,2.6522745420224965,2.60574
tseitin_complete,tseitin_k8_odd_perm1730,tseitin_k8_odd,perm_seed1730,10,plain_unguided_glucose,2,3,3,3,/Users/cchao/EchoSAT/RLAF/runs/GNN_Glucose_3SAT_EchoSAT_SymmetryGRPO_v1_2_WC1_HardNeg_Full/iter=15.pt,glucose,enhanced,False,patched_pretrue_main,event,strong,strong_symmetry,medium,k8,main,tseitin_complete:medium,permutation_variant,True,SAT symmetry harder baseline candidate pool,static_inference,False,0.0,0.0,0.0
tseitin_complete,tseitin_k8_odd_perm1730,tseitin_k8_odd,perm_seed1730,10,plain_unguided_glucose,2,3,3,3,/Users/cchao/EchoSAT/RLAF/runs/GNN_Glucose_3SAT_EchoSAT_SymmetryGRPO_v1_2_WC1_HardNeg_Full/iter=15.pt,glucose,enhanced,False,patched_pretrue_main,event,strong,strong_symmetry,medium,k8,main,tseitin_complete:medium,permutation_variant,True,SAT symmetry harder baseline candidate pool,warmup_rollout_collect_events,False,0.0,0.0,0.0
tseitin_complete,tseitin_k8_odd_perm1730,tseitin_k8_odd,perm_seed1730,10,plain_unguided_glucose,2,3,3,3,/Users/cchao/EchoSAT/RLAF/runs/GNN_Glucose_3SAT_EchoSAT_SymmetryGRPO_v1_2_WC1_HardNeg_Full/iter=15.pt,glucose,enhanced,False,patched_pretrue_main,event,strong,strong_symmetry,medium,k8,main,tseitin_complete:medium,permutation_variant,True,SAT symmetry harder baseline candidate pool,event_feature_attach,False,0.0,0.0,0.0
tseitin_complete,tseitin_k8_odd_perm1730,tseitin_k8_odd,perm_seed1730,10,plain_unguided_glucose,2,3,3,3,/Users/cchao/EchoSAT/RLAF/runs/GNN_Glucose_3SAT_EchoSAT_SymmetryGRPO_v1_2_WC1_HardNeg_Full/iter=15.pt,glucose,enhanced,False,patched_pretrue_main,event,strong,strong_symmetry,medium,k8,main,tseitin_complete:medium,permutation_variant,True,SAT symmetry harder baseline candidate pool,adapter_inference,False,0.0,0.0,0.0
tseitin_complete,tseitin_k8_odd_perm1730,tseitin_k8_odd,perm_seed1730,10,plain_unguided_glucose,2,3,3,3,/Users/cchao/EchoSAT/RLAF/runs/GNN_Glucose_3SAT_EchoSAT_SymmetryGRPO_v1_2_WC1_HardNeg_Full/iter=15.pt,glucose,enhanced,False,patched_pretrue_main,event,strong,strong_symmetry,medium,k8,main,tseitin_complete:medium,permutation_variant,True,SAT symmetry harder baseline candidate pool,final_solve,True,2.89389,2.9652513340115547,2.89389
tseitin_complete,tseitin_k8_odd_perm1730,tseitin_k8_odd,perm_seed1730,10,neutral_weighted_glucose,2,3,3,3,/Users/cchao/EchoSAT/RLAF/runs/GNN_Glucose_3SAT_EchoSAT_SymmetryGRPO_v1_2_WC1_HardNeg_Full/iter=15.pt,glucose,enhanced,False,patched_pretrue_main,event,strong,strong_symmetry,medium,k8,main,tseitin_complete:medium,permutation_variant,True,SAT symmetry harder baseline candidate pool,static_inference,False,0.0,0.0,0.0
tseitin_complete,tseitin_k8_odd_perm1730,tseitin_k8_odd,perm_seed1730,10,neutral_weighted_glucose,2,3,3,3,/Users/cchao/EchoSAT/RLAF/runs/GNN_Glucose_3SAT_EchoSAT_SymmetryGRPO_v1_2_WC1_HardNeg_Full/iter=15.pt,glucose,enhanced,False,patched_pretrue_main,event,strong,strong_symmetry,medium,k8,main,tseitin_complete:medium,permutation_variant,True,SAT symmetry harder baseline candidate pool,warmup_rollout_collect_events,False,0.0,0.0,0.0
tseitin_complete,tseitin_k8_odd_perm1730,tseitin_k8_odd,perm_seed1730,10,neutral_weighted_glucose,2,3,3,3,/Users/cchao/EchoSAT/RLAF/runs/GNN_Glucose_3SAT_EchoSAT_SymmetryGRPO_v1_2_WC1_HardNeg_Full/iter=15.pt,glucose,enhanced,False,patched_pretrue_main,event,strong,strong_symmetry,medium,k8,main,tseitin_complete:medium,permutation_variant,True,SAT symmetry harder baseline candidate pool,event_feature_attach,False,0.0,0.0,0.0
tseitin_complete,tseitin_k8_odd_perm1730,tseitin_k8_odd,perm_seed1730,10,neutral_weighted_glucose,2,3,3,3,/Users/cchao/EchoSAT/RLAF/runs/GNN_Glucose_3SAT_EchoSAT_SymmetryGRPO_v1_2_WC1_HardNeg_Full/iter=15.pt,glucose,enhanced,False,patched_pretrue_main,event,strong,strong_symmetry,medium,k8,main,tseitin_complete:medium,permutation_variant,True,SAT symmetry harder baseline candidate pool,adapter_inference,False,0.0,0.0,0.0
tseitin_complete,tseitin_k8_odd_perm1730,tseitin_k8_odd,perm_seed1730,10,neutral_weighted_glucose,2,3,3,3,/Users/cchao/EchoSAT/RLAF/runs/GNN_Glucose_3SAT_EchoSAT_SymmetryGRPO_v1_2_WC1_HardNeg_Full/iter=15.pt,glucose,enhanced,False,patched_pretrue_main,event,strong,strong_symmetry,medium,k8,main,tseitin_complete:medium,permutation_variant,True,SAT symmetry harder baseline candidate pool,final_solve,True,2.96172,3.16024054097943,2.96172
tseitin_complete,tseitin_k8_odd_perm1730,tseitin_k8_odd,perm_seed1730,10,static_weighted_glucose,2,3,3,3,/Users/cchao/EchoSAT/RLAF/runs/GNN_Glucose_3SAT_EchoSAT_SymmetryGRPO_v1_2_WC1_HardNeg_Full/iter=15.pt,glucose,enhanced,False,patched_pretrue_main,event,strong,strong_symmetry,medium,k8,main,tseitin_complete:medium,permutation_variant,True,SAT symmetry harder baseline candidate pool,static_inference,True,7.824711799621582,7.824711799621582,0.0
tseitin_complete,tseitin_k8_odd_perm1730,tseitin_k8_odd,perm_seed1730,10,static_weighted_glucose,2,3,3,3,/Users/cchao/EchoSAT/RLAF/runs/GNN_Glucose_3SAT_EchoSAT_SymmetryGRPO_v1_2_WC1_HardNeg_Full/iter=15.pt,glucose,enhanced,False,patched_pretrue_main,event,strong,strong_symmetry,medium,k8,main,tseitin_complete:medium,permutation_variant,True,SAT symmetry harder baseline candidate pool,warmup_rollout_collect_events,False,0.0,0.0,0.0
tseitin_complete,tseitin_k8_odd_perm1730,tseitin_k8_odd,perm_seed1730,10,static_weighted_glucose,2,3,3,3,/Users/cchao/EchoSAT/RLAF/runs/GNN_Glucose_3SAT_EchoSAT_SymmetryGRPO_v1_2_WC1_HardNeg_Full/iter=15.pt,glucose,enhanced,False,patched_pretrue_main,event,strong,strong_symmetry,medium,k8,main,tseitin_complete:medium,permutation_variant,True,SAT symmetry harder baseline candidate pool,event_feature_attach,False,0.0,0.0,0.0
tseitin_complete,tseitin_k8_odd_perm1730,tseitin_k8_odd,perm_seed1730,10,static_weighted_glucose,2,3,3,3,/Users/cchao/EchoSAT/RLAF/runs/GNN_Glucose_3SAT_EchoSAT_SymmetryGRPO_v1_2_WC1_HardNeg_Full/iter=15.pt,glucose,enhanced,False,patched_pretrue_main,event,strong,strong_symmetry,medium,k8,main,tseitin_complete:medium,permutation_variant,True,SAT symmetry harder baseline candidate pool,adapter_inference,False,0.0,0.0,0.0
tseitin_complete,tseitin_k8_odd_perm1730,tseitin_k8_odd,perm_seed1730,10,static_weighted_glucose,2,3,3,3,/Users/cchao/EchoSAT/RLAF/runs/GNN_Glucose_3SAT_EchoSAT_SymmetryGRPO_v1_2_WC1_HardNeg_Full/iter=15.pt,glucose,enhanced,False,patched_pretrue_main,event,strong,strong_symmetry,medium,k8,main,tseitin_complete:medium,permutation_variant,True,SAT symmetry harder baseline candidate pool,final_solve,True,2.21057,2.252213541069068,2.21057
tseitin_complete,tseitin_k8_odd_perm1730,tseitin_k8_odd,perm_seed1730,10,cached_trace_no_adapter_final,2,3,3,3,/Users/cchao/EchoSAT/RLAF/runs/GNN_Glucose_3SAT_EchoSAT_SymmetryGRPO_v1_2_WC1_HardNeg_Full/iter=15.pt,glucose,enhanced,False,patched_pretrue_main,event,strong,strong_symmetry,medium,k8,main,tseitin_complete:medium,permutation_variant,True,SAT symmetry harder baseline candidate pool,static_inference,True,7.824711799621582,7.824711799621582,0.0
tseitin_complete,tseitin_k8_odd_perm1730,tseitin_k8_odd,perm_seed1730,10,cached_trace_no_adapter_final,2,3,3,3,/Users/cchao/EchoSAT/RLAF/runs/GNN_Glucose_3SAT_EchoSAT_SymmetryGRPO_v1_2_WC1_HardNeg_Full/iter=15.pt,glucose,enhanced,False,patched_pretrue_main,event,strong,strong_symmetry,medium,k8,main,tseitin_complete:medium,permutation_variant,True,SAT symmetry harder baseline candidate pool,warmup_rollout_collect_events,True,0.001238,0.004665166023187339,0.001238
tseitin_complete,tseitin_k8_odd_perm1730,tseitin_k8_odd,perm_seed1730,10,cached_trace_no_adapter_final,2,3,3,3,/Users/cchao/EchoSAT/RLAF/runs/GNN_Glucose_3SAT_EchoSAT_SymmetryGRPO_v1_2_WC1_HardNeg_Full/iter=15.pt,glucose,enhanced,False,patched_pretrue_main,event,strong,strong_symmetry,medium,k8,main,tseitin_complete:medium,permutation_variant,True,SAT symmetry harder baseline candidate pool,event_feature_attach,True,0.00011562497820705175,0.00011562497820705175,0.0
tseitin_complete,tseitin_k8_odd_perm1730,tseitin_k8_odd,perm_seed1730,10,cached_trace_no_adapter_final,2,3,3,3,/Users/cchao/EchoSAT/RLAF/runs/GNN_Glucose_3SAT_EchoSAT_SymmetryGRPO_v1_2_WC1_HardNeg_Full/iter=15.pt,glucose,enhanced,False,patched_pretrue_main,event,strong,strong_symmetry,medium,k8,main,tseitin_complete:medium,permutation_variant,True,SAT symmetry harder baseline candidate pool,adapter_inference,False,0.0,0.0,0.0
tseitin_complete,tseitin_k8_odd_perm1730,tseitin_k8_odd,perm_seed1730,10,cached_trace_no_adapter_final,2,3,3,3,/Users/cchao/EchoSAT/RLAF/runs/GNN_Glucose_3SAT_EchoSAT_SymmetryGRPO_v1_2_WC1_HardNeg_Full/iter=15.pt,glucose,enhanced,False,patched_pretrue_main,event,strong,strong_symmetry,medium,k8,main,tseitin_complete:medium,permutation_variant,True,SAT symmetry harder baseline candidate pool,final_solve,True,2.21057,2.252213541069068,2.21057
tseitin_complete,tseitin_k8_odd_perm1730,tseitin_k8_odd,perm_seed1730,10,event_adapter_final,2,3,3,3,/Users/cchao/EchoSAT/RLAF/runs/GNN_Glucose_3SAT_EchoSAT_SymmetryGRPO_v1_2_WC1_HardNeg_Full/iter=15.pt,glucose,enhanced,False,patched_pretrue_main,event,strong,strong_symmetry,medium,k8,main,tseitin_complete:medium,permutation_variant,True,SAT symmetry harder baseline candidate pool,static_inference,True,7.824711799621582,7.824711799621582,0.0
tseitin_complete,tseitin_k8_odd_perm1730,tseitin_k8_odd,perm_seed1730,10,event_adapter_final,2,3,3,3,/Users/cchao/EchoSAT/RLAF/runs/GNN_Glucose_3SAT_EchoSAT_SymmetryGRPO_v1_2_WC1_HardNeg_Full/iter=15.pt,glucose,enhanced,False,patched_pretrue_main,event,strong,strong_symmetry,medium,k8,main,tseitin_complete:medium,permutation_variant,True,SAT symmetry harder baseline candidate pool,warmup_rollout_collect_events,True,0.001238,0.004665166023187339,0.001238
tseitin_complete,tseitin_k8_odd_perm1730,tseitin_k8_odd,perm_seed1730,10,event_adapter_final,2,3,3,3,/Users/cchao/EchoSAT/RLAF/runs/GNN_Glucose_3SAT_EchoSAT_SymmetryGRPO_v1_2_WC1_HardNeg_Full/iter=15.pt,glucose,enhanced,False,patched_pretrue_main,event,strong,strong_symmetry,medium,k8,main,tseitin_complete:medium,permutation_variant,True,SAT symmetry harder baseline candidate pool,event_feature_attach,True,0.00011562497820705175,0.00011562497820705175,0.0
tseitin_complete,tseitin_k8_odd_perm1730,tseitin_k8_odd,perm_seed1730,10,event_adapter_final,2,3,3,3,/Users/cchao/EchoSAT/RLAF/runs/GNN_Glucose_3SAT_EchoSAT_SymmetryGRPO_v1_2_WC1_HardNeg_Full/iter=15.pt,glucose,enhanced,False,patched_pretrue_main,event,strong,strong_symmetry,medium,k8,main,tseitin_complete:medium,permutation_variant,True,SAT symmetry harder baseline candidate pool,adapter_inference,True,0.0007231235504150391,0.0007231235504150391,0.0
tseitin_complete,tseitin_k8_odd_perm1730,tseitin_k8_odd,perm_seed1730,10,event_adapter_final,2,3,3,3,/Users/cchao/EchoSAT/RLAF/runs/GNN_Glucose_3SAT_EchoSAT_SymmetryGRPO_v1_2_WC1_HardNeg_Full/iter=15.pt,glucose,enhanced,False,patched_pretrue_main,event,strong,strong_symmetry,medium,k8,main,tseitin_complete:medium,permutation_variant,True,SAT symmetry harder baseline candidate pool,final_solve,True,0.83034,0.8461683749919757,0.83034
tseitin_complete,tseitin_k8_odd_perm1731,tseitin_k8_odd,perm_seed1731,11,plain_unguided_glucose,2,3,3,3,/Users/cchao/EchoSAT/RLAF/runs/GNN_Glucose_3SAT_EchoSAT_SymmetryGRPO_v1_2_WC1_HardNeg_Full/iter=15.pt,glucose,enhanced,False,patched_pretrue_main,event,strong,strong_symmetry,medium,k8,main,tseitin_complete:medium,permutation_variant,True,SAT symmetry harder baseline candidate pool,static_inference,False,0.0,0.0,0.0
tseitin_complete,tseitin_k8_odd_perm1731,tseitin_k8_odd,perm_seed1731,11,plain_unguided_glucose,2,3,3,3,/Users/cchao/EchoSAT/RLAF/runs/GNN_Glucose_3SAT_EchoSAT_SymmetryGRPO_v1_2_WC1_HardNeg_Full/iter=15.pt,glucose,enhanced,False,patched_pretrue_main,event,strong,strong_symmetry,medium,k8,main,tseitin_complete:medium,permutation_variant,True,SAT symmetry harder baseline candidate pool,warmup_rollout_collect_events,False,0.0,0.0,0.0
tseitin_complete,tseitin_k8_odd_perm1731,tseitin_k8_odd,perm_seed1731,11,plain_unguided_glucose,2,3,3,3,/Users/cchao/EchoSAT/RLAF/runs/GNN_Glucose_3SAT_EchoSAT_SymmetryGRPO_v1_2_WC1_HardNeg_Full/iter=15.pt,glucose,enhanced,False,patched_pretrue_main,event,strong,strong_symmetry,medium,k8,main,tseitin_complete:medium,permutation_variant,True,SAT symmetry harder baseline candidate pool,event_feature_attach,False,0.0,0.0,0.0
tseitin_complete,tseitin_k8_odd_perm1731,tseitin_k8_odd,perm_seed1731,11,plain_unguided_glucose,2,3,3,3,/Users/cchao/EchoSAT/RLAF/runs/GNN_Glucose_3SAT_EchoSAT_SymmetryGRPO_v1_2_WC1_HardNeg_Full/iter=15.pt,glucose,enhanced,False,patched_pretrue_main,event,strong,strong_symmetry,medium,k8,main,tseitin_complete:medium,permutation_variant,True,SAT symmetry harder baseline candidate pool,adapter_inference,False,0.0,0.0,0.0
tseitin_complete,tseitin_k8_odd_perm1731,tseitin_k8_odd,perm_seed1731,11,plain_unguided_glucose,2,3,3,3,/Users/cchao/EchoSAT/RLAF/runs/GNN_Glucose_3SAT_EchoSAT_SymmetryGRPO_v1_2_WC1_HardNeg_Full/iter=15.pt,glucose,enhanced,False,patched_pretrue_main,event,strong,strong_symmetry,medium,k8,main,tseitin_complete:medium,permutation_variant,True,SAT symmetry harder baseline candidate pool,final_solve,True,2.88004,2.953973124967888,2.88004
tseitin_complete,tseitin_k8_odd_perm1731,tseitin_k8_odd,perm_seed1731,11,neutral_weighted_glucose,2,3,3,3,/Users/cchao/EchoSAT/RLAF/runs/GNN_Glucose_3SAT_EchoSAT_SymmetryGRPO_v1_2_WC1_HardNeg_Full/iter=15.pt,glucose,enhanced,False,patched_pretrue_main,event,strong,strong_symmetry,medium,k8,main,tseitin_complete:medium,permutation_variant,True,SAT symmetry harder baseline candidate pool,static_inference,False,0.0,0.0,0.0
tseitin_complete,tseitin_k8_odd_perm1731,tseitin_k8_odd,perm_seed1731,11,neutral_weighted_glucose,2,3,3,3,/Users/cchao/EchoSAT/RLAF/runs/GNN_Glucose_3SAT_EchoSAT_SymmetryGRPO_v1_2_WC1_HardNeg_Full/iter=15.pt,glucose,enhanced,False,patched_pretrue_main,event,strong,strong_symmetry,medium,k8,main,tseitin_complete:medium,permutation_variant,True,SAT symmetry harder baseline candidate pool,warmup_rollout_collect_events,False,0.0,0.0,0.0
tseitin_complete,tseitin_k8_odd_perm1731,tseitin_k8_odd,perm_seed1731,11,neutral_weighted_glucose,2,3,3,3,/Users/cchao/EchoSAT/RLAF/runs/GNN_Glucose_3SAT_EchoSAT_SymmetryGRPO_v1_2_WC1_HardNeg_Full/iter=15.pt,glucose,enhanced,False,patched_pretrue_main,event,strong,strong_symmetry,medium,k8,main,tseitin_complete:medium,permutation_variant,True,SAT symmetry harder baseline candidate pool,event_feature_attach,False,0.0,0.0,0.0
tseitin_complete,tseitin_k8_odd_perm1731,tseitin_k8_odd,perm_seed1731,11,neutral_weighted_glucose,2,3,3,3,/Users/cchao/EchoSAT/RLAF/runs/GNN_Glucose_3SAT_EchoSAT_SymmetryGRPO_v1_2_WC1_HardNeg_Full/iter=15.pt,glucose,enhanced,False,patched_pretrue_main,event,strong,strong_symmetry,medium,k8,main,tseitin_complete:medium,permutation_variant,True,SAT symmetry harder baseline candidate pool,adapter_inference,False,0.0,0.0,0.0
tseitin_complete,tseitin_k8_odd_perm1731,tseitin_k8_odd,perm_seed1731,11,neutral_weighted_glucose,2,3,3,3,/Users/cchao/EchoSAT/RLAF/runs/GNN_Glucose_3SAT_EchoSAT_SymmetryGRPO_v1_2_WC1_HardNeg_Full/iter=15.pt,glucose,enhanced,False,patched_pretrue_main,event,strong,strong_symmetry,medium,k8,main,tseitin_complete:medium,permutation_variant,True,SAT symmetry harder baseline candidate pool,final_solve,True,3.25787,3.516679499996826,3.25787
tseitin_complete,tseitin_k8_odd_perm1731,tseitin_k8_odd,perm_seed1731,11,static_weighted_glucose,2,3,3,3,/Users/cchao/EchoSAT/RLAF/runs/GNN_Glucose_3SAT_EchoSAT_SymmetryGRPO_v1_2_WC1_HardNeg_Full/iter=15.pt,glucose,enhanced,False,patched_pretrue_main,event,strong,strong_symmetry,medium,k8,main,tseitin_complete:medium,permutation_variant,True,SAT symmetry harder baseline candidate pool,static_inference,True,7.824711799621582,7.824711799621582,0.0
tseitin_complete,tseitin_k8_odd_perm1731,tseitin_k8_odd,perm_seed1731,11,static_weighted_glucose,2,3,3,3,/Users/cchao/EchoSAT/RLAF/runs/GNN_Glucose_3SAT_EchoSAT_SymmetryGRPO_v1_2_WC1_HardNeg_Full/iter=15.pt,glucose,enhanced,False,patched_pretrue_main,event,strong,strong_symmetry,medium,k8,main,tseitin_complete:medium,permutation_variant,True,SAT symmetry harder baseline candidate pool,warmup_rollout_collect_events,False,0.0,0.0,0.0
tseitin_complete,tseitin_k8_odd_perm1731,tseitin_k8_odd,perm_seed1731,11,static_weighted_glucose,2,3,3,3,/Users/cchao/EchoSAT/RLAF/runs/GNN_Glucose_3SAT_EchoSAT_SymmetryGRPO_v1_2_WC1_HardNeg_Full/iter=15.pt,glucose,enhanced,False,patched_pretrue_main,event,strong,strong_symmetry,medium,k8,main,tseitin_complete:medium,permutation_variant,True,SAT symmetry harder baseline candidate pool,event_feature_attach,False,0.0,0.0,0.0
tseitin_complete,tseitin_k8_odd_perm1731,tseitin_k8_odd,perm_seed1731,11,static_weighted_glucose,2,3,3,3,/Users/cchao/EchoSAT/RLAF/runs/GNN_Glucose_3SAT_EchoSAT_SymmetryGRPO_v1_2_WC1_HardNeg_Full/iter=15.pt,glucose,enhanced,False,patched_pretrue_main,event,strong,strong_symmetry,medium,k8,main,tseitin_complete:medium,permutation_variant,True,SAT symmetry harder baseline candidate pool,adapter_inference,False,0.0,0.0,0.0
tseitin_complete,tseitin_k8_odd_perm1731,tseitin_k8_odd,perm_seed1731,11,static_weighted_glucose,2,3,3,3,/Users/cchao/EchoSAT/RLAF/runs/GNN_Glucose_3SAT_EchoSAT_SymmetryGRPO_v1_2_WC1_HardNeg_Full/iter=15.pt,glucose,enhanced,False,patched_pretrue_main,event,strong,strong_symmetry,medium,k8,main,tseitin_complete:medium,permutation_variant,True,SAT symmetry harder baseline candidate pool,final_solve,True,2.82127,2.869563291897066,2.82127
tseitin_complete,tseitin_k8_odd_perm1731,tseitin_k8_odd,perm_seed1731,11,cached_trace_no_adapter_final,2,3,3,3,/Users/cchao/EchoSAT/RLAF/runs/GNN_Glucose_3SAT_EchoSAT_SymmetryGRPO_v1_2_WC1_HardNeg_Full/iter=15.pt,glucose,enhanced,False,patched_pretrue_main,event,strong,strong_symmetry,medium,k8,main,tseitin_complete:medium,permutation_variant,True,SAT symmetry harder baseline candidate pool,static_inference,True,7.824711799621582,7.824711799621582,0.0
tseitin_complete,tseitin_k8_odd_perm1731,tseitin_k8_odd,perm_seed1731,11,cached_trace_no_adapter_final,2,3,3,3,/Users/cchao/EchoSAT/RLAF/runs/GNN_Glucose_3SAT_EchoSAT_SymmetryGRPO_v1_2_WC1_HardNeg_Full/iter=15.pt,glucose,enhanced,False,patched_pretrue_main,event,strong,strong_symmetry,medium,k8,main,tseitin_complete:medium,permutation_variant,True,SAT symmetry harder baseline candidate pool,warmup_rollout_collect_events,True,0.001333,0.004911166965030134,0.001333
tseitin_complete,tseitin_k8_odd_perm1731,tseitin_k8_odd,perm_seed1731,11,cached_trace_no_adapter_final,2,3,3,3,/Users/cchao/EchoSAT/RLAF/runs/GNN_Glucose_3SAT_EchoSAT_SymmetryGRPO_v1_2_WC1_HardNeg_Full/iter=15.pt,glucose,enhanced,False,patched_pretrue_main,event,strong,strong_symmetry,medium,k8,main,tseitin_complete:medium,permutation_variant,True,SAT symmetry harder baseline candidate pool,event_feature_attach,True,0.0001027500256896019,0.0001027500256896019,0.0
tseitin_complete,tseitin_k8_odd_perm1731,tseitin_k8_odd,perm_seed1731,11,cached_trace_no_adapter_final,2,3,3,3,/Users/cchao/EchoSAT/RLAF/runs/GNN_Glucose_3SAT_EchoSAT_SymmetryGRPO_v1_2_WC1_HardNeg_Full/iter=15.pt,glucose,enhanced,False,patched_pretrue_main,event,strong,strong_symmetry,medium,k8,main,tseitin_complete:medium,permutation_variant,True,SAT symmetry harder baseline candidate pool,adapter_inference,False,0.0,0.0,0.0
tseitin_complete,tseitin_k8_odd_perm1731,tseitin_k8_odd,perm_seed1731,11,cached_trace_no_adapter_final,2,3,3,3,/Users/cchao/EchoSAT/RLAF/runs/GNN_Glucose_3SAT_EchoSAT_SymmetryGRPO_v1_2_WC1_HardNeg_Full/iter=15.pt,glucose,enhanced,False,patched_pretrue_main,event,strong,strong_symmetry,medium,k8,main,tseitin_complete:medium,permutation_variant,True,SAT symmetry harder baseline candidate pool,final_solve,True,2.82127,2.869563291897066,2.82127
tseitin_complete,tseitin_k8_odd_perm1731,tseitin_k8_odd,perm_seed1731,11,event_adapter_final,2,3,3,3,/Users/cchao/EchoSAT/RLAF/runs/GNN_Glucose_3SAT_EchoSAT_SymmetryGRPO_v1_2_WC1_HardNeg_Full/iter=15.pt,glucose,enhanced,False,patched_pretrue_main,event,strong,strong_symmetry,medium,k8,main,tseitin_complete:medium,permutation_variant,True,SAT symmetry harder baseline candidate pool,static_inference,True,7.824711799621582,7.824711799621582,0.0
tseitin_complete,tseitin_k8_odd_perm1731,tseitin_k8_odd,perm_seed1731,11,event_adapter_final,2,3,3,3,/Users/cchao/EchoSAT/RLAF/runs/GNN_Glucose_3SAT_EchoSAT_SymmetryGRPO_v1_2_WC1_HardNeg_Full/iter=15.pt,glucose,enhanced,False,patched_pretrue_main,event,strong,strong_symmetry,medium,k8,main,tseitin_complete:medium,permutation_variant,True,SAT symmetry harder baseline candidate pool,warmup_rollout_collect_events,True,0.001333,0.004911166965030134,0.001333
tseitin_complete,tseitin_k8_odd_perm1731,tseitin_k8_odd,perm_seed1731,11,event_adapter_final,2,3,3,3,/Users/cchao/EchoSAT/RLAF/runs/GNN_Glucose_3SAT_EchoSAT_SymmetryGRPO_v1_2_WC1_HardNeg_Full/iter=15.pt,glucose,enhanced,False,patched_pretrue_main,event,strong,strong_symmetry,medium,k8,main,tseitin_complete:medium,permutation_variant,True,SAT symmetry harder baseline candidate pool,event_feature_attach,True,0.0001027500256896019,0.0001027500256896019,0.0
tseitin_complete,tseitin_k8_odd_perm1731,tseitin_k8_odd,perm_seed1731,11,event_adapter_final,2,3,3,3,/Users/cchao/EchoSAT/RLAF/runs/GNN_Glucose_3SAT_EchoSAT_SymmetryGRPO_v1_2_WC1_HardNeg_Full/iter=15.pt,glucose,enhanced,False,patched_pretrue_main,event,strong,strong_symmetry,medium,k8,main,tseitin_complete:medium,permutation_variant,True,SAT symmetry harder baseline candidate pool,adapter_inference,True,0.0007231235504150391,0.0007231235504150391,0.0
tseitin_complete,tseitin_k8_odd_perm1731,tseitin_k8_odd,perm_seed1731,11,event_adapter_final,2,3,3,3,/Users/cchao/EchoSAT/RLAF/runs/GNN_Glucose_3SAT_EchoSAT_SymmetryGRPO_v1_2_WC1_HardNeg_Full/iter=15.pt,glucose,enhanced,False,patched_pretrue_main,event,strong,strong_symmetry,medium,k8,main,tseitin_complete:medium,permutation_variant,True,SAT symmetry harder baseline candidate pool,final_solve,True,2.4094,2.4588068750454113,2.4094
vertex_cover_torus,vertex_cover_torus_4x5_k8_event,vertex_cover_torus_4x5_k8_event,base,12,plain_unguided_glucose,2,3,3,3,/Users/cchao/EchoSAT/RLAF/runs/GNN_Glucose_3SAT_EchoSAT_SymmetryGRPO_v1_2_WC1_HardNeg_Full/iter=15.pt,glucose,enhanced,False,patched_pretrue_main,event,strong,strong_symmetry,stress,4x5,main,vertex_cover_torus:stress,base,False,SAT symmetry harder baseline candidate pool,static_inference,False,0.0,0.0,0.0
vertex_cover_torus,vertex_cover_torus_4x5_k8_event,vertex_cover_torus_4x5_k8_event,base,12,plain_unguided_glucose,2,3,3,3,/Users/cchao/EchoSAT/RLAF/runs/GNN_Glucose_3SAT_EchoSAT_SymmetryGRPO_v1_2_WC1_HardNeg_Full/iter=15.pt,glucose,enhanced,False,patched_pretrue_main,event,strong,strong_symmetry,stress,4x5,main,vertex_cover_torus:stress,base,False,SAT symmetry harder baseline candidate pool,warmup_rollout_collect_events,False,0.0,0.0,0.0
vertex_cover_torus,vertex_cover_torus_4x5_k8_event,vertex_cover_torus_4x5_k8_event,base,12,plain_unguided_glucose,2,3,3,3,/Users/cchao/EchoSAT/RLAF/runs/GNN_Glucose_3SAT_EchoSAT_SymmetryGRPO_v1_2_WC1_HardNeg_Full/iter=15.pt,glucose,enhanced,False,patched_pretrue_main,event,strong,strong_symmetry,stress,4x5,main,vertex_cover_torus:stress,base,False,SAT symmetry harder baseline candidate pool,event_feature_attach,False,0.0,0.0,0.0
vertex_cover_torus,vertex_cover_torus_4x5_k8_event,vertex_cover_torus_4x5_k8_event,base,12,plain_unguided_glucose,2,3,3,3,/Users/cchao/EchoSAT/RLAF/runs/GNN_Glucose_3SAT_EchoSAT_SymmetryGRPO_v1_2_WC1_HardNeg_Full/iter=15.pt,glucose,enhanced,False,patched_pretrue_main,event,strong,strong_symmetry,stress,4x5,main,vertex_cover_torus:stress,base,False,SAT symmetry harder baseline candidate pool,adapter_inference,False,0.0,0.0,0.0
vertex_cover_torus,vertex_cover_torus_4x5_k8_event,vertex_cover_torus_4x5_k8_event,base,12,plain_unguided_glucose,2,3,3,3,/Users/cchao/EchoSAT/RLAF/runs/GNN_Glucose_3SAT_EchoSAT_SymmetryGRPO_v1_2_WC1_HardNeg_Full/iter=15.pt,glucose,enhanced,False,patched_pretrue_main,event,strong,strong_symmetry,stress,4x5,main,vertex_cover_torus:stress,base,False,SAT symmetry harder baseline candidate pool,final_solve,True,9.90339,10.395389584009536,9.90339
vertex_cover_torus,vertex_cover_torus_4x5_k8_event,vertex_cover_torus_4x5_k8_event,base,12,neutral_weighted_glucose,2,3,3,3,/Users/cchao/EchoSAT/RLAF/runs/GNN_Glucose_3SAT_EchoSAT_SymmetryGRPO_v1_2_WC1_HardNeg_Full/iter=15.pt,glucose,enhanced,False,patched_pretrue_main,event,strong,strong_symmetry,stress,4x5,main,vertex_cover_torus:stress,base,False,SAT symmetry harder baseline candidate pool,static_inference,False,0.0,0.0,0.0
vertex_cover_torus,vertex_cover_torus_4x5_k8_event,vertex_cover_torus_4x5_k8_event,base,12,neutral_weighted_glucose,2,3,3,3,/Users/cchao/EchoSAT/RLAF/runs/GNN_Glucose_3SAT_EchoSAT_SymmetryGRPO_v1_2_WC1_HardNeg_Full/iter=15.pt,glucose,enhanced,False,patched_pretrue_main,event,strong,strong_symmetry,stress,4x5,main,vertex_cover_torus:stress,base,False,SAT symmetry harder baseline candidate pool,warmup_rollout_collect_events,False,0.0,0.0,0.0
vertex_cover_torus,vertex_cover_torus_4x5_k8_event,vertex_cover_torus_4x5_k8_event,base,12,neutral_weighted_glucose,2,3,3,3,/Users/cchao/EchoSAT/RLAF/runs/GNN_Glucose_3SAT_EchoSAT_SymmetryGRPO_v1_2_WC1_HardNeg_Full/iter=15.pt,glucose,enhanced,False,patched_pretrue_main,event,strong,strong_symmetry,stress,4x5,main,vertex_cover_torus:stress,base,False,SAT symmetry harder baseline candidate pool,event_feature_attach,False,0.0,0.0,0.0
vertex_cover_torus,vertex_cover_torus_4x5_k8_event,vertex_cover_torus_4x5_k8_event,base,12,neutral_weighted_glucose,2,3,3,3,/Users/cchao/EchoSAT/RLAF/runs/GNN_Glucose_3SAT_EchoSAT_SymmetryGRPO_v1_2_WC1_HardNeg_Full/iter=15.pt,glucose,enhanced,False,patched_pretrue_main,event,strong,strong_symmetry,stress,4x5,main,vertex_cover_torus:stress,base,False,SAT symmetry harder baseline candidate pool,adapter_inference,False,0.0,0.0,0.0
vertex_cover_torus,vertex_cover_torus_4x5_k8_event,vertex_cover_torus_4x5_k8_event,base,12,neutral_weighted_glucose,2,3,3,3,/Users/cchao/EchoSAT/RLAF/runs/GNN_Glucose_3SAT_EchoSAT_SymmetryGRPO_v1_2_WC1_HardNeg_Full/iter=15.pt,glucose,enhanced,False,patched_pretrue_main,event,strong,strong_symmetry,stress,4x5,main,vertex_cover_torus:stress,base,False,SAT symmetry harder baseline candidate pool,final_solve,True,9.91263,10.416322583914734,9.91263
vertex_cover_torus,vertex_cover_torus_4x5_k8_event,vertex_cover_torus_4x5_k8_event,base,12,static_weighted_glucose,2,3,3,3,/Users/cchao/EchoSAT/RLAF/runs/GNN_Glucose_3SAT_EchoSAT_SymmetryGRPO_v1_2_WC1_HardNeg_Full/iter=15.pt,glucose,enhanced,False,patched_pretrue_main,event,strong,strong_symmetry,stress,4x5,main,vertex_cover_torus:stress,base,False,SAT symmetry harder baseline candidate pool,static_inference,True,7.824711799621582,7.824711799621582,0.0
vertex_cover_torus,vertex_cover_torus_4x5_k8_event,vertex_cover_torus_4x5_k8_event,base,12,static_weighted_glucose,2,3,3,3,/Users/cchao/EchoSAT/RLAF/runs/GNN_Glucose_3SAT_EchoSAT_SymmetryGRPO_v1_2_WC1_HardNeg_Full/iter=15.pt,glucose,enhanced,False,patched_pretrue_main,event,strong,strong_symmetry,stress,4x5,main,vertex_cover_torus:stress,base,False,SAT symmetry harder baseline candidate pool,warmup_rollout_collect_events,False,0.0,0.0,0.0
vertex_cover_torus,vertex_cover_torus_4x5_k8_event,vertex_cover_torus_4x5_k8_event,base,12,static_weighted_glucose,2,3,3,3,/Users/cchao/EchoSAT/RLAF/runs/GNN_Glucose_3SAT_EchoSAT_SymmetryGRPO_v1_2_WC1_HardNeg_Full/iter=15.pt,glucose,enhanced,False,patched_pretrue_main,event,strong,strong_symmetry,stress,4x5,main,vertex_cover_torus:stress,base,False,SAT symmetry harder baseline candidate pool,event_feature_attach,False,0.0,0.0,0.0
vertex_cover_torus,vertex_cover_torus_4x5_k8_event,vertex_cover_torus_4x5_k8_event,base,12,static_weighted_glucose,2,3,3,3,/Users/cchao/EchoSAT/RLAF/runs/GNN_Glucose_3SAT_EchoSAT_SymmetryGRPO_v1_2_WC1_HardNeg_Full/iter=15.pt,glucose,enhanced,False,patched_pretrue_main,event,strong,strong_symmetry,stress,4x5,main,vertex_cover_torus:stress,base,False,SAT symmetry harder baseline candidate pool,adapter_inference,False,0.0,0.0,0.0
vertex_cover_torus,vertex_cover_torus_4x5_k8_event,vertex_cover_torus_4x5_k8_event,base,12,static_weighted_glucose,2,3,3,3,/Users/cchao/EchoSAT/RLAF/runs/GNN_Glucose_3SAT_EchoSAT_SymmetryGRPO_v1_2_WC1_HardNeg_Full/iter=15.pt,glucose,enhanced,False,patched_pretrue_main,event,strong,strong_symmetry,stress,4x5,main,vertex_cover_torus:stress,base,False,SAT symmetry harder baseline candidate pool,final_solve,True,9.95162,10.227834207937121,9.95162
vertex_cover_torus,vertex_cover_torus_4x5_k8_event,vertex_cover_torus_4x5_k8_event,base,12,cached_trace_no_adapter_final,2,3,3,3,/Users/cchao/EchoSAT/RLAF/runs/GNN_Glucose_3SAT_EchoSAT_SymmetryGRPO_v1_2_WC1_HardNeg_Full/iter=15.pt,glucose,enhanced,False,patched_pretrue_main,event,strong,strong_symmetry,stress,4x5,main,vertex_cover_torus:stress,base,False,SAT symmetry harder baseline candidate pool,static_inference,True,7.824711799621582,7.824711799621582,0.0
vertex_cover_torus,vertex_cover_torus_4x5_k8_event,vertex_cover_torus_4x5_k8_event,base,12,cached_trace_no_adapter_final,2,3,3,3,/Users/cchao/EchoSAT/RLAF/runs/GNN_Glucose_3SAT_EchoSAT_SymmetryGRPO_v1_2_WC1_HardNeg_Full/iter=15.pt,glucose,enhanced,False,patched_pretrue_main,event,strong,strong_symmetry,stress,4x5,main,vertex_cover_torus:stress,base,False,SAT symmetry harder baseline candidate pool,warmup_rollout_collect_events,True,4.97803,5.1733980000717565,4.97803
vertex_cover_torus,vertex_cover_torus_4x5_k8_event,vertex_cover_torus_4x5_k8_event,base,12,cached_trace_no_adapter_final,2,3,3,3,/Users/cchao/EchoSAT/RLAF/runs/GNN_Glucose_3SAT_EchoSAT_SymmetryGRPO_v1_2_WC1_HardNeg_Full/iter=15.pt,glucose,enhanced,False,patched_pretrue_main,event,strong,strong_symmetry,stress,4x5,main,vertex_cover_torus:stress,base,False,SAT symmetry harder baseline candidate pool,event_feature_attach,True,0.00010175001807510853,0.00010175001807510853,0.0
vertex_cover_torus,vertex_cover_torus_4x5_k8_event,vertex_cover_torus_4x5_k8_event,base,12,cached_trace_no_adapter_final,2,3,3,3,/Users/cchao/EchoSAT/RLAF/runs/GNN_Glucose_3SAT_EchoSAT_SymmetryGRPO_v1_2_WC1_HardNeg_Full/iter=15.pt,glucose,enhanced,False,patched_pretrue_main,event,strong,strong_symmetry,stress,4x5,main,vertex_cover_torus:stress,base,False,SAT symmetry harder baseline candidate pool,adapter_inference,False,0.0,0.0,0.0
vertex_cover_torus,vertex_cover_torus_4x5_k8_event,vertex_cover_torus_4x5_k8_event,base,12,cached_trace_no_adapter_final,2,3,3,3,/Users/cchao/EchoSAT/RLAF/runs/GNN_Glucose_3SAT_EchoSAT_SymmetryGRPO_v1_2_WC1_HardNeg_Full/iter=15.pt,glucose,enhanced,False,patched_pretrue_main,event,strong,strong_symmetry,stress,4x5,main,vertex_cover_torus:stress,base,False,SAT symmetry harder baseline candidate pool,final_solve,True,9.95162,10.227834207937121,9.95162
vertex_cover_torus,vertex_cover_torus_4x5_k8_event,vertex_cover_torus_4x5_k8_event,base,12,event_adapter_final,2,3,3,3,/Users/cchao/EchoSAT/RLAF/runs/GNN_Glucose_3SAT_EchoSAT_SymmetryGRPO_v1_2_WC1_HardNeg_Full/iter=15.pt,glucose,enhanced,False,patched_pretrue_main,event,strong,strong_symmetry,stress,4x5,main,vertex_cover_torus:stress,base,False,SAT symmetry harder baseline candidate pool,static_inference,True,7.824711799621582,7.824711799621582,0.0
vertex_cover_torus,vertex_cover_torus_4x5_k8_event,vertex_cover_torus_4x5_k8_event,base,12,event_adapter_final,2,3,3,3,/Users/cchao/EchoSAT/RLAF/runs/GNN_Glucose_3SAT_EchoSAT_SymmetryGRPO_v1_2_WC1_HardNeg_Full/iter=15.pt,glucose,enhanced,False,patched_pretrue_main,event,strong,strong_symmetry,stress,4x5,main,vertex_cover_torus:stress,base,False,SAT symmetry harder baseline candidate pool,warmup_rollout_collect_events,True,4.97803,5.1733980000717565,4.97803
vertex_cover_torus,vertex_cover_torus_4x5_k8_event,vertex_cover_torus_4x5_k8_event,base,12,event_adapter_final,2,3,3,3,/Users/cchao/EchoSAT/RLAF/runs/GNN_Glucose_3SAT_EchoSAT_SymmetryGRPO_v1_2_WC1_HardNeg_Full/iter=15.pt,glucose,enhanced,False,patched_pretrue_main,event,strong,strong_symmetry,stress,4x5,main,vertex_cover_torus:stress,base,False,SAT symmetry harder baseline candidate pool,event_feature_attach,True,0.00010175001807510853,0.00010175001807510853,0.0
vertex_cover_torus,vertex_cover_torus_4x5_k8_event,vertex_cover_torus_4x5_k8_event,base,12,event_adapter_final,2,3,3,3,/Users/cchao/EchoSAT/RLAF/runs/GNN_Glucose_3SAT_EchoSAT_SymmetryGRPO_v1_2_WC1_HardNeg_Full/iter=15.pt,glucose,enhanced,False,patched_pretrue_main,event,strong,strong_symmetry,stress,4x5,main,vertex_cover_torus:stress,base,False,SAT symmetry harder baseline candidate pool,adapter_inference,True,0.0007231235504150391,0.0007231235504150391,0.0
vertex_cover_torus,vertex_cover_torus_4x5_k8_event,vertex_cover_torus_4x5_k8_event,base,12,event_adapter_final,2,3,3,3,/Users/cchao/EchoSAT/RLAF/runs/GNN_Glucose_3SAT_EchoSAT_SymmetryGRPO_v1_2_WC1_HardNeg_Full/iter=15.pt,glucose,enhanced,False,patched_pretrue_main,event,strong,strong_symmetry,stress,4x5,main,vertex_cover_torus:stress,base,False,SAT symmetry harder baseline candidate pool,final_solve,True,9.94279,10.245936417020857,9.94279
vertex_cover_torus,vertex_cover_torus_4x5_k8_event_perm1730,vertex_cover_torus_4x5_k8_event,perm_seed1730,13,plain_unguided_glucose,2,3,3,3,/Users/cchao/EchoSAT/RLAF/runs/GNN_Glucose_3SAT_EchoSAT_SymmetryGRPO_v1_2_WC1_HardNeg_Full/iter=15.pt,glucose,enhanced,False,patched_pretrue_main,event,strong,strong_symmetry,stress,4x5,main,vertex_cover_torus:stress,permutation_variant,True,SAT symmetry harder baseline candidate pool,static_inference,False,0.0,0.0,0.0
vertex_cover_torus,vertex_cover_torus_4x5_k8_event_perm1730,vertex_cover_torus_4x5_k8_event,perm_seed1730,13,plain_unguided_glucose,2,3,3,3,/Users/cchao/EchoSAT/RLAF/runs/GNN_Glucose_3SAT_EchoSAT_SymmetryGRPO_v1_2_WC1_HardNeg_Full/iter=15.pt,glucose,enhanced,False,patched_pretrue_main,event,strong,strong_symmetry,stress,4x5,main,vertex_cover_torus:stress,permutation_variant,True,SAT symmetry harder baseline candidate pool,warmup_rollout_collect_events,False,0.0,0.0,0.0
vertex_cover_torus,vertex_cover_torus_4x5_k8_event_perm1730,vertex_cover_torus_4x5_k8_event,perm_seed1730,13,plain_unguided_glucose,2,3,3,3,/Users/cchao/EchoSAT/RLAF/runs/GNN_Glucose_3SAT_EchoSAT_SymmetryGRPO_v1_2_WC1_HardNeg_Full/iter=15.pt,glucose,enhanced,False,patched_pretrue_main,event,strong,strong_symmetry,stress,4x5,main,vertex_cover_torus:stress,permutation_variant,True,SAT symmetry harder baseline candidate pool,event_feature_attach,False,0.0,0.0,0.0
vertex_cover_torus,vertex_cover_torus_4x5_k8_event_perm1730,vertex_cover_torus_4x5_k8_event,perm_seed1730,13,plain_unguided_glucose,2,3,3,3,/Users/cchao/EchoSAT/RLAF/runs/GNN_Glucose_3SAT_EchoSAT_SymmetryGRPO_v1_2_WC1_HardNeg_Full/iter=15.pt,glucose,enhanced,False,patched_pretrue_main,event,strong,strong_symmetry,stress,4x5,main,vertex_cover_torus:stress,permutation_variant,True,SAT symmetry harder baseline candidate pool,adapter_inference,False,0.0,0.0,0.0
vertex_cover_torus,vertex_cover_torus_4x5_k8_event_perm1730,vertex_cover_torus_4x5_k8_event,perm_seed1730,13,plain_unguided_glucose,2,3,3,3,/Users/cchao/EchoSAT/RLAF/runs/GNN_Glucose_3SAT_EchoSAT_SymmetryGRPO_v1_2_WC1_HardNeg_Full/iter=15.pt,glucose,enhanced,False,patched_pretrue_main,event,strong,strong_symmetry,stress,4x5,main,vertex_cover_torus:stress,permutation_variant,True,SAT symmetry harder baseline candidate pool,final_solve,True,9.90307,10.374469249974936,9.90307
vertex_cover_torus,vertex_cover_torus_4x5_k8_event_perm1730,vertex_cover_torus_4x5_k8_event,perm_seed1730,13,neutral_weighted_glucose,2,3,3,3,/Users/cchao/EchoSAT/RLAF/runs/GNN_Glucose_3SAT_EchoSAT_SymmetryGRPO_v1_2_WC1_HardNeg_Full/iter=15.pt,glucose,enhanced,False,patched_pretrue_main,event,strong,strong_symmetry,stress,4x5,main,vertex_cover_torus:stress,permutation_variant,True,SAT symmetry harder baseline candidate pool,static_inference,False,0.0,0.0,0.0
vertex_cover_torus,vertex_cover_torus_4x5_k8_event_perm1730,vertex_cover_torus_4x5_k8_event,perm_seed1730,13,neutral_weighted_glucose,2,3,3,3,/Users/cchao/EchoSAT/RLAF/runs/GNN_Glucose_3SAT_EchoSAT_SymmetryGRPO_v1_2_WC1_HardNeg_Full/iter=15.pt,glucose,enhanced,False,patched_pretrue_main,event,strong,strong_symmetry,stress,4x5,main,vertex_cover_torus:stress,permutation_variant,True,SAT symmetry harder baseline candidate pool,warmup_rollout_collect_events,False,0.0,0.0,0.0
vertex_cover_torus,vertex_cover_torus_4x5_k8_event_perm1730,vertex_cover_torus_4x5_k8_event,perm_seed1730,13,neutral_weighted_glucose,2,3,3,3,/Users/cchao/EchoSAT/RLAF/runs/GNN_Glucose_3SAT_EchoSAT_SymmetryGRPO_v1_2_WC1_HardNeg_Full/iter=15.pt,glucose,enhanced,False,patched_pretrue_main,event,strong,strong_symmetry,stress,4x5,main,vertex_cover_torus:stress,permutation_variant,True,SAT symmetry harder baseline candidate pool,event_feature_attach,False,0.0,0.0,0.0
vertex_cover_torus,vertex_cover_torus_4x5_k8_event_perm1730,vertex_cover_torus_4x5_k8_event,perm_seed1730,13,neutral_weighted_glucose,2,3,3,3,/Users/cchao/EchoSAT/RLAF/runs/GNN_Glucose_3SAT_EchoSAT_SymmetryGRPO_v1_2_WC1_HardNeg_Full/iter=15.pt,glucose,enhanced,False,patched_pretrue_main,event,strong,strong_symmetry,stress,4x5,main,vertex_cover_torus:stress,permutation_variant,True,SAT symmetry harder baseline candidate pool,adapter_inference,False,0.0,0.0,0.0
vertex_cover_torus,vertex_cover_torus_4x5_k8_event_perm1730,vertex_cover_torus_4x5_k8_event,perm_seed1730,13,neutral_weighted_glucose,2,3,3,3,/Users/cchao/EchoSAT/RLAF/runs/GNN_Glucose_3SAT_EchoSAT_SymmetryGRPO_v1_2_WC1_HardNeg_Full/iter=15.pt,glucose,enhanced,False,patched_pretrue_main,event,strong,strong_symmetry,stress,4x5,main,vertex_cover_torus:stress,permutation_variant,True,SAT symmetry harder baseline candidate pool,final_solve,True,9.93214,10.366949999937788,9.93214
vertex_cover_torus,vertex_cover_torus_4x5_k8_event_perm1730,vertex_cover_torus_4x5_k8_event,perm_seed1730,13,static_weighted_glucose,2,3,3,3,/Users/cchao/EchoSAT/RLAF/runs/GNN_Glucose_3SAT_EchoSAT_SymmetryGRPO_v1_2_WC1_HardNeg_Full/iter=15.pt,glucose,enhanced,False,patched_pretrue_main,event,strong,strong_symmetry,stress,4x5,main,vertex_cover_torus:stress,permutation_variant,True,SAT symmetry harder baseline candidate pool,static_inference,True,7.824711799621582,7.824711799621582,0.0
vertex_cover_torus,vertex_cover_torus_4x5_k8_event_perm1730,vertex_cover_torus_4x5_k8_event,perm_seed1730,13,static_weighted_glucose,2,3,3,3,/Users/cchao/EchoSAT/RLAF/runs/GNN_Glucose_3SAT_EchoSAT_SymmetryGRPO_v1_2_WC1_HardNeg_Full/iter=15.pt,glucose,enhanced,False,patched_pretrue_main,event,strong,strong_symmetry,stress,4x5,main,vertex_cover_torus:stress,permutation_variant,True,SAT symmetry harder baseline candidate pool,warmup_rollout_collect_events,False,0.0,0.0,0.0
vertex_cover_torus,vertex_cover_torus_4x5_k8_event_perm1730,vertex_cover_torus_4x5_k8_event,perm_seed1730,13,static_weighted_glucose,2,3,3,3,/Users/cchao/EchoSAT/RLAF/runs/GNN_Glucose_3SAT_EchoSAT_SymmetryGRPO_v1_2_WC1_HardNeg_Full/iter=15.pt,glucose,enhanced,False,patched_pretrue_main,event,strong,strong_symmetry,stress,4x5,main,vertex_cover_torus:stress,permutation_variant,True,SAT symmetry harder baseline candidate pool,event_feature_attach,False,0.0,0.0,0.0
vertex_cover_torus,vertex_cover_torus_4x5_k8_event_perm1730,vertex_cover_torus_4x5_k8_event,perm_seed1730,13,static_weighted_glucose,2,3,3,3,/Users/cchao/EchoSAT/RLAF/runs/GNN_Glucose_3SAT_EchoSAT_SymmetryGRPO_v1_2_WC1_HardNeg_Full/iter=15.pt,glucose,enhanced,False,patched_pretrue_main,event,strong,strong_symmetry,stress,4x5,main,vertex_cover_torus:stress,permutation_variant,True,SAT symmetry harder baseline candidate pool,adapter_inference,False,0.0,0.0,0.0
vertex_cover_torus,vertex_cover_torus_4x5_k8_event_perm1730,vertex_cover_torus_4x5_k8_event,perm_seed1730,13,static_weighted_glucose,2,3,3,3,/Users/cchao/EchoSAT/RLAF/runs/GNN_Glucose_3SAT_EchoSAT_SymmetryGRPO_v1_2_WC1_HardNeg_Full/iter=15.pt,glucose,enhanced,False,patched_pretrue_main,event,strong,strong_symmetry,stress,4x5,main,vertex_cover_torus:stress,permutation_variant,True,SAT symmetry harder baseline candidate pool,final_solve,True,9.94972,10.223335124901496,9.94972
vertex_cover_torus,vertex_cover_torus_4x5_k8_event_perm1730,vertex_cover_torus_4x5_k8_event,perm_seed1730,13,cached_trace_no_adapter_final,2,3,3,3,/Users/cchao/EchoSAT/RLAF/runs/GNN_Glucose_3SAT_EchoSAT_SymmetryGRPO_v1_2_WC1_HardNeg_Full/iter=15.pt,glucose,enhanced,False,patched_pretrue_main,event,strong,strong_symmetry,stress,4x5,main,vertex_cover_torus:stress,permutation_variant,True,SAT symmetry harder baseline candidate pool,static_inference,True,7.824711799621582,7.824711799621582,0.0
vertex_cover_torus,vertex_cover_torus_4x5_k8_event_perm1730,vertex_cover_torus_4x5_k8_event,perm_seed1730,13,cached_trace_no_adapter_final,2,3,3,3,/Users/cchao/EchoSAT/RLAF/runs/GNN_Glucose_3SAT_EchoSAT_SymmetryGRPO_v1_2_WC1_HardNeg_Full/iter=15.pt,glucose,enhanced,False,patched_pretrue_main,event,strong,strong_symmetry,stress,4x5,main,vertex_cover_torus:stress,permutation_variant,True,SAT symmetry harder baseline candidate pool,warmup_rollout_collect_events,True,4.97989,5.178236542036757,4.97989
vertex_cover_torus,vertex_cover_torus_4x5_k8_event_perm1730,vertex_cover_torus_4x5_k8_event,perm_seed1730,13,cached_trace_no_adapter_final,2,3,3,3,/Users/cchao/EchoSAT/RLAF/runs/GNN_Glucose_3SAT_EchoSAT_SymmetryGRPO_v1_2_WC1_HardNeg_Full/iter=15.pt,glucose,enhanced,False,patched_pretrue_main,event,strong,strong_symmetry,stress,4x5,main,vertex_cover_torus:stress,permutation_variant,True,SAT symmetry harder baseline candidate pool,event_feature_attach,True,9.666697587817907e-05,9.666697587817907e-05,0.0
vertex_cover_torus,vertex_cover_torus_4x5_k8_event_perm1730,vertex_cover_torus_4x5_k8_event,perm_seed1730,13,cached_trace_no_adapter_final,2,3,3,3,/Users/cchao/EchoSAT/RLAF/runs/GNN_Glucose_3SAT_EchoSAT_SymmetryGRPO_v1_2_WC1_HardNeg_Full/iter=15.pt,glucose,enhanced,False,patched_pretrue_main,event,strong,strong_symmetry,stress,4x5,main,vertex_cover_torus:stress,permutation_variant,True,SAT symmetry harder baseline candidate pool,adapter_inference,False,0.0,0.0,0.0
vertex_cover_torus,vertex_cover_torus_4x5_k8_event_perm1730,vertex_cover_torus_4x5_k8_event,perm_seed1730,13,cached_trace_no_adapter_final,2,3,3,3,/Users/cchao/EchoSAT/RLAF/runs/GNN_Glucose_3SAT_EchoSAT_SymmetryGRPO_v1_2_WC1_HardNeg_Full/iter=15.pt,glucose,enhanced,False,patched_pretrue_main,event,strong,strong_symmetry,stress,4x5,main,vertex_cover_torus:stress,permutation_variant,True,SAT symmetry harder baseline candidate pool,final_solve,True,9.94972,10.223335124901496,9.94972
vertex_cover_torus,vertex_cover_torus_4x5_k8_event_perm1730,vertex_cover_torus_4x5_k8_event,perm_seed1730,13,event_adapter_final,2,3,3,3,/Users/cchao/EchoSAT/RLAF/runs/GNN_Glucose_3SAT_EchoSAT_SymmetryGRPO_v1_2_WC1_HardNeg_Full/iter=15.pt,glucose,enhanced,False,patched_pretrue_main,event,strong,strong_symmetry,stress,4x5,main,vertex_cover_torus:stress,permutation_variant,True,SAT symmetry harder baseline candidate pool,static_inference,True,7.824711799621582,7.824711799621582,0.0
vertex_cover_torus,vertex_cover_torus_4x5_k8_event_perm1730,vertex_cover_torus_4x5_k8_event,perm_seed1730,13,event_adapter_final,2,3,3,3,/Users/cchao/EchoSAT/RLAF/runs/GNN_Glucose_3SAT_EchoSAT_SymmetryGRPO_v1_2_WC1_HardNeg_Full/iter=15.pt,glucose,enhanced,False,patched_pretrue_main,event,strong,strong_symmetry,stress,4x5,main,vertex_cover_torus:stress,permutation_variant,True,SAT symmetry harder baseline candidate pool,warmup_rollout_collect_events,True,4.97989,5.178236542036757,4.97989
vertex_cover_torus,vertex_cover_torus_4x5_k8_event_perm1730,vertex_cover_torus_4x5_k8_event,perm_seed1730,13,event_adapter_final,2,3,3,3,/Users/cchao/EchoSAT/RLAF/runs/GNN_Glucose_3SAT_EchoSAT_SymmetryGRPO_v1_2_WC1_HardNeg_Full/iter=15.pt,glucose,enhanced,False,patched_pretrue_main,event,strong,strong_symmetry,stress,4x5,main,vertex_cover_torus:stress,permutation_variant,True,SAT symmetry harder baseline candidate pool,event_feature_attach,True,9.666697587817907e-05,9.666697587817907e-05,0.0
vertex_cover_torus,vertex_cover_torus_4x5_k8_event_perm1730,vertex_cover_torus_4x5_k8_event,perm_seed1730,13,event_adapter_final,2,3,3,3,/Users/cchao/EchoSAT/RLAF/runs/GNN_Glucose_3SAT_EchoSAT_SymmetryGRPO_v1_2_WC1_HardNeg_Full/iter=15.pt,glucose,enhanced,False,patched_pretrue_main,event,strong,strong_symmetry,stress,4x5,main,vertex_cover_torus:stress,permutation_variant,True,SAT symmetry harder baseline candidate pool,adapter_inference,True,0.0007231235504150391,0.0007231235504150391,0.0
vertex_cover_torus,vertex_cover_torus_4x5_k8_event_perm1730,vertex_cover_torus_4x5_k8_event,perm_seed1730,13,event_adapter_final,2,3,3,3,/Users/cchao/EchoSAT/RLAF/runs/GNN_Glucose_3SAT_EchoSAT_SymmetryGRPO_v1_2_WC1_HardNeg_Full/iter=15.pt,glucose,enhanced,False,patched_pretrue_main,event,strong,strong_symmetry,stress,4x5,main,vertex_cover_torus:stress,permutation_variant,True,SAT symmetry harder baseline candidate pool,final_solve,True,9.95027,10.266560791991651,9.95027
vertex_cover_torus,vertex_cover_torus_4x5_k8_event_perm1731,vertex_cover_torus_4x5_k8_event,perm_seed1731,14,plain_unguided_glucose,2,3,3,3,/Users/cchao/EchoSAT/RLAF/runs/GNN_Glucose_3SAT_EchoSAT_SymmetryGRPO_v1_2_WC1_HardNeg_Full/iter=15.pt,glucose,enhanced,False,patched_pretrue_main,event,strong,strong_symmetry,stress,4x5,main,vertex_cover_torus:stress,permutation_variant,True,SAT symmetry harder baseline candidate pool,static_inference,False,0.0,0.0,0.0
vertex_cover_torus,vertex_cover_torus_4x5_k8_event_perm1731,vertex_cover_torus_4x5_k8_event,perm_seed1731,14,plain_unguided_glucose,2,3,3,3,/Users/cchao/EchoSAT/RLAF/runs/GNN_Glucose_3SAT_EchoSAT_SymmetryGRPO_v1_2_WC1_HardNeg_Full/iter=15.pt,glucose,enhanced,False,patched_pretrue_main,event,strong,strong_symmetry,stress,4x5,main,vertex_cover_torus:stress,permutation_variant,True,SAT symmetry harder baseline candidate pool,warmup_rollout_collect_events,False,0.0,0.0,0.0
vertex_cover_torus,vertex_cover_torus_4x5_k8_event_perm1731,vertex_cover_torus_4x5_k8_event,perm_seed1731,14,plain_unguided_glucose,2,3,3,3,/Users/cchao/EchoSAT/RLAF/runs/GNN_Glucose_3SAT_EchoSAT_SymmetryGRPO_v1_2_WC1_HardNeg_Full/iter=15.pt,glucose,enhanced,False,patched_pretrue_main,event,strong,strong_symmetry,stress,4x5,main,vertex_cover_torus:stress,permutation_variant,True,SAT symmetry harder baseline candidate pool,event_feature_attach,False,0.0,0.0,0.0
vertex_cover_torus,vertex_cover_torus_4x5_k8_event_perm1731,vertex_cover_torus_4x5_k8_event,perm_seed1731,14,plain_unguided_glucose,2,3,3,3,/Users/cchao/EchoSAT/RLAF/runs/GNN_Glucose_3SAT_EchoSAT_SymmetryGRPO_v1_2_WC1_HardNeg_Full/iter=15.pt,glucose,enhanced,False,patched_pretrue_main,event,strong,strong_symmetry,stress,4x5,main,vertex_cover_torus:stress,permutation_variant,True,SAT symmetry harder baseline candidate pool,adapter_inference,False,0.0,0.0,0.0
vertex_cover_torus,vertex_cover_torus_4x5_k8_event_perm1731,vertex_cover_torus_4x5_k8_event,perm_seed1731,14,plain_unguided_glucose,2,3,3,3,/Users/cchao/EchoSAT/RLAF/runs/GNN_Glucose_3SAT_EchoSAT_SymmetryGRPO_v1_2_WC1_HardNeg_Full/iter=15.pt,glucose,enhanced,False,patched_pretrue_main,event,strong,strong_symmetry,stress,4x5,main,vertex_cover_torus:stress,permutation_variant,True,SAT symmetry harder baseline candidate pool,final_solve,True,9.89866,10.39092024997808,9.89866
vertex_cover_torus,vertex_cover_torus_4x5_k8_event_perm1731,vertex_cover_torus_4x5_k8_event,perm_seed1731,14,neutral_weighted_glucose,2,3,3,3,/Users/cchao/EchoSAT/RLAF/runs/GNN_Glucose_3SAT_EchoSAT_SymmetryGRPO_v1_2_WC1_HardNeg_Full/iter=15.pt,glucose,enhanced,False,patched_pretrue_main,event,strong,strong_symmetry,stress,4x5,main,vertex_cover_torus:stress,permutation_variant,True,SAT symmetry harder baseline candidate pool,static_inference,False,0.0,0.0,0.0
vertex_cover_torus,vertex_cover_torus_4x5_k8_event_perm1731,vertex_cover_torus_4x5_k8_event,perm_seed1731,14,neutral_weighted_glucose,2,3,3,3,/Users/cchao/EchoSAT/RLAF/runs/GNN_Glucose_3SAT_EchoSAT_SymmetryGRPO_v1_2_WC1_HardNeg_Full/iter=15.pt,glucose,enhanced,False,patched_pretrue_main,event,strong,strong_symmetry,stress,4x5,main,vertex_cover_torus:stress,permutation_variant,True,SAT symmetry harder baseline candidate pool,warmup_rollout_collect_events,False,0.0,0.0,0.0
vertex_cover_torus,vertex_cover_torus_4x5_k8_event_perm1731,vertex_cover_torus_4x5_k8_event,perm_seed1731,14,neutral_weighted_glucose,2,3,3,3,/Users/cchao/EchoSAT/RLAF/runs/GNN_Glucose_3SAT_EchoSAT_SymmetryGRPO_v1_2_WC1_HardNeg_Full/iter=15.pt,glucose,enhanced,False,patched_pretrue_main,event,strong,strong_symmetry,stress,4x5,main,vertex_cover_torus:stress,permutation_variant,True,SAT symmetry harder baseline candidate pool,event_feature_attach,False,0.0,0.0,0.0
vertex_cover_torus,vertex_cover_torus_4x5_k8_event_perm1731,vertex_cover_torus_4x5_k8_event,perm_seed1731,14,neutral_weighted_glucose,2,3,3,3,/Users/cchao/EchoSAT/RLAF/runs/GNN_Glucose_3SAT_EchoSAT_SymmetryGRPO_v1_2_WC1_HardNeg_Full/iter=15.pt,glucose,enhanced,False,patched_pretrue_main,event,strong,strong_symmetry,stress,4x5,main,vertex_cover_torus:stress,permutation_variant,True,SAT symmetry harder baseline candidate pool,adapter_inference,False,0.0,0.0,0.0
vertex_cover_torus,vertex_cover_torus_4x5_k8_event_perm1731,vertex_cover_torus_4x5_k8_event,perm_seed1731,14,neutral_weighted_glucose,2,3,3,3,/Users/cchao/EchoSAT/RLAF/runs/GNN_Glucose_3SAT_EchoSAT_SymmetryGRPO_v1_2_WC1_HardNeg_Full/iter=15.pt,glucose,enhanced,False,patched_pretrue_main,event,strong,strong_symmetry,stress,4x5,main,vertex_cover_torus:stress,permutation_variant,True,SAT symmetry harder baseline candidate pool,final_solve,True,9.93204,10.353054167004302,9.93204
vertex_cover_torus,vertex_cover_torus_4x5_k8_event_perm1731,vertex_cover_torus_4x5_k8_event,perm_seed1731,14,static_weighted_glucose,2,3,3,3,/Users/cchao/EchoSAT/RLAF/runs/GNN_Glucose_3SAT_EchoSAT_SymmetryGRPO_v1_2_WC1_HardNeg_Full/iter=15.pt,glucose,enhanced,False,patched_pretrue_main,event,strong,strong_symmetry,stress,4x5,main,vertex_cover_torus:stress,permutation_variant,True,SAT symmetry harder baseline candidate pool,static_inference,True,7.824711799621582,7.824711799621582,0.0
vertex_cover_torus,vertex_cover_torus_4x5_k8_event_perm1731,vertex_cover_torus_4x5_k8_event,perm_seed1731,14,static_weighted_glucose,2,3,3,3,/Users/cchao/EchoSAT/RLAF/runs/GNN_Glucose_3SAT_EchoSAT_SymmetryGRPO_v1_2_WC1_HardNeg_Full/iter=15.pt,glucose,enhanced,False,patched_pretrue_main,event,strong,strong_symmetry,stress,4x5,main,vertex_cover_torus:stress,permutation_variant,True,SAT symmetry harder baseline candidate pool,warmup_rollout_collect_events,False,0.0,0.0,0.0
vertex_cover_torus,vertex_cover_torus_4x5_k8_event_perm1731,vertex_cover_torus_4x5_k8_event,perm_seed1731,14,static_weighted_glucose,2,3,3,3,/Users/cchao/EchoSAT/RLAF/runs/GNN_Glucose_3SAT_EchoSAT_SymmetryGRPO_v1_2_WC1_HardNeg_Full/iter=15.pt,glucose,enhanced,False,patched_pretrue_main,event,strong,strong_symmetry,stress,4x5,main,vertex_cover_torus:stress,permutation_variant,True,SAT symmetry harder baseline candidate pool,event_feature_attach,False,0.0,0.0,0.0
vertex_cover_torus,vertex_cover_torus_4x5_k8_event_perm1731,vertex_cover_torus_4x5_k8_event,perm_seed1731,14,static_weighted_glucose,2,3,3,3,/Users/cchao/EchoSAT/RLAF/runs/GNN_Glucose_3SAT_EchoSAT_SymmetryGRPO_v1_2_WC1_HardNeg_Full/iter=15.pt,glucose,enhanced,False,patched_pretrue_main,event,strong,strong_symmetry,stress,4x5,main,vertex_cover_torus:stress,permutation_variant,True,SAT symmetry harder baseline candidate pool,adapter_inference,False,0.0,0.0,0.0
vertex_cover_torus,vertex_cover_torus_4x5_k8_event_perm1731,vertex_cover_torus_4x5_k8_event,perm_seed1731,14,static_weighted_glucose,2,3,3,3,/Users/cchao/EchoSAT/RLAF/runs/GNN_Glucose_3SAT_EchoSAT_SymmetryGRPO_v1_2_WC1_HardNeg_Full/iter=15.pt,glucose,enhanced,False,patched_pretrue_main,event,strong,strong_symmetry,stress,4x5,main,vertex_cover_torus:stress,permutation_variant,True,SAT symmetry harder baseline candidate pool,final_solve,True,9.94971,10.23017700004857,9.94971
vertex_cover_torus,vertex_cover_torus_4x5_k8_event_perm1731,vertex_cover_torus_4x5_k8_event,perm_seed1731,14,cached_trace_no_adapter_final,2,3,3,3,/Users/cchao/EchoSAT/RLAF/runs/GNN_Glucose_3SAT_EchoSAT_SymmetryGRPO_v1_2_WC1_HardNeg_Full/iter=15.pt,glucose,enhanced,False,patched_pretrue_main,event,strong,strong_symmetry,stress,4x5,main,vertex_cover_torus:stress,permutation_variant,True,SAT symmetry harder baseline candidate pool,static_inference,True,7.824711799621582,7.824711799621582,0.0
vertex_cover_torus,vertex_cover_torus_4x5_k8_event_perm1731,vertex_cover_torus_4x5_k8_event,perm_seed1731,14,cached_trace_no_adapter_final,2,3,3,3,/Users/cchao/EchoSAT/RLAF/runs/GNN_Glucose_3SAT_EchoSAT_SymmetryGRPO_v1_2_WC1_HardNeg_Full/iter=15.pt,glucose,enhanced,False,patched_pretrue_main,event,strong,strong_symmetry,stress,4x5,main,vertex_cover_torus:stress,permutation_variant,True,SAT symmetry harder baseline candidate pool,warmup_rollout_collect_events,True,4.97725,5.1803268330404535,4.97725
vertex_cover_torus,vertex_cover_torus_4x5_k8_event_perm1731,vertex_cover_torus_4x5_k8_event,perm_seed1731,14,cached_trace_no_adapter_final,2,3,3,3,/Users/cchao/EchoSAT/RLAF/runs/GNN_Glucose_3SAT_EchoSAT_SymmetryGRPO_v1_2_WC1_HardNeg_Full/iter=15.pt,glucose,enhanced,False,patched_pretrue_main,event,strong,strong_symmetry,stress,4x5,main,vertex_cover_torus:stress,permutation_variant,True,SAT symmetry harder baseline candidate pool,event_feature_attach,True,0.00010195805225521326,0.00010195805225521326,0.0
vertex_cover_torus,vertex_cover_torus_4x5_k8_event_perm1731,vertex_cover_torus_4x5_k8_event,perm_seed1731,14,cached_trace_no_adapter_final,2,3,3,3,/Users/cchao/EchoSAT/RLAF/runs/GNN_Glucose_3SAT_EchoSAT_SymmetryGRPO_v1_2_WC1_HardNeg_Full/iter=15.pt,glucose,enhanced,False,patched_pretrue_main,event,strong,strong_symmetry,stress,4x5,main,vertex_cover_torus:stress,permutation_variant,True,SAT symmetry harder baseline candidate pool,adapter_inference,False,0.0,0.0,0.0
vertex_cover_torus,vertex_cover_torus_4x5_k8_event_perm1731,vertex_cover_torus_4x5_k8_event,perm_seed1731,14,cached_trace_no_adapter_final,2,3,3,3,/Users/cchao/EchoSAT/RLAF/runs/GNN_Glucose_3SAT_EchoSAT_SymmetryGRPO_v1_2_WC1_HardNeg_Full/iter=15.pt,glucose,enhanced,False,patched_pretrue_main,event,strong,strong_symmetry,stress,4x5,main,vertex_cover_torus:stress,permutation_variant,True,SAT symmetry harder baseline candidate pool,final_solve,True,9.94971,10.23017700004857,9.94971
vertex_cover_torus,vertex_cover_torus_4x5_k8_event_perm1731,vertex_cover_torus_4x5_k8_event,perm_seed1731,14,event_adapter_final,2,3,3,3,/Users/cchao/EchoSAT/RLAF/runs/GNN_Glucose_3SAT_EchoSAT_SymmetryGRPO_v1_2_WC1_HardNeg_Full/iter=15.pt,glucose,enhanced,False,patched_pretrue_main,event,strong,strong_symmetry,stress,4x5,main,vertex_cover_torus:stress,permutation_variant,True,SAT symmetry harder baseline candidate pool,static_inference,True,7.824711799621582,7.824711799621582,0.0
vertex_cover_torus,vertex_cover_torus_4x5_k8_event_perm1731,vertex_cover_torus_4x5_k8_event,perm_seed1731,14,event_adapter_final,2,3,3,3,/Users/cchao/EchoSAT/RLAF/runs/GNN_Glucose_3SAT_EchoSAT_SymmetryGRPO_v1_2_WC1_HardNeg_Full/iter=15.pt,glucose,enhanced,False,patched_pretrue_main,event,strong,strong_symmetry,stress,4x5,main,vertex_cover_torus:stress,permutation_variant,True,SAT symmetry harder baseline candidate pool,warmup_rollout_collect_events,True,4.97725,5.1803268330404535,4.97725
vertex_cover_torus,vertex_cover_torus_4x5_k8_event_perm1731,vertex_cover_torus_4x5_k8_event,perm_seed1731,14,event_adapter_final,2,3,3,3,/Users/cchao/EchoSAT/RLAF/runs/GNN_Glucose_3SAT_EchoSAT_SymmetryGRPO_v1_2_WC1_HardNeg_Full/iter=15.pt,glucose,enhanced,False,patched_pretrue_main,event,strong,strong_symmetry,stress,4x5,main,vertex_cover_torus:stress,permutation_variant,True,SAT symmetry harder baseline candidate pool,event_feature_attach,True,0.00010195805225521326,0.00010195805225521326,0.0
vertex_cover_torus,vertex_cover_torus_4x5_k8_event_perm1731,vertex_cover_torus_4x5_k8_event,perm_seed1731,14,event_adapter_final,2,3,3,3,/Users/cchao/EchoSAT/RLAF/runs/GNN_Glucose_3SAT_EchoSAT_SymmetryGRPO_v1_2_WC1_HardNeg_Full/iter=15.pt,glucose,enhanced,False,patched_pretrue_main,event,strong,strong_symmetry,stress,4x5,main,vertex_cover_torus:stress,permutation_variant,True,SAT symmetry harder baseline candidate pool,adapter_inference,True,0.0007231235504150391,0.0007231235504150391,0.0
vertex_cover_torus,vertex_cover_torus_4x5_k8_event_perm1731,vertex_cover_torus_4x5_k8_event,perm_seed1731,14,event_adapter_final,2,3,3,3,/Users/cchao/EchoSAT/RLAF/runs/GNN_Glucose_3SAT_EchoSAT_SymmetryGRPO_v1_2_WC1_HardNeg_Full/iter=15.pt,glucose,enhanced,False,patched_pretrue_main,event,strong,strong_symmetry,stress,4x5,main,vertex_cover_torus:stress,permutation_variant,True,SAT symmetry harder baseline candidate pool,final_solve,True,9.94387,10.25158691604156,9.94387
