pair_id,repeat_id,base_instance_id,variant,plain_method_count,neutral_method_count,plain_final_result,neutral_final_result,plain_final_solved,neutral_final_solved,plain_final_decisions,neutral_final_decisions,plain_final_conflicts,neutral_final_conflicts,plain_final_cpu_time,neutral_final_cpu_time,final_cpu_time_delta,result_match,solved_match,decisions_match,conflicts_match,accepted,rejection_reason
repeat=0|base=dominating_set_hex_3x5_s3|variant=base,0,dominating_set_hex_3x5_s3,base,1,1,SATISFIABLE,SATISFIABLE,True,True,6,6,0,0,0.002235,0.002209,-2.599999999999998e-05,True,True,True,True,True,
repeat=0|base=dominating_set_hex_3x5_s3|variant=perm_seed1730,0,dominating_set_hex_3x5_s3,perm_seed1730,1,1,SATISFIABLE,SATISFIABLE,True,True,1,1,0,0,0.002131,0.002162,3.099999999999978e-05,True,True,True,True,True,
repeat=0|base=dominating_set_hex_3x5_s3|variant=perm_seed1731,0,dominating_set_hex_3x5_s3,perm_seed1731,1,1,SATISFIABLE,SATISFIABLE,True,True,5,5,0,0,0.002313,0.002221,-9.200000000000007e-05,True,True,True,True,True,
repeat=0|base=dominating_set_hex_3x5_s3|variant=perm_seed1732,0,dominating_set_hex_3x5_s3,perm_seed1732,1,1,SATISFIABLE,SATISFIABLE,True,True,1,1,0,0,0.002412,0.002445,3.300000000000004e-05,True,True,True,True,True,
repeat=0|base=dominating_set_hex_3x5_s3|variant=perm_seed1733,0,dominating_set_hex_3x5_s3,perm_seed1733,1,1,SATISFIABLE,SATISFIABLE,True,True,1,1,0,0,0.002384,0.002277,-0.00010699999999999989,True,True,True,True,True,
repeat=0|base=dominating_set_hex_3x5_s3|variant=perm_seed1734,0,dominating_set_hex_3x5_s3,perm_seed1734,1,1,SATISFIABLE,SATISFIABLE,True,True,5,5,1,1,0.002605,0.002298,-0.000307,True,True,True,True,True,
repeat=0|base=dominating_set_hex_3x5_s3|variant=perm_seed1735,0,dominating_set_hex_3x5_s3,perm_seed1735,1,1,SATISFIABLE,SATISFIABLE,True,True,1,1,0,0,0.002295,0.00229,-5.00000000000023e-06,True,True,True,True,True,
repeat=0|base=dominating_set_hex_3x5_s3|variant=perm_seed1736,0,dominating_set_hex_3x5_s3,perm_seed1736,1,1,SATISFIABLE,SATISFIABLE,True,True,1,1,0,0,0.002115,0.002196,8.099999999999991e-05,True,True,True,True,True,
repeat=0|base=dominating_set_hex_3x5_s3|variant=perm_seed1737,0,dominating_set_hex_3x5_s3,perm_seed1737,1,1,SATISFIABLE,SATISFIABLE,True,True,1,1,0,0,0.002188,0.002164,-2.3999999999999716e-05,True,True,True,True,True,
repeat=0|base=dominating_set_hex_3x5_s3|variant=perm_seed1738,0,dominating_set_hex_3x5_s3,perm_seed1738,1,1,SATISFIABLE,SATISFIABLE,True,True,1,1,0,0,0.002107,0.002252,0.00014500000000000016,True,True,True,True,True,
repeat=0|base=dominating_set_hex_3x5_s3|variant=perm_seed1739,0,dominating_set_hex_3x5_s3,perm_seed1739,1,1,SATISFIABLE,SATISFIABLE,True,True,10,10,2,2,0.002253,0.002355,0.0001020000000000001,True,True,True,True,True,
repeat=0|base=dominating_set_hex_3x5_s3|variant=perm_seed1740,0,dominating_set_hex_3x5_s3,perm_seed1740,1,1,SATISFIABLE,SATISFIABLE,True,True,2,2,0,0,0.002421,0.002387,-3.4000000000000176e-05,True,True,True,True,True,
repeat=0|base=dominating_set_hex_3x5_s3|variant=perm_seed1741,0,dominating_set_hex_3x5_s3,perm_seed1741,1,1,SATISFIABLE,SATISFIABLE,True,True,1,1,0,0,0.002289,0.002501,0.00021200000000000038,True,True,True,True,True,
repeat=0|base=dominating_set_hex_3x5_s3|variant=perm_seed1742,0,dominating_set_hex_3x5_s3,perm_seed1742,1,1,SATISFIABLE,SATISFIABLE,True,True,1,1,0,0,0.002555,0.002333,-0.00022199999999999998,True,True,True,True,True,
repeat=0|base=dominating_set_hex_3x5_s3|variant=perm_seed1743,0,dominating_set_hex_3x5_s3,perm_seed1743,1,1,SATISFIABLE,SATISFIABLE,True,True,6,6,0,0,0.002348,0.002274,-7.399999999999985e-05,True,True,True,True,True,
repeat=0|base=dominating_set_hex_3x5_s3|variant=perm_seed1744,0,dominating_set_hex_3x5_s3,perm_seed1744,1,1,SATISFIABLE,SATISFIABLE,True,True,1,1,0,0,0.002336,0.002294,-4.199999999999994e-05,True,True,True,True,True,
repeat=0|base=dominating_set_hex_3x5_s3|variant=perm_seed1745,0,dominating_set_hex_3x5_s3,perm_seed1745,1,1,SATISFIABLE,SATISFIABLE,True,True,5,5,1,1,0.002139,0.002199,6.000000000000016e-05,True,True,True,True,True,
repeat=0|base=dominating_set_hex_3x6_s4|variant=base,0,dominating_set_hex_3x6_s4,base,1,1,SATISFIABLE,SATISFIABLE,True,True,8,8,0,0,0.038419,0.037903,-0.0005160000000000026,True,True,True,True,True,
repeat=0|base=dominating_set_hex_3x6_s4|variant=perm_seed1730,0,dominating_set_hex_3x6_s4,perm_seed1730,1,1,SATISFIABLE,SATISFIABLE,True,True,7,7,0,0,0.040919,0.040919,0.0,True,True,True,True,True,
repeat=0|base=dominating_set_hex_3x6_s4|variant=perm_seed1731,0,dominating_set_hex_3x6_s4,perm_seed1731,1,1,SATISFIABLE,SATISFIABLE,True,True,13,13,2,2,0.038421,0.03846,3.900000000000431e-05,True,True,True,True,True,
repeat=0|base=dominating_set_hex_3x6_s4|variant=perm_seed1732,0,dominating_set_hex_3x6_s4,perm_seed1732,1,1,SATISFIABLE,SATISFIABLE,True,True,11,11,1,1,0.03731,0.036954,-0.00035600000000000215,True,True,True,True,True,
repeat=0|base=dominating_set_hex_3x6_s4|variant=perm_seed1733,0,dominating_set_hex_3x6_s4,perm_seed1733,1,1,SATISFIABLE,SATISFIABLE,True,True,7,7,0,0,0.03834,0.039486,0.0011460000000000012,True,True,True,True,True,
repeat=0|base=dominating_set_hex_3x6_s4|variant=perm_seed1734,0,dominating_set_hex_3x6_s4,perm_seed1734,1,1,SATISFIABLE,SATISFIABLE,True,True,10,10,1,1,0.03847,0.039749,0.0012790000000000024,True,True,True,True,True,
repeat=0|base=dominating_set_hex_3x6_s4|variant=perm_seed1735,0,dominating_set_hex_3x6_s4,perm_seed1735,1,1,SATISFIABLE,SATISFIABLE,True,True,5,5,0,0,0.040502,0.04136,0.0008579999999999977,True,True,True,True,True,
repeat=0|base=dominating_set_hex_3x6_s4|variant=perm_seed1736,0,dominating_set_hex_3x6_s4,perm_seed1736,1,1,SATISFIABLE,SATISFIABLE,True,True,12,12,0,0,0.038704,0.04066,0.0019559999999999994,True,True,True,True,True,
repeat=0|base=dominating_set_hex_3x6_s4|variant=perm_seed1737,0,dominating_set_hex_3x6_s4,perm_seed1737,1,1,SATISFIABLE,SATISFIABLE,True,True,8,8,1,1,0.040647,0.040446,-0.0002009999999999998,True,True,True,True,True,
repeat=0|base=dominating_set_hex_3x6_s4|variant=perm_seed1738,0,dominating_set_hex_3x6_s4,perm_seed1738,1,1,SATISFIABLE,SATISFIABLE,True,True,11,11,1,1,0.03882,0.039192,0.00037199999999999733,True,True,True,True,True,
repeat=0|base=dominating_set_hex_3x6_s4|variant=perm_seed1739,0,dominating_set_hex_3x6_s4,perm_seed1739,1,1,SATISFIABLE,SATISFIABLE,True,True,11,11,2,2,0.038071,0.038513,0.00044199999999999795,True,True,True,True,True,
repeat=0|base=dominating_set_hex_3x6_s4|variant=perm_seed1740,0,dominating_set_hex_3x6_s4,perm_seed1740,1,1,SATISFIABLE,SATISFIABLE,True,True,8,8,0,0,0.038508,0.038719,0.00021100000000000285,True,True,True,True,True,
repeat=0|base=dominating_set_hex_3x6_s4|variant=perm_seed1741,0,dominating_set_hex_3x6_s4,perm_seed1741,1,1,SATISFIABLE,SATISFIABLE,True,True,11,11,2,2,0.037826,0.037871,4.500000000000337e-05,True,True,True,True,True,
repeat=0|base=dominating_set_hex_3x6_s4|variant=perm_seed1742,0,dominating_set_hex_3x6_s4,perm_seed1742,1,1,SATISFIABLE,SATISFIABLE,True,True,9,9,1,1,0.037771,0.037931,0.00016000000000000042,True,True,True,True,True,
repeat=0|base=dominating_set_hex_3x6_s4|variant=perm_seed1743,0,dominating_set_hex_3x6_s4,perm_seed1743,1,1,SATISFIABLE,SATISFIABLE,True,True,11,11,3,3,0.039271,0.03965,0.0003789999999999974,True,True,True,True,True,
repeat=0|base=dominating_set_hex_3x6_s4|variant=perm_seed1744,0,dominating_set_hex_3x6_s4,perm_seed1744,1,1,SATISFIABLE,SATISFIABLE,True,True,11,11,1,1,0.036176,0.037297,0.001120999999999997,True,True,True,True,True,
repeat=0|base=dominating_set_hex_3x6_s4|variant=perm_seed1745,0,dominating_set_hex_3x6_s4,perm_seed1745,1,1,SATISFIABLE,SATISFIABLE,True,True,5,5,0,0,0.036772,0.03628,-0.0004919999999999994,True,True,True,True,True,
repeat=0|base=even_colouring_torus_4x5_split|variant=base,0,even_colouring_torus_4x5_split,base,1,1,SATISFIABLE,SATISFIABLE,True,True,22,22,0,0,0.00063,0.000723,9.299999999999998e-05,True,True,True,True,True,
repeat=0|base=even_colouring_torus_4x5_split|variant=perm_seed1730,0,even_colouring_torus_4x5_split,perm_seed1730,1,1,SATISFIABLE,SATISFIABLE,True,True,22,22,0,0,0.000646,0.000632,-1.4000000000000015e-05,True,True,True,True,True,
repeat=0|base=even_colouring_torus_4x5_split|variant=perm_seed1731,0,even_colouring_torus_4x5_split,perm_seed1731,1,1,SATISFIABLE,SATISFIABLE,True,True,23,23,0,0,0.000661,0.000642,-1.9000000000000028e-05,True,True,True,True,True,
repeat=0|base=even_colouring_torus_4x5_split|variant=perm_seed1732,0,even_colouring_torus_4x5_split,perm_seed1732,1,1,SATISFIABLE,SATISFIABLE,True,True,22,22,0,0,0.000632,0.000655,2.3000000000000017e-05,True,True,True,True,True,
repeat=0|base=even_colouring_torus_4x5_split|variant=perm_seed1733,0,even_colouring_torus_4x5_split,perm_seed1733,1,1,SATISFIABLE,SATISFIABLE,True,True,22,22,0,0,0.000671,0.000702,3.0999999999999995e-05,True,True,True,True,True,
repeat=0|base=even_colouring_torus_4x5_split|variant=perm_seed1734,0,even_colouring_torus_4x5_split,perm_seed1734,1,1,SATISFIABLE,SATISFIABLE,True,True,22,22,0,0,0.000626,0.000878,0.00025199999999999995,True,True,True,True,True,
repeat=0|base=even_colouring_torus_4x5_split|variant=perm_seed1735,0,even_colouring_torus_4x5_split,perm_seed1735,1,1,SATISFIABLE,SATISFIABLE,True,True,22,22,0,0,0.000705,0.000775,6.999999999999997e-05,True,True,True,True,True,
repeat=0|base=even_colouring_torus_4x5_split|variant=perm_seed1736,0,even_colouring_torus_4x5_split,perm_seed1736,1,1,SATISFIABLE,SATISFIABLE,True,True,23,23,0,0,0.000619,0.000659,3.9999999999999996e-05,True,True,True,True,True,
repeat=0|base=even_colouring_torus_4x5_split|variant=perm_seed1737,0,even_colouring_torus_4x5_split,perm_seed1737,1,1,SATISFIABLE,SATISFIABLE,True,True,22,22,0,0,0.000654,0.000682,2.800000000000003e-05,True,True,True,True,True,
repeat=0|base=even_colouring_torus_4x5_split|variant=perm_seed1738,0,even_colouring_torus_4x5_split,perm_seed1738,1,1,SATISFIABLE,SATISFIABLE,True,True,23,23,0,0,0.00068,0.000667,-1.3000000000000099e-05,True,True,True,True,True,
repeat=0|base=even_colouring_torus_4x5_split|variant=perm_seed1739,0,even_colouring_torus_4x5_split,perm_seed1739,1,1,SATISFIABLE,SATISFIABLE,True,True,22,22,0,0,0.000635,0.00067,3.499999999999998e-05,True,True,True,True,True,
repeat=0|base=even_colouring_torus_4x5_split|variant=perm_seed1740,0,even_colouring_torus_4x5_split,perm_seed1740,1,1,SATISFIABLE,SATISFIABLE,True,True,22,22,0,0,0.000676,0.000653,-2.299999999999991e-05,True,True,True,True,True,
repeat=0|base=even_colouring_torus_4x5_split|variant=perm_seed1741,0,even_colouring_torus_4x5_split,perm_seed1741,1,1,SATISFIABLE,SATISFIABLE,True,True,22,22,0,0,0.000643,0.000739,9.599999999999995e-05,True,True,True,True,True,
repeat=0|base=even_colouring_torus_4x5_split|variant=perm_seed1742,0,even_colouring_torus_4x5_split,perm_seed1742,1,1,SATISFIABLE,SATISFIABLE,True,True,22,22,0,0,0.000658,0.000708,5.000000000000002e-05,True,True,True,True,True,
repeat=0|base=even_colouring_torus_4x5_split|variant=perm_seed1743,0,even_colouring_torus_4x5_split,perm_seed1743,1,1,SATISFIABLE,SATISFIABLE,True,True,22,22,0,0,0.000709,0.000812,0.00010300000000000001,True,True,True,True,True,
repeat=0|base=even_colouring_torus_4x5_split|variant=perm_seed1744,0,even_colouring_torus_4x5_split,perm_seed1744,1,1,SATISFIABLE,SATISFIABLE,True,True,22,22,0,0,0.00062,0.000665,4.500000000000001e-05,True,True,True,True,True,
repeat=0|base=even_colouring_torus_4x5_split|variant=perm_seed1745,0,even_colouring_torus_4x5_split,perm_seed1745,1,1,SATISFIABLE,SATISFIABLE,True,True,22,22,0,0,0.000723,0.000822,9.900000000000002e-05,True,True,True,True,True,
repeat=0|base=even_colouring_torus_4x6_split|variant=base,0,even_colouring_torus_4x6_split,base,1,1,SATISFIABLE,SATISFIABLE,True,True,26,26,0,0,0.00069,0.000681,-9.000000000000002e-06,True,True,True,True,True,
repeat=0|base=even_colouring_torus_4x6_split|variant=perm_seed1730,0,even_colouring_torus_4x6_split,perm_seed1730,1,1,SATISFIABLE,SATISFIABLE,True,True,26,26,0,0,0.000829,0.000731,-9.8e-05,True,True,True,True,True,
repeat=0|base=even_colouring_torus_4x6_split|variant=perm_seed1731,0,even_colouring_torus_4x6_split,perm_seed1731,1,1,SATISFIABLE,SATISFIABLE,True,True,26,26,0,0,0.000706,0.000681,-2.5000000000000066e-05,True,True,True,True,True,
repeat=0|base=even_colouring_torus_4x6_split|variant=perm_seed1732,0,even_colouring_torus_4x6_split,perm_seed1732,1,1,SATISFIABLE,SATISFIABLE,True,True,26,26,0,0,0.000688,0.000725,3.6999999999999924e-05,True,True,True,True,True,
repeat=0|base=even_colouring_torus_4x6_split|variant=perm_seed1733,0,even_colouring_torus_4x6_split,perm_seed1733,1,1,SATISFIABLE,SATISFIABLE,True,True,27,27,0,0,0.000804,0.000741,-6.300000000000001e-05,True,True,True,True,True,
repeat=0|base=even_colouring_torus_4x6_split|variant=perm_seed1734,0,even_colouring_torus_4x6_split,perm_seed1734,1,1,SATISFIABLE,SATISFIABLE,True,True,26,26,0,0,0.000659,0.000769,0.00011000000000000007,True,True,True,True,True,
repeat=0|base=even_colouring_torus_4x6_split|variant=perm_seed1735,0,even_colouring_torus_4x6_split,perm_seed1735,1,1,SATISFIABLE,SATISFIABLE,True,True,26,26,0,0,0.000763,0.000801,3.799999999999995e-05,True,True,True,True,True,
repeat=0|base=even_colouring_torus_4x6_split|variant=perm_seed1736,0,even_colouring_torus_4x6_split,perm_seed1736,1,1,SATISFIABLE,SATISFIABLE,True,True,26,26,0,0,0.00072,0.000683,-3.700000000000003e-05,True,True,True,True,True,
repeat=0|base=even_colouring_torus_4x6_split|variant=perm_seed1737,0,even_colouring_torus_4x6_split,perm_seed1737,1,1,SATISFIABLE,SATISFIABLE,True,True,26,26,0,0,0.000702,0.000705,2.9999999999999645e-06,True,True,True,True,True,
repeat=0|base=even_colouring_torus_4x6_split|variant=perm_seed1738,0,even_colouring_torus_4x6_split,perm_seed1738,1,1,SATISFIABLE,SATISFIABLE,True,True,26,26,0,0,0.000669,0.000703,3.399999999999996e-05,True,True,True,True,True,
repeat=0|base=even_colouring_torus_4x6_split|variant=perm_seed1739,0,even_colouring_torus_4x6_split,perm_seed1739,1,1,SATISFIABLE,SATISFIABLE,True,True,26,26,0,0,0.00068,0.000717,3.6999999999999924e-05,True,True,True,True,True,
repeat=0|base=even_colouring_torus_4x6_split|variant=perm_seed1740,0,even_colouring_torus_4x6_split,perm_seed1740,1,1,SATISFIABLE,SATISFIABLE,True,True,26,26,0,0,0.000695,0.000685,-1.0000000000000026e-05,True,True,True,True,True,
repeat=0|base=even_colouring_torus_4x6_split|variant=perm_seed1741,0,even_colouring_torus_4x6_split,perm_seed1741,1,1,SATISFIABLE,SATISFIABLE,True,True,26,26,0,0,0.000657,0.000671,1.4000000000000015e-05,True,True,True,True,True,
repeat=0|base=even_colouring_torus_4x6_split|variant=perm_seed1742,0,even_colouring_torus_4x6_split,perm_seed1742,1,1,SATISFIABLE,SATISFIABLE,True,True,26,26,0,0,0.000642,0.000686,4.3999999999999985e-05,True,True,True,True,True,
repeat=0|base=even_colouring_torus_4x6_split|variant=perm_seed1743,0,even_colouring_torus_4x6_split,perm_seed1743,1,1,SATISFIABLE,SATISFIABLE,True,True,26,26,0,0,0.000676,0.000677,1.0000000000000243e-06,True,True,True,True,True,
repeat=0|base=even_colouring_torus_4x6_split|variant=perm_seed1744,0,even_colouring_torus_4x6_split,perm_seed1744,1,1,SATISFIABLE,SATISFIABLE,True,True,27,27,0,0,0.000652,0.000771,0.00011899999999999997,True,True,True,True,True,
repeat=0|base=even_colouring_torus_4x6_split|variant=perm_seed1745,0,even_colouring_torus_4x6_split,perm_seed1745,1,1,SATISFIABLE,SATISFIABLE,True,True,26,26,0,0,0.000672,0.000679,7.000000000000062e-06,True,True,True,True,True,
repeat=0|base=even_colouring_torus_5x5_split|variant=base,0,even_colouring_torus_5x5_split,base,1,1,SATISFIABLE,SATISFIABLE,True,True,27,27,0,0,0.000674,0.000641,-3.300000000000004e-05,True,True,True,True,True,
repeat=0|base=even_colouring_torus_5x5_split|variant=perm_seed1730,0,even_colouring_torus_5x5_split,perm_seed1730,1,1,SATISFIABLE,SATISFIABLE,True,True,27,27,0,0,0.00066,0.000671,1.100000000000005e-05,True,True,True,True,True,
repeat=0|base=even_colouring_torus_5x5_split|variant=perm_seed1731,0,even_colouring_torus_5x5_split,perm_seed1731,1,1,SATISFIABLE,SATISFIABLE,True,True,27,27,0,0,0.000617,0.000635,1.8000000000000004e-05,True,True,True,True,True,
repeat=0|base=even_colouring_torus_5x5_split|variant=perm_seed1732,0,even_colouring_torus_5x5_split,perm_seed1732,1,1,SATISFIABLE,SATISFIABLE,True,True,27,27,0,0,0.000658,0.000676,1.8000000000000004e-05,True,True,True,True,True,
repeat=0|base=even_colouring_torus_5x5_split|variant=perm_seed1733,0,even_colouring_torus_5x5_split,perm_seed1733,1,1,SATISFIABLE,SATISFIABLE,True,True,27,27,0,0,0.000617,0.000628,1.0999999999999942e-05,True,True,True,True,True,
repeat=0|base=even_colouring_torus_5x5_split|variant=perm_seed1734,0,even_colouring_torus_5x5_split,perm_seed1734,1,1,SATISFIABLE,SATISFIABLE,True,True,27,27,0,0,0.000608,0.000651,4.299999999999996e-05,True,True,True,True,True,
repeat=0|base=even_colouring_torus_5x5_split|variant=perm_seed1735,0,even_colouring_torus_5x5_split,perm_seed1735,1,1,SATISFIABLE,SATISFIABLE,True,True,27,27,0,0,0.000661,0.000664,2.9999999999999645e-06,True,True,True,True,True,
repeat=0|base=even_colouring_torus_5x5_split|variant=perm_seed1736,0,even_colouring_torus_5x5_split,perm_seed1736,1,1,SATISFIABLE,SATISFIABLE,True,True,27,27,0,0,0.000662,0.000726,6.399999999999993e-05,True,True,True,True,True,
repeat=0|base=even_colouring_torus_5x5_split|variant=perm_seed1737,0,even_colouring_torus_5x5_split,perm_seed1737,1,1,SATISFIABLE,SATISFIABLE,True,True,27,27,0,0,0.000659,0.00067,1.100000000000005e-05,True,True,True,True,True,
repeat=0|base=even_colouring_torus_5x5_split|variant=perm_seed1738,0,even_colouring_torus_5x5_split,perm_seed1738,1,1,SATISFIABLE,SATISFIABLE,True,True,28,28,0,0,0.000709,0.000646,-6.300000000000001e-05,True,True,True,True,True,
repeat=0|base=even_colouring_torus_5x5_split|variant=perm_seed1739,0,even_colouring_torus_5x5_split,perm_seed1739,1,1,SATISFIABLE,SATISFIABLE,True,True,27,27,0,0,0.000658,0.000753,9.500000000000003e-05,True,True,True,True,True,
repeat=0|base=even_colouring_torus_5x5_split|variant=perm_seed1740,0,even_colouring_torus_5x5_split,perm_seed1740,1,1,SATISFIABLE,SATISFIABLE,True,True,27,27,0,0,0.000656,0.000673,1.699999999999998e-05,True,True,True,True,True,
repeat=0|base=even_colouring_torus_5x5_split|variant=perm_seed1741,0,even_colouring_torus_5x5_split,perm_seed1741,1,1,SATISFIABLE,SATISFIABLE,True,True,28,28,0,0,0.000629,0.000653,2.400000000000004e-05,True,True,True,True,True,
repeat=0|base=even_colouring_torus_5x5_split|variant=perm_seed1742,0,even_colouring_torus_5x5_split,perm_seed1742,1,1,SATISFIABLE,SATISFIABLE,True,True,27,27,0,0,0.000646,0.000687,4.100000000000002e-05,True,True,True,True,True,
repeat=0|base=even_colouring_torus_5x5_split|variant=perm_seed1743,0,even_colouring_torus_5x5_split,perm_seed1743,1,1,SATISFIABLE,SATISFIABLE,True,True,27,27,0,0,0.00065,0.00067,2.0000000000000052e-05,True,True,True,True,True,
repeat=0|base=even_colouring_torus_5x5_split|variant=perm_seed1744,0,even_colouring_torus_5x5_split,perm_seed1744,1,1,SATISFIABLE,SATISFIABLE,True,True,27,27,0,0,0.000643,0.000627,-1.6000000000000064e-05,True,True,True,True,True,
repeat=0|base=even_colouring_torus_5x5_split|variant=perm_seed1745,0,even_colouring_torus_5x5_split,perm_seed1745,1,1,SATISFIABLE,SATISFIABLE,True,True,27,27,0,0,0.000622,0.000635,1.299999999999999e-05,True,True,True,True,True,
repeat=0|base=even_colouring_torus_5x6_split|variant=base,0,even_colouring_torus_5x6_split,base,1,1,SATISFIABLE,SATISFIABLE,True,True,32,32,0,0,0.000655,0.000676,2.099999999999997e-05,True,True,True,True,True,
repeat=0|base=even_colouring_torus_5x6_split|variant=perm_seed1730,0,even_colouring_torus_5x6_split,perm_seed1730,1,1,SATISFIABLE,SATISFIABLE,True,True,33,33,0,0,0.000641,0.000759,0.00011800000000000005,True,True,True,True,True,
repeat=0|base=even_colouring_torus_5x6_split|variant=perm_seed1731,0,even_colouring_torus_5x6_split,perm_seed1731,1,1,SATISFIABLE,SATISFIABLE,True,True,32,32,0,0,0.000651,0.000793,0.00014199999999999998,True,True,True,True,True,
repeat=0|base=even_colouring_torus_5x6_split|variant=perm_seed1732,0,even_colouring_torus_5x6_split,perm_seed1732,1,1,SATISFIABLE,SATISFIABLE,True,True,32,32,0,0,0.000688,0.000653,-3.499999999999998e-05,True,True,True,True,True,
repeat=0|base=even_colouring_torus_5x6_split|variant=perm_seed1733,0,even_colouring_torus_5x6_split,perm_seed1733,1,1,SATISFIABLE,SATISFIABLE,True,True,32,32,0,0,0.000672,0.000769,9.700000000000008e-05,True,True,True,True,True,
repeat=0|base=even_colouring_torus_5x6_split|variant=perm_seed1734,0,even_colouring_torus_5x6_split,perm_seed1734,1,1,SATISFIABLE,SATISFIABLE,True,True,33,33,0,0,0.000659,0.00066,1.0000000000000243e-06,True,True,True,True,True,
repeat=0|base=even_colouring_torus_5x6_split|variant=perm_seed1735,0,even_colouring_torus_5x6_split,perm_seed1735,1,1,SATISFIABLE,SATISFIABLE,True,True,32,32,0,0,0.000679,0.00068,1.0000000000000243e-06,True,True,True,True,True,
repeat=0|base=even_colouring_torus_5x6_split|variant=perm_seed1736,0,even_colouring_torus_5x6_split,perm_seed1736,1,1,SATISFIABLE,SATISFIABLE,True,True,32,32,0,0,0.000648,0.000691,4.299999999999996e-05,True,True,True,True,True,
repeat=0|base=even_colouring_torus_5x6_split|variant=perm_seed1737,0,even_colouring_torus_5x6_split,perm_seed1737,1,1,SATISFIABLE,SATISFIABLE,True,True,33,33,0,0,0.000692,0.000728,3.600000000000001e-05,True,True,True,True,True,
repeat=0|base=even_colouring_torus_5x6_split|variant=perm_seed1738,0,even_colouring_torus_5x6_split,perm_seed1738,1,1,SATISFIABLE,SATISFIABLE,True,True,32,32,0,0,0.000679,0.000691,1.1999999999999966e-05,True,True,True,True,True,
repeat=0|base=even_colouring_torus_5x6_split|variant=perm_seed1739,0,even_colouring_torus_5x6_split,perm_seed1739,1,1,SATISFIABLE,SATISFIABLE,True,True,32,32,0,0,0.000762,0.000805,4.300000000000007e-05,True,True,True,True,True,
repeat=0|base=even_colouring_torus_5x6_split|variant=perm_seed1740,0,even_colouring_torus_5x6_split,perm_seed1740,1,1,SATISFIABLE,SATISFIABLE,True,True,33,33,0,0,0.000665,0.000663,-2.0000000000000486e-06,True,True,True,True,True,
repeat=0|base=even_colouring_torus_5x6_split|variant=perm_seed1741,0,even_colouring_torus_5x6_split,perm_seed1741,1,1,SATISFIABLE,SATISFIABLE,True,True,33,33,0,0,0.000692,0.000656,-3.600000000000001e-05,True,True,True,True,True,
repeat=0|base=even_colouring_torus_5x6_split|variant=perm_seed1742,0,even_colouring_torus_5x6_split,perm_seed1742,1,1,SATISFIABLE,SATISFIABLE,True,True,32,32,0,0,0.00066,0.00066,0.0,True,True,True,True,True,
repeat=0|base=even_colouring_torus_5x6_split|variant=perm_seed1743,0,even_colouring_torus_5x6_split,perm_seed1743,1,1,SATISFIABLE,SATISFIABLE,True,True,33,33,0,0,0.000651,0.000639,-1.1999999999999966e-05,True,True,True,True,True,
repeat=0|base=even_colouring_torus_5x6_split|variant=perm_seed1744,0,even_colouring_torus_5x6_split,perm_seed1744,1,1,SATISFIABLE,SATISFIABLE,True,True,32,32,0,0,0.000674,0.000658,-1.6000000000000064e-05,True,True,True,True,True,
repeat=0|base=even_colouring_torus_5x6_split|variant=perm_seed1745,0,even_colouring_torus_5x6_split,perm_seed1745,1,1,SATISFIABLE,SATISFIABLE,True,True,32,32,0,0,0.000648,0.000644,-3.999999999999989e-06,True,True,True,True,True,
repeat=0|base=even_colouring_torus_6x6_split|variant=base,0,even_colouring_torus_6x6_split,base,1,1,SATISFIABLE,SATISFIABLE,True,True,38,38,0,0,0.000679,0.000649,-3.000000000000008e-05,True,True,True,True,True,
repeat=0|base=even_colouring_torus_6x6_split|variant=perm_seed1730,0,even_colouring_torus_6x6_split,perm_seed1730,1,1,SATISFIABLE,SATISFIABLE,True,True,38,38,0,0,0.00068,0.000672,-8.000000000000086e-06,True,True,True,True,True,
repeat=0|base=even_colouring_torus_6x6_split|variant=perm_seed1731,0,even_colouring_torus_6x6_split,perm_seed1731,1,1,SATISFIABLE,SATISFIABLE,True,True,39,39,0,0,0.000649,0.000679,3.000000000000008e-05,True,True,True,True,True,
repeat=0|base=even_colouring_torus_6x6_split|variant=perm_seed1732,0,even_colouring_torus_6x6_split,perm_seed1732,1,1,SATISFIABLE,SATISFIABLE,True,True,39,39,0,0,0.00069,0.000688,-1.99999999999994e-06,True,True,True,True,True,
repeat=0|base=even_colouring_torus_6x6_split|variant=perm_seed1733,0,even_colouring_torus_6x6_split,perm_seed1733,1,1,SATISFIABLE,SATISFIABLE,True,True,38,38,0,0,0.00063,0.000701,7.099999999999999e-05,True,True,True,True,True,
repeat=0|base=even_colouring_torus_6x6_split|variant=perm_seed1734,0,even_colouring_torus_6x6_split,perm_seed1734,1,1,SATISFIABLE,SATISFIABLE,True,True,39,39,0,0,0.000646,0.000687,4.100000000000002e-05,True,True,True,True,True,
repeat=0|base=even_colouring_torus_6x6_split|variant=perm_seed1735,0,even_colouring_torus_6x6_split,perm_seed1735,1,1,SATISFIABLE,SATISFIABLE,True,True,38,38,0,0,0.000707,0.000654,-5.299999999999999e-05,True,True,True,True,True,
repeat=0|base=even_colouring_torus_6x6_split|variant=perm_seed1736,0,even_colouring_torus_6x6_split,perm_seed1736,1,1,SATISFIABLE,SATISFIABLE,True,True,38,38,0,0,0.00067,0.000716,4.5999999999999925e-05,True,True,True,True,True,
repeat=0|base=even_colouring_torus_6x6_split|variant=perm_seed1737,0,even_colouring_torus_6x6_split,perm_seed1737,1,1,SATISFIABLE,SATISFIABLE,True,True,38,38,0,0,0.000667,0.000739,7.200000000000002e-05,True,True,True,True,True,
repeat=0|base=even_colouring_torus_6x6_split|variant=perm_seed1738,0,even_colouring_torus_6x6_split,perm_seed1738,1,1,SATISFIABLE,SATISFIABLE,True,True,38,38,0,0,0.000685,0.000693,8.000000000000086e-06,True,True,True,True,True,
repeat=0|base=even_colouring_torus_6x6_split|variant=perm_seed1739,0,even_colouring_torus_6x6_split,perm_seed1739,1,1,SATISFIABLE,SATISFIABLE,True,True,39,39,0,0,0.000682,0.000694,1.1999999999999966e-05,True,True,True,True,True,
repeat=0|base=even_colouring_torus_6x6_split|variant=perm_seed1740,0,even_colouring_torus_6x6_split,perm_seed1740,1,1,SATISFIABLE,SATISFIABLE,True,True,38,38,0,0,0.000667,0.000674,7.000000000000062e-06,True,True,True,True,True,
repeat=0|base=even_colouring_torus_6x6_split|variant=perm_seed1741,0,even_colouring_torus_6x6_split,perm_seed1741,1,1,SATISFIABLE,SATISFIABLE,True,True,38,38,0,0,0.000683,0.000751,6.800000000000003e-05,True,True,True,True,True,
repeat=0|base=even_colouring_torus_6x6_split|variant=perm_seed1742,0,even_colouring_torus_6x6_split,perm_seed1742,1,1,SATISFIABLE,SATISFIABLE,True,True,38,38,0,0,0.00063,0.000723,9.299999999999998e-05,True,True,True,True,True,
repeat=0|base=even_colouring_torus_6x6_split|variant=perm_seed1743,0,even_colouring_torus_6x6_split,perm_seed1743,1,1,SATISFIABLE,SATISFIABLE,True,True,38,38,0,0,0.000742,0.000674,-6.800000000000003e-05,True,True,True,True,True,
repeat=0|base=even_colouring_torus_6x6_split|variant=perm_seed1744,0,even_colouring_torus_6x6_split,perm_seed1744,1,1,SATISFIABLE,SATISFIABLE,True,True,39,39,0,0,0.00082,0.000728,-9.199999999999996e-05,True,True,True,True,True,
repeat=0|base=even_colouring_torus_6x6_split|variant=perm_seed1745,0,even_colouring_torus_6x6_split,perm_seed1745,1,1,SATISFIABLE,SATISFIABLE,True,True,38,38,0,0,0.000722,0.000755,3.300000000000004e-05,True,True,True,True,True,
repeat=0|base=k10_color9|variant=base,0,k10_color9,base,1,1,INDETERMINATE,INDETERMINATE,False,False,106998,106998,100000,100000,0.671247,0.663799,-0.00744800000000001,True,True,True,True,True,
repeat=0|base=k10_color9|variant=perm_seed1730,0,k10_color9,perm_seed1730,1,1,INDETERMINATE,INDETERMINATE,False,False,108712,108712,100000,100000,0.724334,0.719507,-0.004827000000000026,True,True,True,True,True,
repeat=0|base=k10_color9|variant=perm_seed1731,0,k10_color9,perm_seed1731,1,1,INDETERMINATE,INDETERMINATE,False,False,108604,108604,100000,100000,0.729476,0.721872,-0.007604000000000055,True,True,True,True,True,
repeat=0|base=k4_color3|variant=base,0,k4_color3,base,1,1,UNSATISFIABLE,UNSATISFIABLE,True,True,0,0,0,0,0.000748,0.000644,-0.00010399999999999993,True,True,True,True,True,
repeat=0|base=k4_color3|variant=perm_seed1730,0,k4_color3,perm_seed1730,1,1,UNSATISFIABLE,UNSATISFIABLE,True,True,0,0,0,0,0.000606,0.000698,9.200000000000007e-05,True,True,True,True,True,
repeat=0|base=k4_color3|variant=perm_seed1731,0,k4_color3,perm_seed1731,1,1,UNSATISFIABLE,UNSATISFIABLE,True,True,0,0,0,0,0.000613,0.000766,0.00015299999999999992,True,True,True,True,True,
repeat=0|base=k4_color3|variant=perm_seed1732,0,k4_color3,perm_seed1732,1,1,UNSATISFIABLE,UNSATISFIABLE,True,True,0,0,0,0,0.000649,0.000899,0.00025,True,True,True,True,True,
repeat=0|base=k4_color3|variant=perm_seed1733,0,k4_color3,perm_seed1733,1,1,UNSATISFIABLE,UNSATISFIABLE,True,True,0,0,0,0,0.000688,0.000732,4.3999999999999985e-05,True,True,True,True,True,
repeat=0|base=k4_color3|variant=perm_seed1734,0,k4_color3,perm_seed1734,1,1,UNSATISFIABLE,UNSATISFIABLE,True,True,0,0,0,0,0.000683,0.00066,-2.3000000000000017e-05,True,True,True,True,True,
repeat=0|base=k4_color3|variant=perm_seed1735,0,k4_color3,perm_seed1735,1,1,UNSATISFIABLE,UNSATISFIABLE,True,True,0,0,0,0,0.000601,0.000637,3.600000000000001e-05,True,True,True,True,True,
repeat=0|base=k4_color3|variant=perm_seed1736,0,k4_color3,perm_seed1736,1,1,UNSATISFIABLE,UNSATISFIABLE,True,True,0,0,0,0,0.000657,0.000611,-4.6000000000000034e-05,True,True,True,True,True,
repeat=0|base=k4_color3|variant=perm_seed1737,0,k4_color3,perm_seed1737,1,1,UNSATISFIABLE,UNSATISFIABLE,True,True,0,0,0,0,0.000593,0.000592,-1.0000000000000243e-06,True,True,True,True,True,
repeat=0|base=k4_color3|variant=perm_seed1738,0,k4_color3,perm_seed1738,1,1,UNSATISFIABLE,UNSATISFIABLE,True,True,0,0,0,0,0.000646,0.000649,2.9999999999999645e-06,True,True,True,True,True,
repeat=0|base=k4_color3|variant=perm_seed1739,0,k4_color3,perm_seed1739,1,1,UNSATISFIABLE,UNSATISFIABLE,True,True,0,0,0,0,0.000614,0.000655,4.100000000000002e-05,True,True,True,True,True,
repeat=0|base=k4_color3|variant=perm_seed1740,0,k4_color3,perm_seed1740,1,1,UNSATISFIABLE,UNSATISFIABLE,True,True,0,0,0,0,0.0006,0.000624,2.400000000000004e-05,True,True,True,True,True,
repeat=0|base=k4_color3|variant=perm_seed1741,0,k4_color3,perm_seed1741,1,1,UNSATISFIABLE,UNSATISFIABLE,True,True,0,0,0,0,0.000583,0.000586,3.000000000000073e-06,True,True,True,True,True,
repeat=0|base=k4_color3|variant=perm_seed1742,0,k4_color3,perm_seed1742,1,1,UNSATISFIABLE,UNSATISFIABLE,True,True,0,0,0,0,0.000573,0.000655,8.199999999999993e-05,True,True,True,True,True,
repeat=0|base=k4_color3|variant=perm_seed1743,0,k4_color3,perm_seed1743,1,1,UNSATISFIABLE,UNSATISFIABLE,True,True,0,0,0,0,0.000778,0.000641,-0.00013700000000000008,True,True,True,True,True,
repeat=0|base=k4_color3|variant=perm_seed1744,0,k4_color3,perm_seed1744,1,1,UNSATISFIABLE,UNSATISFIABLE,True,True,0,0,0,0,0.000715,0.000719,3.999999999999989e-06,True,True,True,True,True,
repeat=0|base=k4_color3|variant=perm_seed1745,0,k4_color3,perm_seed1745,1,1,UNSATISFIABLE,UNSATISFIABLE,True,True,0,0,0,0,0.000705,0.000626,-7.899999999999997e-05,True,True,True,True,True,
repeat=0|base=k4_color4|variant=base,0,k4_color4,base,1,1,SATISFIABLE,SATISFIABLE,True,True,1,1,0,0,0.000663,0.000644,-1.899999999999992e-05,True,True,True,True,True,
repeat=0|base=k4_color4|variant=perm_seed1730,0,k4_color4,perm_seed1730,1,1,SATISFIABLE,SATISFIABLE,True,True,1,1,0,0,0.000609,0.000678,6.900000000000005e-05,True,True,True,True,True,
repeat=0|base=k4_color4|variant=perm_seed1731,0,k4_color4,perm_seed1731,1,1,SATISFIABLE,SATISFIABLE,True,True,1,1,0,0,0.000592,0.000624,3.200000000000002e-05,True,True,True,True,True,
repeat=0|base=k4_color4|variant=perm_seed1732,0,k4_color4,perm_seed1732,1,1,SATISFIABLE,SATISFIABLE,True,True,1,1,0,0,0.000601,0.00061,9.000000000000002e-06,True,True,True,True,True,
repeat=0|base=k4_color4|variant=perm_seed1733,0,k4_color4,perm_seed1733,1,1,SATISFIABLE,SATISFIABLE,True,True,1,1,0,0,0.000598,0.000681,8.299999999999996e-05,True,True,True,True,True,
repeat=0|base=k4_color4|variant=perm_seed1734,0,k4_color4,perm_seed1734,1,1,SATISFIABLE,SATISFIABLE,True,True,1,1,0,0,0.000667,0.000652,-1.4999999999999931e-05,True,True,True,True,True,
repeat=0|base=k4_color4|variant=perm_seed1735,0,k4_color4,perm_seed1735,1,1,SATISFIABLE,SATISFIABLE,True,True,1,1,0,0,0.000631,0.000635,3.999999999999989e-06,True,True,True,True,True,
repeat=0|base=k4_color4|variant=perm_seed1736,0,k4_color4,perm_seed1736,1,1,SATISFIABLE,SATISFIABLE,True,True,1,1,0,0,0.000608,0.000619,1.0999999999999942e-05,True,True,True,True,True,
repeat=0|base=k4_color4|variant=perm_seed1737,0,k4_color4,perm_seed1737,1,1,SATISFIABLE,SATISFIABLE,True,True,1,1,0,0,0.000613,0.000696,8.299999999999996e-05,True,True,True,True,True,
repeat=0|base=k4_color4|variant=perm_seed1738,0,k4_color4,perm_seed1738,1,1,SATISFIABLE,SATISFIABLE,True,True,1,1,0,0,0.000606,0.000607,1.0000000000000243e-06,True,True,True,True,True,
repeat=0|base=k4_color4|variant=perm_seed1739,0,k4_color4,perm_seed1739,1,1,SATISFIABLE,SATISFIABLE,True,True,1,1,0,0,0.000638,0.000815,0.00017699999999999997,True,True,True,True,True,
repeat=0|base=k4_color4|variant=perm_seed1740,0,k4_color4,perm_seed1740,1,1,SATISFIABLE,SATISFIABLE,True,True,1,1,0,0,0.000678,0.000785,0.000107,True,True,True,True,True,
repeat=0|base=k4_color4|variant=perm_seed1741,0,k4_color4,perm_seed1741,1,1,SATISFIABLE,SATISFIABLE,True,True,1,1,0,0,0.000709,0.000643,-6.599999999999998e-05,True,True,True,True,True,
repeat=0|base=k4_color4|variant=perm_seed1742,0,k4_color4,perm_seed1742,1,1,SATISFIABLE,SATISFIABLE,True,True,1,1,0,0,0.000692,0.000614,-7.800000000000005e-05,True,True,True,True,True,
repeat=0|base=k4_color4|variant=perm_seed1743,0,k4_color4,perm_seed1743,1,1,SATISFIABLE,SATISFIABLE,True,True,1,1,0,0,0.00063,0.000631,1.0000000000000243e-06,True,True,True,True,True,
repeat=0|base=k4_color4|variant=perm_seed1744,0,k4_color4,perm_seed1744,1,1,SATISFIABLE,SATISFIABLE,True,True,1,1,0,0,0.000594,0.000598,3.999999999999989e-06,True,True,True,True,True,
repeat=0|base=k4_color4|variant=perm_seed1745,0,k4_color4,perm_seed1745,1,1,SATISFIABLE,SATISFIABLE,True,True,1,1,0,0,0.000608,0.000584,-2.400000000000004e-05,True,True,True,True,True,
repeat=0|base=k5_color4|variant=base,0,k5_color4,base,1,1,UNSATISFIABLE,UNSATISFIABLE,True,True,32,32,27,27,0.000619,0.000598,-2.099999999999997e-05,True,True,True,True,True,
repeat=0|base=k5_color4|variant=perm_seed1730,0,k5_color4,perm_seed1730,1,1,UNSATISFIABLE,UNSATISFIABLE,True,True,31,31,28,28,0.000591,0.000618,2.6999999999999897e-05,True,True,True,True,True,
repeat=0|base=k5_color4|variant=perm_seed1731,0,k5_color4,perm_seed1731,1,1,UNSATISFIABLE,UNSATISFIABLE,True,True,32,32,31,31,0.000593,0.00058,-1.299999999999999e-05,True,True,True,True,True,
repeat=0|base=k5_color4|variant=perm_seed1732,0,k5_color4,perm_seed1732,1,1,UNSATISFIABLE,UNSATISFIABLE,True,True,31,31,30,30,0.000571,0.00067,9.900000000000002e-05,True,True,True,True,True,
repeat=0|base=k5_color4|variant=perm_seed1733,0,k5_color4,perm_seed1733,1,1,UNSATISFIABLE,UNSATISFIABLE,True,True,31,31,27,27,0.00059,0.000596,5.999999999999929e-06,True,True,True,True,True,
repeat=0|base=k5_color4|variant=perm_seed1734,0,k5_color4,perm_seed1734,1,1,UNSATISFIABLE,UNSATISFIABLE,True,True,27,27,25,25,0.000627,0.000602,-2.4999999999999957e-05,True,True,True,True,True,
repeat=0|base=k5_color4|variant=perm_seed1735,0,k5_color4,perm_seed1735,1,1,UNSATISFIABLE,UNSATISFIABLE,True,True,30,30,27,27,0.000588,0.000582,-5.999999999999929e-06,True,True,True,True,True,
repeat=0|base=k5_color4|variant=perm_seed1736,0,k5_color4,perm_seed1736,1,1,UNSATISFIABLE,UNSATISFIABLE,True,True,27,27,25,25,0.000598,0.000598,0.0,True,True,True,True,True,
repeat=0|base=k5_color4|variant=perm_seed1737,0,k5_color4,perm_seed1737,1,1,UNSATISFIABLE,UNSATISFIABLE,True,True,31,31,30,30,0.00057,0.00059,2.0000000000000052e-05,True,True,True,True,True,
repeat=0|base=k5_color4|variant=perm_seed1738,0,k5_color4,perm_seed1738,1,1,UNSATISFIABLE,UNSATISFIABLE,True,True,33,33,27,27,0.000582,0.00061,2.799999999999992e-05,True,True,True,True,True,
repeat=0|base=k5_color4|variant=perm_seed1739,0,k5_color4,perm_seed1739,1,1,UNSATISFIABLE,UNSATISFIABLE,True,True,33,33,29,29,0.000605,0.000609,3.999999999999989e-06,True,True,True,True,True,
repeat=0|base=k5_color4|variant=perm_seed1740,0,k5_color4,perm_seed1740,1,1,UNSATISFIABLE,UNSATISFIABLE,True,True,27,27,26,26,0.000625,0.000632,6.999999999999953e-06,True,True,True,True,True,
repeat=0|base=k5_color4|variant=perm_seed1741,0,k5_color4,perm_seed1741,1,1,UNSATISFIABLE,UNSATISFIABLE,True,True,30,30,27,27,0.000627,0.000631,4.000000000000097e-06,True,True,True,True,True,
repeat=0|base=k5_color4|variant=perm_seed1742,0,k5_color4,perm_seed1742,1,1,UNSATISFIABLE,UNSATISFIABLE,True,True,38,38,31,31,0.000594,0.000658,6.399999999999993e-05,True,True,True,True,True,
repeat=0|base=k5_color4|variant=perm_seed1743,0,k5_color4,perm_seed1743,1,1,UNSATISFIABLE,UNSATISFIABLE,True,True,24,24,25,25,0.000616,0.00063,1.4000000000000015e-05,True,True,True,True,True,
repeat=0|base=k5_color4|variant=perm_seed1744,0,k5_color4,perm_seed1744,1,1,UNSATISFIABLE,UNSATISFIABLE,True,True,28,28,26,26,0.000604,0.000629,2.4999999999999957e-05,True,True,True,True,True,
repeat=0|base=k5_color4|variant=perm_seed1745,0,k5_color4,perm_seed1745,1,1,UNSATISFIABLE,UNSATISFIABLE,True,True,31,31,28,28,0.000608,0.000631,2.3000000000000017e-05,True,True,True,True,True,
repeat=0|base=k5_color5|variant=base,0,k5_color5,base,1,1,SATISFIABLE,SATISFIABLE,True,True,12,12,0,0,0.000575,0.0006,2.4999999999999957e-05,True,True,True,True,True,
repeat=0|base=k5_color5|variant=perm_seed1730,0,k5_color5,perm_seed1730,1,1,SATISFIABLE,SATISFIABLE,True,True,16,16,0,0,0.00057,0.00058,1.0000000000000026e-05,True,True,True,True,True,
repeat=0|base=k5_color5|variant=perm_seed1731,0,k5_color5,perm_seed1731,1,1,SATISFIABLE,SATISFIABLE,True,True,17,17,0,0,0.000583,0.000587,3.999999999999989e-06,True,True,True,True,True,
repeat=0|base=k5_color5|variant=perm_seed1732,0,k5_color5,perm_seed1732,1,1,SATISFIABLE,SATISFIABLE,True,True,14,14,0,0,0.000575,0.000628,5.299999999999999e-05,True,True,True,True,True,
repeat=0|base=k5_color5|variant=perm_seed1733,0,k5_color5,perm_seed1733,1,1,SATISFIABLE,SATISFIABLE,True,True,16,16,0,0,0.000578,0.000603,2.5000000000000066e-05,True,True,True,True,True,
repeat=0|base=k5_color5|variant=perm_seed1734,0,k5_color5,perm_seed1734,1,1,SATISFIABLE,SATISFIABLE,True,True,14,14,0,0,0.00057,0.000596,2.599999999999998e-05,True,True,True,True,True,
repeat=0|base=k5_color5|variant=perm_seed1735,0,k5_color5,perm_seed1735,1,1,SATISFIABLE,SATISFIABLE,True,True,16,16,0,0,0.000573,0.000589,1.5999999999999955e-05,True,True,True,True,True,
repeat=0|base=k5_color5|variant=perm_seed1736,0,k5_color5,perm_seed1736,1,1,SATISFIABLE,SATISFIABLE,True,True,17,17,0,0,0.000557,0.000617,6.000000000000005e-05,True,True,True,True,True,
repeat=0|base=k5_color5|variant=perm_seed1737,0,k5_color5,perm_seed1737,1,1,SATISFIABLE,SATISFIABLE,True,True,15,15,1,1,0.000584,0.000627,4.299999999999996e-05,True,True,True,True,True,
repeat=0|base=k5_color5|variant=perm_seed1738,0,k5_color5,perm_seed1738,1,1,SATISFIABLE,SATISFIABLE,True,True,18,18,0,0,0.000554,0.000614,5.999999999999994e-05,True,True,True,True,True,
repeat=0|base=k5_color5|variant=perm_seed1739,0,k5_color5,perm_seed1739,1,1,SATISFIABLE,SATISFIABLE,True,True,15,15,0,0,0.000561,0.000619,5.8e-05,True,True,True,True,True,
repeat=0|base=k5_color5|variant=perm_seed1740,0,k5_color5,perm_seed1740,1,1,SATISFIABLE,SATISFIABLE,True,True,17,17,1,1,0.000583,0.000597,1.4000000000000015e-05,True,True,True,True,True,
repeat=0|base=k5_color5|variant=perm_seed1741,0,k5_color5,perm_seed1741,1,1,SATISFIABLE,SATISFIABLE,True,True,17,17,0,0,0.00057,0.000599,2.9000000000000054e-05,True,True,True,True,True,
repeat=0|base=k5_color5|variant=perm_seed1742,0,k5_color5,perm_seed1742,1,1,SATISFIABLE,SATISFIABLE,True,True,14,14,0,0,0.000547,0.000589,4.2000000000000045e-05,True,True,True,True,True,
repeat=0|base=k5_color5|variant=perm_seed1743,0,k5_color5,perm_seed1743,1,1,SATISFIABLE,SATISFIABLE,True,True,15,15,0,0,0.000551,0.000607,5.600000000000006e-05,True,True,True,True,True,
repeat=0|base=k5_color5|variant=perm_seed1744,0,k5_color5,perm_seed1744,1,1,SATISFIABLE,SATISFIABLE,True,True,15,15,0,0,0.000578,0.000581,3.000000000000073e-06,True,True,True,True,True,
repeat=0|base=k5_color5|variant=perm_seed1745,0,k5_color5,perm_seed1745,1,1,SATISFIABLE,SATISFIABLE,True,True,17,17,0,0,0.000597,0.000581,-1.5999999999999955e-05,True,True,True,True,True,
repeat=0|base=k6_color5|variant=base,0,k6_color5,base,1,1,UNSATISFIABLE,UNSATISFIABLE,True,True,157,157,139,139,0.000727,0.00077,4.299999999999996e-05,True,True,True,True,True,
repeat=0|base=k6_color5|variant=perm_seed1730,0,k6_color5,perm_seed1730,1,1,UNSATISFIABLE,UNSATISFIABLE,True,True,161,161,142,142,0.000761,0.000788,2.7000000000000006e-05,True,True,True,True,True,
repeat=0|base=k6_color5|variant=perm_seed1731,0,k6_color5,perm_seed1731,1,1,UNSATISFIABLE,UNSATISFIABLE,True,True,160,160,141,141,0.00092,0.000875,-4.500000000000001e-05,True,True,True,True,True,
repeat=0|base=k6_color5|variant=perm_seed1732,0,k6_color5,perm_seed1732,1,1,UNSATISFIABLE,UNSATISFIABLE,True,True,157,157,137,137,0.000727,0.000879,0.000152,True,True,True,True,True,
repeat=0|base=k6_color5|variant=perm_seed1733,0,k6_color5,perm_seed1733,1,1,UNSATISFIABLE,UNSATISFIABLE,True,True,158,158,142,142,0.000794,0.000871,7.700000000000003e-05,True,True,True,True,True,
repeat=0|base=k6_color5|variant=perm_seed1734,0,k6_color5,perm_seed1734,1,1,UNSATISFIABLE,UNSATISFIABLE,True,True,171,171,146,146,0.000801,0.00083,2.9000000000000054e-05,True,True,True,True,True,
repeat=0|base=k6_color5|variant=perm_seed1735,0,k6_color5,perm_seed1735,1,1,UNSATISFIABLE,UNSATISFIABLE,True,True,174,174,155,155,0.000787,0.000803,1.5999999999999955e-05,True,True,True,True,True,
repeat=0|base=k6_color5|variant=perm_seed1736,0,k6_color5,perm_seed1736,1,1,UNSATISFIABLE,UNSATISFIABLE,True,True,158,158,145,145,0.000786,0.000808,2.1999999999999993e-05,True,True,True,True,True,
repeat=0|base=k6_color5|variant=perm_seed1737,0,k6_color5,perm_seed1737,1,1,UNSATISFIABLE,UNSATISFIABLE,True,True,163,163,145,145,0.000765,0.000784,1.9000000000000028e-05,True,True,True,True,True,
repeat=0|base=k6_color5|variant=perm_seed1738,0,k6_color5,perm_seed1738,1,1,UNSATISFIABLE,UNSATISFIABLE,True,True,140,140,130,130,0.000734,0.00077,3.600000000000001e-05,True,True,True,True,True,
repeat=0|base=k6_color5|variant=perm_seed1739,0,k6_color5,perm_seed1739,1,1,UNSATISFIABLE,UNSATISFIABLE,True,True,157,157,143,143,0.000783,0.000852,6.900000000000005e-05,True,True,True,True,True,
repeat=0|base=k6_color5|variant=perm_seed1740,0,k6_color5,perm_seed1740,1,1,UNSATISFIABLE,UNSATISFIABLE,True,True,163,163,138,138,0.000764,0.000807,4.299999999999996e-05,True,True,True,True,True,
repeat=0|base=k6_color5|variant=perm_seed1741,0,k6_color5,perm_seed1741,1,1,UNSATISFIABLE,UNSATISFIABLE,True,True,158,158,140,140,0.00075,0.000839,8.9e-05,True,True,True,True,True,
repeat=0|base=k6_color5|variant=perm_seed1742,0,k6_color5,perm_seed1742,1,1,UNSATISFIABLE,UNSATISFIABLE,True,True,155,155,137,137,0.000839,0.00083,-9.000000000000002e-06,True,True,True,True,True,
repeat=0|base=k6_color5|variant=perm_seed1743,0,k6_color5,perm_seed1743,1,1,UNSATISFIABLE,UNSATISFIABLE,True,True,147,147,135,135,0.00084,0.000787,-5.299999999999999e-05,True,True,True,True,True,
repeat=0|base=k6_color5|variant=perm_seed1744,0,k6_color5,perm_seed1744,1,1,UNSATISFIABLE,UNSATISFIABLE,True,True,147,147,133,133,0.000786,0.000788,1.99999999999994e-06,True,True,True,True,True,
repeat=0|base=k6_color5|variant=perm_seed1745,0,k6_color5,perm_seed1745,1,1,UNSATISFIABLE,UNSATISFIABLE,True,True,156,156,137,137,0.000798,0.000751,-4.699999999999995e-05,True,True,True,True,True,
repeat=0|base=k6_color6|variant=base,0,k6_color6,base,1,1,SATISFIABLE,SATISFIABLE,True,True,17,17,0,0,0.000648,0.000657,9.000000000000002e-06,True,True,True,True,True,
repeat=0|base=k6_color6|variant=perm_seed1730,0,k6_color6,perm_seed1730,1,1,SATISFIABLE,SATISFIABLE,True,True,25,25,4,4,0.000634,0.000672,3.799999999999995e-05,True,True,True,True,True,
repeat=0|base=k6_color6|variant=perm_seed1731,0,k6_color6,perm_seed1731,1,1,SATISFIABLE,SATISFIABLE,True,True,22,22,0,0,0.000664,0.000639,-2.4999999999999957e-05,True,True,True,True,True,
repeat=0|base=k6_color6|variant=perm_seed1732,0,k6_color6,perm_seed1732,1,1,SATISFIABLE,SATISFIABLE,True,True,33,33,10,10,0.000647,0.000652,5.000000000000013e-06,True,True,True,True,True,
repeat=0|base=k6_color6|variant=perm_seed1733,0,k6_color6,perm_seed1733,1,1,SATISFIABLE,SATISFIABLE,True,True,46,46,24,24,0.000659,0.000716,5.6999999999999976e-05,True,True,True,True,True,
repeat=0|base=k6_color6|variant=perm_seed1734,0,k6_color6,perm_seed1734,1,1,SATISFIABLE,SATISFIABLE,True,True,26,26,1,1,0.000674,0.000687,1.299999999999999e-05,True,True,True,True,True,
repeat=0|base=k6_color6|variant=perm_seed1735,0,k6_color6,perm_seed1735,1,1,SATISFIABLE,SATISFIABLE,True,True,25,25,0,0,0.000701,0.000653,-4.7999999999999974e-05,True,True,True,True,True,
repeat=0|base=k6_color6|variant=perm_seed1736,0,k6_color6,perm_seed1736,1,1,SATISFIABLE,SATISFIABLE,True,True,23,23,0,0,0.000623,0.000711,8.800000000000008e-05,True,True,True,True,True,
repeat=0|base=k6_color6|variant=perm_seed1737,0,k6_color6,perm_seed1737,1,1,SATISFIABLE,SATISFIABLE,True,True,25,25,0,0,0.000747,0.000713,-3.400000000000007e-05,True,True,True,True,True,
repeat=0|base=k6_color6|variant=perm_seed1738,0,k6_color6,perm_seed1738,1,1,SATISFIABLE,SATISFIABLE,True,True,28,28,1,1,0.000691,0.000681,-1.0000000000000026e-05,True,True,True,True,True,
repeat=0|base=k6_color6|variant=perm_seed1739,0,k6_color6,perm_seed1739,1,1,SATISFIABLE,SATISFIABLE,True,True,23,23,1,1,0.000672,0.000729,5.7000000000000084e-05,True,True,True,True,True,
repeat=0|base=k6_color6|variant=perm_seed1740,0,k6_color6,perm_seed1740,1,1,SATISFIABLE,SATISFIABLE,True,True,27,27,1,1,0.000754,0.000723,-3.0999999999999995e-05,True,True,True,True,True,
repeat=0|base=k6_color6|variant=perm_seed1741,0,k6_color6,perm_seed1741,1,1,SATISFIABLE,SATISFIABLE,True,True,23,23,0,0,0.000851,0.000691,-0.00015999999999999999,True,True,True,True,True,
repeat=0|base=k6_color6|variant=perm_seed1742,0,k6_color6,perm_seed1742,1,1,SATISFIABLE,SATISFIABLE,True,True,30,30,2,2,0.000708,0.00074,3.200000000000002e-05,True,True,True,True,True,
repeat=0|base=k6_color6|variant=perm_seed1743,0,k6_color6,perm_seed1743,1,1,SATISFIABLE,SATISFIABLE,True,True,22,22,1,1,0.000687,0.000658,-2.9000000000000054e-05,True,True,True,True,True,
repeat=0|base=k6_color6|variant=perm_seed1744,0,k6_color6,perm_seed1744,1,1,SATISFIABLE,SATISFIABLE,True,True,27,27,0,0,0.000709,0.000677,-3.200000000000002e-05,True,True,True,True,True,
repeat=0|base=k6_color6|variant=perm_seed1745,0,k6_color6,perm_seed1745,1,1,SATISFIABLE,SATISFIABLE,True,True,23,23,0,0,0.00068,0.000695,1.4999999999999931e-05,True,True,True,True,True,
repeat=0|base=k7_color6|variant=base,0,k7_color6,base,1,1,UNSATISFIABLE,UNSATISFIABLE,True,True,970,970,845,845,0.002206,0.002163,-4.300000000000007e-05,True,True,True,True,True,
repeat=0|base=k7_color6|variant=perm_seed1730,0,k7_color6,perm_seed1730,1,1,UNSATISFIABLE,UNSATISFIABLE,True,True,913,913,812,812,0.002308,0.002479,0.0001709999999999997,True,True,True,True,True,
repeat=0|base=k7_color6|variant=perm_seed1731,0,k7_color6,perm_seed1731,1,1,UNSATISFIABLE,UNSATISFIABLE,True,True,1013,1013,877,877,0.002014,0.002148,0.000134,True,True,True,True,True,
repeat=0|base=k7_color6|variant=perm_seed1732,0,k7_color6,perm_seed1732,1,1,UNSATISFIABLE,UNSATISFIABLE,True,True,949,949,839,839,0.002188,0.00208,-0.00010800000000000002,True,True,True,True,True,
repeat=0|base=k7_color6|variant=perm_seed1733,0,k7_color6,perm_seed1733,1,1,UNSATISFIABLE,UNSATISFIABLE,True,True,937,937,837,837,0.002049,0.002105,5.600000000000006e-05,True,True,True,True,True,
repeat=0|base=k7_color6|variant=perm_seed1734,0,k7_color6,perm_seed1734,1,1,UNSATISFIABLE,UNSATISFIABLE,True,True,893,893,821,821,0.00228,0.0026,0.00031999999999999997,True,True,True,True,True,
repeat=0|base=k7_color6|variant=perm_seed1735,0,k7_color6,perm_seed1735,1,1,UNSATISFIABLE,UNSATISFIABLE,True,True,967,967,866,866,0.002339,0.002174,-0.00016499999999999978,True,True,True,True,True,
repeat=0|base=k7_color6|variant=perm_seed1736,0,k7_color6,perm_seed1736,1,1,UNSATISFIABLE,UNSATISFIABLE,True,True,891,891,832,832,0.002338,0.002307,-3.099999999999978e-05,True,True,True,True,True,
repeat=0|base=k7_color6|variant=perm_seed1737,0,k7_color6,perm_seed1737,1,1,UNSATISFIABLE,UNSATISFIABLE,True,True,935,935,832,832,0.002236,0.002196,-4.0000000000000105e-05,True,True,True,True,True,
repeat=0|base=k7_color6|variant=perm_seed1738,0,k7_color6,perm_seed1738,1,1,UNSATISFIABLE,UNSATISFIABLE,True,True,959,959,852,852,0.002263,0.002232,-3.099999999999978e-05,True,True,True,True,True,
repeat=0|base=k7_color6|variant=perm_seed1739,0,k7_color6,perm_seed1739,1,1,UNSATISFIABLE,UNSATISFIABLE,True,True,889,889,813,813,0.00219,0.002238,4.7999999999999866e-05,True,True,True,True,True,
repeat=0|base=k7_color6|variant=perm_seed1740,0,k7_color6,perm_seed1740,1,1,UNSATISFIABLE,UNSATISFIABLE,True,True,938,938,850,850,0.002272,0.0024,0.00012799999999999964,True,True,True,True,True,
repeat=0|base=k7_color6|variant=perm_seed1741,0,k7_color6,perm_seed1741,1,1,UNSATISFIABLE,UNSATISFIABLE,True,True,998,998,873,873,0.002301,0.002257,-4.40000000000002e-05,True,True,True,True,True,
repeat=0|base=k7_color6|variant=perm_seed1742,0,k7_color6,perm_seed1742,1,1,UNSATISFIABLE,UNSATISFIABLE,True,True,975,975,865,865,0.002017,0.002061,4.399999999999977e-05,True,True,True,True,True,
repeat=0|base=k7_color6|variant=perm_seed1743,0,k7_color6,perm_seed1743,1,1,UNSATISFIABLE,UNSATISFIABLE,True,True,971,971,852,852,0.002113,0.002144,3.100000000000021e-05,True,True,True,True,True,
repeat=0|base=k7_color6|variant=perm_seed1744,0,k7_color6,perm_seed1744,1,1,UNSATISFIABLE,UNSATISFIABLE,True,True,912,912,833,833,0.00228,0.00226,-2.0000000000000052e-05,True,True,True,True,True,
repeat=0|base=k7_color6|variant=perm_seed1745,0,k7_color6,perm_seed1745,1,1,UNSATISFIABLE,UNSATISFIABLE,True,True,967,967,854,854,0.002225,0.002279,5.400000000000023e-05,True,True,True,True,True,
repeat=0|base=k7_color7|variant=base,0,k7_color7,base,1,1,SATISFIABLE,SATISFIABLE,True,True,23,23,0,0,0.000639,0.000709,6.999999999999997e-05,True,True,True,True,True,
repeat=0|base=k7_color7|variant=perm_seed1730,0,k7_color7,perm_seed1730,1,1,SATISFIABLE,SATISFIABLE,True,True,35,35,1,1,0.000661,0.000676,1.4999999999999931e-05,True,True,True,True,True,
repeat=0|base=k7_color7|variant=perm_seed1731,0,k7_color7,perm_seed1731,1,1,SATISFIABLE,SATISFIABLE,True,True,36,36,0,0,0.000664,0.00067,6.000000000000037e-06,True,True,True,True,True,
repeat=0|base=k7_color7|variant=perm_seed1732,0,k7_color7,perm_seed1732,1,1,SATISFIABLE,SATISFIABLE,True,True,30,30,0,0,0.000635,0.000664,2.8999999999999946e-05,True,True,True,True,True,
repeat=0|base=k7_color7|variant=perm_seed1733,0,k7_color7,perm_seed1733,1,1,SATISFIABLE,SATISFIABLE,True,True,39,39,0,0,0.000661,0.000671,1.0000000000000026e-05,True,True,True,True,True,
repeat=0|base=k7_color7|variant=perm_seed1734,0,k7_color7,perm_seed1734,1,1,SATISFIABLE,SATISFIABLE,True,True,38,38,0,0,0.000637,0.000662,2.5000000000000066e-05,True,True,True,True,True,
repeat=0|base=k7_color7|variant=perm_seed1735,0,k7_color7,perm_seed1735,1,1,SATISFIABLE,SATISFIABLE,True,True,43,43,14,14,0.000687,0.00073,4.299999999999996e-05,True,True,True,True,True,
repeat=0|base=k7_color7|variant=perm_seed1736,0,k7_color7,perm_seed1736,1,1,SATISFIABLE,SATISFIABLE,True,True,38,38,5,5,0.000659,0.00071,5.100000000000005e-05,True,True,True,True,True,
repeat=0|base=k7_color7|variant=perm_seed1737,0,k7_color7,perm_seed1737,1,1,SATISFIABLE,SATISFIABLE,True,True,32,32,0,0,0.000623,0.000717,9.400000000000001e-05,True,True,True,True,True,
repeat=0|base=k7_color7|variant=perm_seed1738,0,k7_color7,perm_seed1738,1,1,SATISFIABLE,SATISFIABLE,True,True,33,33,0,0,0.000717,0.000679,-3.799999999999995e-05,True,True,True,True,True,
repeat=0|base=k7_color7|variant=perm_seed1739,0,k7_color7,perm_seed1739,1,1,SATISFIABLE,SATISFIABLE,True,True,36,36,0,0,0.000705,0.000737,3.200000000000002e-05,True,True,True,True,True,
repeat=0|base=k7_color7|variant=perm_seed1740,0,k7_color7,perm_seed1740,1,1,SATISFIABLE,SATISFIABLE,True,True,32,32,0,0,0.00071,0.000697,-1.299999999999999e-05,True,True,True,True,True,
repeat=0|base=k7_color7|variant=perm_seed1741,0,k7_color7,perm_seed1741,1,1,SATISFIABLE,SATISFIABLE,True,True,36,36,1,1,0.000678,0.000686,7.999999999999978e-06,True,True,True,True,True,
repeat=0|base=k7_color7|variant=perm_seed1742,0,k7_color7,perm_seed1742,1,1,SATISFIABLE,SATISFIABLE,True,True,39,39,3,3,0.000652,0.000689,3.700000000000003e-05,True,True,True,True,True,
repeat=0|base=k7_color7|variant=perm_seed1743,0,k7_color7,perm_seed1743,1,1,SATISFIABLE,SATISFIABLE,True,True,43,43,9,9,0.00071,0.000741,3.0999999999999995e-05,True,True,True,True,True,
repeat=0|base=k7_color7|variant=perm_seed1744,0,k7_color7,perm_seed1744,1,1,SATISFIABLE,SATISFIABLE,True,True,38,38,0,0,0.000722,0.00067,-5.199999999999996e-05,True,True,True,True,True,
repeat=0|base=k7_color7|variant=perm_seed1745,0,k7_color7,perm_seed1745,1,1,SATISFIABLE,SATISFIABLE,True,True,35,35,2,2,0.000676,0.000683,7.000000000000062e-06,True,True,True,True,True,
repeat=0|base=k8_color7|variant=base,0,k8_color7,base,1,1,UNSATISFIABLE,UNSATISFIABLE,True,True,6158,6158,5600,5600,0.020026,0.019561,-0.00046500000000000014,True,True,True,True,True,
repeat=0|base=k8_color7|variant=perm_seed1730,0,k8_color7,perm_seed1730,1,1,UNSATISFIABLE,UNSATISFIABLE,True,True,6138,6138,5624,5624,0.018852,0.018528,-0.00032400000000000137,True,True,True,True,True,
repeat=0|base=k8_color7|variant=perm_seed1731,0,k8_color7,perm_seed1731,1,1,UNSATISFIABLE,UNSATISFIABLE,True,True,5800,5800,5271,5271,0.014606,0.01457,-3.5999999999999574e-05,True,True,True,True,True,
repeat=0|base=k8_color7|variant=perm_seed1732,0,k8_color7,perm_seed1732,1,1,UNSATISFIABLE,UNSATISFIABLE,True,True,5924,5924,5469,5469,0.017897,0.01798,8.299999999999974e-05,True,True,True,True,True,
repeat=0|base=k8_color7|variant=perm_seed1733,0,k8_color7,perm_seed1733,1,1,UNSATISFIABLE,UNSATISFIABLE,True,True,5998,5998,5468,5468,0.016909,0.016542,-0.00036699999999999927,True,True,True,True,True,
repeat=0|base=k8_color7|variant=perm_seed1734,0,k8_color7,perm_seed1734,1,1,UNSATISFIABLE,UNSATISFIABLE,True,True,6065,6065,5514,5514,0.016632,0.016587,-4.49999999999999e-05,True,True,True,True,True,
repeat=0|base=k8_color7|variant=perm_seed1735,0,k8_color7,perm_seed1735,1,1,UNSATISFIABLE,UNSATISFIABLE,True,True,6386,6386,5811,5811,0.016801,0.016429,-0.0003720000000000008,True,True,True,True,True,
repeat=0|base=k8_color7|variant=perm_seed1736,0,k8_color7,perm_seed1736,1,1,UNSATISFIABLE,UNSATISFIABLE,True,True,6265,6265,5729,5729,0.017675,0.017688,1.2999999999999123e-05,True,True,True,True,True,
repeat=0|base=k8_color7|variant=perm_seed1737,0,k8_color7,perm_seed1737,1,1,UNSATISFIABLE,UNSATISFIABLE,True,True,5646,5646,5224,5224,0.016928,0.01674,-0.0001879999999999972,True,True,True,True,True,
repeat=0|base=k8_color7|variant=perm_seed1738,0,k8_color7,perm_seed1738,1,1,UNSATISFIABLE,UNSATISFIABLE,True,True,5875,5875,5336,5336,0.016734,0.016528,-0.00020599999999999785,True,True,True,True,True,
repeat=0|base=k8_color7|variant=perm_seed1739,0,k8_color7,perm_seed1739,1,1,UNSATISFIABLE,UNSATISFIABLE,True,True,6199,6199,5714,5714,0.019384,0.019265,-0.00011899999999999758,True,True,True,True,True,
repeat=0|base=k8_color7|variant=perm_seed1740,0,k8_color7,perm_seed1740,1,1,UNSATISFIABLE,UNSATISFIABLE,True,True,5664,5664,5199,5199,0.016888,0.017017,0.00012900000000000064,True,True,True,True,True,
repeat=0|base=k8_color7|variant=perm_seed1741,0,k8_color7,perm_seed1741,1,1,UNSATISFIABLE,UNSATISFIABLE,True,True,6125,6125,5545,5545,0.019006,0.018716,-0.0002899999999999986,True,True,True,True,True,
repeat=0|base=k8_color7|variant=perm_seed1742,0,k8_color7,perm_seed1742,1,1,UNSATISFIABLE,UNSATISFIABLE,True,True,5850,5850,5407,5407,0.018432,0.018187,-0.00024500000000000216,True,True,True,True,True,
repeat=0|base=k8_color7|variant=perm_seed1743,0,k8_color7,perm_seed1743,1,1,UNSATISFIABLE,UNSATISFIABLE,True,True,6238,6238,5695,5695,0.01806,0.017927,-0.00013300000000000117,True,True,True,True,True,
repeat=0|base=k8_color7|variant=perm_seed1744,0,k8_color7,perm_seed1744,1,1,UNSATISFIABLE,UNSATISFIABLE,True,True,6140,6140,5609,5609,0.017044,0.016879,-0.00016499999999999848,True,True,True,True,True,
repeat=0|base=k8_color7|variant=perm_seed1745,0,k8_color7,perm_seed1745,1,1,UNSATISFIABLE,UNSATISFIABLE,True,True,5774,5774,5262,5262,0.018485,0.019103,0.000617999999999997,True,True,True,True,True,
repeat=0|base=k9_color8|variant=base,0,k9_color8,base,1,1,UNSATISFIABLE,UNSATISFIABLE,True,True,46557,46557,43529,43529,0.262805,0.257571,-0.005234000000000016,True,True,True,True,True,
repeat=0|base=k9_color8|variant=perm_seed1730,0,k9_color8,perm_seed1730,1,1,UNSATISFIABLE,UNSATISFIABLE,True,True,39708,39708,36681,36681,0.179285,0.177983,-0.0013019999999999976,True,True,True,True,True,
repeat=0|base=k9_color8|variant=perm_seed1731,0,k9_color8,perm_seed1731,1,1,UNSATISFIABLE,UNSATISFIABLE,True,True,47177,47177,43763,43763,0.238981,0.235663,-0.0033179999999999876,True,True,True,True,True,
repeat=0|base=php_exit_all_p10_h9|variant=base,0,php_exit_all_p10_h9,base,1,1,SATISFIABLE,SATISFIABLE,True,True,47,47,0,0,0.001114,0.000972,-0.00014199999999999998,True,True,True,True,True,
repeat=0|base=php_exit_all_p10_h9|variant=perm_seed1730,0,php_exit_all_p10_h9,perm_seed1730,1,1,SATISFIABLE,SATISFIABLE,True,True,82,82,5,5,0.001044,0.001061,1.7000000000000088e-05,True,True,True,True,True,
repeat=0|base=php_exit_all_p10_h9|variant=perm_seed1731,0,php_exit_all_p10_h9,perm_seed1731,1,1,SATISFIABLE,SATISFIABLE,True,True,70,70,1,1,0.001024,0.000984,-3.999999999999989e-05,True,True,True,True,True,
repeat=0|base=php_exit_all_p10_h9|variant=perm_seed1732,0,php_exit_all_p10_h9,perm_seed1732,1,1,SATISFIABLE,SATISFIABLE,True,True,77,77,2,2,0.000983,0.000979,-3.99999999999988e-06,True,True,True,True,True,
repeat=0|base=php_exit_all_p10_h9|variant=perm_seed1733,0,php_exit_all_p10_h9,perm_seed1733,1,1,SATISFIABLE,SATISFIABLE,True,True,75,75,1,1,0.000943,0.00095,6.999999999999953e-06,True,True,True,True,True,
repeat=0|base=php_exit_all_p10_h9|variant=perm_seed1734,0,php_exit_all_p10_h9,perm_seed1734,1,1,SATISFIABLE,SATISFIABLE,True,True,77,77,7,7,0.000947,0.001023,7.6e-05,True,True,True,True,True,
repeat=0|base=php_exit_all_p10_h9|variant=perm_seed1735,0,php_exit_all_p10_h9,perm_seed1735,1,1,SATISFIABLE,SATISFIABLE,True,True,91,91,17,17,0.000952,0.000987,3.499999999999998e-05,True,True,True,True,True,
repeat=0|base=php_exit_all_p10_h9|variant=perm_seed1736,0,php_exit_all_p10_h9,perm_seed1736,1,1,SATISFIABLE,SATISFIABLE,True,True,71,71,1,1,0.00094,0.000964,2.400000000000004e-05,True,True,True,True,True,
repeat=0|base=php_exit_all_p10_h9|variant=perm_seed1737,0,php_exit_all_p10_h9,perm_seed1737,1,1,SATISFIABLE,SATISFIABLE,True,True,79,79,1,1,0.00104,0.001008,-3.199999999999991e-05,True,True,True,True,True,
repeat=0|base=php_exit_all_p10_h9|variant=perm_seed1738,0,php_exit_all_p10_h9,perm_seed1738,1,1,SATISFIABLE,SATISFIABLE,True,True,144,144,62,62,0.001166,0.001133,-3.300000000000004e-05,True,True,True,True,True,
repeat=0|base=php_exit_all_p10_h9|variant=perm_seed1739,0,php_exit_all_p10_h9,perm_seed1739,1,1,SATISFIABLE,SATISFIABLE,True,True,71,71,1,1,0.000981,0.001092,0.00011099999999999999,True,True,True,True,True,
repeat=0|base=php_exit_all_p10_h9|variant=perm_seed1740,0,php_exit_all_p10_h9,perm_seed1740,1,1,SATISFIABLE,SATISFIABLE,True,True,64,64,0,0,0.00098,0.00099,1.0000000000000026e-05,True,True,True,True,True,
repeat=0|base=php_exit_all_p10_h9|variant=perm_seed1741,0,php_exit_all_p10_h9,perm_seed1741,1,1,SATISFIABLE,SATISFIABLE,True,True,69,69,0,0,0.000991,0.000957,-3.399999999999996e-05,True,True,True,True,True,
repeat=0|base=php_exit_all_p10_h9|variant=perm_seed1742,0,php_exit_all_p10_h9,perm_seed1742,1,1,SATISFIABLE,SATISFIABLE,True,True,89,89,17,17,0.001173,0.001024,-0.00014900000000000004,True,True,True,True,True,
repeat=0|base=php_exit_all_p10_h9|variant=perm_seed1743,0,php_exit_all_p10_h9,perm_seed1743,1,1,SATISFIABLE,SATISFIABLE,True,True,211,211,131,131,0.001282,0.001251,-3.0999999999999995e-05,True,True,True,True,True,
repeat=0|base=php_exit_all_p10_h9|variant=perm_seed1744,0,php_exit_all_p10_h9,perm_seed1744,1,1,SATISFIABLE,SATISFIABLE,True,True,123,123,48,48,0.001014,0.001079,6.500000000000017e-05,True,True,True,True,True,
repeat=0|base=php_exit_all_p10_h9|variant=perm_seed1745,0,php_exit_all_p10_h9,perm_seed1745,1,1,SATISFIABLE,SATISFIABLE,True,True,146,146,71,71,0.001091,0.001121,3.000000000000008e-05,True,True,True,True,True,
repeat=0|base=php_exit_all_p5_h4|variant=base,0,php_exit_all_p5_h4,base,1,1,SATISFIABLE,SATISFIABLE,True,True,12,12,0,0,0.000597,0.000604,7.000000000000062e-06,True,True,True,True,True,
repeat=0|base=php_exit_all_p5_h4|variant=perm_seed1730,0,php_exit_all_p5_h4,perm_seed1730,1,1,SATISFIABLE,SATISFIABLE,True,True,12,12,0,0,0.000585,0.000655,6.999999999999997e-05,True,True,True,True,True,
repeat=0|base=php_exit_all_p5_h4|variant=perm_seed1731,0,php_exit_all_p5_h4,perm_seed1731,1,1,SATISFIABLE,SATISFIABLE,True,True,16,16,1,1,0.000618,0.0006,-1.8000000000000004e-05,True,True,True,True,True,
repeat=0|base=php_exit_all_p6_h5|variant=base,0,php_exit_all_p6_h5,base,1,1,SATISFIABLE,SATISFIABLE,True,True,17,17,0,0,0.000611,0.000659,4.7999999999999974e-05,True,True,True,True,True,
repeat=0|base=php_exit_all_p6_h5|variant=perm_seed1730,0,php_exit_all_p6_h5,perm_seed1730,1,1,SATISFIABLE,SATISFIABLE,True,True,23,23,0,0,0.00061,0.00064,3.000000000000008e-05,True,True,True,True,True,
repeat=0|base=php_exit_all_p6_h5|variant=perm_seed1731,0,php_exit_all_p6_h5,perm_seed1731,1,1,SATISFIABLE,SATISFIABLE,True,True,21,21,0,0,0.000624,0.000627,2.9999999999999645e-06,True,True,True,True,True,
repeat=0|base=php_exit_all_p6_h5|variant=perm_seed1732,0,php_exit_all_p6_h5,perm_seed1732,1,1,SATISFIABLE,SATISFIABLE,True,True,26,26,3,3,0.000676,0.000635,-4.099999999999991e-05,True,True,True,True,True,
repeat=0|base=php_exit_all_p6_h5|variant=perm_seed1733,0,php_exit_all_p6_h5,perm_seed1733,1,1,SATISFIABLE,SATISFIABLE,True,True,22,22,0,0,0.000609,0.000633,2.400000000000004e-05,True,True,True,True,True,
repeat=0|base=php_exit_all_p6_h5|variant=perm_seed1734,0,php_exit_all_p6_h5,perm_seed1734,1,1,SATISFIABLE,SATISFIABLE,True,True,21,21,1,1,0.000642,0.000638,-3.999999999999989e-06,True,True,True,True,True,
repeat=0|base=php_exit_all_p6_h5|variant=perm_seed1735,0,php_exit_all_p6_h5,perm_seed1735,1,1,SATISFIABLE,SATISFIABLE,True,True,24,24,1,1,0.000609,0.000619,1.0000000000000026e-05,True,True,True,True,True,
repeat=0|base=php_exit_all_p6_h5|variant=perm_seed1736,0,php_exit_all_p6_h5,perm_seed1736,1,1,SATISFIABLE,SATISFIABLE,True,True,26,26,2,2,0.000669,0.00062,-4.9e-05,True,True,True,True,True,
repeat=0|base=php_exit_all_p6_h5|variant=perm_seed1737,0,php_exit_all_p6_h5,perm_seed1737,1,1,SATISFIABLE,SATISFIABLE,True,True,21,21,0,0,0.000612,0.000662,5.000000000000002e-05,True,True,True,True,True,
repeat=0|base=php_exit_all_p6_h5|variant=perm_seed1738,0,php_exit_all_p6_h5,perm_seed1738,1,1,SATISFIABLE,SATISFIABLE,True,True,22,22,2,2,0.000605,0.00069,8.5e-05,True,True,True,True,True,
repeat=0|base=php_exit_all_p6_h5|variant=perm_seed1739,0,php_exit_all_p6_h5,perm_seed1739,1,1,SATISFIABLE,SATISFIABLE,True,True,21,21,0,0,0.000605,0.000643,3.8000000000000056e-05,True,True,True,True,True,
repeat=0|base=php_exit_all_p6_h5|variant=perm_seed1740,0,php_exit_all_p6_h5,perm_seed1740,1,1,SATISFIABLE,SATISFIABLE,True,True,21,21,0,0,0.000613,0.000766,0.00015299999999999992,True,True,True,True,True,
repeat=0|base=php_exit_all_p6_h5|variant=perm_seed1741,0,php_exit_all_p6_h5,perm_seed1741,1,1,SATISFIABLE,SATISFIABLE,True,True,25,25,3,3,0.00062,0.000665,4.500000000000001e-05,True,True,True,True,True,
repeat=0|base=php_exit_all_p6_h5|variant=perm_seed1742,0,php_exit_all_p6_h5,perm_seed1742,1,1,SATISFIABLE,SATISFIABLE,True,True,25,25,1,1,0.000875,0.000723,-0.000152,True,True,True,True,True,
repeat=0|base=php_exit_all_p6_h5|variant=perm_seed1743,0,php_exit_all_p6_h5,perm_seed1743,1,1,SATISFIABLE,SATISFIABLE,True,True,61,61,37,37,0.000816,0.000702,-0.00011399999999999995,True,True,True,True,True,
repeat=0|base=php_exit_all_p6_h5|variant=perm_seed1744,0,php_exit_all_p6_h5,perm_seed1744,1,1,SATISFIABLE,SATISFIABLE,True,True,22,22,0,0,0.00069,0.000626,-6.399999999999993e-05,True,True,True,True,True,
repeat=0|base=php_exit_all_p6_h5|variant=perm_seed1745,0,php_exit_all_p6_h5,perm_seed1745,1,1,SATISFIABLE,SATISFIABLE,True,True,20,20,0,0,0.000675,0.000765,8.999999999999991e-05,True,True,True,True,True,
repeat=0|base=php_exit_all_p7_h6|variant=base,0,php_exit_all_p7_h6,base,1,1,SATISFIABLE,SATISFIABLE,True,True,23,23,0,0,0.000674,0.000785,0.00011099999999999999,True,True,True,True,True,
repeat=0|base=php_exit_all_p7_h6|variant=perm_seed1730,0,php_exit_all_p7_h6,perm_seed1730,1,1,SATISFIABLE,SATISFIABLE,True,True,39,39,12,12,0.000693,0.000755,6.199999999999999e-05,True,True,True,True,True,
repeat=0|base=php_exit_all_p7_h6|variant=perm_seed1731,0,php_exit_all_p7_h6,perm_seed1731,1,1,SATISFIABLE,SATISFIABLE,True,True,37,37,2,2,0.000716,0.000801,8.5e-05,True,True,True,True,True,
repeat=0|base=php_exit_all_p7_h6|variant=perm_seed1732,0,php_exit_all_p7_h6,perm_seed1732,1,1,SATISFIABLE,SATISFIABLE,True,True,41,41,8,8,0.000728,0.000734,5.999999999999929e-06,True,True,True,True,True,
repeat=0|base=php_exit_all_p7_h6|variant=perm_seed1733,0,php_exit_all_p7_h6,perm_seed1733,1,1,SATISFIABLE,SATISFIABLE,True,True,35,35,1,1,0.000691,0.00074,4.9e-05,True,True,True,True,True,
repeat=0|base=php_exit_all_p7_h6|variant=perm_seed1734,0,php_exit_all_p7_h6,perm_seed1734,1,1,SATISFIABLE,SATISFIABLE,True,True,41,41,6,6,0.000692,0.000827,0.00013500000000000003,True,True,True,True,True,
repeat=0|base=php_exit_all_p7_h6|variant=perm_seed1735,0,php_exit_all_p7_h6,perm_seed1735,1,1,SATISFIABLE,SATISFIABLE,True,True,32,32,0,0,0.000854,0.000687,-0.00016700000000000005,True,True,True,True,True,
repeat=0|base=php_exit_all_p7_h6|variant=perm_seed1736,0,php_exit_all_p7_h6,perm_seed1736,1,1,SATISFIABLE,SATISFIABLE,True,True,33,33,1,1,0.000724,0.000705,-1.9000000000000028e-05,True,True,True,True,True,
repeat=0|base=php_exit_all_p7_h6|variant=perm_seed1737,0,php_exit_all_p7_h6,perm_seed1737,1,1,SATISFIABLE,SATISFIABLE,True,True,37,37,1,1,0.00068,0.00075,6.999999999999997e-05,True,True,True,True,True,
repeat=0|base=php_exit_all_p7_h6|variant=perm_seed1738,0,php_exit_all_p7_h6,perm_seed1738,1,1,SATISFIABLE,SATISFIABLE,True,True,66,66,41,41,0.000725,0.000738,1.3000000000000099e-05,True,True,True,True,True,
repeat=0|base=php_exit_all_p7_h6|variant=perm_seed1739,0,php_exit_all_p7_h6,perm_seed1739,1,1,SATISFIABLE,SATISFIABLE,True,True,34,34,1,1,0.000668,0.000748,7.999999999999999e-05,True,True,True,True,True,
repeat=0|base=php_exit_all_p7_h6|variant=perm_seed1740,0,php_exit_all_p7_h6,perm_seed1740,1,1,SATISFIABLE,SATISFIABLE,True,True,29,29,0,0,0.000823,0.000701,-0.00012199999999999993,True,True,True,True,True,
repeat=0|base=php_exit_all_p7_h6|variant=perm_seed1741,0,php_exit_all_p7_h6,perm_seed1741,1,1,SATISFIABLE,SATISFIABLE,True,True,32,32,0,0,0.000762,0.000726,-3.600000000000001e-05,True,True,True,True,True,
repeat=0|base=php_exit_all_p7_h6|variant=perm_seed1742,0,php_exit_all_p7_h6,perm_seed1742,1,1,SATISFIABLE,SATISFIABLE,True,True,35,35,3,3,0.000754,0.000724,-2.999999999999997e-05,True,True,True,True,True,
repeat=0|base=php_exit_all_p7_h6|variant=perm_seed1743,0,php_exit_all_p7_h6,perm_seed1743,1,1,SATISFIABLE,SATISFIABLE,True,True,33,33,0,0,0.000685,0.000682,-2.9999999999999645e-06,True,True,True,True,True,
repeat=0|base=php_exit_all_p7_h6|variant=perm_seed1744,0,php_exit_all_p7_h6,perm_seed1744,1,1,SATISFIABLE,SATISFIABLE,True,True,36,36,4,4,0.000674,0.000668,-6.000000000000037e-06,True,True,True,True,True,
repeat=0|base=php_exit_all_p7_h6|variant=perm_seed1745,0,php_exit_all_p7_h6,perm_seed1745,1,1,SATISFIABLE,SATISFIABLE,True,True,29,29,0,0,0.000681,0.000744,6.300000000000001e-05,True,True,True,True,True,
repeat=0|base=php_exit_all_p8_h7|variant=base,0,php_exit_all_p8_h7,base,1,1,SATISFIABLE,SATISFIABLE,True,True,30,30,0,0,0.000842,0.000774,-6.800000000000003e-05,True,True,True,True,True,
repeat=0|base=php_exit_all_p8_h7|variant=perm_seed1730,0,php_exit_all_p8_h7,perm_seed1730,1,1,SATISFIABLE,SATISFIABLE,True,True,39,39,0,0,0.000764,0.000771,6.999999999999953e-06,True,True,True,True,True,
repeat=0|base=php_exit_all_p8_h7|variant=perm_seed1731,0,php_exit_all_p8_h7,perm_seed1731,1,1,SATISFIABLE,SATISFIABLE,True,True,56,56,7,7,0.000749,0.000769,2.0000000000000052e-05,True,True,True,True,True,
repeat=0|base=php_exit_all_p8_h7|variant=perm_seed1732,0,php_exit_all_p8_h7,perm_seed1732,1,1,SATISFIABLE,SATISFIABLE,True,True,38,38,0,0,0.000841,0.000839,-1.99999999999994e-06,True,True,True,True,True,
repeat=0|base=php_exit_all_p8_h7|variant=perm_seed1733,0,php_exit_all_p8_h7,perm_seed1733,1,1,SATISFIABLE,SATISFIABLE,True,True,44,44,3,3,0.000766,0.000754,-1.1999999999999966e-05,True,True,True,True,True,
repeat=0|base=php_exit_all_p8_h7|variant=perm_seed1734,0,php_exit_all_p8_h7,perm_seed1734,1,1,SATISFIABLE,SATISFIABLE,True,True,37,37,1,1,0.000885,0.000873,-1.2000000000000075e-05,True,True,True,True,True,
repeat=0|base=php_exit_all_p8_h7|variant=perm_seed1735,0,php_exit_all_p8_h7,perm_seed1735,1,1,SATISFIABLE,SATISFIABLE,True,True,65,65,23,23,0.000961,0.001031,6.999999999999997e-05,True,True,True,True,True,
repeat=0|base=php_exit_all_p8_h7|variant=perm_seed1736,0,php_exit_all_p8_h7,perm_seed1736,1,1,SATISFIABLE,SATISFIABLE,True,True,42,42,0,0,0.001189,0.0008,-0.0003889999999999999,True,True,True,True,True,
repeat=0|base=php_exit_all_p8_h7|variant=perm_seed1737,0,php_exit_all_p8_h7,perm_seed1737,1,1,SATISFIABLE,SATISFIABLE,True,True,46,46,1,1,0.000818,0.000821,2.9999999999999645e-06,True,True,True,True,True,
repeat=0|base=php_exit_all_p8_h7|variant=perm_seed1738,0,php_exit_all_p8_h7,perm_seed1738,1,1,SATISFIABLE,SATISFIABLE,True,True,44,44,3,3,0.000902,0.00079,-0.00011200000000000001,True,True,True,True,True,
repeat=0|base=php_exit_all_p8_h7|variant=perm_seed1739,0,php_exit_all_p8_h7,perm_seed1739,1,1,SATISFIABLE,SATISFIABLE,True,True,95,95,60,60,0.000863,0.000861,-2.0000000000000486e-06,True,True,True,True,True,
repeat=0|base=php_exit_all_p8_h7|variant=perm_seed1740,0,php_exit_all_p8_h7,perm_seed1740,1,1,SATISFIABLE,SATISFIABLE,True,True,47,47,1,1,0.000798,0.000762,-3.600000000000001e-05,True,True,True,True,True,
repeat=0|base=php_exit_all_p8_h7|variant=perm_seed1741,0,php_exit_all_p8_h7,perm_seed1741,1,1,SATISFIABLE,SATISFIABLE,True,True,226,226,173,173,0.001075,0.001102,2.6999999999999897e-05,True,True,True,True,True,
repeat=0|base=php_exit_all_p8_h7|variant=perm_seed1742,0,php_exit_all_p8_h7,perm_seed1742,1,1,SATISFIABLE,SATISFIABLE,True,True,49,49,1,1,0.000796,0.000806,9.999999999999918e-06,True,True,True,True,True,
repeat=0|base=php_exit_all_p8_h7|variant=perm_seed1743,0,php_exit_all_p8_h7,perm_seed1743,1,1,SATISFIABLE,SATISFIABLE,True,True,70,70,26,26,0.000793,0.000781,-1.1999999999999966e-05,True,True,True,True,True,
repeat=0|base=php_exit_all_p8_h7|variant=perm_seed1744,0,php_exit_all_p8_h7,perm_seed1744,1,1,SATISFIABLE,SATISFIABLE,True,True,40,40,0,0,0.000732,0.000852,0.00011999999999999999,True,True,True,True,True,
repeat=0|base=php_exit_all_p8_h7|variant=perm_seed1745,0,php_exit_all_p8_h7,perm_seed1745,1,1,SATISFIABLE,SATISFIABLE,True,True,41,41,0,0,0.000999,0.000948,-5.1000000000000155e-05,True,True,True,True,True,
repeat=0|base=php_exit_all_p9_h8|variant=base,0,php_exit_all_p9_h8,base,1,1,SATISFIABLE,SATISFIABLE,True,True,38,38,0,0,0.0008,0.000879,7.899999999999997e-05,True,True,True,True,True,
repeat=0|base=php_exit_all_p9_h8|variant=perm_seed1730,0,php_exit_all_p9_h8,perm_seed1730,1,1,SATISFIABLE,SATISFIABLE,True,True,50,50,0,0,0.00082,0.000863,4.300000000000007e-05,True,True,True,True,True,
repeat=0|base=php_exit_all_p9_h8|variant=perm_seed1731,0,php_exit_all_p9_h8,perm_seed1731,1,1,SATISFIABLE,SATISFIABLE,True,True,58,58,1,1,0.00081,0.000839,2.9000000000000054e-05,True,True,True,True,True,
repeat=0|base=php_exit_all_p9_h8|variant=perm_seed1732,0,php_exit_all_p9_h8,perm_seed1732,1,1,SATISFIABLE,SATISFIABLE,True,True,283,283,217,217,0.001231,0.001268,3.6999999999999924e-05,True,True,True,True,True,
repeat=0|base=php_exit_all_p9_h8|variant=perm_seed1733,0,php_exit_all_p9_h8,perm_seed1733,1,1,SATISFIABLE,SATISFIABLE,True,True,136,136,79,79,0.000968,0.000958,-1.0000000000000026e-05,True,True,True,True,True,
repeat=0|base=php_exit_all_p9_h8|variant=perm_seed1734,0,php_exit_all_p9_h8,perm_seed1734,1,1,SATISFIABLE,SATISFIABLE,True,True,61,61,1,1,0.000871,0.000833,-3.8000000000000056e-05,True,True,True,True,True,
repeat=0|base=php_exit_all_p9_h8|variant=perm_seed1735,0,php_exit_all_p9_h8,perm_seed1735,1,1,SATISFIABLE,SATISFIABLE,True,True,79,79,18,18,0.000834,0.000855,2.099999999999997e-05,True,True,True,True,True,
repeat=0|base=php_exit_all_p9_h8|variant=perm_seed1736,0,php_exit_all_p9_h8,perm_seed1736,1,1,SATISFIABLE,SATISFIABLE,True,True,54,54,0,0,0.00079,0.000948,0.00015799999999999994,True,True,True,True,True,
repeat=0|base=php_exit_all_p9_h8|variant=perm_seed1737,0,php_exit_all_p9_h8,perm_seed1737,1,1,SATISFIABLE,SATISFIABLE,True,True,82,82,20,20,0.000903,0.000872,-3.0999999999999995e-05,True,True,True,True,True,
repeat=0|base=php_exit_all_p9_h8|variant=perm_seed1738,0,php_exit_all_p9_h8,perm_seed1738,1,1,SATISFIABLE,SATISFIABLE,True,True,356,356,279,279,0.00138,0.001466,8.600000000000014e-05,True,True,True,True,True,
repeat=0|base=php_exit_all_p9_h8|variant=perm_seed1739,0,php_exit_all_p9_h8,perm_seed1739,1,1,SATISFIABLE,SATISFIABLE,True,True,61,61,4,4,0.000854,0.000932,7.799999999999994e-05,True,True,True,True,True,
repeat=0|base=php_exit_all_p9_h8|variant=perm_seed1740,0,php_exit_all_p9_h8,perm_seed1740,1,1,SATISFIABLE,SATISFIABLE,True,True,60,60,2,2,0.00082,0.000856,3.600000000000001e-05,True,True,True,True,True,
repeat=0|base=php_exit_all_p9_h8|variant=perm_seed1741,0,php_exit_all_p9_h8,perm_seed1741,1,1,SATISFIABLE,SATISFIABLE,True,True,63,63,6,6,0.000893,0.000851,-4.2000000000000045e-05,True,True,True,True,True,
repeat=0|base=php_exit_all_p9_h8|variant=perm_seed1742,0,php_exit_all_p9_h8,perm_seed1742,1,1,SATISFIABLE,SATISFIABLE,True,True,57,57,1,1,0.00086,0.000874,1.4000000000000015e-05,True,True,True,True,True,
repeat=0|base=php_exit_all_p9_h8|variant=perm_seed1743,0,php_exit_all_p9_h8,perm_seed1743,1,1,SATISFIABLE,SATISFIABLE,True,True,60,60,2,2,0.000839,0.000836,-2.9999999999999645e-06,True,True,True,True,True,
repeat=0|base=php_exit_all_p9_h8|variant=perm_seed1744,0,php_exit_all_p9_h8,perm_seed1744,1,1,SATISFIABLE,SATISFIABLE,True,True,55,55,0,0,0.000844,0.000925,8.100000000000002e-05,True,True,True,True,True,
repeat=0|base=php_exit_all_p9_h8|variant=perm_seed1745,0,php_exit_all_p9_h8,perm_seed1745,1,1,SATISFIABLE,SATISFIABLE,True,True,59,59,1,1,0.000903,0.000898,-5.000000000000013e-06,True,True,True,True,True,
repeat=0|base=php_exit_single_p10_h9|variant=base,0,php_exit_single_p10_h9,base,1,1,SATISFIABLE,SATISFIABLE,True,True,38,38,0,0,0.001132,0.000931,-0.000201,True,True,True,True,True,
repeat=0|base=php_exit_single_p10_h9|variant=perm_seed1730,0,php_exit_single_p10_h9,perm_seed1730,1,1,SATISFIABLE,SATISFIABLE,True,True,63,63,0,0,0.000881,0.000835,-4.5999999999999925e-05,True,True,True,True,True,
repeat=0|base=php_exit_single_p10_h9|variant=perm_seed1731,0,php_exit_single_p10_h9,perm_seed1731,1,1,SATISFIABLE,SATISFIABLE,True,True,64,64,0,0,0.000843,0.000923,7.999999999999999e-05,True,True,True,True,True,
repeat=0|base=php_exit_single_p10_h9|variant=perm_seed1732,0,php_exit_single_p10_h9,perm_seed1732,1,1,SATISFIABLE,SATISFIABLE,True,True,82,82,22,22,0.000914,0.000889,-2.4999999999999957e-05,True,True,True,True,True,
repeat=0|base=php_exit_single_p10_h9|variant=perm_seed1733,0,php_exit_single_p10_h9,perm_seed1733,1,1,SATISFIABLE,SATISFIABLE,True,True,59,59,1,1,0.000849,0.000845,-3.999999999999989e-06,True,True,True,True,True,
repeat=0|base=php_exit_single_p10_h9|variant=perm_seed1734,0,php_exit_single_p10_h9,perm_seed1734,1,1,SATISFIABLE,SATISFIABLE,True,True,65,65,1,1,0.00083,0.00084,1.0000000000000026e-05,True,True,True,True,True,
repeat=0|base=php_exit_single_p10_h9|variant=perm_seed1735,0,php_exit_single_p10_h9,perm_seed1735,1,1,SATISFIABLE,SATISFIABLE,True,True,181,181,104,104,0.000989,0.001136,0.000147,True,True,True,True,True,
repeat=0|base=php_exit_single_p10_h9|variant=perm_seed1736,0,php_exit_single_p10_h9,perm_seed1736,1,1,SATISFIABLE,SATISFIABLE,True,True,62,62,0,0,0.000931,0.000853,-7.799999999999994e-05,True,True,True,True,True,
repeat=0|base=php_exit_single_p10_h9|variant=perm_seed1737,0,php_exit_single_p10_h9,perm_seed1737,1,1,SATISFIABLE,SATISFIABLE,True,True,107,107,39,39,0.000953,0.001077,0.0001240000000000001,True,True,True,True,True,
repeat=0|base=php_exit_single_p10_h9|variant=perm_seed1738,0,php_exit_single_p10_h9,perm_seed1738,1,1,SATISFIABLE,SATISFIABLE,True,True,67,67,7,7,0.000873,0.000921,4.800000000000008e-05,True,True,True,True,True,
repeat=0|base=php_exit_single_p10_h9|variant=perm_seed1739,0,php_exit_single_p10_h9,perm_seed1739,1,1,SATISFIABLE,SATISFIABLE,True,True,59,59,0,0,0.000838,0.000904,6.599999999999998e-05,True,True,True,True,True,
repeat=0|base=php_exit_single_p10_h9|variant=perm_seed1740,0,php_exit_single_p10_h9,perm_seed1740,1,1,SATISFIABLE,SATISFIABLE,True,True,60,60,6,6,0.000855,0.000878,2.3000000000000017e-05,True,True,True,True,True,
repeat=0|base=php_exit_single_p10_h9|variant=perm_seed1741,0,php_exit_single_p10_h9,perm_seed1741,1,1,SATISFIABLE,SATISFIABLE,True,True,59,59,1,1,0.000864,0.000865,1.0000000000000243e-06,True,True,True,True,True,
repeat=0|base=php_exit_single_p10_h9|variant=perm_seed1742,0,php_exit_single_p10_h9,perm_seed1742,1,1,SATISFIABLE,SATISFIABLE,True,True,64,64,2,2,0.000878,0.000905,2.7000000000000006e-05,True,True,True,True,True,
repeat=0|base=php_exit_single_p10_h9|variant=perm_seed1743,0,php_exit_single_p10_h9,perm_seed1743,1,1,SATISFIABLE,SATISFIABLE,True,True,57,57,0,0,0.00085,0.000838,-1.1999999999999966e-05,True,True,True,True,True,
repeat=0|base=php_exit_single_p10_h9|variant=perm_seed1744,0,php_exit_single_p10_h9,perm_seed1744,1,1,SATISFIABLE,SATISFIABLE,True,True,54,54,0,0,0.000856,0.000882,2.599999999999998e-05,True,True,True,True,True,
repeat=0|base=php_exit_single_p10_h9|variant=perm_seed1745,0,php_exit_single_p10_h9,perm_seed1745,1,1,SATISFIABLE,SATISFIABLE,True,True,69,69,9,9,0.000889,0.000998,0.00010899999999999994,True,True,True,True,True,
repeat=0|base=php_exit_single_p11_h10|variant=base,0,php_exit_single_p11_h10,base,1,1,SATISFIABLE,SATISFIABLE,True,True,47,47,0,0,0.000941,0.001018,7.700000000000003e-05,True,True,True,True,True,
repeat=0|base=php_exit_single_p11_h10|variant=perm_seed1730,0,php_exit_single_p11_h10,perm_seed1730,1,1,SATISFIABLE,SATISFIABLE,True,True,79,79,0,0,0.000991,0.000976,-1.4999999999999931e-05,True,True,True,True,True,
repeat=0|base=php_exit_single_p11_h10|variant=perm_seed1731,0,php_exit_single_p11_h10,perm_seed1731,1,1,SATISFIABLE,SATISFIABLE,True,True,77,77,0,0,0.00097,0.001202,0.0002319999999999999,True,True,True,True,True,
repeat=0|base=php_exit_single_p11_h10|variant=perm_seed1732,0,php_exit_single_p11_h10,perm_seed1732,1,1,SATISFIABLE,SATISFIABLE,True,True,89,89,12,12,0.000967,0.001055,8.799999999999997e-05,True,True,True,True,True,
repeat=0|base=php_exit_single_p11_h10|variant=perm_seed1733,0,php_exit_single_p11_h10,perm_seed1733,1,1,SATISFIABLE,SATISFIABLE,True,True,79,79,0,0,0.001017,0.000954,-6.29999999999999e-05,True,True,True,True,True,
repeat=0|base=php_exit_single_p11_h10|variant=perm_seed1734,0,php_exit_single_p11_h10,perm_seed1734,1,1,SATISFIABLE,SATISFIABLE,True,True,161,161,85,85,0.001105,0.001135,2.9999999999999862e-05,True,True,True,True,True,
repeat=0|base=php_exit_single_p11_h10|variant=perm_seed1735,0,php_exit_single_p11_h10,perm_seed1735,1,1,SATISFIABLE,SATISFIABLE,True,True,77,77,0,0,0.000948,0.000924,-2.3999999999999933e-05,True,True,True,True,True,
repeat=0|base=php_exit_single_p11_h10|variant=perm_seed1736,0,php_exit_single_p11_h10,perm_seed1736,1,1,SATISFIABLE,SATISFIABLE,True,True,87,87,9,9,0.000905,0.00105,0.00014499999999999995,True,True,True,True,True,
repeat=0|base=php_exit_single_p11_h10|variant=perm_seed1737,0,php_exit_single_p11_h10,perm_seed1737,1,1,SATISFIABLE,SATISFIABLE,True,True,72,72,0,0,0.000956,0.000963,6.999999999999953e-06,True,True,True,True,True,
repeat=0|base=php_exit_single_p11_h10|variant=perm_seed1738,0,php_exit_single_p11_h10,perm_seed1738,1,1,SATISFIABLE,SATISFIABLE,True,True,72,72,0,0,0.001062,0.000968,-9.400000000000001e-05,True,True,True,True,True,
repeat=0|base=php_exit_single_p11_h10|variant=perm_seed1739,0,php_exit_single_p11_h10,perm_seed1739,1,1,SATISFIABLE,SATISFIABLE,True,True,77,77,4,4,0.000963,0.000931,-3.200000000000002e-05,True,True,True,True,True,
repeat=0|base=php_exit_single_p11_h10|variant=perm_seed1740,0,php_exit_single_p11_h10,perm_seed1740,1,1,SATISFIABLE,SATISFIABLE,True,True,92,92,15,15,0.000962,0.001039,7.700000000000003e-05,True,True,True,True,True,
repeat=0|base=php_exit_single_p11_h10|variant=perm_seed1741,0,php_exit_single_p11_h10,perm_seed1741,1,1,SATISFIABLE,SATISFIABLE,True,True,78,78,2,2,0.000938,0.000995,5.6999999999999976e-05,True,True,True,True,True,
repeat=0|base=php_exit_single_p11_h10|variant=perm_seed1742,0,php_exit_single_p11_h10,perm_seed1742,1,1,SATISFIABLE,SATISFIABLE,True,True,72,72,0,0,0.001073,0.00106,-1.299999999999999e-05,True,True,True,True,True,
repeat=0|base=php_exit_single_p11_h10|variant=perm_seed1743,0,php_exit_single_p11_h10,perm_seed1743,1,1,SATISFIABLE,SATISFIABLE,True,True,77,77,0,0,0.001,0.000913,-8.700000000000005e-05,True,True,True,True,True,
repeat=0|base=php_exit_single_p11_h10|variant=perm_seed1744,0,php_exit_single_p11_h10,perm_seed1744,1,1,SATISFIABLE,SATISFIABLE,True,True,73,73,0,0,0.000929,0.000923,-6.000000000000037e-06,True,True,True,True,True,
repeat=0|base=php_exit_single_p11_h10|variant=perm_seed1745,0,php_exit_single_p11_h10,perm_seed1745,1,1,SATISFIABLE,SATISFIABLE,True,True,81,81,2,2,0.000924,0.000991,6.69999999999999e-05,True,True,True,True,True,
repeat=0|base=php_exit_single_p12_h11|variant=base,0,php_exit_single_p12_h11,base,1,1,SATISFIABLE,SATISFIABLE,True,True,57,57,0,0,0.001164,0.0012,3.599999999999979e-05,True,True,True,True,True,
repeat=0|base=php_exit_single_p12_h11|variant=perm_seed1730,0,php_exit_single_p12_h11,perm_seed1730,1,1,SATISFIABLE,SATISFIABLE,True,True,101,101,1,1,0.001115,0.001141,2.599999999999998e-05,True,True,True,True,True,
repeat=0|base=php_exit_single_p12_h11|variant=perm_seed1731,0,php_exit_single_p12_h11,perm_seed1731,1,1,SATISFIABLE,SATISFIABLE,True,True,98,98,1,1,0.001139,0.001173,3.399999999999996e-05,True,True,True,True,True,
repeat=0|base=php_exit_single_p12_h11|variant=perm_seed1732,0,php_exit_single_p12_h11,perm_seed1732,1,1,SATISFIABLE,SATISFIABLE,True,True,112,112,22,22,0.0012,0.001169,-3.0999999999999995e-05,True,True,True,True,True,
repeat=0|base=php_exit_single_p12_h11|variant=perm_seed1733,0,php_exit_single_p12_h11,perm_seed1733,1,1,SATISFIABLE,SATISFIABLE,True,True,96,96,1,1,0.001268,0.001086,-0.0001820000000000001,True,True,True,True,True,
repeat=0|base=php_exit_single_p12_h11|variant=perm_seed1734,0,php_exit_single_p12_h11,perm_seed1734,1,1,SATISFIABLE,SATISFIABLE,True,True,113,113,19,19,0.001142,0.001099,-4.300000000000007e-05,True,True,True,True,True,
repeat=0|base=php_exit_single_p12_h11|variant=perm_seed1735,0,php_exit_single_p12_h11,perm_seed1735,1,1,SATISFIABLE,SATISFIABLE,True,True,107,107,12,12,0.001088,0.001101,1.299999999999999e-05,True,True,True,True,True,
repeat=0|base=php_exit_single_p12_h11|variant=perm_seed1736,0,php_exit_single_p12_h11,perm_seed1736,1,1,SATISFIABLE,SATISFIABLE,True,True,95,95,0,0,0.001127,0.001205,7.799999999999994e-05,True,True,True,True,True,
repeat=0|base=php_exit_single_p12_h11|variant=perm_seed1737,0,php_exit_single_p12_h11,perm_seed1737,1,1,SATISFIABLE,SATISFIABLE,True,True,101,101,2,2,0.001202,0.001203,1.0000000000001327e-06,True,True,True,True,True,
repeat=0|base=php_exit_single_p12_h11|variant=perm_seed1738,0,php_exit_single_p12_h11,perm_seed1738,1,1,SATISFIABLE,SATISFIABLE,True,True,129,129,38,38,0.001321,0.001172,-0.00014899999999999983,True,True,True,True,True,
repeat=0|base=php_exit_single_p12_h11|variant=perm_seed1739,0,php_exit_single_p12_h11,perm_seed1739,1,1,SATISFIABLE,SATISFIABLE,True,True,91,91,0,0,0.001395,0.001151,-0.00024400000000000008,True,True,True,True,True,
repeat=0|base=php_exit_single_p12_h11|variant=perm_seed1740,0,php_exit_single_p12_h11,perm_seed1740,1,1,SATISFIABLE,SATISFIABLE,True,True,97,97,0,0,0.001165,0.001084,-8.100000000000013e-05,True,True,True,True,True,
repeat=0|base=php_exit_single_p12_h11|variant=perm_seed1741,0,php_exit_single_p12_h11,perm_seed1741,1,1,SATISFIABLE,SATISFIABLE,True,True,89,89,0,0,0.001047,0.00112,7.299999999999993e-05,True,True,True,True,True,
repeat=0|base=php_exit_single_p12_h11|variant=perm_seed1742,0,php_exit_single_p12_h11,perm_seed1742,1,1,SATISFIABLE,SATISFIABLE,True,True,96,96,9,9,0.001158,0.001151,-7.000000000000062e-06,True,True,True,True,True,
repeat=0|base=php_exit_single_p12_h11|variant=perm_seed1743,0,php_exit_single_p12_h11,perm_seed1743,1,1,SATISFIABLE,SATISFIABLE,True,True,94,94,1,1,0.001092,0.001119,2.6999999999999897e-05,True,True,True,True,True,
repeat=0|base=php_exit_single_p12_h11|variant=perm_seed1744,0,php_exit_single_p12_h11,perm_seed1744,1,1,SATISFIABLE,SATISFIABLE,True,True,95,95,1,1,0.001184,0.001105,-7.899999999999986e-05,True,True,True,True,True,
repeat=0|base=php_exit_single_p12_h11|variant=perm_seed1745,0,php_exit_single_p12_h11,perm_seed1745,1,1,SATISFIABLE,SATISFIABLE,True,True,92,92,1,1,0.001048,0.001237,0.00018899999999999993,True,True,True,True,True,
repeat=0|base=php_exit_single_p5_h4|variant=base,0,php_exit_single_p5_h4,base,1,1,SATISFIABLE,SATISFIABLE,True,True,1,1,0,0,0.000717,0.000652,-6.499999999999995e-05,True,True,True,True,True,
repeat=0|base=php_exit_single_p5_h4|variant=perm_seed1730,0,php_exit_single_p5_h4,perm_seed1730,1,1,SATISFIABLE,SATISFIABLE,True,True,1,1,0,0,0.000686,0.00069,3.999999999999989e-06,True,True,True,True,True,
repeat=0|base=php_exit_single_p5_h4|variant=perm_seed1731,0,php_exit_single_p5_h4,perm_seed1731,1,1,SATISFIABLE,SATISFIABLE,True,True,1,1,0,0,0.000644,0.000654,9.999999999999918e-06,True,True,True,True,True,
repeat=0|base=php_exit_single_p6_h5|variant=base,0,php_exit_single_p6_h5,base,1,1,SATISFIABLE,SATISFIABLE,True,True,12,12,0,0,0.000587,0.000665,7.800000000000005e-05,True,True,True,True,True,
repeat=0|base=php_exit_single_p6_h5|variant=perm_seed1730,0,php_exit_single_p6_h5,perm_seed1730,1,1,SATISFIABLE,SATISFIABLE,True,True,18,18,0,0,0.000626,0.000633,6.999999999999953e-06,True,True,True,True,True,
repeat=0|base=php_exit_single_p6_h5|variant=perm_seed1731,0,php_exit_single_p6_h5,perm_seed1731,1,1,SATISFIABLE,SATISFIABLE,True,True,16,16,0,0,0.000578,0.000601,2.3000000000000017e-05,True,True,True,True,True,
repeat=0|base=php_exit_single_p6_h5|variant=perm_seed1732,0,php_exit_single_p6_h5,perm_seed1732,1,1,SATISFIABLE,SATISFIABLE,True,True,16,16,1,1,0.000609,0.000608,-9.999999999999159e-07,True,True,True,True,True,
repeat=0|base=php_exit_single_p6_h5|variant=perm_seed1733,0,php_exit_single_p6_h5,perm_seed1733,1,1,SATISFIABLE,SATISFIABLE,True,True,14,14,0,0,0.000583,0.000597,1.4000000000000015e-05,True,True,True,True,True,
repeat=0|base=php_exit_single_p6_h5|variant=perm_seed1734,0,php_exit_single_p6_h5,perm_seed1734,1,1,SATISFIABLE,SATISFIABLE,True,True,14,14,0,0,0.000574,0.000794,0.00022000000000000003,True,True,True,True,True,
repeat=0|base=php_exit_single_p6_h5|variant=perm_seed1735,0,php_exit_single_p6_h5,perm_seed1735,1,1,SATISFIABLE,SATISFIABLE,True,True,17,17,2,2,0.000681,0.000659,-2.1999999999999993e-05,True,True,True,True,True,
repeat=0|base=php_exit_single_p6_h5|variant=perm_seed1736,0,php_exit_single_p6_h5,perm_seed1736,1,1,SATISFIABLE,SATISFIABLE,True,True,18,18,2,2,0.000686,0.000653,-3.2999999999999935e-05,True,True,True,True,True,
repeat=0|base=php_exit_single_p6_h5|variant=perm_seed1737,0,php_exit_single_p6_h5,perm_seed1737,1,1,SATISFIABLE,SATISFIABLE,True,True,17,17,1,1,0.000638,0.00064,2.0000000000000486e-06,True,True,True,True,True,
repeat=0|base=php_exit_single_p6_h5|variant=perm_seed1738,0,php_exit_single_p6_h5,perm_seed1738,1,1,SATISFIABLE,SATISFIABLE,True,True,16,16,0,0,0.000621,0.000654,3.2999999999999935e-05,True,True,True,True,True,
repeat=0|base=php_exit_single_p6_h5|variant=perm_seed1739,0,php_exit_single_p6_h5,perm_seed1739,1,1,SATISFIABLE,SATISFIABLE,True,True,13,13,0,0,0.000652,0.000609,-4.300000000000007e-05,True,True,True,True,True,
repeat=0|base=php_exit_single_p6_h5|variant=perm_seed1740,0,php_exit_single_p6_h5,perm_seed1740,1,1,SATISFIABLE,SATISFIABLE,True,True,14,14,0,0,0.000618,0.000644,2.600000000000009e-05,True,True,True,True,True,
repeat=0|base=php_exit_single_p6_h5|variant=perm_seed1741,0,php_exit_single_p6_h5,perm_seed1741,1,1,SATISFIABLE,SATISFIABLE,True,True,18,18,2,2,0.000645,0.000619,-2.599999999999998e-05,True,True,True,True,True,
repeat=0|base=php_exit_single_p6_h5|variant=perm_seed1742,0,php_exit_single_p6_h5,perm_seed1742,1,1,SATISFIABLE,SATISFIABLE,True,True,14,14,0,0,0.000571,0.000635,6.400000000000004e-05,True,True,True,True,True,
repeat=0|base=php_exit_single_p6_h5|variant=perm_seed1743,0,php_exit_single_p6_h5,perm_seed1743,1,1,SATISFIABLE,SATISFIABLE,True,True,17,17,1,1,0.00062,0.00058,-3.9999999999999996e-05,True,True,True,True,True,
repeat=0|base=php_exit_single_p6_h5|variant=perm_seed1744,0,php_exit_single_p6_h5,perm_seed1744,1,1,SATISFIABLE,SATISFIABLE,True,True,16,16,0,0,0.000606,0.000623,1.699999999999998e-05,True,True,True,True,True,
repeat=0|base=php_exit_single_p6_h5|variant=perm_seed1745,0,php_exit_single_p6_h5,perm_seed1745,1,1,SATISFIABLE,SATISFIABLE,True,True,19,19,3,3,0.000596,0.000621,2.5000000000000066e-05,True,True,True,True,True,
repeat=0|base=php_exit_single_p7_h6|variant=base,0,php_exit_single_p7_h6,base,1,1,SATISFIABLE,SATISFIABLE,True,True,17,17,0,0,0.000638,0.000646,7.999999999999978e-06,True,True,True,True,True,
repeat=0|base=php_exit_single_p7_h6|variant=perm_seed1730,0,php_exit_single_p7_h6,perm_seed1730,1,1,SATISFIABLE,SATISFIABLE,True,True,22,22,0,0,0.000624,0.000684,6.000000000000005e-05,True,True,True,True,True,
repeat=0|base=php_exit_single_p7_h6|variant=perm_seed1731,0,php_exit_single_p7_h6,perm_seed1731,1,1,SATISFIABLE,SATISFIABLE,True,True,28,28,5,5,0.000651,0.000741,9.000000000000002e-05,True,True,True,True,True,
repeat=0|base=php_exit_single_p7_h6|variant=perm_seed1732,0,php_exit_single_p7_h6,perm_seed1732,1,1,SATISFIABLE,SATISFIABLE,True,True,24,24,0,0,0.000653,0.000698,4.500000000000001e-05,True,True,True,True,True,
repeat=0|base=php_exit_single_p7_h6|variant=perm_seed1733,0,php_exit_single_p7_h6,perm_seed1733,1,1,SATISFIABLE,SATISFIABLE,True,True,32,32,11,11,0.000736,0.000734,-2.0000000000000486e-06,True,True,True,True,True,
repeat=0|base=php_exit_single_p7_h6|variant=perm_seed1734,0,php_exit_single_p7_h6,perm_seed1734,1,1,SATISFIABLE,SATISFIABLE,True,True,25,25,0,0,0.000655,0.00066,5.000000000000013e-06,True,True,True,True,True,
repeat=0|base=php_exit_single_p7_h6|variant=perm_seed1735,0,php_exit_single_p7_h6,perm_seed1735,1,1,SATISFIABLE,SATISFIABLE,True,True,23,23,3,3,0.000653,0.000655,1.99999999999994e-06,True,True,True,True,True,
repeat=0|base=php_exit_single_p7_h6|variant=perm_seed1736,0,php_exit_single_p7_h6,perm_seed1736,1,1,SATISFIABLE,SATISFIABLE,True,True,21,21,0,0,0.00063,0.000628,-2.0000000000000486e-06,True,True,True,True,True,
repeat=0|base=php_exit_single_p7_h6|variant=perm_seed1737,0,php_exit_single_p7_h6,perm_seed1737,1,1,SATISFIABLE,SATISFIABLE,True,True,21,21,0,0,0.000672,0.000663,-9.000000000000002e-06,True,True,True,True,True,
repeat=0|base=php_exit_single_p7_h6|variant=perm_seed1738,0,php_exit_single_p7_h6,perm_seed1738,1,1,SATISFIABLE,SATISFIABLE,True,True,25,25,0,0,0.000652,0.000655,2.9999999999999645e-06,True,True,True,True,True,
repeat=0|base=php_exit_single_p7_h6|variant=perm_seed1739,0,php_exit_single_p7_h6,perm_seed1739,1,1,SATISFIABLE,SATISFIABLE,True,True,27,27,1,1,0.000637,0.000641,3.999999999999989e-06,True,True,True,True,True,
repeat=0|base=php_exit_single_p7_h6|variant=perm_seed1740,0,php_exit_single_p7_h6,perm_seed1740,1,1,SATISFIABLE,SATISFIABLE,True,True,25,25,0,0,0.000628,0.000646,1.8000000000000004e-05,True,True,True,True,True,
repeat=0|base=php_exit_single_p7_h6|variant=perm_seed1741,0,php_exit_single_p7_h6,perm_seed1741,1,1,SATISFIABLE,SATISFIABLE,True,True,24,24,1,1,0.000636,0.000648,1.2000000000000075e-05,True,True,True,True,True,
repeat=0|base=php_exit_single_p7_h6|variant=perm_seed1742,0,php_exit_single_p7_h6,perm_seed1742,1,1,SATISFIABLE,SATISFIABLE,True,True,26,26,1,1,0.00062,0.000708,8.799999999999997e-05,True,True,True,True,True,
repeat=0|base=php_exit_single_p7_h6|variant=perm_seed1743,0,php_exit_single_p7_h6,perm_seed1743,1,1,SATISFIABLE,SATISFIABLE,True,True,23,23,0,0,0.000792,0.000739,-5.299999999999999e-05,True,True,True,True,True,
repeat=0|base=php_exit_single_p7_h6|variant=perm_seed1744,0,php_exit_single_p7_h6,perm_seed1744,1,1,SATISFIABLE,SATISFIABLE,True,True,23,23,0,0,0.000695,0.000759,6.400000000000004e-05,True,True,True,True,True,
repeat=0|base=php_exit_single_p7_h6|variant=perm_seed1745,0,php_exit_single_p7_h6,perm_seed1745,1,1,SATISFIABLE,SATISFIABLE,True,True,20,20,0,0,0.000676,0.000941,0.00026500000000000004,True,True,True,True,True,
repeat=0|base=php_exit_single_p8_h7|variant=base,0,php_exit_single_p8_h7,base,1,1,SATISFIABLE,SATISFIABLE,True,True,23,23,0,0,0.001271,0.001219,-5.199999999999996e-05,True,True,True,True,True,
repeat=0|base=php_exit_single_p8_h7|variant=perm_seed1730,0,php_exit_single_p8_h7,perm_seed1730,1,1,SATISFIABLE,SATISFIABLE,True,True,35,35,1,1,0.000749,0.000726,-2.3000000000000017e-05,True,True,True,True,True,
repeat=0|base=php_exit_single_p8_h7|variant=perm_seed1731,0,php_exit_single_p8_h7,perm_seed1731,1,1,SATISFIABLE,SATISFIABLE,True,True,33,33,0,0,0.000784,0.00073,-5.400000000000001e-05,True,True,True,True,True,
repeat=0|base=php_exit_single_p8_h7|variant=perm_seed1732,0,php_exit_single_p8_h7,perm_seed1732,1,1,SATISFIABLE,SATISFIABLE,True,True,31,31,0,0,0.000729,0.000702,-2.7000000000000006e-05,True,True,True,True,True,
repeat=0|base=php_exit_single_p8_h7|variant=perm_seed1733,0,php_exit_single_p8_h7,perm_seed1733,1,1,SATISFIABLE,SATISFIABLE,True,True,37,37,5,5,0.000735,0.000743,7.999999999999978e-06,True,True,True,True,True,
repeat=0|base=php_exit_single_p8_h7|variant=perm_seed1734,0,php_exit_single_p8_h7,perm_seed1734,1,1,SATISFIABLE,SATISFIABLE,True,True,35,35,0,0,0.000719,0.000711,-7.999999999999978e-06,True,True,True,True,True,
repeat=0|base=php_exit_single_p8_h7|variant=perm_seed1735,0,php_exit_single_p8_h7,perm_seed1735,1,1,SATISFIABLE,SATISFIABLE,True,True,30,30,0,0,0.000725,0.000732,7.000000000000062e-06,True,True,True,True,True,
repeat=0|base=php_exit_single_p8_h7|variant=perm_seed1736,0,php_exit_single_p8_h7,perm_seed1736,1,1,SATISFIABLE,SATISFIABLE,True,True,36,36,1,1,0.000708,0.000713,5.000000000000013e-06,True,True,True,True,True,
repeat=0|base=php_exit_single_p8_h7|variant=perm_seed1737,0,php_exit_single_p8_h7,perm_seed1737,1,1,SATISFIABLE,SATISFIABLE,True,True,36,36,2,2,0.000665,0.000724,5.9000000000000025e-05,True,True,True,True,True,
repeat=0|base=php_exit_single_p8_h7|variant=perm_seed1738,0,php_exit_single_p8_h7,perm_seed1738,1,1,SATISFIABLE,SATISFIABLE,True,True,35,35,0,0,0.00066,0.000679,1.9000000000000028e-05,True,True,True,True,True,
repeat=0|base=php_exit_single_p8_h7|variant=perm_seed1739,0,php_exit_single_p8_h7,perm_seed1739,1,1,SATISFIABLE,SATISFIABLE,True,True,36,36,2,2,0.000672,0.000672,0.0,True,True,True,True,True,
repeat=0|base=php_exit_single_p8_h7|variant=perm_seed1740,0,php_exit_single_p8_h7,perm_seed1740,1,1,SATISFIABLE,SATISFIABLE,True,True,34,34,1,1,0.000663,0.000678,1.500000000000004e-05,True,True,True,True,True,
repeat=0|base=php_exit_single_p8_h7|variant=perm_seed1741,0,php_exit_single_p8_h7,perm_seed1741,1,1,SATISFIABLE,SATISFIABLE,True,True,38,38,2,2,0.00067,0.000732,6.199999999999999e-05,True,True,True,True,True,
repeat=0|base=php_exit_single_p8_h7|variant=perm_seed1742,0,php_exit_single_p8_h7,perm_seed1742,1,1,SATISFIABLE,SATISFIABLE,True,True,32,32,0,0,0.000673,0.000669,-3.999999999999989e-06,True,True,True,True,True,
repeat=0|base=php_exit_single_p8_h7|variant=perm_seed1743,0,php_exit_single_p8_h7,perm_seed1743,1,1,SATISFIABLE,SATISFIABLE,True,True,37,37,0,0,0.00067,0.000708,3.799999999999995e-05,True,True,True,True,True,
repeat=0|base=php_exit_single_p8_h7|variant=perm_seed1744,0,php_exit_single_p8_h7,perm_seed1744,1,1,SATISFIABLE,SATISFIABLE,True,True,33,33,0,0,0.000695,0.000686,-9.000000000000002e-06,True,True,True,True,True,
repeat=0|base=php_exit_single_p8_h7|variant=perm_seed1745,0,php_exit_single_p8_h7,perm_seed1745,1,1,SATISFIABLE,SATISFIABLE,True,True,36,36,0,0,0.000692,0.000694,1.99999999999994e-06,True,True,True,True,True,
repeat=0|base=php_exit_single_p9_h8|variant=base,0,php_exit_single_p9_h8,base,1,1,SATISFIABLE,SATISFIABLE,True,True,30,30,0,0,0.000729,0.000742,1.299999999999999e-05,True,True,True,True,True,
repeat=0|base=php_exit_single_p9_h8|variant=perm_seed1730,0,php_exit_single_p9_h8,perm_seed1730,1,1,SATISFIABLE,SATISFIABLE,True,True,47,47,0,0,0.000739,0.000749,1.0000000000000026e-05,True,True,True,True,True,
repeat=0|base=php_exit_single_p9_h8|variant=perm_seed1731,0,php_exit_single_p9_h8,perm_seed1731,1,1,SATISFIABLE,SATISFIABLE,True,True,41,41,0,0,0.000753,0.000742,-1.0999999999999942e-05,True,True,True,True,True,
repeat=0|base=php_exit_single_p9_h8|variant=perm_seed1732,0,php_exit_single_p9_h8,perm_seed1732,1,1,SATISFIABLE,SATISFIABLE,True,True,42,42,0,0,0.00073,0.000752,2.1999999999999993e-05,True,True,True,True,True,
repeat=0|base=php_exit_single_p9_h8|variant=perm_seed1733,0,php_exit_single_p9_h8,perm_seed1733,1,1,SATISFIABLE,SATISFIABLE,True,True,51,51,6,6,0.000741,0.000754,1.299999999999999e-05,True,True,True,True,True,
repeat=0|base=php_exit_single_p9_h8|variant=perm_seed1734,0,php_exit_single_p9_h8,perm_seed1734,1,1,SATISFIABLE,SATISFIABLE,True,True,51,51,3,3,0.000739,0.000738,-9.999999999999159e-07,True,True,True,True,True,
repeat=0|base=php_exit_single_p9_h8|variant=perm_seed1735,0,php_exit_single_p9_h8,perm_seed1735,1,1,SATISFIABLE,SATISFIABLE,True,True,46,46,0,0,0.000746,0.000753,6.999999999999953e-06,True,True,True,True,True,
repeat=0|base=php_exit_single_p9_h8|variant=perm_seed1736,0,php_exit_single_p9_h8,perm_seed1736,1,1,SATISFIABLE,SATISFIABLE,True,True,56,56,7,7,0.000773,0.000778,5.000000000000013e-06,True,True,True,True,True,
repeat=0|base=php_exit_single_p9_h8|variant=perm_seed1737,0,php_exit_single_p9_h8,perm_seed1737,1,1,SATISFIABLE,SATISFIABLE,True,True,51,51,1,1,0.00075,0.000802,5.199999999999996e-05,True,True,True,True,True,
repeat=0|base=php_exit_single_p9_h8|variant=perm_seed1738,0,php_exit_single_p9_h8,perm_seed1738,1,1,SATISFIABLE,SATISFIABLE,True,True,47,47,0,0,0.000802,0.000787,-1.4999999999999931e-05,True,True,True,True,True,
repeat=0|base=php_exit_single_p9_h8|variant=perm_seed1739,0,php_exit_single_p9_h8,perm_seed1739,1,1,SATISFIABLE,SATISFIABLE,True,True,45,45,0,0,0.000742,0.000803,6.0999999999999965e-05,True,True,True,True,True,
repeat=0|base=php_exit_single_p9_h8|variant=perm_seed1740,0,php_exit_single_p9_h8,perm_seed1740,1,1,SATISFIABLE,SATISFIABLE,True,True,50,50,1,1,0.00076,0.000778,1.8000000000000004e-05,True,True,True,True,True,
repeat=0|base=php_exit_single_p9_h8|variant=perm_seed1741,0,php_exit_single_p9_h8,perm_seed1741,1,1,SATISFIABLE,SATISFIABLE,True,True,48,48,0,0,0.000757,0.000794,3.700000000000003e-05,True,True,True,True,True,
repeat=0|base=php_exit_single_p9_h8|variant=perm_seed1742,0,php_exit_single_p9_h8,perm_seed1742,1,1,SATISFIABLE,SATISFIABLE,True,True,44,44,0,0,0.000727,0.000822,9.500000000000003e-05,True,True,True,True,True,
repeat=0|base=php_exit_single_p9_h8|variant=perm_seed1743,0,php_exit_single_p9_h8,perm_seed1743,1,1,SATISFIABLE,SATISFIABLE,True,True,48,48,4,4,0.000768,0.000818,5.000000000000002e-05,True,True,True,True,True,
repeat=0|base=php_exit_single_p9_h8|variant=perm_seed1744,0,php_exit_single_p9_h8,perm_seed1744,1,1,SATISFIABLE,SATISFIABLE,True,True,43,43,0,0,0.000792,0.00078,-1.1999999999999966e-05,True,True,True,True,True,
repeat=0|base=php_exit_single_p9_h8|variant=perm_seed1745,0,php_exit_single_p9_h8,perm_seed1745,1,1,SATISFIABLE,SATISFIABLE,True,True,38,38,0,0,0.000784,0.000794,1.0000000000000026e-05,True,True,True,True,True,
repeat=0|base=php_p10_h9|variant=base,0,php_p10_h9,base,1,1,INDETERMINATE,INDETERMINATE,False,False,106998,106998,100000,100000,0.67203,0.665767,-0.0062630000000000186,True,True,True,True,True,
repeat=0|base=php_p10_h9|variant=perm_seed1730,0,php_p10_h9,perm_seed1730,1,1,INDETERMINATE,INDETERMINATE,False,False,108712,108712,100000,100000,0.728041,0.718111,-0.009929999999999994,True,True,True,True,True,
repeat=0|base=php_p10_h9|variant=perm_seed1731,0,php_p10_h9,perm_seed1731,1,1,INDETERMINATE,INDETERMINATE,False,False,108604,108604,100000,100000,0.730705,0.71674,-0.013965000000000005,True,True,True,True,True,
repeat=0|base=php_p10_h9|variant=perm_seed1732,0,php_p10_h9,perm_seed1732,1,1,INDETERMINATE,INDETERMINATE,False,False,107346,107346,100000,100000,0.738849,0.729209,-0.009639999999999982,True,True,True,True,True,
repeat=0|base=php_p10_h9|variant=perm_seed1733,0,php_p10_h9,perm_seed1733,1,1,INDETERMINATE,INDETERMINATE,False,False,107344,107344,100000,100000,0.791575,0.772851,-0.018724000000000074,True,True,True,True,True,
repeat=0|base=php_p10_h9|variant=perm_seed1734,0,php_p10_h9,perm_seed1734,1,1,INDETERMINATE,INDETERMINATE,False,False,107511,107511,100000,100000,0.767766,0.748103,-0.019662999999999986,True,True,True,True,True,
repeat=0|base=php_p10_h9|variant=perm_seed1735,0,php_p10_h9,perm_seed1735,1,1,INDETERMINATE,INDETERMINATE,False,False,107093,107093,100000,100000,0.798699,0.777963,-0.020736000000000088,True,True,True,True,True,
repeat=0|base=php_p10_h9|variant=perm_seed1736,0,php_p10_h9,perm_seed1736,1,1,INDETERMINATE,INDETERMINATE,False,False,107229,107229,100000,100000,0.786688,0.767005,-0.019683000000000006,True,True,True,True,True,
repeat=0|base=php_p10_h9|variant=perm_seed1737,0,php_p10_h9,perm_seed1737,1,1,INDETERMINATE,INDETERMINATE,False,False,107325,107325,100000,100000,0.718012,0.710199,-0.007812999999999959,True,True,True,True,True,
repeat=0|base=php_p10_h9|variant=perm_seed1738,0,php_p10_h9,perm_seed1738,1,1,INDETERMINATE,INDETERMINATE,False,False,107855,107855,100000,100000,0.806455,0.801536,-0.004919000000000007,True,True,True,True,True,
repeat=0|base=php_p10_h9|variant=perm_seed1739,0,php_p10_h9,perm_seed1739,1,1,INDETERMINATE,INDETERMINATE,False,False,106975,106975,100000,100000,0.829506,0.812101,-0.017405000000000004,True,True,True,True,True,
repeat=0|base=php_p10_h9|variant=perm_seed1740,0,php_p10_h9,perm_seed1740,1,1,INDETERMINATE,INDETERMINATE,False,False,107594,107594,100000,100000,0.697493,0.69373,-0.003763000000000072,True,True,True,True,True,
repeat=0|base=php_p10_h9|variant=perm_seed1741,0,php_p10_h9,perm_seed1741,1,1,INDETERMINATE,INDETERMINATE,False,False,106975,106975,100000,100000,0.880424,0.839681,-0.040742999999999974,True,True,True,True,True,
repeat=0|base=php_p10_h9|variant=perm_seed1742,0,php_p10_h9,perm_seed1742,1,1,INDETERMINATE,INDETERMINATE,False,False,107320,107320,100000,100000,0.774716,0.743733,-0.030982999999999983,True,True,True,True,True,
repeat=0|base=php_p10_h9|variant=perm_seed1743,0,php_p10_h9,perm_seed1743,1,1,INDETERMINATE,INDETERMINATE,False,False,108021,108021,100000,100000,0.743311,0.718112,-0.025199000000000082,True,True,True,True,True,
repeat=0|base=php_p10_h9|variant=perm_seed1744,0,php_p10_h9,perm_seed1744,1,1,INDETERMINATE,INDETERMINATE,False,False,107975,107975,100000,100000,0.787117,0.76254,-0.02457699999999996,True,True,True,True,True,
repeat=0|base=php_p10_h9|variant=perm_seed1745,0,php_p10_h9,perm_seed1745,1,1,INDETERMINATE,INDETERMINATE,False,False,108365,108365,100000,100000,0.774747,0.754696,-0.02005099999999993,True,True,True,True,True,
repeat=0|base=php_p11_h10|variant=base,0,php_p11_h10,base,1,1,INDETERMINATE,INDETERMINATE,False,False,107295,107295,100000,100000,0.762877,0.749827,-0.013050000000000006,True,True,True,True,True,
repeat=0|base=php_p11_h10|variant=perm_seed1730,0,php_p11_h10,perm_seed1730,1,1,INDETERMINATE,INDETERMINATE,False,False,108118,108118,100000,100000,0.800097,0.790151,-0.0099459999999999,True,True,True,True,True,
repeat=0|base=php_p11_h10|variant=perm_seed1731,0,php_p11_h10,perm_seed1731,1,1,INDETERMINATE,INDETERMINATE,False,False,108317,108317,100000,100000,0.786451,0.772419,-0.014032000000000044,True,True,True,True,True,
repeat=0|base=php_p11_h10|variant=perm_seed1732,0,php_p11_h10,perm_seed1732,1,1,INDETERMINATE,INDETERMINATE,False,False,108287,108287,100000,100000,0.901662,0.883286,-0.018375999999999948,True,True,True,True,True,
repeat=0|base=php_p11_h10|variant=perm_seed1733,0,php_p11_h10,perm_seed1733,1,1,INDETERMINATE,INDETERMINATE,False,False,108348,108348,100000,100000,0.82739,0.816636,-0.01075399999999993,True,True,True,True,True,
repeat=0|base=php_p11_h10|variant=perm_seed1734,0,php_p11_h10,perm_seed1734,1,1,INDETERMINATE,INDETERMINATE,False,False,108435,108435,100000,100000,0.900068,0.897357,-0.002711000000000019,True,True,True,True,True,
repeat=0|base=php_p11_h10|variant=perm_seed1735,0,php_p11_h10,perm_seed1735,1,1,INDETERMINATE,INDETERMINATE,False,False,108526,108526,100000,100000,0.782476,0.772984,-0.009491999999999945,True,True,True,True,True,
repeat=0|base=php_p11_h10|variant=perm_seed1736,0,php_p11_h10,perm_seed1736,1,1,INDETERMINATE,INDETERMINATE,False,False,109355,109355,100000,100000,0.874583,0.850849,-0.023734000000000033,True,True,True,True,True,
repeat=0|base=php_p11_h10|variant=perm_seed1737,0,php_p11_h10,perm_seed1737,1,1,INDETERMINATE,INDETERMINATE,False,False,109231,109231,100000,100000,0.699321,0.688431,-0.010889999999999955,True,True,True,True,True,
repeat=0|base=php_p11_h10|variant=perm_seed1738,0,php_p11_h10,perm_seed1738,1,1,INDETERMINATE,INDETERMINATE,False,False,108531,108531,100000,100000,0.673797,0.667071,-0.00672600000000001,True,True,True,True,True,
repeat=0|base=php_p11_h10|variant=perm_seed1739,0,php_p11_h10,perm_seed1739,1,1,INDETERMINATE,INDETERMINATE,False,False,107705,107705,100000,100000,0.740369,0.734199,-0.006170000000000009,True,True,True,True,True,
repeat=0|base=php_p11_h10|variant=perm_seed1740,0,php_p11_h10,perm_seed1740,1,1,INDETERMINATE,INDETERMINATE,False,False,108987,108987,100000,100000,0.767732,0.759684,-0.008047999999999944,True,True,True,True,True,
repeat=0|base=php_p11_h10|variant=perm_seed1741,0,php_p11_h10,perm_seed1741,1,1,INDETERMINATE,INDETERMINATE,False,False,108655,108655,100000,100000,0.756757,0.739776,-0.016981000000000024,True,True,True,True,True,
repeat=0|base=php_p11_h10|variant=perm_seed1742,0,php_p11_h10,perm_seed1742,1,1,INDETERMINATE,INDETERMINATE,False,False,108058,108058,100000,100000,0.813586,0.800163,-0.013423000000000074,True,True,True,True,True,
repeat=0|base=php_p11_h10|variant=perm_seed1743,0,php_p11_h10,perm_seed1743,1,1,INDETERMINATE,INDETERMINATE,False,False,110183,110183,100000,100000,0.806279,0.792687,-0.013591999999999937,True,True,True,True,True,
repeat=0|base=php_p11_h10|variant=perm_seed1744,0,php_p11_h10,perm_seed1744,1,1,INDETERMINATE,INDETERMINATE,False,False,108986,108986,100000,100000,0.810518,0.80494,-0.005577999999999972,True,True,True,True,True,
repeat=0|base=php_p11_h10|variant=perm_seed1745,0,php_p11_h10,perm_seed1745,1,1,INDETERMINATE,INDETERMINATE,False,False,109438,109438,100000,100000,0.721529,0.721846,0.0003170000000000117,True,True,True,True,True,
repeat=0|base=php_p12_h11|variant=base,0,php_p12_h11,base,1,1,INDETERMINATE,INDETERMINATE,False,False,107140,107140,100000,100000,0.933445,0.927987,-0.005457999999999963,True,True,True,True,True,
repeat=0|base=php_p12_h11|variant=perm_seed1730,0,php_p12_h11,perm_seed1730,1,1,INDETERMINATE,INDETERMINATE,False,False,109473,109473,100000,100000,0.695368,0.691348,-0.0040200000000000236,True,True,True,True,True,
repeat=0|base=php_p12_h11|variant=perm_seed1731,0,php_p12_h11,perm_seed1731,1,1,INDETERMINATE,INDETERMINATE,False,False,109822,109822,100000,100000,0.732058,0.726704,-0.00535399999999997,True,True,True,True,True,
repeat=0|base=php_p12_h11|variant=perm_seed1732,0,php_p12_h11,perm_seed1732,1,1,INDETERMINATE,INDETERMINATE,False,False,111198,111198,100000,100000,0.684461,0.680704,-0.0037570000000000103,True,True,True,True,True,
repeat=0|base=php_p12_h11|variant=perm_seed1733,0,php_p12_h11,perm_seed1733,1,1,INDETERMINATE,INDETERMINATE,False,False,110823,110823,100000,100000,0.953785,0.93057,-0.023214999999999986,True,True,True,True,True,
repeat=0|base=php_p12_h11|variant=perm_seed1734,0,php_p12_h11,perm_seed1734,1,1,INDETERMINATE,INDETERMINATE,False,False,109424,109424,100000,100000,0.856926,0.838092,-0.018834000000000017,True,True,True,True,True,
repeat=0|base=php_p12_h11|variant=perm_seed1735,0,php_p12_h11,perm_seed1735,1,1,INDETERMINATE,INDETERMINATE,False,False,112838,112838,100000,100000,0.64285,0.630941,-0.011909000000000058,True,True,True,True,True,
repeat=0|base=php_p12_h11|variant=perm_seed1736,0,php_p12_h11,perm_seed1736,1,1,INDETERMINATE,INDETERMINATE,False,False,108906,108906,100000,100000,0.777716,0.7712,-0.006515999999999966,True,True,True,True,True,
repeat=0|base=php_p12_h11|variant=perm_seed1737,0,php_p12_h11,perm_seed1737,1,1,INDETERMINATE,INDETERMINATE,False,False,109485,109485,100000,100000,0.699517,0.701222,0.0017049999999999566,True,True,True,True,True,
repeat=0|base=php_p12_h11|variant=perm_seed1738,0,php_p12_h11,perm_seed1738,1,1,INDETERMINATE,INDETERMINATE,False,False,110631,110631,100000,100000,0.648923,0.645577,-0.003346000000000071,True,True,True,True,True,
repeat=0|base=php_p12_h11|variant=perm_seed1739,0,php_p12_h11,perm_seed1739,1,1,INDETERMINATE,INDETERMINATE,False,False,111060,111060,100000,100000,0.693603,0.683318,-0.010284999999999989,True,True,True,True,True,
repeat=0|base=php_p12_h11|variant=perm_seed1740,0,php_p12_h11,perm_seed1740,1,1,INDETERMINATE,INDETERMINATE,False,False,109383,109383,100000,100000,0.710745,0.696299,-0.014445999999999959,True,True,True,True,True,
repeat=0|base=php_p12_h11|variant=perm_seed1741,0,php_p12_h11,perm_seed1741,1,1,INDETERMINATE,INDETERMINATE,False,False,109124,109124,100000,100000,0.697603,0.690797,-0.006805999999999979,True,True,True,True,True,
repeat=0|base=php_p12_h11|variant=perm_seed1742,0,php_p12_h11,perm_seed1742,1,1,INDETERMINATE,INDETERMINATE,False,False,108813,108813,100000,100000,0.812881,0.806076,-0.00680499999999995,True,True,True,True,True,
repeat=0|base=php_p12_h11|variant=perm_seed1743,0,php_p12_h11,perm_seed1743,1,1,INDETERMINATE,INDETERMINATE,False,False,111576,111576,100000,100000,0.690794,0.682992,-0.007801999999999976,True,True,True,True,True,
repeat=0|base=php_p12_h11|variant=perm_seed1744,0,php_p12_h11,perm_seed1744,1,1,INDETERMINATE,INDETERMINATE,False,False,109975,109975,100000,100000,0.705504,0.700349,-0.005155000000000021,True,True,True,True,True,
repeat=0|base=php_p12_h11|variant=perm_seed1745,0,php_p12_h11,perm_seed1745,1,1,INDETERMINATE,INDETERMINATE,False,False,109826,109826,100000,100000,0.654733,0.670465,0.015731999999999968,True,True,True,True,True,
repeat=0|base=php_p4_h3|variant=base,0,php_p4_h3,base,1,1,UNSATISFIABLE,UNSATISFIABLE,True,True,0,0,0,0,0.00098,0.000764,-0.00021599999999999994,True,True,True,True,True,
repeat=0|base=php_p4_h3|variant=perm_seed1730,0,php_p4_h3,perm_seed1730,1,1,UNSATISFIABLE,UNSATISFIABLE,True,True,0,0,0,0,0.000635,0.00063,-5.000000000000013e-06,True,True,True,True,True,
repeat=0|base=php_p4_h3|variant=perm_seed1731,0,php_p4_h3,perm_seed1731,1,1,UNSATISFIABLE,UNSATISFIABLE,True,True,0,0,0,0,0.000651,0.000637,-1.4000000000000015e-05,True,True,True,True,True,
repeat=0|base=php_p5_h4|variant=base,0,php_p5_h4,base,1,1,UNSATISFIABLE,UNSATISFIABLE,True,True,32,32,27,27,0.000792,0.000696,-9.599999999999995e-05,True,True,True,True,True,
repeat=0|base=php_p5_h4|variant=perm_seed1730,0,php_p5_h4,perm_seed1730,1,1,UNSATISFIABLE,UNSATISFIABLE,True,True,31,31,28,28,0.000719,0.000692,-2.7000000000000006e-05,True,True,True,True,True,
repeat=0|base=php_p5_h4|variant=perm_seed1731,0,php_p5_h4,perm_seed1731,1,1,UNSATISFIABLE,UNSATISFIABLE,True,True,32,32,31,31,0.000721,0.000733,1.2000000000000075e-05,True,True,True,True,True,
repeat=0|base=php_p6_h5|variant=base,0,php_p6_h5,base,1,1,UNSATISFIABLE,UNSATISFIABLE,True,True,157,157,139,139,0.000811,0.000886,7.499999999999998e-05,True,True,True,True,True,
repeat=0|base=php_p6_h5|variant=perm_seed1730,0,php_p6_h5,perm_seed1730,1,1,UNSATISFIABLE,UNSATISFIABLE,True,True,161,161,142,142,0.000861,0.000831,-2.999999999999997e-05,True,True,True,True,True,
repeat=0|base=php_p6_h5|variant=perm_seed1731,0,php_p6_h5,perm_seed1731,1,1,UNSATISFIABLE,UNSATISFIABLE,True,True,160,160,141,141,0.000826,0.00082,-6.000000000000037e-06,True,True,True,True,True,
repeat=0|base=php_p6_h5|variant=perm_seed1732,0,php_p6_h5,perm_seed1732,1,1,UNSATISFIABLE,UNSATISFIABLE,True,True,157,157,137,137,0.000861,0.00083,-3.0999999999999995e-05,True,True,True,True,True,
repeat=0|base=php_p6_h5|variant=perm_seed1733,0,php_p6_h5,perm_seed1733,1,1,UNSATISFIABLE,UNSATISFIABLE,True,True,158,158,142,142,0.000799,0.000802,2.9999999999999645e-06,True,True,True,True,True,
repeat=0|base=php_p6_h5|variant=perm_seed1734,0,php_p6_h5,perm_seed1734,1,1,UNSATISFIABLE,UNSATISFIABLE,True,True,171,171,146,146,0.000789,0.000796,7.000000000000062e-06,True,True,True,True,True,
repeat=0|base=php_p6_h5|variant=perm_seed1735,0,php_p6_h5,perm_seed1735,1,1,UNSATISFIABLE,UNSATISFIABLE,True,True,174,174,155,155,0.000875,0.000912,3.700000000000003e-05,True,True,True,True,True,
repeat=0|base=php_p6_h5|variant=perm_seed1736,0,php_p6_h5,perm_seed1736,1,1,UNSATISFIABLE,UNSATISFIABLE,True,True,158,158,145,145,0.000844,0.000864,1.9999999999999944e-05,True,True,True,True,True,
repeat=0|base=php_p6_h5|variant=perm_seed1737,0,php_p6_h5,perm_seed1737,1,1,UNSATISFIABLE,UNSATISFIABLE,True,True,163,163,145,145,0.000846,0.000828,-1.8000000000000004e-05,True,True,True,True,True,
repeat=0|base=php_p6_h5|variant=perm_seed1738,0,php_p6_h5,perm_seed1738,1,1,UNSATISFIABLE,UNSATISFIABLE,True,True,140,140,130,130,0.000858,0.000832,-2.600000000000009e-05,True,True,True,True,True,
repeat=0|base=php_p6_h5|variant=perm_seed1739,0,php_p6_h5,perm_seed1739,1,1,UNSATISFIABLE,UNSATISFIABLE,True,True,157,157,143,143,0.000829,0.000873,4.3999999999999985e-05,True,True,True,True,True,
repeat=0|base=php_p6_h5|variant=perm_seed1740,0,php_p6_h5,perm_seed1740,1,1,UNSATISFIABLE,UNSATISFIABLE,True,True,163,163,138,138,0.000798,0.000847,4.9e-05,True,True,True,True,True,
repeat=0|base=php_p6_h5|variant=perm_seed1741,0,php_p6_h5,perm_seed1741,1,1,UNSATISFIABLE,UNSATISFIABLE,True,True,158,158,140,140,0.000824,0.001458,0.0006340000000000001,True,True,True,True,True,
repeat=0|base=php_p6_h5|variant=perm_seed1742,0,php_p6_h5,perm_seed1742,1,1,UNSATISFIABLE,UNSATISFIABLE,True,True,155,155,137,137,0.000958,0.00093,-2.799999999999992e-05,True,True,True,True,True,
repeat=0|base=php_p6_h5|variant=perm_seed1743,0,php_p6_h5,perm_seed1743,1,1,UNSATISFIABLE,UNSATISFIABLE,True,True,147,147,135,135,0.001468,0.001584,0.000116,True,True,True,True,True,
repeat=0|base=php_p6_h5|variant=perm_seed1744,0,php_p6_h5,perm_seed1744,1,1,UNSATISFIABLE,UNSATISFIABLE,True,True,147,147,133,133,0.001536,0.001107,-0.00042900000000000013,True,True,True,True,True,
repeat=0|base=php_p6_h5|variant=perm_seed1745,0,php_p6_h5,perm_seed1745,1,1,UNSATISFIABLE,UNSATISFIABLE,True,True,156,156,137,137,0.000906,0.00087,-3.600000000000001e-05,True,True,True,True,True,
repeat=0|base=php_p7_h6|variant=base,0,php_p7_h6,base,1,1,UNSATISFIABLE,UNSATISFIABLE,True,True,970,970,845,845,0.002248,0.002185,-6.300000000000012e-05,True,True,True,True,True,
repeat=0|base=php_p7_h6|variant=perm_seed1730,0,php_p7_h6,perm_seed1730,1,1,UNSATISFIABLE,UNSATISFIABLE,True,True,913,913,812,812,0.002271,0.00219,-8.099999999999991e-05,True,True,True,True,True,
repeat=0|base=php_p7_h6|variant=perm_seed1731,0,php_p7_h6,perm_seed1731,1,1,UNSATISFIABLE,UNSATISFIABLE,True,True,1013,1013,877,877,0.002016,0.002029,1.299999999999999e-05,True,True,True,True,True,
repeat=0|base=php_p7_h6|variant=perm_seed1732,0,php_p7_h6,perm_seed1732,1,1,UNSATISFIABLE,UNSATISFIABLE,True,True,949,949,839,839,0.002177,0.002133,-4.40000000000002e-05,True,True,True,True,True,
repeat=0|base=php_p7_h6|variant=perm_seed1733,0,php_p7_h6,perm_seed1733,1,1,UNSATISFIABLE,UNSATISFIABLE,True,True,937,937,837,837,0.002062,0.002087,2.499999999999985e-05,True,True,True,True,True,
repeat=0|base=php_p7_h6|variant=perm_seed1734,0,php_p7_h6,perm_seed1734,1,1,UNSATISFIABLE,UNSATISFIABLE,True,True,893,893,821,821,0.00224,0.002251,1.1000000000000159e-05,True,True,True,True,True,
repeat=0|base=php_p7_h6|variant=perm_seed1735,0,php_p7_h6,perm_seed1735,1,1,UNSATISFIABLE,UNSATISFIABLE,True,True,967,967,866,866,0.002185,0.002207,2.2000000000000318e-05,True,True,True,True,True,
repeat=0|base=php_p7_h6|variant=perm_seed1736,0,php_p7_h6,perm_seed1736,1,1,UNSATISFIABLE,UNSATISFIABLE,True,True,891,891,832,832,0.002246,0.002263,1.6999999999999654e-05,True,True,True,True,True,
repeat=0|base=php_p7_h6|variant=perm_seed1737,0,php_p7_h6,perm_seed1737,1,1,UNSATISFIABLE,UNSATISFIABLE,True,True,935,935,832,832,0.002199,0.0023,0.00010099999999999996,True,True,True,True,True,
repeat=0|base=php_p7_h6|variant=perm_seed1738,0,php_p7_h6,perm_seed1738,1,1,UNSATISFIABLE,UNSATISFIABLE,True,True,959,959,852,852,0.002283,0.002311,2.8000000000000247e-05,True,True,True,True,True,
repeat=0|base=php_p7_h6|variant=perm_seed1739,0,php_p7_h6,perm_seed1739,1,1,UNSATISFIABLE,UNSATISFIABLE,True,True,889,889,813,813,0.002251,0.002321,7.000000000000018e-05,True,True,True,True,True,
repeat=0|base=php_p7_h6|variant=perm_seed1740,0,php_p7_h6,perm_seed1740,1,1,UNSATISFIABLE,UNSATISFIABLE,True,True,938,938,850,850,0.002291,0.002319,2.7999999999999813e-05,True,True,True,True,True,
repeat=0|base=php_p7_h6|variant=perm_seed1741,0,php_p7_h6,perm_seed1741,1,1,UNSATISFIABLE,UNSATISFIABLE,True,True,998,998,873,873,0.002245,0.002297,5.199999999999996e-05,True,True,True,True,True,
repeat=0|base=php_p7_h6|variant=perm_seed1742,0,php_p7_h6,perm_seed1742,1,1,UNSATISFIABLE,UNSATISFIABLE,True,True,975,975,865,865,0.002019,0.00202,1.0000000000001327e-06,True,True,True,True,True,
repeat=0|base=php_p7_h6|variant=perm_seed1743,0,php_p7_h6,perm_seed1743,1,1,UNSATISFIABLE,UNSATISFIABLE,True,True,971,971,852,852,0.002118,0.002168,4.99999999999997e-05,True,True,True,True,True,
repeat=0|base=php_p7_h6|variant=perm_seed1744,0,php_p7_h6,perm_seed1744,1,1,UNSATISFIABLE,UNSATISFIABLE,True,True,912,912,833,833,0.002143,0.002177,3.4000000000000176e-05,True,True,True,True,True,
repeat=0|base=php_p7_h6|variant=perm_seed1745,0,php_p7_h6,perm_seed1745,1,1,UNSATISFIABLE,UNSATISFIABLE,True,True,967,967,854,854,0.002124,0.002153,2.8999999999999946e-05,True,True,True,True,True,
repeat=0|base=php_p8_h7|variant=base,0,php_p8_h7,base,1,1,UNSATISFIABLE,UNSATISFIABLE,True,True,6158,6158,5600,5600,0.019705,0.019422,-0.000283000000000002,True,True,True,True,True,
repeat=0|base=php_p8_h7|variant=perm_seed1730,0,php_p8_h7,perm_seed1730,1,1,UNSATISFIABLE,UNSATISFIABLE,True,True,6138,6138,5624,5624,0.018503,0.018349,-0.0001539999999999979,True,True,True,True,True,
repeat=0|base=php_p8_h7|variant=perm_seed1731,0,php_p8_h7,perm_seed1731,1,1,UNSATISFIABLE,UNSATISFIABLE,True,True,5800,5800,5271,5271,0.014475,0.014779,0.00030400000000000045,True,True,True,True,True,
repeat=0|base=php_p8_h7|variant=perm_seed1732,0,php_p8_h7,perm_seed1732,1,1,UNSATISFIABLE,UNSATISFIABLE,True,True,5924,5924,5469,5469,0.017784,0.018461,0.0006770000000000005,True,True,True,True,True,
repeat=0|base=php_p8_h7|variant=perm_seed1733,0,php_p8_h7,perm_seed1733,1,1,UNSATISFIABLE,UNSATISFIABLE,True,True,5998,5998,5468,5468,0.017001,0.016861,-0.00013999999999999777,True,True,True,True,True,
repeat=0|base=php_p8_h7|variant=perm_seed1734,0,php_p8_h7,perm_seed1734,1,1,UNSATISFIABLE,UNSATISFIABLE,True,True,6065,6065,5514,5514,0.017645,0.016519,-0.001126000000000002,True,True,True,True,True,
repeat=0|base=php_p8_h7|variant=perm_seed1735,0,php_p8_h7,perm_seed1735,1,1,UNSATISFIABLE,UNSATISFIABLE,True,True,6386,6386,5811,5811,0.017466,0.017146,-0.00031999999999999737,True,True,True,True,True,
repeat=0|base=php_p8_h7|variant=perm_seed1736,0,php_p8_h7,perm_seed1736,1,1,UNSATISFIABLE,UNSATISFIABLE,True,True,6265,6265,5729,5729,0.018074,0.019173,0.0010989999999999993,True,True,True,True,True,
repeat=0|base=php_p8_h7|variant=perm_seed1737,0,php_p8_h7,perm_seed1737,1,1,UNSATISFIABLE,UNSATISFIABLE,True,True,5646,5646,5224,5224,0.016621,0.016543,-7.800000000000168e-05,True,True,True,True,True,
repeat=0|base=php_p8_h7|variant=perm_seed1738,0,php_p8_h7,perm_seed1738,1,1,UNSATISFIABLE,UNSATISFIABLE,True,True,5875,5875,5336,5336,0.016271,0.016399,0.00012799999999999964,True,True,True,True,True,
repeat=0|base=php_p8_h7|variant=perm_seed1739,0,php_p8_h7,perm_seed1739,1,1,UNSATISFIABLE,UNSATISFIABLE,True,True,6199,6199,5714,5714,0.018998,0.019001,2.999999999999531e-06,True,True,True,True,True,
repeat=0|base=php_p8_h7|variant=perm_seed1740,0,php_p8_h7,perm_seed1740,1,1,UNSATISFIABLE,UNSATISFIABLE,True,True,5664,5664,5199,5199,0.01655,0.016718,0.00016800000000000148,True,True,True,True,True,
repeat=0|base=php_p8_h7|variant=perm_seed1741,0,php_p8_h7,perm_seed1741,1,1,UNSATISFIABLE,UNSATISFIABLE,True,True,6125,6125,5545,5545,0.018476,0.019019,0.0005430000000000018,True,True,True,True,True,
repeat=0|base=php_p8_h7|variant=perm_seed1742,0,php_p8_h7,perm_seed1742,1,1,UNSATISFIABLE,UNSATISFIABLE,True,True,5850,5850,5407,5407,0.017951,0.018889,0.0009379999999999979,True,True,True,True,True,
repeat=0|base=php_p8_h7|variant=perm_seed1743,0,php_p8_h7,perm_seed1743,1,1,UNSATISFIABLE,UNSATISFIABLE,True,True,6238,6238,5695,5695,0.018314,0.018256,-5.7999999999999025e-05,True,True,True,True,True,
repeat=0|base=php_p8_h7|variant=perm_seed1744,0,php_p8_h7,perm_seed1744,1,1,UNSATISFIABLE,UNSATISFIABLE,True,True,6140,6140,5609,5609,0.017311,0.017577,0.0002659999999999989,True,True,True,True,True,
repeat=0|base=php_p8_h7|variant=perm_seed1745,0,php_p8_h7,perm_seed1745,1,1,UNSATISFIABLE,UNSATISFIABLE,True,True,5774,5774,5262,5262,0.018712,0.018024,-0.0006880000000000011,True,True,True,True,True,
repeat=0|base=php_p9_h8|variant=base,0,php_p9_h8,base,1,1,UNSATISFIABLE,UNSATISFIABLE,True,True,46557,46557,43529,43529,0.267927,0.259256,-0.00867100000000004,True,True,True,True,True,
repeat=0|base=php_p9_h8|variant=perm_seed1730,0,php_p9_h8,perm_seed1730,1,1,UNSATISFIABLE,UNSATISFIABLE,True,True,39708,39708,36681,36681,0.18778,0.177051,-0.010729000000000016,True,True,True,True,True,
repeat=0|base=php_p9_h8|variant=perm_seed1731,0,php_p9_h8,perm_seed1731,1,1,UNSATISFIABLE,UNSATISFIABLE,True,True,47177,47177,43763,43763,0.235055,0.230911,-0.004143999999999981,True,True,True,True,True,
repeat=0|base=php_p9_h8|variant=perm_seed1732,0,php_p9_h8,perm_seed1732,1,1,UNSATISFIABLE,UNSATISFIABLE,True,True,42631,42631,39886,39886,0.237706,0.235331,-0.0023749999999999882,True,True,True,True,True,
repeat=0|base=php_p9_h8|variant=perm_seed1733,0,php_p9_h8,perm_seed1733,1,1,UNSATISFIABLE,UNSATISFIABLE,True,True,40549,40549,37474,37474,0.203821,0.200368,-0.0034530000000000116,True,True,True,True,True,
repeat=0|base=php_p9_h8|variant=perm_seed1734,0,php_p9_h8,perm_seed1734,1,1,UNSATISFIABLE,UNSATISFIABLE,True,True,38155,38155,35575,35575,0.197398,0.194337,-0.0030609999999999804,True,True,True,True,True,
repeat=0|base=php_p9_h8|variant=perm_seed1735,0,php_p9_h8,perm_seed1735,1,1,UNSATISFIABLE,UNSATISFIABLE,True,True,38038,38038,34825,34825,0.170208,0.168646,-0.0015620000000000078,True,True,True,True,True,
repeat=0|base=php_p9_h8|variant=perm_seed1736,0,php_p9_h8,perm_seed1736,1,1,UNSATISFIABLE,UNSATISFIABLE,True,True,37635,37635,34827,34827,0.179362,0.177558,-0.001804,True,True,True,True,True,
repeat=0|base=php_p9_h8|variant=perm_seed1737,0,php_p9_h8,perm_seed1737,1,1,UNSATISFIABLE,UNSATISFIABLE,True,True,34889,34889,32493,32493,0.184941,0.183627,-0.0013139999999999818,True,True,True,True,True,
repeat=0|base=php_p9_h8|variant=perm_seed1738,0,php_p9_h8,perm_seed1738,1,1,UNSATISFIABLE,UNSATISFIABLE,True,True,44410,44410,41150,41150,0.205183,0.201574,-0.003609000000000001,True,True,True,True,True,
repeat=0|base=php_p9_h8|variant=perm_seed1739,0,php_p9_h8,perm_seed1739,1,1,UNSATISFIABLE,UNSATISFIABLE,True,True,38390,38390,35458,35458,0.198527,0.197428,-0.0010990000000000166,True,True,True,True,True,
repeat=0|base=php_p9_h8|variant=perm_seed1740,0,php_p9_h8,perm_seed1740,1,1,UNSATISFIABLE,UNSATISFIABLE,True,True,45308,45308,42027,42027,0.238859,0.236826,-0.0020329999999999793,True,True,True,True,True,
repeat=0|base=php_p9_h8|variant=perm_seed1741,0,php_p9_h8,perm_seed1741,1,1,UNSATISFIABLE,UNSATISFIABLE,True,True,44335,44335,41422,41422,0.253465,0.251373,-0.0020919999999999828,True,True,True,True,True,
repeat=0|base=php_p9_h8|variant=perm_seed1742,0,php_p9_h8,perm_seed1742,1,1,UNSATISFIABLE,UNSATISFIABLE,True,True,35433,35433,33046,33046,0.182666,0.180874,-0.001791999999999988,True,True,True,True,True,
repeat=0|base=php_p9_h8|variant=perm_seed1743,0,php_p9_h8,perm_seed1743,1,1,UNSATISFIABLE,UNSATISFIABLE,True,True,42142,42142,39194,39194,0.209292,0.206869,-0.0024230000000000085,True,True,True,True,True,
repeat=0|base=php_p9_h8|variant=perm_seed1744,0,php_p9_h8,perm_seed1744,1,1,UNSATISFIABLE,UNSATISFIABLE,True,True,38390,38390,35980,35980,0.226461,0.22392,-0.0025409999999999877,True,True,True,True,True,
repeat=0|base=php_p9_h8|variant=perm_seed1745,0,php_p9_h8,perm_seed1745,1,1,UNSATISFIABLE,UNSATISFIABLE,True,True,39580,39580,36681,36681,0.207012,0.203775,-0.00323699999999999,True,True,True,True,True,
repeat=0|base=random_3sat_control_v100_c360_seed1931|variant=base,0,random_3sat_control_v100_c360_seed1931,base,1,1,SATISFIABLE,SATISFIABLE,True,True,39,39,9,9,0.000799,0.000765,-3.400000000000007e-05,True,True,True,True,True,
repeat=0|base=random_3sat_control_v100_c360_seed1931|variant=perm_seed1730,0,random_3sat_control_v100_c360_seed1931,perm_seed1730,1,1,SATISFIABLE,SATISFIABLE,True,True,60,60,27,27,0.00086,0.00078,-7.999999999999999e-05,True,True,True,True,True,
repeat=0|base=random_3sat_control_v100_c360_seed1931|variant=perm_seed1731,0,random_3sat_control_v100_c360_seed1931,perm_seed1731,1,1,SATISFIABLE,SATISFIABLE,True,True,120,120,81,81,0.000946,0.000909,-3.700000000000003e-05,True,True,True,True,True,
repeat=0|base=random_3sat_control_v100_c360_seed1931|variant=perm_seed1732,0,random_3sat_control_v100_c360_seed1931,perm_seed1732,1,1,SATISFIABLE,SATISFIABLE,True,True,183,183,148,148,0.001047,0.001095,4.800000000000008e-05,True,True,True,True,True,
repeat=0|base=random_3sat_control_v100_c360_seed1931|variant=perm_seed1733,0,random_3sat_control_v100_c360_seed1931,perm_seed1733,1,1,SATISFIABLE,SATISFIABLE,True,True,114,114,79,79,0.000933,0.000886,-4.700000000000006e-05,True,True,True,True,True,
repeat=0|base=random_3sat_control_v100_c360_seed1931|variant=perm_seed1734,0,random_3sat_control_v100_c360_seed1931,perm_seed1734,1,1,SATISFIABLE,SATISFIABLE,True,True,72,72,38,38,0.000771,0.000828,5.6999999999999976e-05,True,True,True,True,True,
repeat=0|base=random_3sat_control_v100_c360_seed1931|variant=perm_seed1735,0,random_3sat_control_v100_c360_seed1931,perm_seed1735,1,1,SATISFIABLE,SATISFIABLE,True,True,42,42,5,5,0.000825,0.000763,-6.199999999999999e-05,True,True,True,True,True,
repeat=0|base=random_3sat_control_v100_c360_seed1931|variant=perm_seed1736,0,random_3sat_control_v100_c360_seed1931,perm_seed1736,1,1,SATISFIABLE,SATISFIABLE,True,True,34,34,6,6,0.000782,0.000743,-3.900000000000008e-05,True,True,True,True,True,
repeat=0|base=random_3sat_control_v100_c360_seed1931|variant=perm_seed1737,0,random_3sat_control_v100_c360_seed1931,perm_seed1737,1,1,SATISFIABLE,SATISFIABLE,True,True,29,29,2,2,0.000737,0.000736,-1.0000000000000243e-06,True,True,True,True,True,
repeat=0|base=random_3sat_control_v100_c360_seed1931|variant=perm_seed1738,0,random_3sat_control_v100_c360_seed1931,perm_seed1738,1,1,SATISFIABLE,SATISFIABLE,True,True,47,47,21,21,0.000805,0.000776,-2.9000000000000054e-05,True,True,True,True,True,
repeat=0|base=random_3sat_control_v100_c360_seed1931|variant=perm_seed1739,0,random_3sat_control_v100_c360_seed1931,perm_seed1739,1,1,SATISFIABLE,SATISFIABLE,True,True,30,30,2,2,0.000679,0.000724,4.500000000000001e-05,True,True,True,True,True,
repeat=0|base=random_3sat_control_v100_c360_seed1931|variant=perm_seed1740,0,random_3sat_control_v100_c360_seed1931,perm_seed1740,1,1,SATISFIABLE,SATISFIABLE,True,True,89,89,56,56,0.000831,0.000807,-2.400000000000004e-05,True,True,True,True,True,
repeat=0|base=random_3sat_control_v100_c360_seed1931|variant=perm_seed1741,0,random_3sat_control_v100_c360_seed1931,perm_seed1741,1,1,SATISFIABLE,SATISFIABLE,True,True,48,48,16,16,0.000721,0.000786,6.500000000000006e-05,True,True,True,True,True,
repeat=0|base=random_3sat_control_v100_c360_seed1931|variant=perm_seed1742,0,random_3sat_control_v100_c360_seed1931,perm_seed1742,1,1,SATISFIABLE,SATISFIABLE,True,True,30,30,5,5,0.000736,0.000734,-2.0000000000000486e-06,True,True,True,True,True,
repeat=0|base=random_3sat_control_v100_c360_seed1931|variant=perm_seed1743,0,random_3sat_control_v100_c360_seed1931,perm_seed1743,1,1,SATISFIABLE,SATISFIABLE,True,True,49,49,16,16,0.000922,0.000733,-0.00018899999999999993,True,True,True,True,True,
repeat=0|base=random_3sat_control_v100_c360_seed1931|variant=perm_seed1744,0,random_3sat_control_v100_c360_seed1931,perm_seed1744,1,1,SATISFIABLE,SATISFIABLE,True,True,72,72,32,32,0.000816,0.000839,2.3000000000000017e-05,True,True,True,True,True,
repeat=0|base=random_3sat_control_v100_c360_seed1931|variant=perm_seed1745,0,random_3sat_control_v100_c360_seed1931,perm_seed1745,1,1,SATISFIABLE,SATISFIABLE,True,True,39,39,19,19,0.000791,0.000781,-1.0000000000000026e-05,True,True,True,True,True,
repeat=0|base=random_3sat_control_v100_c425_seed1932|variant=base,0,random_3sat_control_v100_c425_seed1932,base,1,1,UNSATISFIABLE,UNSATISFIABLE,True,True,1295,1295,1100,1100,0.003535,0.003508,-2.7000000000000114e-05,True,True,True,True,True,
repeat=0|base=random_3sat_control_v100_c425_seed1932|variant=perm_seed1730,0,random_3sat_control_v100_c425_seed1932,perm_seed1730,1,1,UNSATISFIABLE,UNSATISFIABLE,True,True,924,924,801,801,0.00251,0.002504,-5.999999999999929e-06,True,True,True,True,True,
repeat=0|base=random_3sat_control_v100_c425_seed1932|variant=perm_seed1731,0,random_3sat_control_v100_c425_seed1932,perm_seed1731,1,1,UNSATISFIABLE,UNSATISFIABLE,True,True,1368,1368,1209,1209,0.003777,0.003992,0.0002149999999999999,True,True,True,True,True,
repeat=0|base=random_3sat_control_v100_c425_seed1932|variant=perm_seed1732,0,random_3sat_control_v100_c425_seed1932,perm_seed1732,1,1,UNSATISFIABLE,UNSATISFIABLE,True,True,889,889,751,751,0.002207,0.002323,0.00011599999999999978,True,True,True,True,True,
repeat=0|base=random_3sat_control_v100_c425_seed1932|variant=perm_seed1733,0,random_3sat_control_v100_c425_seed1932,perm_seed1733,1,1,UNSATISFIABLE,UNSATISFIABLE,True,True,1248,1248,1070,1070,0.003115,0.003109,-6.000000000000363e-06,True,True,True,True,True,
repeat=0|base=random_3sat_control_v100_c425_seed1932|variant=perm_seed1734,0,random_3sat_control_v100_c425_seed1932,perm_seed1734,1,1,UNSATISFIABLE,UNSATISFIABLE,True,True,815,815,686,686,0.002166,0.002161,-4.999999999999796e-06,True,True,True,True,True,
repeat=0|base=random_3sat_control_v100_c425_seed1932|variant=perm_seed1735,0,random_3sat_control_v100_c425_seed1932,perm_seed1735,1,1,UNSATISFIABLE,UNSATISFIABLE,True,True,1114,1114,958,958,0.002804,0.002911,0.00010699999999999989,True,True,True,True,True,
repeat=0|base=random_3sat_control_v100_c425_seed1932|variant=perm_seed1736,0,random_3sat_control_v100_c425_seed1932,perm_seed1736,1,1,UNSATISFIABLE,UNSATISFIABLE,True,True,1068,1068,936,936,0.002985,0.003035,5.000000000000013e-05,True,True,True,True,True,
repeat=0|base=random_3sat_control_v100_c425_seed1932|variant=perm_seed1737,0,random_3sat_control_v100_c425_seed1932,perm_seed1737,1,1,UNSATISFIABLE,UNSATISFIABLE,True,True,1265,1265,1083,1083,0.003238,0.003148,-8.99999999999998e-05,True,True,True,True,True,
repeat=0|base=random_3sat_control_v100_c425_seed1932|variant=perm_seed1738,0,random_3sat_control_v100_c425_seed1932,perm_seed1738,1,1,UNSATISFIABLE,UNSATISFIABLE,True,True,995,995,860,860,0.002528,0.002587,5.9000000000000025e-05,True,True,True,True,True,
repeat=0|base=random_3sat_control_v100_c425_seed1932|variant=perm_seed1739,0,random_3sat_control_v100_c425_seed1932,perm_seed1739,1,1,UNSATISFIABLE,UNSATISFIABLE,True,True,1222,1222,1057,1057,0.003093,0.003079,-1.399999999999969e-05,True,True,True,True,True,
repeat=0|base=random_3sat_control_v100_c425_seed1932|variant=perm_seed1740,0,random_3sat_control_v100_c425_seed1932,perm_seed1740,1,1,UNSATISFIABLE,UNSATISFIABLE,True,True,1232,1232,1053,1053,0.003269,0.003246,-2.3000000000000017e-05,True,True,True,True,True,
repeat=0|base=random_3sat_control_v100_c425_seed1932|variant=perm_seed1741,0,random_3sat_control_v100_c425_seed1932,perm_seed1741,1,1,UNSATISFIABLE,UNSATISFIABLE,True,True,1256,1256,1113,1113,0.003324,0.003329,4.999999999999796e-06,True,True,True,True,True,
repeat=0|base=random_3sat_control_v100_c425_seed1932|variant=perm_seed1742,0,random_3sat_control_v100_c425_seed1932,perm_seed1742,1,1,UNSATISFIABLE,UNSATISFIABLE,True,True,1404,1404,1195,1195,0.003528,0.003533,5.00000000000023e-06,True,True,True,True,True,
repeat=0|base=random_3sat_control_v100_c425_seed1932|variant=perm_seed1743,0,random_3sat_control_v100_c425_seed1932,perm_seed1743,1,1,UNSATISFIABLE,UNSATISFIABLE,True,True,1514,1514,1318,1318,0.004063,0.004037,-2.599999999999998e-05,True,True,True,True,True,
repeat=0|base=random_3sat_control_v100_c425_seed1932|variant=perm_seed1744,0,random_3sat_control_v100_c425_seed1932,perm_seed1744,1,1,UNSATISFIABLE,UNSATISFIABLE,True,True,865,865,716,716,0.00232,0.002304,-1.5999999999999955e-05,True,True,True,True,True,
repeat=0|base=random_3sat_control_v100_c425_seed1932|variant=perm_seed1745,0,random_3sat_control_v100_c425_seed1932,perm_seed1745,1,1,UNSATISFIABLE,UNSATISFIABLE,True,True,805,805,716,716,0.002208,0.002226,1.800000000000022e-05,True,True,True,True,True,
repeat=0|base=random_3sat_control_v100_c600_seed1914|variant=base,0,random_3sat_control_v100_c600_seed1914,base,1,1,UNSATISFIABLE,UNSATISFIABLE,True,True,178,178,148,148,0.001024,0.001025,1.0000000000001327e-06,True,True,True,True,True,
repeat=0|base=random_3sat_control_v100_c600_seed1914|variant=perm_seed1730,0,random_3sat_control_v100_c600_seed1914,perm_seed1730,1,1,UNSATISFIABLE,UNSATISFIABLE,True,True,327,327,284,284,0.001252,0.001322,6.999999999999997e-05,True,True,True,True,True,
repeat=0|base=random_3sat_control_v100_c600_seed1914|variant=perm_seed1731,0,random_3sat_control_v100_c600_seed1914,perm_seed1731,1,1,UNSATISFIABLE,UNSATISFIABLE,True,True,250,250,203,203,0.001167,0.001112,-5.5000000000000144e-05,True,True,True,True,True,
repeat=0|base=random_3sat_control_v100_c600_seed1914|variant=perm_seed1732,0,random_3sat_control_v100_c600_seed1914,perm_seed1732,1,1,UNSATISFIABLE,UNSATISFIABLE,True,True,176,176,152,152,0.000999,0.001044,4.49999999999999e-05,True,True,True,True,True,
repeat=0|base=random_3sat_control_v100_c600_seed1914|variant=perm_seed1733,0,random_3sat_control_v100_c600_seed1914,perm_seed1733,1,1,UNSATISFIABLE,UNSATISFIABLE,True,True,283,283,255,255,0.001251,0.001237,-1.3999999999999907e-05,True,True,True,True,True,
repeat=0|base=random_3sat_control_v100_c600_seed1914|variant=perm_seed1734,0,random_3sat_control_v100_c600_seed1914,perm_seed1734,1,1,UNSATISFIABLE,UNSATISFIABLE,True,True,197,197,171,171,0.001056,0.001151,9.499999999999982e-05,True,True,True,True,True,
repeat=0|base=random_3sat_control_v100_c600_seed1914|variant=perm_seed1735,0,random_3sat_control_v100_c600_seed1914,perm_seed1735,1,1,UNSATISFIABLE,UNSATISFIABLE,True,True,124,124,110,110,0.001057,0.000991,-6.600000000000009e-05,True,True,True,True,True,
repeat=0|base=random_3sat_control_v100_c600_seed1914|variant=perm_seed1736,0,random_3sat_control_v100_c600_seed1914,perm_seed1736,1,1,UNSATISFIABLE,UNSATISFIABLE,True,True,194,194,166,166,0.001136,0.001116,-2.0000000000000052e-05,True,True,True,True,True,
repeat=0|base=random_3sat_control_v100_c600_seed1914|variant=perm_seed1737,0,random_3sat_control_v100_c600_seed1914,perm_seed1737,1,1,UNSATISFIABLE,UNSATISFIABLE,True,True,172,172,150,150,0.001044,0.001123,7.900000000000008e-05,True,True,True,True,True,
repeat=0|base=random_3sat_control_v100_c600_seed1914|variant=perm_seed1738,0,random_3sat_control_v100_c600_seed1914,perm_seed1738,1,1,UNSATISFIABLE,UNSATISFIABLE,True,True,189,189,173,173,0.001038,0.001175,0.00013699999999999997,True,True,True,True,True,
repeat=0|base=random_3sat_control_v100_c600_seed1914|variant=perm_seed1739,0,random_3sat_control_v100_c600_seed1914,perm_seed1739,1,1,UNSATISFIABLE,UNSATISFIABLE,True,True,190,190,161,161,0.001132,0.001154,2.20000000000001e-05,True,True,True,True,True,
repeat=0|base=random_3sat_control_v100_c600_seed1914|variant=perm_seed1740,0,random_3sat_control_v100_c600_seed1914,perm_seed1740,1,1,UNSATISFIABLE,UNSATISFIABLE,True,True,231,231,201,201,0.001127,0.001136,9.00000000000011e-06,True,True,True,True,True,
repeat=0|base=random_3sat_control_v100_c600_seed1914|variant=perm_seed1741,0,random_3sat_control_v100_c600_seed1914,perm_seed1741,1,1,UNSATISFIABLE,UNSATISFIABLE,True,True,193,193,168,168,0.001045,0.001159,0.00011400000000000017,True,True,True,True,True,
repeat=0|base=random_3sat_control_v100_c600_seed1914|variant=perm_seed1742,0,random_3sat_control_v100_c600_seed1914,perm_seed1742,1,1,UNSATISFIABLE,UNSATISFIABLE,True,True,182,182,157,157,0.001076,0.001081,5.000000000000013e-06,True,True,True,True,True,
repeat=0|base=random_3sat_control_v100_c600_seed1914|variant=perm_seed1743,0,random_3sat_control_v100_c600_seed1914,perm_seed1743,1,1,UNSATISFIABLE,UNSATISFIABLE,True,True,130,130,109,109,0.000972,0.001107,0.00013499999999999992,True,True,True,True,True,
repeat=0|base=random_3sat_control_v100_c600_seed1914|variant=perm_seed1744,0,random_3sat_control_v100_c600_seed1914,perm_seed1744,1,1,UNSATISFIABLE,UNSATISFIABLE,True,True,215,215,193,193,0.001237,0.001125,-0.00011200000000000012,True,True,True,True,True,
repeat=0|base=random_3sat_control_v100_c600_seed1914|variant=perm_seed1745,0,random_3sat_control_v100_c600_seed1914,perm_seed1745,1,1,UNSATISFIABLE,UNSATISFIABLE,True,True,153,153,133,133,0.001037,0.001035,-2.0000000000000486e-06,True,True,True,True,True,
repeat=0|base=random_3sat_control_v120_c420_seed1933|variant=base,0,random_3sat_control_v120_c420_seed1933,base,1,1,SATISFIABLE,SATISFIABLE,True,True,135,135,79,79,0.000857,0.000946,8.9e-05,True,True,True,True,True,
repeat=0|base=random_3sat_control_v120_c420_seed1933|variant=perm_seed1730,0,random_3sat_control_v120_c420_seed1933,perm_seed1730,1,1,SATISFIABLE,SATISFIABLE,True,True,52,52,12,12,0.000746,0.000827,8.100000000000002e-05,True,True,True,True,True,
repeat=0|base=random_3sat_control_v120_c420_seed1933|variant=perm_seed1731,0,random_3sat_control_v120_c420_seed1933,perm_seed1731,1,1,SATISFIABLE,SATISFIABLE,True,True,192,192,126,126,0.001009,0.001072,6.300000000000012e-05,True,True,True,True,True,
repeat=0|base=random_3sat_control_v120_c420_seed1933|variant=perm_seed1732,0,random_3sat_control_v120_c420_seed1933,perm_seed1732,1,1,SATISFIABLE,SATISFIABLE,True,True,36,36,0,0,0.000736,0.000845,0.00010900000000000005,True,True,True,True,True,
repeat=0|base=random_3sat_control_v120_c420_seed1933|variant=perm_seed1733,0,random_3sat_control_v120_c420_seed1933,perm_seed1733,1,1,SATISFIABLE,SATISFIABLE,True,True,38,38,5,5,0.0009,0.000834,-6.599999999999998e-05,True,True,True,True,True,
repeat=0|base=random_3sat_control_v120_c420_seed1933|variant=perm_seed1734,0,random_3sat_control_v120_c420_seed1933,perm_seed1734,1,1,SATISFIABLE,SATISFIABLE,True,True,138,138,90,90,0.001035,0.001054,1.9000000000000137e-05,True,True,True,True,True,
repeat=0|base=random_3sat_control_v120_c420_seed1933|variant=perm_seed1735,0,random_3sat_control_v120_c420_seed1933,perm_seed1735,1,1,SATISFIABLE,SATISFIABLE,True,True,32,32,0,0,0.000866,0.000936,6.999999999999997e-05,True,True,True,True,True,
repeat=0|base=random_3sat_control_v120_c420_seed1933|variant=perm_seed1736,0,random_3sat_control_v120_c420_seed1933,perm_seed1736,1,1,SATISFIABLE,SATISFIABLE,True,True,30,30,6,6,0.000959,0.000834,-0.000125,True,True,True,True,True,
repeat=0|base=random_3sat_control_v120_c420_seed1933|variant=perm_seed1737,0,random_3sat_control_v120_c420_seed1933,perm_seed1737,1,1,SATISFIABLE,SATISFIABLE,True,True,56,56,24,24,0.000804,0.000894,9.000000000000002e-05,True,True,True,True,True,
repeat=0|base=random_3sat_control_v120_c420_seed1933|variant=perm_seed1738,0,random_3sat_control_v120_c420_seed1933,perm_seed1738,1,1,SATISFIABLE,SATISFIABLE,True,True,37,37,0,0,0.000808,0.000805,-2.9999999999999645e-06,True,True,True,True,True,
repeat=0|base=random_3sat_control_v120_c420_seed1933|variant=perm_seed1739,0,random_3sat_control_v120_c420_seed1933,perm_seed1739,1,1,SATISFIABLE,SATISFIABLE,True,True,39,39,1,1,0.000827,0.000816,-1.100000000000005e-05,True,True,True,True,True,
repeat=0|base=random_3sat_control_v120_c420_seed1933|variant=perm_seed1740,0,random_3sat_control_v120_c420_seed1933,perm_seed1740,1,1,SATISFIABLE,SATISFIABLE,True,True,31,31,1,1,0.000741,0.000886,0.00014499999999999995,True,True,True,True,True,
repeat=0|base=random_3sat_control_v120_c420_seed1933|variant=perm_seed1741,0,random_3sat_control_v120_c420_seed1933,perm_seed1741,1,1,SATISFIABLE,SATISFIABLE,True,True,111,111,57,57,0.000975,0.000865,-0.00010999999999999996,True,True,True,True,True,
repeat=0|base=random_3sat_control_v120_c420_seed1933|variant=perm_seed1742,0,random_3sat_control_v120_c420_seed1933,perm_seed1742,1,1,SATISFIABLE,SATISFIABLE,True,True,33,33,10,10,0.000836,0.000843,6.999999999999953e-06,True,True,True,True,True,
repeat=0|base=random_3sat_control_v120_c420_seed1933|variant=perm_seed1743,0,random_3sat_control_v120_c420_seed1933,perm_seed1743,1,1,SATISFIABLE,SATISFIABLE,True,True,72,72,25,25,0.000825,0.000814,-1.0999999999999942e-05,True,True,True,True,True,
repeat=0|base=random_3sat_control_v120_c420_seed1933|variant=perm_seed1744,0,random_3sat_control_v120_c420_seed1933,perm_seed1744,1,1,SATISFIABLE,SATISFIABLE,True,True,86,86,33,33,0.000855,0.000953,9.8e-05,True,True,True,True,True,
repeat=0|base=random_3sat_control_v120_c420_seed1933|variant=perm_seed1745,0,random_3sat_control_v120_c420_seed1933,perm_seed1745,1,1,SATISFIABLE,SATISFIABLE,True,True,42,42,4,4,0.001055,0.000772,-0.00028299999999999994,True,True,True,True,True,
repeat=0|base=random_3sat_control_v120_c510_seed1934|variant=base,0,random_3sat_control_v120_c510_seed1934,base,1,1,SATISFIABLE,SATISFIABLE,True,True,243,243,196,196,0.001359,0.001282,-7.700000000000003e-05,True,True,True,True,True,
repeat=0|base=random_3sat_control_v120_c510_seed1934|variant=perm_seed1730,0,random_3sat_control_v120_c510_seed1934,perm_seed1730,1,1,SATISFIABLE,SATISFIABLE,True,True,780,780,644,644,0.002421,0.002413,-7.99999999999976e-06,True,True,True,True,True,
repeat=0|base=random_3sat_control_v120_c510_seed1934|variant=perm_seed1731,0,random_3sat_control_v120_c510_seed1934,perm_seed1731,1,1,SATISFIABLE,SATISFIABLE,True,True,758,758,654,654,0.002352,0.002527,0.00017500000000000024,True,True,True,True,True,
repeat=0|base=random_3sat_control_v120_c510_seed1934|variant=perm_seed1732,0,random_3sat_control_v120_c510_seed1934,perm_seed1732,1,1,SATISFIABLE,SATISFIABLE,True,True,1356,1356,1182,1182,0.003884,0.003842,-4.199999999999994e-05,True,True,True,True,True,
repeat=0|base=random_3sat_control_v120_c510_seed1934|variant=perm_seed1733,0,random_3sat_control_v120_c510_seed1934,perm_seed1733,1,1,SATISFIABLE,SATISFIABLE,True,True,613,613,519,519,0.002024,0.002165,0.00014099999999999963,True,True,True,True,True,
repeat=0|base=random_3sat_control_v120_c510_seed1934|variant=perm_seed1734,0,random_3sat_control_v120_c510_seed1934,perm_seed1734,1,1,SATISFIABLE,SATISFIABLE,True,True,1348,1348,1164,1164,0.003873,0.003828,-4.5000000000000335e-05,True,True,True,True,True,
repeat=0|base=random_3sat_control_v120_c510_seed1934|variant=perm_seed1735,0,random_3sat_control_v120_c510_seed1934,perm_seed1735,1,1,SATISFIABLE,SATISFIABLE,True,True,923,923,763,763,0.002666,0.002667,1.0000000000001327e-06,True,True,True,True,True,
repeat=0|base=random_3sat_control_v120_c510_seed1934|variant=perm_seed1736,0,random_3sat_control_v120_c510_seed1934,perm_seed1736,1,1,SATISFIABLE,SATISFIABLE,True,True,316,316,239,239,0.001316,0.001288,-2.7999999999999813e-05,True,True,True,True,True,
repeat=0|base=random_3sat_control_v120_c510_seed1934|variant=perm_seed1737,0,random_3sat_control_v120_c510_seed1934,perm_seed1737,1,1,SATISFIABLE,SATISFIABLE,True,True,1069,1069,900,900,0.002972,0.003048,7.600000000000011e-05,True,True,True,True,True,
repeat=0|base=random_3sat_control_v120_c510_seed1934|variant=perm_seed1738,0,random_3sat_control_v120_c510_seed1934,perm_seed1738,1,1,SATISFIABLE,SATISFIABLE,True,True,1313,1313,1140,1140,0.0036,0.003688,8.799999999999997e-05,True,True,True,True,True,
repeat=0|base=random_3sat_control_v120_c510_seed1934|variant=perm_seed1739,0,random_3sat_control_v120_c510_seed1934,perm_seed1739,1,1,SATISFIABLE,SATISFIABLE,True,True,1230,1230,1051,1051,0.003361,0.003453,9.200000000000007e-05,True,True,True,True,True,
repeat=0|base=random_3sat_control_v120_c510_seed1934|variant=perm_seed1740,0,random_3sat_control_v120_c510_seed1934,perm_seed1740,1,1,SATISFIABLE,SATISFIABLE,True,True,741,741,619,619,0.002311,0.002394,8.299999999999974e-05,True,True,True,True,True,
repeat=0|base=random_3sat_control_v120_c510_seed1934|variant=perm_seed1741,0,random_3sat_control_v120_c510_seed1934,perm_seed1741,1,1,SATISFIABLE,SATISFIABLE,True,True,854,854,708,708,0.002481,0.0025,1.899999999999992e-05,True,True,True,True,True,
repeat=0|base=random_3sat_control_v120_c510_seed1934|variant=perm_seed1742,0,random_3sat_control_v120_c510_seed1934,perm_seed1742,1,1,SATISFIABLE,SATISFIABLE,True,True,807,807,686,686,0.00242,0.002363,-5.699999999999976e-05,True,True,True,True,True,
repeat=0|base=random_3sat_control_v120_c510_seed1934|variant=perm_seed1743,0,random_3sat_control_v120_c510_seed1934,perm_seed1743,1,1,SATISFIABLE,SATISFIABLE,True,True,1021,1021,858,858,0.002958,0.002893,-6.499999999999995e-05,True,True,True,True,True,
repeat=0|base=random_3sat_control_v120_c510_seed1934|variant=perm_seed1744,0,random_3sat_control_v120_c510_seed1934,perm_seed1744,1,1,SATISFIABLE,SATISFIABLE,True,True,440,440,352,352,0.001611,0.001657,4.6000000000000034e-05,True,True,True,True,True,
repeat=0|base=random_3sat_control_v120_c510_seed1934|variant=perm_seed1745,0,random_3sat_control_v120_c510_seed1934,perm_seed1745,1,1,SATISFIABLE,SATISFIABLE,True,True,682,682,589,589,0.002099,0.002437,0.00033799999999999976,True,True,True,True,True,
repeat=0|base=random_3sat_control_v140_c595_seed1935|variant=base,0,random_3sat_control_v140_c595_seed1935,base,1,1,UNSATISFIABLE,UNSATISFIABLE,True,True,3075,3075,2591,2591,0.008526,0.008691,0.00016500000000000022,True,True,True,True,True,
repeat=0|base=random_3sat_control_v140_c595_seed1935|variant=perm_seed1730,0,random_3sat_control_v140_c595_seed1935,perm_seed1730,1,1,UNSATISFIABLE,UNSATISFIABLE,True,True,4309,4309,3607,3607,0.013277,0.013672,0.0003949999999999995,True,True,True,True,True,
repeat=0|base=random_3sat_control_v140_c595_seed1935|variant=perm_seed1731,0,random_3sat_control_v140_c595_seed1935,perm_seed1731,1,1,UNSATISFIABLE,UNSATISFIABLE,True,True,4589,4589,3950,3950,0.014256,0.014512,0.000256000000000001,True,True,True,True,True,
repeat=0|base=random_3sat_control_v140_c595_seed1935|variant=perm_seed1732,0,random_3sat_control_v140_c595_seed1935,perm_seed1732,1,1,UNSATISFIABLE,UNSATISFIABLE,True,True,3477,3477,2986,2986,0.010548,0.01083,0.00028199999999999927,True,True,True,True,True,
repeat=0|base=random_3sat_control_v140_c595_seed1935|variant=perm_seed1733,0,random_3sat_control_v140_c595_seed1935,perm_seed1733,1,1,UNSATISFIABLE,UNSATISFIABLE,True,True,3288,3288,2769,2769,0.008519,0.008607,8.799999999999954e-05,True,True,True,True,True,
repeat=0|base=random_3sat_control_v140_c595_seed1935|variant=perm_seed1734,0,random_3sat_control_v140_c595_seed1935,perm_seed1734,1,1,UNSATISFIABLE,UNSATISFIABLE,True,True,3521,3521,2997,2997,0.009761,0.009761,0.0,True,True,True,True,True,
repeat=0|base=random_3sat_control_v140_c595_seed1935|variant=perm_seed1735,0,random_3sat_control_v140_c595_seed1935,perm_seed1735,1,1,UNSATISFIABLE,UNSATISFIABLE,True,True,3414,3414,2941,2941,0.009629,0.009825,0.000196,True,True,True,True,True,
repeat=0|base=random_3sat_control_v140_c595_seed1935|variant=perm_seed1736,0,random_3sat_control_v140_c595_seed1935,perm_seed1736,1,1,UNSATISFIABLE,UNSATISFIABLE,True,True,3531,3531,3024,3024,0.010232,0.010327,9.49999999999996e-05,True,True,True,True,True,
repeat=0|base=random_3sat_control_v140_c595_seed1935|variant=perm_seed1737,0,random_3sat_control_v140_c595_seed1935,perm_seed1737,1,1,UNSATISFIABLE,UNSATISFIABLE,True,True,3490,3490,2973,2973,0.009834,0.010071,0.00023699999999999936,True,True,True,True,True,
repeat=0|base=random_3sat_control_v140_c595_seed1935|variant=perm_seed1738,0,random_3sat_control_v140_c595_seed1935,perm_seed1738,1,1,UNSATISFIABLE,UNSATISFIABLE,True,True,3180,3180,2682,2682,0.00921,0.00924,3.0000000000000512e-05,True,True,True,True,True,
repeat=0|base=random_3sat_control_v140_c595_seed1935|variant=perm_seed1739,0,random_3sat_control_v140_c595_seed1935,perm_seed1739,1,1,UNSATISFIABLE,UNSATISFIABLE,True,True,3928,3928,3329,3329,0.010905,0.010978,7.300000000000015e-05,True,True,True,True,True,
repeat=0|base=random_3sat_control_v140_c595_seed1935|variant=perm_seed1740,0,random_3sat_control_v140_c595_seed1935,perm_seed1740,1,1,UNSATISFIABLE,UNSATISFIABLE,True,True,2789,2789,2362,2362,0.008073,0.008214,0.0001410000000000005,True,True,True,True,True,
repeat=0|base=random_3sat_control_v140_c595_seed1935|variant=perm_seed1741,0,random_3sat_control_v140_c595_seed1935,perm_seed1741,1,1,UNSATISFIABLE,UNSATISFIABLE,True,True,3699,3699,3145,3145,0.010976,0.010996,2.000000000000092e-05,True,True,True,True,True,
repeat=0|base=random_3sat_control_v140_c595_seed1935|variant=perm_seed1742,0,random_3sat_control_v140_c595_seed1935,perm_seed1742,1,1,UNSATISFIABLE,UNSATISFIABLE,True,True,2994,2994,2540,2540,0.008888,0.00918,0.0002920000000000006,True,True,True,True,True,
repeat=0|base=random_3sat_control_v140_c595_seed1935|variant=perm_seed1743,0,random_3sat_control_v140_c595_seed1935,perm_seed1743,1,1,UNSATISFIABLE,UNSATISFIABLE,True,True,3045,3045,2579,2579,0.008853,0.009492,0.0006390000000000007,True,True,True,True,True,
repeat=0|base=random_3sat_control_v140_c595_seed1935|variant=perm_seed1744,0,random_3sat_control_v140_c595_seed1935,perm_seed1744,1,1,UNSATISFIABLE,UNSATISFIABLE,True,True,3721,3721,3205,3205,0.010751,0.011538,0.0007869999999999995,True,True,True,True,True,
repeat=0|base=random_3sat_control_v140_c595_seed1935|variant=perm_seed1745,0,random_3sat_control_v140_c595_seed1935,perm_seed1745,1,1,UNSATISFIABLE,UNSATISFIABLE,True,True,3463,3463,2976,2976,0.011519,0.012155,0.0006359999999999994,True,True,True,True,True,
repeat=0|base=random_3sat_control_v150_c525_seed1936|variant=base,0,random_3sat_control_v150_c525_seed1936,base,1,1,SATISFIABLE,SATISFIABLE,True,True,52,52,3,3,0.001056,0.000869,-0.0001870000000000001,True,True,True,True,True,
repeat=0|base=random_3sat_control_v150_c525_seed1936|variant=perm_seed1730,0,random_3sat_control_v150_c525_seed1936,perm_seed1730,1,1,SATISFIABLE,SATISFIABLE,True,True,36,36,1,1,0.000867,0.000857,-1.0000000000000026e-05,True,True,True,True,True,
repeat=0|base=random_3sat_control_v150_c525_seed1936|variant=perm_seed1731,0,random_3sat_control_v150_c525_seed1936,perm_seed1731,1,1,SATISFIABLE,SATISFIABLE,True,True,64,64,17,17,0.000921,0.00085,-7.10000000000001e-05,True,True,True,True,True,
repeat=0|base=random_3sat_control_v150_c525_seed1936|variant=perm_seed1732,0,random_3sat_control_v150_c525_seed1936,perm_seed1732,1,1,SATISFIABLE,SATISFIABLE,True,True,66,66,17,17,0.000856,0.000875,1.9000000000000028e-05,True,True,True,True,True,
repeat=0|base=random_3sat_control_v150_c525_seed1936|variant=perm_seed1733,0,random_3sat_control_v150_c525_seed1936,perm_seed1733,1,1,SATISFIABLE,SATISFIABLE,True,True,89,89,36,36,0.000875,0.000936,6.0999999999999965e-05,True,True,True,True,True,
repeat=0|base=random_3sat_control_v150_c525_seed1936|variant=perm_seed1734,0,random_3sat_control_v150_c525_seed1936,perm_seed1734,1,1,SATISFIABLE,SATISFIABLE,True,True,40,40,5,5,0.000892,0.000923,3.0999999999999995e-05,True,True,True,True,True,
repeat=0|base=random_3sat_control_v150_c525_seed1936|variant=perm_seed1735,0,random_3sat_control_v150_c525_seed1936,perm_seed1735,1,1,SATISFIABLE,SATISFIABLE,True,True,177,177,116,116,0.001075,0.001092,1.7000000000000088e-05,True,True,True,True,True,
repeat=0|base=random_3sat_control_v150_c525_seed1936|variant=perm_seed1736,0,random_3sat_control_v150_c525_seed1936,perm_seed1736,1,1,SATISFIABLE,SATISFIABLE,True,True,71,71,22,22,0.000899,0.000842,-5.6999999999999976e-05,True,True,True,True,True,
repeat=0|base=random_3sat_control_v150_c525_seed1936|variant=perm_seed1737,0,random_3sat_control_v150_c525_seed1936,perm_seed1737,1,1,SATISFIABLE,SATISFIABLE,True,True,116,116,61,61,0.00091,0.000925,1.500000000000004e-05,True,True,True,True,True,
repeat=0|base=random_3sat_control_v150_c525_seed1936|variant=perm_seed1738,0,random_3sat_control_v150_c525_seed1936,perm_seed1738,1,1,SATISFIABLE,SATISFIABLE,True,True,72,72,26,26,0.000825,0.000854,2.9000000000000054e-05,True,True,True,True,True,
repeat=0|base=random_3sat_control_v150_c525_seed1936|variant=perm_seed1739,0,random_3sat_control_v150_c525_seed1936,perm_seed1739,1,1,SATISFIABLE,SATISFIABLE,True,True,184,184,126,126,0.001076,0.001104,2.800000000000003e-05,True,True,True,True,True,
repeat=0|base=random_3sat_control_v150_c525_seed1936|variant=perm_seed1740,0,random_3sat_control_v150_c525_seed1936,perm_seed1740,1,1,SATISFIABLE,SATISFIABLE,True,True,81,81,31,31,0.000843,0.000891,4.7999999999999974e-05,True,True,True,True,True,
repeat=0|base=random_3sat_control_v150_c525_seed1936|variant=perm_seed1741,0,random_3sat_control_v150_c525_seed1936,perm_seed1741,1,1,SATISFIABLE,SATISFIABLE,True,True,135,135,71,71,0.00094,0.001039,9.900000000000002e-05,True,True,True,True,True,
repeat=0|base=random_3sat_control_v150_c525_seed1936|variant=perm_seed1742,0,random_3sat_control_v150_c525_seed1936,perm_seed1742,1,1,SATISFIABLE,SATISFIABLE,True,True,60,60,14,14,0.000771,0.000835,6.400000000000004e-05,True,True,True,True,True,
repeat=0|base=random_3sat_control_v150_c525_seed1936|variant=perm_seed1743,0,random_3sat_control_v150_c525_seed1936,perm_seed1743,1,1,SATISFIABLE,SATISFIABLE,True,True,179,179,124,124,0.001071,0.00108,9.00000000000011e-06,True,True,True,True,True,
repeat=0|base=random_3sat_control_v150_c525_seed1936|variant=perm_seed1744,0,random_3sat_control_v150_c525_seed1936,perm_seed1744,1,1,SATISFIABLE,SATISFIABLE,True,True,141,141,98,98,0.000995,0.001061,6.600000000000009e-05,True,True,True,True,True,
repeat=0|base=random_3sat_control_v150_c525_seed1936|variant=perm_seed1745,0,random_3sat_control_v150_c525_seed1936,perm_seed1745,1,1,SATISFIABLE,SATISFIABLE,True,True,53,53,11,11,0.000884,0.00082,-6.400000000000004e-05,True,True,True,True,True,
repeat=0|base=random_3sat_control_v150_c638_seed1937|variant=base,0,random_3sat_control_v150_c638_seed1937,base,1,1,SATISFIABLE,SATISFIABLE,True,True,4053,4053,3484,3484,0.011901,0.012109,0.00020799999999999985,True,True,True,True,True,
repeat=0|base=random_3sat_control_v150_c638_seed1937|variant=perm_seed1730,0,random_3sat_control_v150_c638_seed1937,perm_seed1730,1,1,SATISFIABLE,SATISFIABLE,True,True,4404,4404,3807,3807,0.013847,0.013799,-4.799999999999943e-05,True,True,True,True,True,
repeat=0|base=random_3sat_control_v150_c638_seed1937|variant=perm_seed1731,0,random_3sat_control_v150_c638_seed1937,perm_seed1731,1,1,SATISFIABLE,SATISFIABLE,True,True,4759,4759,4083,4083,0.01578,0.015733,-4.699999999999843e-05,True,True,True,True,True,
repeat=0|base=random_3sat_control_v150_c638_seed1937|variant=perm_seed1732,0,random_3sat_control_v150_c638_seed1937,perm_seed1732,1,1,SATISFIABLE,SATISFIABLE,True,True,771,771,634,634,0.00251,0.002534,2.3999999999999716e-05,True,True,True,True,True,
repeat=0|base=random_3sat_control_v150_c638_seed1937|variant=perm_seed1733,0,random_3sat_control_v150_c638_seed1937,perm_seed1733,1,1,SATISFIABLE,SATISFIABLE,True,True,1063,1063,885,885,0.003303,0.003286,-1.7000000000000088e-05,True,True,True,True,True,
repeat=0|base=random_3sat_control_v150_c638_seed1937|variant=perm_seed1734,0,random_3sat_control_v150_c638_seed1937,perm_seed1734,1,1,SATISFIABLE,SATISFIABLE,True,True,1176,1176,977,977,0.003573,0.003741,0.00016800000000000018,True,True,True,True,True,
repeat=0|base=random_3sat_control_v150_c638_seed1937|variant=perm_seed1735,0,random_3sat_control_v150_c638_seed1937,perm_seed1735,1,1,SATISFIABLE,SATISFIABLE,True,True,1229,1229,1039,1039,0.003863,0.004249,0.00038600000000000006,True,True,True,True,True,
repeat=0|base=random_3sat_control_v150_c638_seed1937|variant=perm_seed1736,0,random_3sat_control_v150_c638_seed1937,perm_seed1736,1,1,SATISFIABLE,SATISFIABLE,True,True,5506,5506,4760,4760,0.019327,0.019266,-6.1000000000002025e-05,True,True,True,True,True,
repeat=0|base=random_3sat_control_v150_c638_seed1937|variant=perm_seed1737,0,random_3sat_control_v150_c638_seed1937,perm_seed1737,1,1,SATISFIABLE,SATISFIABLE,True,True,3490,3490,3007,3007,0.011496,0.01153,3.400000000000104e-05,True,True,True,True,True,
repeat=0|base=random_3sat_control_v150_c638_seed1937|variant=perm_seed1738,0,random_3sat_control_v150_c638_seed1937,perm_seed1738,1,1,SATISFIABLE,SATISFIABLE,True,True,3456,3456,2946,2946,0.011158,0.011506,0.0003480000000000011,True,True,True,True,True,
repeat=0|base=random_3sat_control_v150_c638_seed1937|variant=perm_seed1739,0,random_3sat_control_v150_c638_seed1937,perm_seed1739,1,1,SATISFIABLE,SATISFIABLE,True,True,6287,6287,5476,5476,0.025071,0.025425,0.00035400000000000015,True,True,True,True,True,
repeat=0|base=random_3sat_control_v150_c638_seed1937|variant=perm_seed1740,0,random_3sat_control_v150_c638_seed1937,perm_seed1740,1,1,SATISFIABLE,SATISFIABLE,True,True,2756,2756,2378,2378,0.009576,0.009299,-0.00027699999999999947,True,True,True,True,True,
repeat=0|base=random_3sat_control_v150_c638_seed1937|variant=perm_seed1741,0,random_3sat_control_v150_c638_seed1937,perm_seed1741,1,1,SATISFIABLE,SATISFIABLE,True,True,3793,3793,3223,3223,0.012729,0.012688,-4.1000000000001105e-05,True,True,True,True,True,
repeat=0|base=random_3sat_control_v150_c638_seed1937|variant=perm_seed1742,0,random_3sat_control_v150_c638_seed1937,perm_seed1742,1,1,SATISFIABLE,SATISFIABLE,True,True,5826,5826,4968,4968,0.019291,0.019681,0.00039000000000000146,True,True,True,True,True,
repeat=0|base=random_3sat_control_v150_c638_seed1937|variant=perm_seed1743,0,random_3sat_control_v150_c638_seed1937,perm_seed1743,1,1,SATISFIABLE,SATISFIABLE,True,True,2954,2954,2512,2512,0.009912,0.009994,8.199999999999874e-05,True,True,True,True,True,
repeat=0|base=random_3sat_control_v150_c638_seed1937|variant=perm_seed1744,0,random_3sat_control_v150_c638_seed1937,perm_seed1744,1,1,SATISFIABLE,SATISFIABLE,True,True,4325,4325,3666,3666,0.012853,0.012876,2.300000000000045e-05,True,True,True,True,True,
repeat=0|base=random_3sat_control_v150_c638_seed1937|variant=perm_seed1745,0,random_3sat_control_v150_c638_seed1937,perm_seed1745,1,1,SATISFIABLE,SATISFIABLE,True,True,1341,1341,1104,1104,0.004336,0.004122,-0.00021399999999999978,True,True,True,True,True,
repeat=0|base=random_3sat_control_v160_c704_seed2615|variant=base,0,random_3sat_control_v160_c704_seed2615,base,1,1,UNSATISFIABLE,UNSATISFIABLE,True,True,6771,6771,5767,5767,0.022931,0.023452,0.0005210000000000006,True,True,True,True,True,
repeat=0|base=random_3sat_control_v160_c704_seed2615|variant=perm_seed1730,0,random_3sat_control_v160_c704_seed2615,perm_seed1730,1,1,UNSATISFIABLE,UNSATISFIABLE,True,True,8522,8522,7299,7299,0.034772,0.03518,0.0004080000000000056,True,True,True,True,True,
repeat=0|base=random_3sat_control_v160_c704_seed2615|variant=perm_seed1731,0,random_3sat_control_v160_c704_seed2615,perm_seed1731,1,1,UNSATISFIABLE,UNSATISFIABLE,True,True,5676,5676,4847,4847,0.016848,0.017722,0.0008740000000000032,True,True,True,True,True,
repeat=0|base=random_3sat_control_v180_c760_seed3301|variant=base,0,random_3sat_control_v180_c760_seed3301,base,1,1,SATISFIABLE,SATISFIABLE,True,True,27442,27442,23617,23617,0.17996,0.181166,0.0012059999999999849,True,True,True,True,True,
repeat=0|base=random_3sat_control_v180_c760_seed3301|variant=perm_seed1730,0,random_3sat_control_v180_c760_seed3301,perm_seed1730,1,1,SATISFIABLE,SATISFIABLE,True,True,47649,47649,41152,41152,0.3782,0.378552,0.00035200000000001896,True,True,True,True,True,
repeat=0|base=random_3sat_control_v180_c760_seed3301|variant=perm_seed1731,0,random_3sat_control_v180_c760_seed3301,perm_seed1731,1,1,SATISFIABLE,SATISFIABLE,True,True,27197,27197,23469,23469,0.179887,0.181716,0.0018289999999999973,True,True,True,True,True,
repeat=0|base=random_3sat_control_v20_c85_seed1901|variant=base,0,random_3sat_control_v20_c85_seed1901,base,1,1,SATISFIABLE,SATISFIABLE,True,True,17,17,9,9,0.000756,0.00065,-0.00010600000000000008,True,True,True,True,True,
repeat=0|base=random_3sat_control_v20_c85_seed1901|variant=perm_seed1730,0,random_3sat_control_v20_c85_seed1901,perm_seed1730,1,1,SATISFIABLE,SATISFIABLE,True,True,12,12,5,5,0.00067,0.000677,6.999999999999953e-06,True,True,True,True,True,
repeat=0|base=random_3sat_control_v20_c85_seed1901|variant=perm_seed1731,0,random_3sat_control_v20_c85_seed1901,perm_seed1731,1,1,SATISFIABLE,SATISFIABLE,True,True,15,15,11,11,0.000609,0.000668,5.9000000000000025e-05,True,True,True,True,True,
repeat=0|base=random_3sat_control_v20_c85_seed1901|variant=perm_seed1732,0,random_3sat_control_v20_c85_seed1901,perm_seed1732,1,1,SATISFIABLE,SATISFIABLE,True,True,16,16,6,6,0.000662,0.000661,-1.0000000000000243e-06,True,True,True,True,True,
repeat=0|base=random_3sat_control_v20_c85_seed1901|variant=perm_seed1733,0,random_3sat_control_v20_c85_seed1901,perm_seed1733,1,1,SATISFIABLE,SATISFIABLE,True,True,12,12,7,7,0.000627,0.000621,-5.999999999999929e-06,True,True,True,True,True,
repeat=0|base=random_3sat_control_v20_c85_seed1901|variant=perm_seed1734,0,random_3sat_control_v20_c85_seed1901,perm_seed1734,1,1,SATISFIABLE,SATISFIABLE,True,True,11,11,4,4,0.00076,0.000795,3.499999999999998e-05,True,True,True,True,True,
repeat=0|base=random_3sat_control_v20_c85_seed1901|variant=perm_seed1735,0,random_3sat_control_v20_c85_seed1901,perm_seed1735,1,1,SATISFIABLE,SATISFIABLE,True,True,11,11,1,1,0.000658,0.000676,1.8000000000000004e-05,True,True,True,True,True,
repeat=0|base=random_3sat_control_v20_c85_seed1901|variant=perm_seed1736,0,random_3sat_control_v20_c85_seed1901,perm_seed1736,1,1,SATISFIABLE,SATISFIABLE,True,True,14,14,6,6,0.000735,0.000896,0.000161,True,True,True,True,True,
repeat=0|base=random_3sat_control_v20_c85_seed1901|variant=perm_seed1737,0,random_3sat_control_v20_c85_seed1901,perm_seed1737,1,1,SATISFIABLE,SATISFIABLE,True,True,17,17,8,8,0.001226,0.001181,-4.500000000000012e-05,True,True,True,True,True,
repeat=0|base=random_3sat_control_v20_c85_seed1901|variant=perm_seed1738,0,random_3sat_control_v20_c85_seed1901,perm_seed1738,1,1,SATISFIABLE,SATISFIABLE,True,True,12,12,7,7,0.000743,0.000657,-8.599999999999992e-05,True,True,True,True,True,
repeat=0|base=random_3sat_control_v20_c85_seed1901|variant=perm_seed1739,0,random_3sat_control_v20_c85_seed1901,perm_seed1739,1,1,SATISFIABLE,SATISFIABLE,True,True,10,10,3,3,0.000648,0.000596,-5.200000000000007e-05,True,True,True,True,True,
repeat=0|base=random_3sat_control_v20_c85_seed1901|variant=perm_seed1740,0,random_3sat_control_v20_c85_seed1901,perm_seed1740,1,1,SATISFIABLE,SATISFIABLE,True,True,11,11,6,6,0.000598,0.000794,0.000196,True,True,True,True,True,
repeat=0|base=random_3sat_control_v20_c85_seed1901|variant=perm_seed1741,0,random_3sat_control_v20_c85_seed1901,perm_seed1741,1,1,SATISFIABLE,SATISFIABLE,True,True,11,11,4,4,0.000671,0.000638,-3.300000000000004e-05,True,True,True,True,True,
repeat=0|base=random_3sat_control_v20_c85_seed1901|variant=perm_seed1742,0,random_3sat_control_v20_c85_seed1901,perm_seed1742,1,1,SATISFIABLE,SATISFIABLE,True,True,8,8,1,1,0.000611,0.00065,3.899999999999997e-05,True,True,True,True,True,
repeat=0|base=random_3sat_control_v20_c85_seed1901|variant=perm_seed1743,0,random_3sat_control_v20_c85_seed1901,perm_seed1743,1,1,SATISFIABLE,SATISFIABLE,True,True,14,14,4,4,0.000593,0.00059,-2.9999999999999645e-06,True,True,True,True,True,
repeat=0|base=random_3sat_control_v20_c85_seed1901|variant=perm_seed1744,0,random_3sat_control_v20_c85_seed1901,perm_seed1744,1,1,SATISFIABLE,SATISFIABLE,True,True,15,15,7,7,0.000575,0.000592,1.699999999999998e-05,True,True,True,True,True,
repeat=0|base=random_3sat_control_v20_c85_seed1901|variant=perm_seed1745,0,random_3sat_control_v20_c85_seed1901,perm_seed1745,1,1,SATISFIABLE,SATISFIABLE,True,True,8,8,4,4,0.00058,0.000649,6.899999999999994e-05,True,True,True,True,True,
repeat=0|base=random_3sat_control_v220_c928_seed3303|variant=base,0,random_3sat_control_v220_c928_seed3303,base,1,1,SATISFIABLE,SATISFIABLE,True,True,30277,30277,25994,25994,0.267109,0.26656,-0.0005489999999999662,True,True,True,True,True,
repeat=0|base=random_3sat_control_v220_c928_seed3303|variant=perm_seed1730,0,random_3sat_control_v220_c928_seed3303,perm_seed1730,1,1,SATISFIABLE,SATISFIABLE,True,True,52742,52742,45477,45477,0.518081,0.518267,0.00018600000000001948,True,True,True,True,True,
repeat=0|base=random_3sat_control_v220_c928_seed3303|variant=perm_seed1731,0,random_3sat_control_v220_c928_seed3303,perm_seed1731,1,1,SATISFIABLE,SATISFIABLE,True,True,4930,4930,4147,4147,0.02078,0.020545,-0.0002349999999999991,True,True,True,True,True,
repeat=0|base=random_3sat_control_v220_c942_seed3304|variant=base,0,random_3sat_control_v220_c942_seed3304,base,1,1,UNSATISFIABLE,UNSATISFIABLE,True,True,35472,35472,30813,30813,0.239892,0.24102,0.0011280000000000179,True,True,True,True,True,
repeat=0|base=random_3sat_control_v220_c942_seed3304|variant=perm_seed1730,0,random_3sat_control_v220_c942_seed3304,perm_seed1730,1,1,UNSATISFIABLE,UNSATISFIABLE,True,True,34825,34825,30052,30052,0.238833,0.240633,0.0018000000000000238,True,True,True,True,True,
repeat=0|base=random_3sat_control_v220_c942_seed3304|variant=perm_seed1731,0,random_3sat_control_v220_c942_seed3304,perm_seed1731,1,1,UNSATISFIABLE,UNSATISFIABLE,True,True,38737,38737,33758,33758,0.258855,0.26035,0.001495000000000024,True,True,True,True,True,
repeat=0|base=random_3sat_control_v24_c102_seed1921|variant=base,0,random_3sat_control_v24_c102_seed1921,base,1,1,UNSATISFIABLE,UNSATISFIABLE,True,True,10,10,11,11,0.000645,0.00065,5.000000000000013e-06,True,True,True,True,True,
repeat=0|base=random_3sat_control_v24_c102_seed1921|variant=perm_seed1730,0,random_3sat_control_v24_c102_seed1921,perm_seed1730,1,1,UNSATISFIABLE,UNSATISFIABLE,True,True,22,22,18,18,0.000728,0.000681,-4.700000000000006e-05,True,True,True,True,True,
repeat=0|base=random_3sat_control_v24_c102_seed1921|variant=perm_seed1731,0,random_3sat_control_v24_c102_seed1921,perm_seed1731,1,1,UNSATISFIABLE,UNSATISFIABLE,True,True,26,26,26,26,0.00074,0.000737,-2.9999999999999645e-06,True,True,True,True,True,
repeat=0|base=random_3sat_control_v24_c102_seed1921|variant=perm_seed1732,0,random_3sat_control_v24_c102_seed1921,perm_seed1732,1,1,UNSATISFIABLE,UNSATISFIABLE,True,True,18,18,16,16,0.000656,0.00068,2.400000000000004e-05,True,True,True,True,True,
repeat=0|base=random_3sat_control_v24_c102_seed1921|variant=perm_seed1733,0,random_3sat_control_v24_c102_seed1921,perm_seed1733,1,1,UNSATISFIABLE,UNSATISFIABLE,True,True,19,19,19,19,0.000648,0.000635,-1.299999999999999e-05,True,True,True,True,True,
repeat=0|base=random_3sat_control_v24_c102_seed1921|variant=perm_seed1734,0,random_3sat_control_v24_c102_seed1921,perm_seed1734,1,1,UNSATISFIABLE,UNSATISFIABLE,True,True,20,20,20,20,0.000633,0.00064,7.000000000000062e-06,True,True,True,True,True,
repeat=0|base=random_3sat_control_v24_c102_seed1921|variant=perm_seed1735,0,random_3sat_control_v24_c102_seed1921,perm_seed1735,1,1,UNSATISFIABLE,UNSATISFIABLE,True,True,19,19,19,19,0.001197,0.000696,-0.0005009999999999999,True,True,True,True,True,
repeat=0|base=random_3sat_control_v24_c102_seed1921|variant=perm_seed1736,0,random_3sat_control_v24_c102_seed1921,perm_seed1736,1,1,UNSATISFIABLE,UNSATISFIABLE,True,True,18,18,17,17,0.000773,0.000648,-0.000125,True,True,True,True,True,
repeat=0|base=random_3sat_control_v24_c102_seed1921|variant=perm_seed1737,0,random_3sat_control_v24_c102_seed1921,perm_seed1737,1,1,UNSATISFIABLE,UNSATISFIABLE,True,True,19,19,17,17,0.00061,0.000661,5.100000000000005e-05,True,True,True,True,True,
repeat=0|base=random_3sat_control_v24_c102_seed1921|variant=perm_seed1738,0,random_3sat_control_v24_c102_seed1921,perm_seed1738,1,1,UNSATISFIABLE,UNSATISFIABLE,True,True,26,26,26,26,0.000795,0.000728,-6.7e-05,True,True,True,True,True,
repeat=0|base=random_3sat_control_v24_c102_seed1921|variant=perm_seed1739,0,random_3sat_control_v24_c102_seed1921,perm_seed1739,1,1,UNSATISFIABLE,UNSATISFIABLE,True,True,19,19,18,18,0.000667,0.000682,1.500000000000004e-05,True,True,True,True,True,
repeat=0|base=random_3sat_control_v24_c102_seed1921|variant=perm_seed1740,0,random_3sat_control_v24_c102_seed1921,perm_seed1740,1,1,UNSATISFIABLE,UNSATISFIABLE,True,True,21,21,22,22,0.000676,0.000622,-5.39999999999999e-05,True,True,True,True,True,
repeat=0|base=random_3sat_control_v24_c102_seed1921|variant=perm_seed1741,0,random_3sat_control_v24_c102_seed1921,perm_seed1741,1,1,UNSATISFIABLE,UNSATISFIABLE,True,True,15,15,13,13,0.000596,0.000668,7.200000000000002e-05,True,True,True,True,True,
repeat=0|base=random_3sat_control_v24_c102_seed1921|variant=perm_seed1742,0,random_3sat_control_v24_c102_seed1921,perm_seed1742,1,1,UNSATISFIABLE,UNSATISFIABLE,True,True,13,13,14,14,0.000615,0.000694,7.899999999999997e-05,True,True,True,True,True,
repeat=0|base=random_3sat_control_v24_c102_seed1921|variant=perm_seed1743,0,random_3sat_control_v24_c102_seed1921,perm_seed1743,1,1,UNSATISFIABLE,UNSATISFIABLE,True,True,25,25,23,23,0.000632,0.000626,-5.999999999999929e-06,True,True,True,True,True,
repeat=0|base=random_3sat_control_v24_c102_seed1921|variant=perm_seed1744,0,random_3sat_control_v24_c102_seed1921,perm_seed1744,1,1,UNSATISFIABLE,UNSATISFIABLE,True,True,17,17,14,14,0.000717,0.000713,-3.999999999999989e-06,True,True,True,True,True,
repeat=0|base=random_3sat_control_v24_c102_seed1921|variant=perm_seed1745,0,random_3sat_control_v24_c102_seed1921,perm_seed1745,1,1,UNSATISFIABLE,UNSATISFIABLE,True,True,19,19,19,19,0.000618,0.00069,7.200000000000002e-05,True,True,True,True,True,
repeat=0|base=random_3sat_control_v260_c1097_seed3305|variant=base,0,random_3sat_control_v260_c1097_seed3305,base,1,1,INDETERMINATE,INDETERMINATE,False,False,115155,115155,100000,100000,1.45511,1.45811,0.0030000000000001137,True,True,True,True,True,
repeat=0|base=random_3sat_control_v260_c1097_seed3305|variant=perm_seed1730,0,random_3sat_control_v260_c1097_seed3305,perm_seed1730,1,1,INDETERMINATE,INDETERMINATE,False,False,114783,114783,100000,100000,1.42034,1.42247,0.0021299999999999653,True,True,True,True,True,
repeat=0|base=random_3sat_control_v260_c1097_seed3305|variant=perm_seed1731,0,random_3sat_control_v260_c1097_seed3305,perm_seed1731,1,1,SATISFIABLE,SATISFIABLE,True,True,105916,105916,92052,92052,1.4265,1.42281,-0.003690000000000193,True,True,True,True,True,
repeat=0|base=random_3sat_control_v260_c1113_seed3306|variant=base,0,random_3sat_control_v260_c1113_seed3306,base,1,1,INDETERMINATE,INDETERMINATE,False,False,114836,114836,100000,100000,1.32471,1.32687,0.0021599999999999397,True,True,True,True,True,
repeat=0|base=random_3sat_control_v260_c1113_seed3306|variant=perm_seed1730,0,random_3sat_control_v260_c1113_seed3306,perm_seed1730,1,1,INDETERMINATE,INDETERMINATE,False,False,114563,114563,100000,100000,1.30073,1.30859,0.007859999999999978,True,True,True,True,True,
repeat=0|base=random_3sat_control_v260_c1113_seed3306|variant=perm_seed1731,0,random_3sat_control_v260_c1113_seed3306,perm_seed1731,1,1,INDETERMINATE,INDETERMINATE,False,False,114269,114269,100000,100000,1.40909,1.43705,0.027959999999999985,True,True,True,True,True,
repeat=0|base=random_3sat_control_v28_c119_seed1922|variant=base,0,random_3sat_control_v28_c119_seed1922,base,1,1,SATISFIABLE,SATISFIABLE,True,True,9,9,0,0,0.000773,0.000824,5.099999999999994e-05,True,True,True,True,True,
repeat=0|base=random_3sat_control_v28_c119_seed1922|variant=perm_seed1730,0,random_3sat_control_v28_c119_seed1922,perm_seed1730,1,1,SATISFIABLE,SATISFIABLE,True,True,16,16,11,11,0.000697,0.000665,-3.200000000000002e-05,True,True,True,True,True,
repeat=0|base=random_3sat_control_v28_c119_seed1922|variant=perm_seed1731,0,random_3sat_control_v28_c119_seed1922,perm_seed1731,1,1,SATISFIABLE,SATISFIABLE,True,True,11,11,1,1,0.000652,0.000653,1.0000000000000243e-06,True,True,True,True,True,
repeat=0|base=random_3sat_control_v28_c119_seed1922|variant=perm_seed1732,0,random_3sat_control_v28_c119_seed1922,perm_seed1732,1,1,SATISFIABLE,SATISFIABLE,True,True,19,19,10,10,0.001121,0.00118,5.9000000000000025e-05,True,True,True,True,True,
repeat=0|base=random_3sat_control_v28_c119_seed1922|variant=perm_seed1733,0,random_3sat_control_v28_c119_seed1922,perm_seed1733,1,1,SATISFIABLE,SATISFIABLE,True,True,13,13,4,4,0.000724,0.000725,9.999999999999159e-07,True,True,True,True,True,
repeat=0|base=random_3sat_control_v28_c119_seed1922|variant=perm_seed1734,0,random_3sat_control_v28_c119_seed1922,perm_seed1734,1,1,SATISFIABLE,SATISFIABLE,True,True,13,13,5,5,0.000625,0.000617,-7.999999999999978e-06,True,True,True,True,True,
repeat=0|base=random_3sat_control_v28_c119_seed1922|variant=perm_seed1735,0,random_3sat_control_v28_c119_seed1922,perm_seed1735,1,1,SATISFIABLE,SATISFIABLE,True,True,13,13,6,6,0.000665,0.000627,-3.8000000000000056e-05,True,True,True,True,True,
repeat=0|base=random_3sat_control_v28_c119_seed1922|variant=perm_seed1736,0,random_3sat_control_v28_c119_seed1922,perm_seed1736,1,1,SATISFIABLE,SATISFIABLE,True,True,13,13,5,5,0.000598,0.001154,0.0005560000000000001,True,True,True,True,True,
repeat=0|base=random_3sat_control_v28_c119_seed1922|variant=perm_seed1737,0,random_3sat_control_v28_c119_seed1922,perm_seed1737,1,1,SATISFIABLE,SATISFIABLE,True,True,13,13,3,3,0.00059,0.001475,0.0008849999999999999,True,True,True,True,True,
repeat=0|base=random_3sat_control_v28_c119_seed1922|variant=perm_seed1738,0,random_3sat_control_v28_c119_seed1922,perm_seed1738,1,1,SATISFIABLE,SATISFIABLE,True,True,19,19,7,7,0.000894,0.000753,-0.00014100000000000007,True,True,True,True,True,
repeat=0|base=random_3sat_control_v28_c119_seed1922|variant=perm_seed1739,0,random_3sat_control_v28_c119_seed1922,perm_seed1739,1,1,SATISFIABLE,SATISFIABLE,True,True,15,15,3,3,0.000844,0.000715,-0.000129,True,True,True,True,True,
repeat=0|base=random_3sat_control_v28_c119_seed1922|variant=perm_seed1740,0,random_3sat_control_v28_c119_seed1922,perm_seed1740,1,1,SATISFIABLE,SATISFIABLE,True,True,16,16,9,9,0.000696,0.000688,-7.999999999999978e-06,True,True,True,True,True,
repeat=0|base=random_3sat_control_v28_c119_seed1922|variant=perm_seed1741,0,random_3sat_control_v28_c119_seed1922,perm_seed1741,1,1,SATISFIABLE,SATISFIABLE,True,True,14,14,4,4,0.000649,0.000665,1.6000000000000064e-05,True,True,True,True,True,
repeat=0|base=random_3sat_control_v28_c119_seed1922|variant=perm_seed1742,0,random_3sat_control_v28_c119_seed1922,perm_seed1742,1,1,SATISFIABLE,SATISFIABLE,True,True,29,29,13,13,0.000626,0.000655,2.8999999999999946e-05,True,True,True,True,True,
repeat=0|base=random_3sat_control_v28_c119_seed1922|variant=perm_seed1743,0,random_3sat_control_v28_c119_seed1922,perm_seed1743,1,1,SATISFIABLE,SATISFIABLE,True,True,9,9,2,2,0.000676,0.000628,-4.7999999999999974e-05,True,True,True,True,True,
repeat=0|base=random_3sat_control_v28_c119_seed1922|variant=perm_seed1744,0,random_3sat_control_v28_c119_seed1922,perm_seed1744,1,1,SATISFIABLE,SATISFIABLE,True,True,12,12,2,2,0.000599,0.000607,7.999999999999978e-06,True,True,True,True,True,
repeat=0|base=random_3sat_control_v28_c119_seed1922|variant=perm_seed1745,0,random_3sat_control_v28_c119_seed1922,perm_seed1745,1,1,SATISFIABLE,SATISFIABLE,True,True,20,20,9,9,0.000603,0.000649,4.5999999999999925e-05,True,True,True,True,True,
repeat=0|base=random_3sat_control_v300_c1266_seed3307|variant=base,0,random_3sat_control_v300_c1266_seed3307,base,1,1,SATISFIABLE,SATISFIABLE,True,True,12894,12894,10895,10895,0.07903,0.078838,-0.00019199999999999773,True,True,True,True,True,
repeat=0|base=random_3sat_control_v300_c1266_seed3307|variant=perm_seed1730,0,random_3sat_control_v300_c1266_seed3307,perm_seed1730,1,1,SATISFIABLE,SATISFIABLE,True,True,43103,43103,37339,37339,0.466653,0.468239,0.0015860000000000318,True,True,True,True,True,
repeat=0|base=random_3sat_control_v300_c1266_seed3307|variant=perm_seed1731,0,random_3sat_control_v300_c1266_seed3307,perm_seed1731,1,1,SATISFIABLE,SATISFIABLE,True,True,66962,66962,57424,57424,0.745114,0.754201,0.009086999999999956,True,True,True,True,True,
repeat=0|base=random_3sat_control_v30_c128_seed1902|variant=base,0,random_3sat_control_v30_c128_seed1902,base,1,1,UNSATISFIABLE,UNSATISFIABLE,True,True,40,40,39,39,0.000788,0.000751,-3.6999999999999924e-05,True,True,True,True,True,
repeat=0|base=random_3sat_control_v30_c128_seed1902|variant=perm_seed1730,0,random_3sat_control_v30_c128_seed1902,perm_seed1730,1,1,UNSATISFIABLE,UNSATISFIABLE,True,True,25,25,23,23,0.00068,0.000676,-4.000000000000097e-06,True,True,True,True,True,
repeat=0|base=random_3sat_control_v30_c128_seed1902|variant=perm_seed1731,0,random_3sat_control_v30_c128_seed1902,perm_seed1731,1,1,UNSATISFIABLE,UNSATISFIABLE,True,True,42,42,41,41,0.000692,0.0007,7.999999999999978e-06,True,True,True,True,True,
repeat=0|base=random_3sat_control_v30_c128_seed1902|variant=perm_seed1732,0,random_3sat_control_v30_c128_seed1902,perm_seed1732,1,1,UNSATISFIABLE,UNSATISFIABLE,True,True,15,15,14,14,0.000712,0.000674,-3.799999999999995e-05,True,True,True,True,True,
repeat=0|base=random_3sat_control_v30_c128_seed1902|variant=perm_seed1733,0,random_3sat_control_v30_c128_seed1902,perm_seed1733,1,1,UNSATISFIABLE,UNSATISFIABLE,True,True,15,15,14,14,0.000627,0.000635,8.000000000000086e-06,True,True,True,True,True,
repeat=0|base=random_3sat_control_v30_c128_seed1902|variant=perm_seed1734,0,random_3sat_control_v30_c128_seed1902,perm_seed1734,1,1,UNSATISFIABLE,UNSATISFIABLE,True,True,14,14,15,15,0.000694,0.000682,-1.1999999999999966e-05,True,True,True,True,True,
repeat=0|base=random_3sat_control_v30_c128_seed1902|variant=perm_seed1735,0,random_3sat_control_v30_c128_seed1902,perm_seed1735,1,1,UNSATISFIABLE,UNSATISFIABLE,True,True,30,30,27,27,0.00065,0.000657,7.000000000000062e-06,True,True,True,True,True,
repeat=0|base=random_3sat_control_v30_c128_seed1902|variant=perm_seed1736,0,random_3sat_control_v30_c128_seed1902,perm_seed1736,1,1,UNSATISFIABLE,UNSATISFIABLE,True,True,25,25,24,24,0.00062,0.000645,2.4999999999999957e-05,True,True,True,True,True,
repeat=0|base=random_3sat_control_v30_c128_seed1902|variant=perm_seed1737,0,random_3sat_control_v30_c128_seed1902,perm_seed1737,1,1,UNSATISFIABLE,UNSATISFIABLE,True,True,22,22,21,21,0.000687,0.000722,3.499999999999998e-05,True,True,True,True,True,
repeat=0|base=random_3sat_control_v30_c128_seed1902|variant=perm_seed1738,0,random_3sat_control_v30_c128_seed1902,perm_seed1738,1,1,UNSATISFIABLE,UNSATISFIABLE,True,True,15,15,16,16,0.00087,0.00113,0.0002599999999999999,True,True,True,True,True,
repeat=0|base=random_3sat_control_v30_c128_seed1902|variant=perm_seed1739,0,random_3sat_control_v30_c128_seed1902,perm_seed1739,1,1,UNSATISFIABLE,UNSATISFIABLE,True,True,15,15,15,15,0.000769,0.000667,-0.0001020000000000001,True,True,True,True,True,
repeat=0|base=random_3sat_control_v30_c128_seed1902|variant=perm_seed1740,0,random_3sat_control_v30_c128_seed1902,perm_seed1740,1,1,UNSATISFIABLE,UNSATISFIABLE,True,True,23,23,20,20,0.000642,0.000816,0.000174,True,True,True,True,True,
repeat=0|base=random_3sat_control_v30_c128_seed1902|variant=perm_seed1741,0,random_3sat_control_v30_c128_seed1902,perm_seed1741,1,1,UNSATISFIABLE,UNSATISFIABLE,True,True,7,7,8,8,0.001016,0.000763,-0.00025299999999999997,True,True,True,True,True,
repeat=0|base=random_3sat_control_v30_c128_seed1902|variant=perm_seed1742,0,random_3sat_control_v30_c128_seed1902,perm_seed1742,1,1,UNSATISFIABLE,UNSATISFIABLE,True,True,15,15,16,16,0.001021,0.000804,-0.00021699999999999996,True,True,True,True,True,
repeat=0|base=random_3sat_control_v30_c128_seed1902|variant=perm_seed1743,0,random_3sat_control_v30_c128_seed1902,perm_seed1743,1,1,UNSATISFIABLE,UNSATISFIABLE,True,True,16,16,15,15,0.000814,0.000757,-5.7000000000000084e-05,True,True,True,True,True,
repeat=0|base=random_3sat_control_v30_c128_seed1902|variant=perm_seed1744,0,random_3sat_control_v30_c128_seed1902,perm_seed1744,1,1,UNSATISFIABLE,UNSATISFIABLE,True,True,18,18,17,17,0.000666,0.000707,4.099999999999991e-05,True,True,True,True,True,
repeat=0|base=random_3sat_control_v30_c128_seed1902|variant=perm_seed1745,0,random_3sat_control_v30_c128_seed1902,perm_seed1745,1,1,UNSATISFIABLE,UNSATISFIABLE,True,True,15,15,15,15,0.000739,0.000672,-6.7e-05,True,True,True,True,True,
repeat=0|base=random_3sat_control_v32_c136_seed1923|variant=base,0,random_3sat_control_v32_c136_seed1923,base,1,1,SATISFIABLE,SATISFIABLE,True,True,21,21,12,12,0.000646,0.000647,1.0000000000000243e-06,True,True,True,True,True,
repeat=0|base=random_3sat_control_v32_c136_seed1923|variant=perm_seed1730,0,random_3sat_control_v32_c136_seed1923,perm_seed1730,1,1,SATISFIABLE,SATISFIABLE,True,True,32,32,17,17,0.000623,0.0007,7.700000000000003e-05,True,True,True,True,True,
repeat=0|base=random_3sat_control_v32_c136_seed1923|variant=perm_seed1731,0,random_3sat_control_v32_c136_seed1923,perm_seed1731,1,1,SATISFIABLE,SATISFIABLE,True,True,10,10,2,2,0.000661,0.000641,-2.0000000000000052e-05,True,True,True,True,True,
repeat=0|base=random_3sat_control_v32_c136_seed1923|variant=perm_seed1732,0,random_3sat_control_v32_c136_seed1923,perm_seed1732,1,1,SATISFIABLE,SATISFIABLE,True,True,36,36,25,25,0.000707,0.000757,5.000000000000002e-05,True,True,True,True,True,
repeat=0|base=random_3sat_control_v32_c136_seed1923|variant=perm_seed1733,0,random_3sat_control_v32_c136_seed1923,perm_seed1733,1,1,SATISFIABLE,SATISFIABLE,True,True,19,19,12,12,0.000666,0.000667,9.999999999999159e-07,True,True,True,True,True,
repeat=0|base=random_3sat_control_v32_c136_seed1923|variant=perm_seed1734,0,random_3sat_control_v32_c136_seed1923,perm_seed1734,1,1,SATISFIABLE,SATISFIABLE,True,True,31,31,22,22,0.000694,0.000669,-2.4999999999999957e-05,True,True,True,True,True,
repeat=0|base=random_3sat_control_v32_c136_seed1923|variant=perm_seed1735,0,random_3sat_control_v32_c136_seed1923,perm_seed1735,1,1,SATISFIABLE,SATISFIABLE,True,True,14,14,6,6,0.000647,0.000648,1.0000000000000243e-06,True,True,True,True,True,
repeat=0|base=random_3sat_control_v32_c136_seed1923|variant=perm_seed1736,0,random_3sat_control_v32_c136_seed1923,perm_seed1736,1,1,SATISFIABLE,SATISFIABLE,True,True,19,19,7,7,0.000634,0.000649,1.4999999999999931e-05,True,True,True,True,True,
repeat=0|base=random_3sat_control_v32_c136_seed1923|variant=perm_seed1737,0,random_3sat_control_v32_c136_seed1923,perm_seed1737,1,1,SATISFIABLE,SATISFIABLE,True,True,14,14,5,5,0.000676,0.000648,-2.799999999999992e-05,True,True,True,True,True,
repeat=0|base=random_3sat_control_v32_c136_seed1923|variant=perm_seed1738,0,random_3sat_control_v32_c136_seed1923,perm_seed1738,1,1,SATISFIABLE,SATISFIABLE,True,True,29,29,18,18,0.000636,0.000636,0.0,True,True,True,True,True,
repeat=0|base=random_3sat_control_v32_c136_seed1923|variant=perm_seed1739,0,random_3sat_control_v32_c136_seed1923,perm_seed1739,1,1,SATISFIABLE,SATISFIABLE,True,True,36,36,22,22,0.00063,0.000633,2.9999999999999645e-06,True,True,True,True,True,
repeat=0|base=random_3sat_control_v32_c136_seed1923|variant=perm_seed1740,0,random_3sat_control_v32_c136_seed1923,perm_seed1740,1,1,SATISFIABLE,SATISFIABLE,True,True,28,28,16,16,0.000691,0.000674,-1.699999999999998e-05,True,True,True,True,True,
repeat=0|base=random_3sat_control_v32_c136_seed1923|variant=perm_seed1741,0,random_3sat_control_v32_c136_seed1923,perm_seed1741,1,1,SATISFIABLE,SATISFIABLE,True,True,25,25,13,13,0.00064,0.000645,4.999999999999905e-06,True,True,True,True,True,
repeat=0|base=random_3sat_control_v32_c136_seed1923|variant=perm_seed1742,0,random_3sat_control_v32_c136_seed1923,perm_seed1742,1,1,SATISFIABLE,SATISFIABLE,True,True,9,9,2,2,0.000614,0.000634,2.0000000000000052e-05,True,True,True,True,True,
repeat=0|base=random_3sat_control_v32_c136_seed1923|variant=perm_seed1743,0,random_3sat_control_v32_c136_seed1923,perm_seed1743,1,1,SATISFIABLE,SATISFIABLE,True,True,24,24,11,11,0.000625,0.00065,2.4999999999999957e-05,True,True,True,True,True,
repeat=0|base=random_3sat_control_v32_c136_seed1923|variant=perm_seed1744,0,random_3sat_control_v32_c136_seed1923,perm_seed1744,1,1,SATISFIABLE,SATISFIABLE,True,True,23,23,15,15,0.000619,0.00063,1.100000000000005e-05,True,True,True,True,True,
repeat=0|base=random_3sat_control_v32_c136_seed1923|variant=perm_seed1745,0,random_3sat_control_v32_c136_seed1923,perm_seed1745,1,1,SATISFIABLE,SATISFIABLE,True,True,25,25,13,13,0.000719,0.001213,0.0004940000000000001,True,True,True,True,True,
repeat=0|base=random_3sat_control_v35_c149_seed1911|variant=base,0,random_3sat_control_v35_c149_seed1911,base,1,1,SATISFIABLE,SATISFIABLE,True,True,31,31,17,17,0.000962,0.00081,-0.000152,True,True,True,True,True,
repeat=0|base=random_3sat_control_v35_c149_seed1911|variant=perm_seed1730,0,random_3sat_control_v35_c149_seed1911,perm_seed1730,1,1,SATISFIABLE,SATISFIABLE,True,True,36,36,25,25,0.000751,0.000881,0.0001299999999999999,True,True,True,True,True,
repeat=0|base=random_3sat_control_v35_c149_seed1911|variant=perm_seed1731,0,random_3sat_control_v35_c149_seed1911,perm_seed1731,1,1,SATISFIABLE,SATISFIABLE,True,True,20,20,14,14,0.000747,0.000697,-5.000000000000002e-05,True,True,True,True,True,
repeat=0|base=random_3sat_control_v35_c149_seed1911|variant=perm_seed1732,0,random_3sat_control_v35_c149_seed1911,perm_seed1732,1,1,SATISFIABLE,SATISFIABLE,True,True,49,49,41,41,0.000828,0.000737,-9.099999999999994e-05,True,True,True,True,True,
repeat=0|base=random_3sat_control_v35_c149_seed1911|variant=perm_seed1733,0,random_3sat_control_v35_c149_seed1911,perm_seed1733,1,1,SATISFIABLE,SATISFIABLE,True,True,47,47,40,40,0.000745,0.000699,-4.6000000000000034e-05,True,True,True,True,True,
repeat=0|base=random_3sat_control_v35_c149_seed1911|variant=perm_seed1734,0,random_3sat_control_v35_c149_seed1911,perm_seed1734,1,1,SATISFIABLE,SATISFIABLE,True,True,33,33,24,24,0.000647,0.000651,3.999999999999989e-06,True,True,True,True,True,
repeat=0|base=random_3sat_control_v35_c149_seed1911|variant=perm_seed1735,0,random_3sat_control_v35_c149_seed1911,perm_seed1735,1,1,SATISFIABLE,SATISFIABLE,True,True,24,24,13,13,0.000607,0.001091,0.00048399999999999995,True,True,True,True,True,
repeat=0|base=random_3sat_control_v35_c149_seed1911|variant=perm_seed1736,0,random_3sat_control_v35_c149_seed1911,perm_seed1736,1,1,SATISFIABLE,SATISFIABLE,True,True,42,42,33,33,0.000781,0.000818,3.700000000000003e-05,True,True,True,True,True,
repeat=0|base=random_3sat_control_v35_c149_seed1911|variant=perm_seed1737,0,random_3sat_control_v35_c149_seed1911,perm_seed1737,1,1,SATISFIABLE,SATISFIABLE,True,True,26,26,16,16,0.000715,0.000673,-4.2000000000000045e-05,True,True,True,True,True,
repeat=0|base=random_3sat_control_v35_c149_seed1911|variant=perm_seed1738,0,random_3sat_control_v35_c149_seed1911,perm_seed1738,1,1,SATISFIABLE,SATISFIABLE,True,True,28,28,21,21,0.000714,0.000704,-1.0000000000000026e-05,True,True,True,True,True,
repeat=0|base=random_3sat_control_v35_c149_seed1911|variant=perm_seed1739,0,random_3sat_control_v35_c149_seed1911,perm_seed1739,1,1,SATISFIABLE,SATISFIABLE,True,True,43,43,35,35,0.000661,0.000702,4.100000000000002e-05,True,True,True,True,True,
repeat=0|base=random_3sat_control_v35_c149_seed1911|variant=perm_seed1740,0,random_3sat_control_v35_c149_seed1911,perm_seed1740,1,1,SATISFIABLE,SATISFIABLE,True,True,34,34,25,25,0.000679,0.000682,2.9999999999999645e-06,True,True,True,True,True,
repeat=0|base=random_3sat_control_v35_c149_seed1911|variant=perm_seed1741,0,random_3sat_control_v35_c149_seed1911,perm_seed1741,1,1,SATISFIABLE,SATISFIABLE,True,True,46,46,34,34,0.000688,0.000673,-1.500000000000004e-05,True,True,True,True,True,
repeat=0|base=random_3sat_control_v35_c149_seed1911|variant=perm_seed1742,0,random_3sat_control_v35_c149_seed1911,perm_seed1742,1,1,SATISFIABLE,SATISFIABLE,True,True,33,33,25,25,0.000679,0.001001,0.0003219999999999999,True,True,True,True,True,
repeat=0|base=random_3sat_control_v35_c149_seed1911|variant=perm_seed1743,0,random_3sat_control_v35_c149_seed1911,perm_seed1743,1,1,SATISFIABLE,SATISFIABLE,True,True,13,13,8,8,0.000754,0.000742,-1.1999999999999966e-05,True,True,True,True,True,
repeat=0|base=random_3sat_control_v35_c149_seed1911|variant=perm_seed1744,0,random_3sat_control_v35_c149_seed1911,perm_seed1744,1,1,SATISFIABLE,SATISFIABLE,True,True,26,26,21,21,0.000689,0.000672,-1.7000000000000088e-05,True,True,True,True,True,
repeat=0|base=random_3sat_control_v35_c149_seed1911|variant=perm_seed1745,0,random_3sat_control_v35_c149_seed1911,perm_seed1745,1,1,SATISFIABLE,SATISFIABLE,True,True,11,11,5,5,0.000723,0.000667,-5.600000000000006e-05,True,True,True,True,True,
repeat=0|base=random_3sat_control_v40_c170_seed1903|variant=base,0,random_3sat_control_v40_c170_seed1903,base,1,1,SATISFIABLE,SATISFIABLE,True,True,49,49,38,38,0.000693,0.000697,3.999999999999989e-06,True,True,True,True,True,
repeat=0|base=random_3sat_control_v40_c170_seed1903|variant=perm_seed1730,0,random_3sat_control_v40_c170_seed1903,perm_seed1730,1,1,SATISFIABLE,SATISFIABLE,True,True,59,59,45,45,0.000681,0.000693,1.2000000000000075e-05,True,True,True,True,True,
repeat=0|base=random_3sat_control_v40_c170_seed1903|variant=perm_seed1731,0,random_3sat_control_v40_c170_seed1903,perm_seed1731,1,1,SATISFIABLE,SATISFIABLE,True,True,20,20,10,10,0.000706,0.000843,0.00013699999999999997,True,True,True,True,True,
repeat=0|base=random_3sat_control_v40_c170_seed1903|variant=perm_seed1732,0,random_3sat_control_v40_c170_seed1903,perm_seed1732,1,1,SATISFIABLE,SATISFIABLE,True,True,20,20,9,9,0.000938,0.000773,-0.000165,True,True,True,True,True,
repeat=0|base=random_3sat_control_v40_c170_seed1903|variant=perm_seed1733,0,random_3sat_control_v40_c170_seed1903,perm_seed1733,1,1,SATISFIABLE,SATISFIABLE,True,True,12,12,2,2,0.000702,0.000701,-1.0000000000000243e-06,True,True,True,True,True,
repeat=0|base=random_3sat_control_v40_c170_seed1903|variant=perm_seed1734,0,random_3sat_control_v40_c170_seed1903,perm_seed1734,1,1,SATISFIABLE,SATISFIABLE,True,True,25,25,13,13,0.000696,0.000682,-1.4000000000000015e-05,True,True,True,True,True,
repeat=0|base=random_3sat_control_v40_c170_seed1903|variant=perm_seed1735,0,random_3sat_control_v40_c170_seed1903,perm_seed1735,1,1,SATISFIABLE,SATISFIABLE,True,True,25,25,12,12,0.000653,0.000659,5.999999999999929e-06,True,True,True,True,True,
repeat=0|base=random_3sat_control_v40_c170_seed1903|variant=perm_seed1736,0,random_3sat_control_v40_c170_seed1903,perm_seed1736,1,1,SATISFIABLE,SATISFIABLE,True,True,16,16,9,9,0.000853,0.001003,0.00014999999999999996,True,True,True,True,True,
repeat=0|base=random_3sat_control_v40_c170_seed1903|variant=perm_seed1737,0,random_3sat_control_v40_c170_seed1903,perm_seed1737,1,1,SATISFIABLE,SATISFIABLE,True,True,12,12,6,6,0.000869,0.001328,0.000459,True,True,True,True,True,
repeat=0|base=random_3sat_control_v40_c170_seed1903|variant=perm_seed1738,0,random_3sat_control_v40_c170_seed1903,perm_seed1738,1,1,SATISFIABLE,SATISFIABLE,True,True,15,15,6,6,0.000758,0.000687,-7.099999999999999e-05,True,True,True,True,True,
repeat=0|base=random_3sat_control_v40_c170_seed1903|variant=perm_seed1739,0,random_3sat_control_v40_c170_seed1903,perm_seed1739,1,1,SATISFIABLE,SATISFIABLE,True,True,65,65,50,50,0.00071,0.000721,1.0999999999999942e-05,True,True,True,True,True,
repeat=0|base=random_3sat_control_v40_c170_seed1903|variant=perm_seed1740,0,random_3sat_control_v40_c170_seed1903,perm_seed1740,1,1,SATISFIABLE,SATISFIABLE,True,True,8,8,2,2,0.00063,0.00081,0.00017999999999999993,True,True,True,True,True,
repeat=0|base=random_3sat_control_v40_c170_seed1903|variant=perm_seed1741,0,random_3sat_control_v40_c170_seed1903,perm_seed1741,1,1,SATISFIABLE,SATISFIABLE,True,True,16,16,6,6,0.000702,0.000826,0.00012399999999999998,True,True,True,True,True,
repeat=0|base=random_3sat_control_v40_c170_seed1903|variant=perm_seed1742,0,random_3sat_control_v40_c170_seed1903,perm_seed1742,1,1,SATISFIABLE,SATISFIABLE,True,True,21,21,8,8,0.000692,0.000764,7.200000000000002e-05,True,True,True,True,True,
repeat=0|base=random_3sat_control_v40_c170_seed1903|variant=perm_seed1743,0,random_3sat_control_v40_c170_seed1903,perm_seed1743,1,1,SATISFIABLE,SATISFIABLE,True,True,55,55,36,36,0.000722,0.000705,-1.699999999999998e-05,True,True,True,True,True,
repeat=0|base=random_3sat_control_v40_c170_seed1903|variant=perm_seed1744,0,random_3sat_control_v40_c170_seed1903,perm_seed1744,1,1,SATISFIABLE,SATISFIABLE,True,True,10,10,1,1,0.000716,0.000687,-2.8999999999999946e-05,True,True,True,True,True,
repeat=0|base=random_3sat_control_v40_c170_seed1903|variant=perm_seed1745,0,random_3sat_control_v40_c170_seed1903,perm_seed1745,1,1,SATISFIABLE,SATISFIABLE,True,True,32,32,22,22,0.000668,0.000707,3.899999999999997e-05,True,True,True,True,True,
repeat=0|base=random_3sat_control_v45_c191_seed1924|variant=base,0,random_3sat_control_v45_c191_seed1924,base,1,1,SATISFIABLE,SATISFIABLE,True,True,49,49,35,35,0.000722,0.000722,0.0,True,True,True,True,True,
repeat=0|base=random_3sat_control_v45_c191_seed1924|variant=perm_seed1730,0,random_3sat_control_v45_c191_seed1924,perm_seed1730,1,1,SATISFIABLE,SATISFIABLE,True,True,40,40,22,22,0.000682,0.000746,6.400000000000004e-05,True,True,True,True,True,
repeat=0|base=random_3sat_control_v45_c191_seed1924|variant=perm_seed1731,0,random_3sat_control_v45_c191_seed1924,perm_seed1731,1,1,SATISFIABLE,SATISFIABLE,True,True,33,33,25,25,0.000858,0.000872,1.4000000000000015e-05,True,True,True,True,True,
repeat=0|base=random_3sat_control_v45_c191_seed1924|variant=perm_seed1732,0,random_3sat_control_v45_c191_seed1924,perm_seed1732,1,1,SATISFIABLE,SATISFIABLE,True,True,32,32,27,27,0.000772,0.00075,-2.1999999999999993e-05,True,True,True,True,True,
repeat=0|base=random_3sat_control_v45_c191_seed1924|variant=perm_seed1733,0,random_3sat_control_v45_c191_seed1924,perm_seed1733,1,1,SATISFIABLE,SATISFIABLE,True,True,34,34,22,22,0.000715,0.000702,-1.299999999999999e-05,True,True,True,True,True,
repeat=0|base=random_3sat_control_v45_c191_seed1924|variant=perm_seed1734,0,random_3sat_control_v45_c191_seed1924,perm_seed1734,1,1,SATISFIABLE,SATISFIABLE,True,True,23,23,18,18,0.000674,0.00068,6.000000000000037e-06,True,True,True,True,True,
repeat=0|base=random_3sat_control_v45_c191_seed1924|variant=perm_seed1735,0,random_3sat_control_v45_c191_seed1924,perm_seed1735,1,1,SATISFIABLE,SATISFIABLE,True,True,26,26,16,16,0.000675,0.00069,1.4999999999999931e-05,True,True,True,True,True,
repeat=0|base=random_3sat_control_v45_c191_seed1924|variant=perm_seed1736,0,random_3sat_control_v45_c191_seed1924,perm_seed1736,1,1,SATISFIABLE,SATISFIABLE,True,True,17,17,6,6,0.00072,0.000767,4.699999999999995e-05,True,True,True,True,True,
repeat=0|base=random_3sat_control_v45_c191_seed1924|variant=perm_seed1737,0,random_3sat_control_v45_c191_seed1924,perm_seed1737,1,1,SATISFIABLE,SATISFIABLE,True,True,45,45,32,32,0.000814,0.000796,-1.8000000000000004e-05,True,True,True,True,True,
repeat=0|base=random_3sat_control_v45_c191_seed1924|variant=perm_seed1738,0,random_3sat_control_v45_c191_seed1924,perm_seed1738,1,1,SATISFIABLE,SATISFIABLE,True,True,23,23,16,16,0.000724,0.00071,-1.4000000000000015e-05,True,True,True,True,True,
repeat=0|base=random_3sat_control_v45_c191_seed1924|variant=perm_seed1739,0,random_3sat_control_v45_c191_seed1924,perm_seed1739,1,1,SATISFIABLE,SATISFIABLE,True,True,7,7,4,4,0.000665,0.000724,5.9000000000000025e-05,True,True,True,True,True,
repeat=0|base=random_3sat_control_v45_c191_seed1924|variant=perm_seed1740,0,random_3sat_control_v45_c191_seed1924,perm_seed1740,1,1,SATISFIABLE,SATISFIABLE,True,True,17,17,8,8,0.000665,0.00068,1.500000000000004e-05,True,True,True,True,True,
repeat=0|base=random_3sat_control_v45_c191_seed1924|variant=perm_seed1741,0,random_3sat_control_v45_c191_seed1924,perm_seed1741,1,1,SATISFIABLE,SATISFIABLE,True,True,43,43,31,31,0.0007,0.00076,6.000000000000005e-05,True,True,True,True,True,
repeat=0|base=random_3sat_control_v45_c191_seed1924|variant=perm_seed1742,0,random_3sat_control_v45_c191_seed1924,perm_seed1742,1,1,SATISFIABLE,SATISFIABLE,True,True,62,62,53,53,0.000734,0.000778,4.4000000000000094e-05,True,True,True,True,True,
repeat=0|base=random_3sat_control_v45_c191_seed1924|variant=perm_seed1743,0,random_3sat_control_v45_c191_seed1924,perm_seed1743,1,1,SATISFIABLE,SATISFIABLE,True,True,31,31,20,20,0.000709,0.000738,2.9000000000000054e-05,True,True,True,True,True,
repeat=0|base=random_3sat_control_v45_c191_seed1924|variant=perm_seed1744,0,random_3sat_control_v45_c191_seed1924,perm_seed1744,1,1,SATISFIABLE,SATISFIABLE,True,True,35,35,21,21,0.001105,0.001322,0.00021699999999999996,True,True,True,True,True,
repeat=0|base=random_3sat_control_v45_c191_seed1924|variant=perm_seed1745,0,random_3sat_control_v45_c191_seed1924,perm_seed1745,1,1,SATISFIABLE,SATISFIABLE,True,True,14,14,3,3,0.000826,0.000766,-6.000000000000005e-05,True,True,True,True,True,
repeat=0|base=random_3sat_control_v50_c213_seed1925|variant=base,0,random_3sat_control_v50_c213_seed1925,base,1,1,SATISFIABLE,SATISFIABLE,True,True,20,20,4,4,0.000785,0.000747,-3.799999999999995e-05,True,True,True,True,True,
repeat=0|base=random_3sat_control_v50_c213_seed1925|variant=perm_seed1730,0,random_3sat_control_v50_c213_seed1925,perm_seed1730,1,1,SATISFIABLE,SATISFIABLE,True,True,61,61,47,47,0.000765,0.000744,-2.099999999999997e-05,True,True,True,True,True,
repeat=0|base=random_3sat_control_v50_c213_seed1925|variant=perm_seed1731,0,random_3sat_control_v50_c213_seed1925,perm_seed1731,1,1,SATISFIABLE,SATISFIABLE,True,True,64,64,45,45,0.000779,0.000751,-2.799999999999992e-05,True,True,True,True,True,
repeat=0|base=random_3sat_control_v50_c213_seed1925|variant=perm_seed1732,0,random_3sat_control_v50_c213_seed1925,perm_seed1732,1,1,SATISFIABLE,SATISFIABLE,True,True,47,47,35,35,0.000713,0.000755,4.2000000000000045e-05,True,True,True,True,True,
repeat=0|base=random_3sat_control_v50_c213_seed1925|variant=perm_seed1733,0,random_3sat_control_v50_c213_seed1925,perm_seed1733,1,1,SATISFIABLE,SATISFIABLE,True,True,22,22,10,10,0.000741,0.000682,-5.9000000000000025e-05,True,True,True,True,True,
repeat=0|base=random_3sat_control_v50_c213_seed1925|variant=perm_seed1734,0,random_3sat_control_v50_c213_seed1925,perm_seed1734,1,1,SATISFIABLE,SATISFIABLE,True,True,91,91,78,78,0.000769,0.000783,1.3999999999999907e-05,True,True,True,True,True,
repeat=0|base=random_3sat_control_v50_c213_seed1925|variant=perm_seed1735,0,random_3sat_control_v50_c213_seed1925,perm_seed1735,1,1,SATISFIABLE,SATISFIABLE,True,True,26,26,12,12,0.000695,0.000706,1.100000000000005e-05,True,True,True,True,True,
repeat=0|base=random_3sat_control_v50_c213_seed1925|variant=perm_seed1736,0,random_3sat_control_v50_c213_seed1925,perm_seed1736,1,1,SATISFIABLE,SATISFIABLE,True,True,38,38,24,24,0.000676,0.000676,0.0,True,True,True,True,True,
repeat=0|base=random_3sat_control_v50_c213_seed1925|variant=perm_seed1737,0,random_3sat_control_v50_c213_seed1925,perm_seed1737,1,1,SATISFIABLE,SATISFIABLE,True,True,33,33,21,21,0.00066,0.000714,5.400000000000001e-05,True,True,True,True,True,
repeat=0|base=random_3sat_control_v50_c213_seed1925|variant=perm_seed1738,0,random_3sat_control_v50_c213_seed1925,perm_seed1738,1,1,SATISFIABLE,SATISFIABLE,True,True,34,34,17,17,0.000662,0.000695,3.2999999999999935e-05,True,True,True,True,True,
repeat=0|base=random_3sat_control_v50_c213_seed1925|variant=perm_seed1739,0,random_3sat_control_v50_c213_seed1925,perm_seed1739,1,1,SATISFIABLE,SATISFIABLE,True,True,57,57,46,46,0.000754,0.000743,-1.100000000000005e-05,True,True,True,True,True,
repeat=0|base=random_3sat_control_v50_c213_seed1925|variant=perm_seed1740,0,random_3sat_control_v50_c213_seed1925,perm_seed1740,1,1,SATISFIABLE,SATISFIABLE,True,True,45,45,29,29,0.000672,0.000674,2.0000000000000486e-06,True,True,True,True,True,
repeat=0|base=random_3sat_control_v50_c213_seed1925|variant=perm_seed1741,0,random_3sat_control_v50_c213_seed1925,perm_seed1741,1,1,SATISFIABLE,SATISFIABLE,True,True,47,47,26,26,0.000675,0.000673,-2.0000000000000486e-06,True,True,True,True,True,
repeat=0|base=random_3sat_control_v50_c213_seed1925|variant=perm_seed1742,0,random_3sat_control_v50_c213_seed1925,perm_seed1742,1,1,SATISFIABLE,SATISFIABLE,True,True,30,30,16,16,0.000705,0.0007,-5.000000000000013e-06,True,True,True,True,True,
repeat=0|base=random_3sat_control_v50_c213_seed1925|variant=perm_seed1743,0,random_3sat_control_v50_c213_seed1925,perm_seed1743,1,1,SATISFIABLE,SATISFIABLE,True,True,49,49,22,22,0.000697,0.00068,-1.699999999999998e-05,True,True,True,True,True,
repeat=0|base=random_3sat_control_v50_c213_seed1925|variant=perm_seed1744,0,random_3sat_control_v50_c213_seed1925,perm_seed1744,1,1,SATISFIABLE,SATISFIABLE,True,True,118,118,95,95,0.000748,0.000825,7.700000000000003e-05,True,True,True,True,True,
repeat=0|base=random_3sat_control_v50_c213_seed1925|variant=perm_seed1745,0,random_3sat_control_v50_c213_seed1925,perm_seed1745,1,1,SATISFIABLE,SATISFIABLE,True,True,79,79,59,59,0.000771,0.00072,-5.099999999999994e-05,True,True,True,True,True,
repeat=0|base=random_3sat_control_v55_c234_seed1926|variant=base,0,random_3sat_control_v55_c234_seed1926,base,1,1,SATISFIABLE,SATISFIABLE,True,True,88,88,64,64,0.00073,0.00075,2.0000000000000052e-05,True,True,True,True,True,
repeat=0|base=random_3sat_control_v55_c234_seed1926|variant=perm_seed1730,0,random_3sat_control_v55_c234_seed1926,perm_seed1730,1,1,SATISFIABLE,SATISFIABLE,True,True,142,142,113,113,0.0008,0.000818,1.8000000000000004e-05,True,True,True,True,True,
repeat=0|base=random_3sat_control_v55_c234_seed1926|variant=perm_seed1731,0,random_3sat_control_v55_c234_seed1926,perm_seed1731,1,1,SATISFIABLE,SATISFIABLE,True,True,37,37,17,17,0.000729,0.000762,3.2999999999999935e-05,True,True,True,True,True,
repeat=0|base=random_3sat_control_v55_c234_seed1926|variant=perm_seed1732,0,random_3sat_control_v55_c234_seed1926,perm_seed1732,1,1,SATISFIABLE,SATISFIABLE,True,True,39,39,19,19,0.000701,0.000694,-7.000000000000062e-06,True,True,True,True,True,
repeat=0|base=random_3sat_control_v55_c234_seed1926|variant=perm_seed1733,0,random_3sat_control_v55_c234_seed1926,perm_seed1733,1,1,SATISFIABLE,SATISFIABLE,True,True,66,66,46,46,0.000734,0.000738,4.000000000000097e-06,True,True,True,True,True,
repeat=0|base=random_3sat_control_v55_c234_seed1926|variant=perm_seed1734,0,random_3sat_control_v55_c234_seed1926,perm_seed1734,1,1,SATISFIABLE,SATISFIABLE,True,True,69,69,41,41,0.000723,0.000745,2.1999999999999993e-05,True,True,True,True,True,
repeat=0|base=random_3sat_control_v55_c234_seed1926|variant=perm_seed1735,0,random_3sat_control_v55_c234_seed1926,perm_seed1735,1,1,SATISFIABLE,SATISFIABLE,True,True,26,26,8,8,0.000652,0.000644,-7.999999999999978e-06,True,True,True,True,True,
repeat=0|base=random_3sat_control_v55_c234_seed1926|variant=perm_seed1736,0,random_3sat_control_v55_c234_seed1926,perm_seed1736,1,1,SATISFIABLE,SATISFIABLE,True,True,61,61,49,49,0.000765,0.000851,8.600000000000003e-05,True,True,True,True,True,
repeat=0|base=random_3sat_control_v55_c234_seed1926|variant=perm_seed1737,0,random_3sat_control_v55_c234_seed1926,perm_seed1737,1,1,SATISFIABLE,SATISFIABLE,True,True,52,52,31,31,0.000728,0.000684,-4.3999999999999985e-05,True,True,True,True,True,
repeat=0|base=random_3sat_control_v55_c234_seed1926|variant=perm_seed1738,0,random_3sat_control_v55_c234_seed1926,perm_seed1738,1,1,SATISFIABLE,SATISFIABLE,True,True,24,24,7,7,0.000755,0.000734,-2.1000000000000077e-05,True,True,True,True,True,
repeat=0|base=random_3sat_control_v55_c234_seed1926|variant=perm_seed1739,0,random_3sat_control_v55_c234_seed1926,perm_seed1739,1,1,SATISFIABLE,SATISFIABLE,True,True,54,54,36,36,0.00077,0.000831,6.100000000000007e-05,True,True,True,True,True,
repeat=0|base=random_3sat_control_v55_c234_seed1926|variant=perm_seed1740,0,random_3sat_control_v55_c234_seed1926,perm_seed1740,1,1,SATISFIABLE,SATISFIABLE,True,True,82,82,62,62,0.000932,0.000804,-0.00012799999999999997,True,True,True,True,True,
repeat=0|base=random_3sat_control_v55_c234_seed1926|variant=perm_seed1741,0,random_3sat_control_v55_c234_seed1926,perm_seed1741,1,1,SATISFIABLE,SATISFIABLE,True,True,129,129,112,112,0.000946,0.001064,0.00011800000000000005,True,True,True,True,True,
repeat=0|base=random_3sat_control_v55_c234_seed1926|variant=perm_seed1742,0,random_3sat_control_v55_c234_seed1926,perm_seed1742,1,1,SATISFIABLE,SATISFIABLE,True,True,31,31,12,12,0.000715,0.00077,5.499999999999993e-05,True,True,True,True,True,
repeat=0|base=random_3sat_control_v55_c234_seed1926|variant=perm_seed1743,0,random_3sat_control_v55_c234_seed1926,perm_seed1743,1,1,SATISFIABLE,SATISFIABLE,True,True,30,30,11,11,0.000697,0.000747,5.000000000000002e-05,True,True,True,True,True,
repeat=0|base=random_3sat_control_v55_c234_seed1926|variant=perm_seed1744,0,random_3sat_control_v55_c234_seed1926,perm_seed1744,1,1,SATISFIABLE,SATISFIABLE,True,True,52,52,37,37,0.000748,0.000832,8.399999999999998e-05,True,True,True,True,True,
repeat=0|base=random_3sat_control_v55_c234_seed1926|variant=perm_seed1745,0,random_3sat_control_v55_c234_seed1926,perm_seed1745,1,1,SATISFIABLE,SATISFIABLE,True,True,29,29,20,20,0.000721,0.000718,-2.9999999999999645e-06,True,True,True,True,True,
repeat=0|base=random_3sat_control_v60_c180_seed1912|variant=base,0,random_3sat_control_v60_c180_seed1912,base,1,1,SATISFIABLE,SATISFIABLE,True,True,27,27,6,6,0.000645,0.000709,6.400000000000004e-05,True,True,True,True,True,
repeat=0|base=random_3sat_control_v60_c180_seed1912|variant=perm_seed1730,0,random_3sat_control_v60_c180_seed1912,perm_seed1730,1,1,SATISFIABLE,SATISFIABLE,True,True,21,21,3,3,0.00066,0.000656,-3.999999999999989e-06,True,True,True,True,True,
repeat=0|base=random_3sat_control_v60_c180_seed1912|variant=perm_seed1731,0,random_3sat_control_v60_c180_seed1912,perm_seed1731,1,1,SATISFIABLE,SATISFIABLE,True,True,22,22,2,2,0.000696,0.000823,0.00012699999999999994,True,True,True,True,True,
repeat=0|base=random_3sat_control_v60_c180_seed1912|variant=perm_seed1732,0,random_3sat_control_v60_c180_seed1912,perm_seed1732,1,1,SATISFIABLE,SATISFIABLE,True,True,23,23,6,6,0.00083,0.000809,-2.099999999999997e-05,True,True,True,True,True,
repeat=0|base=random_3sat_control_v60_c180_seed1912|variant=perm_seed1733,0,random_3sat_control_v60_c180_seed1912,perm_seed1733,1,1,SATISFIABLE,SATISFIABLE,True,True,22,22,5,5,0.000719,0.000854,0.00013500000000000003,True,True,True,True,True,
repeat=0|base=random_3sat_control_v60_c180_seed1912|variant=perm_seed1734,0,random_3sat_control_v60_c180_seed1912,perm_seed1734,1,1,SATISFIABLE,SATISFIABLE,True,True,23,23,2,2,0.0007,0.000783,8.299999999999996e-05,True,True,True,True,True,
repeat=0|base=random_3sat_control_v60_c180_seed1912|variant=perm_seed1735,0,random_3sat_control_v60_c180_seed1912,perm_seed1735,1,1,SATISFIABLE,SATISFIABLE,True,True,27,27,7,7,0.000809,0.000762,-4.700000000000006e-05,True,True,True,True,True,
repeat=0|base=random_3sat_control_v60_c180_seed1912|variant=perm_seed1736,0,random_3sat_control_v60_c180_seed1912,perm_seed1736,1,1,SATISFIABLE,SATISFIABLE,True,True,26,26,2,2,0.000871,0.00092,4.9e-05,True,True,True,True,True,
repeat=0|base=random_3sat_control_v60_c180_seed1912|variant=perm_seed1737,0,random_3sat_control_v60_c180_seed1912,perm_seed1737,1,1,SATISFIABLE,SATISFIABLE,True,True,21,21,1,1,0.000703,0.000744,4.100000000000002e-05,True,True,True,True,True,
repeat=0|base=random_3sat_control_v60_c180_seed1912|variant=perm_seed1738,0,random_3sat_control_v60_c180_seed1912,perm_seed1738,1,1,SATISFIABLE,SATISFIABLE,True,True,20,20,1,1,0.000821,0.000981,0.0001600000000000001,True,True,True,True,True,
repeat=0|base=random_3sat_control_v60_c180_seed1912|variant=perm_seed1739,0,random_3sat_control_v60_c180_seed1912,perm_seed1739,1,1,SATISFIABLE,SATISFIABLE,True,True,14,14,0,0,0.000749,0.000736,-1.299999999999999e-05,True,True,True,True,True,
repeat=0|base=random_3sat_control_v60_c180_seed1912|variant=perm_seed1740,0,random_3sat_control_v60_c180_seed1912,perm_seed1740,1,1,SATISFIABLE,SATISFIABLE,True,True,17,17,0,0,0.000729,0.000735,5.999999999999929e-06,True,True,True,True,True,
repeat=0|base=random_3sat_control_v60_c180_seed1912|variant=perm_seed1741,0,random_3sat_control_v60_c180_seed1912,perm_seed1741,1,1,SATISFIABLE,SATISFIABLE,True,True,19,19,0,0,0.000679,0.000729,5.000000000000002e-05,True,True,True,True,True,
repeat=0|base=random_3sat_control_v60_c180_seed1912|variant=perm_seed1742,0,random_3sat_control_v60_c180_seed1912,perm_seed1742,1,1,SATISFIABLE,SATISFIABLE,True,True,26,26,8,8,0.000779,0.000924,0.00014500000000000006,True,True,True,True,True,
repeat=0|base=random_3sat_control_v60_c180_seed1912|variant=perm_seed1743,0,random_3sat_control_v60_c180_seed1912,perm_seed1743,1,1,SATISFIABLE,SATISFIABLE,True,True,22,22,6,6,0.000843,0.000712,-0.00013100000000000004,True,True,True,True,True,
repeat=0|base=random_3sat_control_v60_c180_seed1912|variant=perm_seed1744,0,random_3sat_control_v60_c180_seed1912,perm_seed1744,1,1,SATISFIABLE,SATISFIABLE,True,True,21,21,1,1,0.000685,0.000683,-1.99999999999994e-06,True,True,True,True,True,
repeat=0|base=random_3sat_control_v60_c180_seed1912|variant=perm_seed1745,0,random_3sat_control_v60_c180_seed1912,perm_seed1745,1,1,SATISFIABLE,SATISFIABLE,True,True,18,18,0,0,0.000716,0.000696,-1.9999999999999944e-05,True,True,True,True,True,
repeat=0|base=random_3sat_control_v60_c255_seed1927|variant=base,0,random_3sat_control_v60_c255_seed1927,base,1,1,SATISFIABLE,SATISFIABLE,True,True,106,106,76,76,0.000778,0.000789,1.0999999999999942e-05,True,True,True,True,True,
repeat=0|base=random_3sat_control_v60_c255_seed1927|variant=perm_seed1730,0,random_3sat_control_v60_c255_seed1927,perm_seed1730,1,1,SATISFIABLE,SATISFIABLE,True,True,72,72,47,47,0.000743,0.000782,3.900000000000008e-05,True,True,True,True,True,
repeat=0|base=random_3sat_control_v60_c255_seed1927|variant=perm_seed1731,0,random_3sat_control_v60_c255_seed1927,perm_seed1731,1,1,SATISFIABLE,SATISFIABLE,True,True,31,31,15,15,0.000687,0.000687,0.0,True,True,True,True,True,
repeat=0|base=random_3sat_control_v60_c255_seed1927|variant=perm_seed1732,0,random_3sat_control_v60_c255_seed1927,perm_seed1732,1,1,SATISFIABLE,SATISFIABLE,True,True,126,126,95,95,0.000799,0.000874,7.499999999999998e-05,True,True,True,True,True,
repeat=0|base=random_3sat_control_v60_c255_seed1927|variant=perm_seed1733,0,random_3sat_control_v60_c255_seed1927,perm_seed1733,1,1,SATISFIABLE,SATISFIABLE,True,True,71,71,50,50,0.00098,0.000804,-0.00017599999999999994,True,True,True,True,True,
repeat=0|base=random_3sat_control_v60_c255_seed1927|variant=perm_seed1734,0,random_3sat_control_v60_c255_seed1927,perm_seed1734,1,1,SATISFIABLE,SATISFIABLE,True,True,61,61,38,38,0.000843,0.000955,0.00011200000000000001,True,True,True,True,True,
repeat=0|base=random_3sat_control_v60_c255_seed1927|variant=perm_seed1735,0,random_3sat_control_v60_c255_seed1927,perm_seed1735,1,1,SATISFIABLE,SATISFIABLE,True,True,150,150,128,128,0.000915,0.000906,-9.000000000000002e-06,True,True,True,True,True,
repeat=0|base=random_3sat_control_v60_c255_seed1927|variant=perm_seed1736,0,random_3sat_control_v60_c255_seed1927,perm_seed1736,1,1,SATISFIABLE,SATISFIABLE,True,True,132,132,112,112,0.000914,0.000999,8.500000000000011e-05,True,True,True,True,True,
repeat=0|base=random_3sat_control_v60_c255_seed1927|variant=perm_seed1737,0,random_3sat_control_v60_c255_seed1927,perm_seed1737,1,1,SATISFIABLE,SATISFIABLE,True,True,71,71,52,52,0.000921,0.000952,3.0999999999999995e-05,True,True,True,True,True,
repeat=0|base=random_3sat_control_v60_c255_seed1927|variant=perm_seed1738,0,random_3sat_control_v60_c255_seed1927,perm_seed1738,1,1,SATISFIABLE,SATISFIABLE,True,True,25,25,11,11,0.000728,0.000775,4.699999999999995e-05,True,True,True,True,True,
repeat=0|base=random_3sat_control_v60_c255_seed1927|variant=perm_seed1739,0,random_3sat_control_v60_c255_seed1927,perm_seed1739,1,1,SATISFIABLE,SATISFIABLE,True,True,101,101,74,74,0.00081,0.000868,5.8e-05,True,True,True,True,True,
repeat=0|base=random_3sat_control_v60_c255_seed1927|variant=perm_seed1740,0,random_3sat_control_v60_c255_seed1927,perm_seed1740,1,1,SATISFIABLE,SATISFIABLE,True,True,124,124,94,94,0.000849,0.000871,2.1999999999999993e-05,True,True,True,True,True,
repeat=0|base=random_3sat_control_v60_c255_seed1927|variant=perm_seed1741,0,random_3sat_control_v60_c255_seed1927,perm_seed1741,1,1,SATISFIABLE,SATISFIABLE,True,True,33,33,20,20,0.000719,0.000822,0.00010300000000000001,True,True,True,True,True,
repeat=0|base=random_3sat_control_v60_c255_seed1927|variant=perm_seed1742,0,random_3sat_control_v60_c255_seed1927,perm_seed1742,1,1,SATISFIABLE,SATISFIABLE,True,True,100,100,80,80,0.000876,0.000884,7.999999999999978e-06,True,True,True,True,True,
repeat=0|base=random_3sat_control_v60_c255_seed1927|variant=perm_seed1743,0,random_3sat_control_v60_c255_seed1927,perm_seed1743,1,1,SATISFIABLE,SATISFIABLE,True,True,112,112,78,78,0.000941,0.000918,-2.3000000000000017e-05,True,True,True,True,True,
repeat=0|base=random_3sat_control_v60_c255_seed1927|variant=perm_seed1744,0,random_3sat_control_v60_c255_seed1927,perm_seed1744,1,1,SATISFIABLE,SATISFIABLE,True,True,31,31,15,15,0.000776,0.000754,-2.1999999999999993e-05,True,True,True,True,True,
repeat=0|base=random_3sat_control_v60_c255_seed1927|variant=perm_seed1745,0,random_3sat_control_v60_c255_seed1927,perm_seed1745,1,1,SATISFIABLE,SATISFIABLE,True,True,74,74,51,51,0.000787,0.000932,0.00014499999999999995,True,True,True,True,True,
repeat=0|base=random_3sat_control_v70_c298_seed1928|variant=base,0,random_3sat_control_v70_c298_seed1928,base,1,1,SATISFIABLE,SATISFIABLE,True,True,148,148,116,116,0.000907,0.000884,-2.3000000000000017e-05,True,True,True,True,True,
repeat=0|base=random_3sat_control_v70_c298_seed1928|variant=perm_seed1730,0,random_3sat_control_v70_c298_seed1928,perm_seed1730,1,1,SATISFIABLE,SATISFIABLE,True,True,242,242,196,196,0.00104,0.001081,4.100000000000002e-05,True,True,True,True,True,
repeat=0|base=random_3sat_control_v70_c298_seed1928|variant=perm_seed1731,0,random_3sat_control_v70_c298_seed1928,perm_seed1731,1,1,SATISFIABLE,SATISFIABLE,True,True,146,146,116,116,0.000898,0.000892,-6.000000000000037e-06,True,True,True,True,True,
repeat=0|base=random_3sat_control_v70_c298_seed1928|variant=perm_seed1732,0,random_3sat_control_v70_c298_seed1928,perm_seed1732,1,1,SATISFIABLE,SATISFIABLE,True,True,103,103,73,73,0.000817,0.000807,-1.0000000000000026e-05,True,True,True,True,True,
repeat=0|base=random_3sat_control_v70_c298_seed1928|variant=perm_seed1733,0,random_3sat_control_v70_c298_seed1928,perm_seed1733,1,1,SATISFIABLE,SATISFIABLE,True,True,134,134,106,106,0.000892,0.000874,-1.8000000000000004e-05,True,True,True,True,True,
repeat=0|base=random_3sat_control_v70_c298_seed1928|variant=perm_seed1734,0,random_3sat_control_v70_c298_seed1928,perm_seed1734,1,1,SATISFIABLE,SATISFIABLE,True,True,108,108,85,85,0.000907,0.000881,-2.600000000000009e-05,True,True,True,True,True,
repeat=0|base=random_3sat_control_v70_c298_seed1928|variant=perm_seed1735,0,random_3sat_control_v70_c298_seed1928,perm_seed1735,1,1,SATISFIABLE,SATISFIABLE,True,True,200,200,155,155,0.000974,0.000985,1.0999999999999942e-05,True,True,True,True,True,
repeat=0|base=random_3sat_control_v70_c298_seed1928|variant=perm_seed1736,0,random_3sat_control_v70_c298_seed1928,perm_seed1736,1,1,SATISFIABLE,SATISFIABLE,True,True,29,29,11,11,0.000705,0.000731,2.599999999999998e-05,True,True,True,True,True,
repeat=0|base=random_3sat_control_v70_c298_seed1928|variant=perm_seed1737,0,random_3sat_control_v70_c298_seed1928,perm_seed1737,1,1,SATISFIABLE,SATISFIABLE,True,True,39,39,17,17,0.000728,0.000739,1.0999999999999942e-05,True,True,True,True,True,
repeat=0|base=random_3sat_control_v70_c298_seed1928|variant=perm_seed1738,0,random_3sat_control_v70_c298_seed1928,perm_seed1738,1,1,SATISFIABLE,SATISFIABLE,True,True,43,43,25,25,0.00074,0.000744,3.999999999999989e-06,True,True,True,True,True,
repeat=0|base=random_3sat_control_v70_c298_seed1928|variant=perm_seed1739,0,random_3sat_control_v70_c298_seed1928,perm_seed1739,1,1,SATISFIABLE,SATISFIABLE,True,True,33,33,15,15,0.000731,0.000767,3.600000000000001e-05,True,True,True,True,True,
repeat=0|base=random_3sat_control_v70_c298_seed1928|variant=perm_seed1740,0,random_3sat_control_v70_c298_seed1928,perm_seed1740,1,1,SATISFIABLE,SATISFIABLE,True,True,58,58,36,36,0.000866,0.000774,-9.200000000000007e-05,True,True,True,True,True,
repeat=0|base=random_3sat_control_v70_c298_seed1928|variant=perm_seed1741,0,random_3sat_control_v70_c298_seed1928,perm_seed1741,1,1,SATISFIABLE,SATISFIABLE,True,True,41,41,24,24,0.000706,0.000717,1.0999999999999942e-05,True,True,True,True,True,
repeat=0|base=random_3sat_control_v70_c298_seed1928|variant=perm_seed1742,0,random_3sat_control_v70_c298_seed1928,perm_seed1742,1,1,SATISFIABLE,SATISFIABLE,True,True,39,39,23,23,0.000686,0.000724,3.8000000000000056e-05,True,True,True,True,True,
repeat=0|base=random_3sat_control_v70_c298_seed1928|variant=perm_seed1743,0,random_3sat_control_v70_c298_seed1928,perm_seed1743,1,1,SATISFIABLE,SATISFIABLE,True,True,189,189,146,146,0.000956,0.001079,0.00012300000000000006,True,True,True,True,True,
repeat=0|base=random_3sat_control_v70_c298_seed1928|variant=perm_seed1744,0,random_3sat_control_v70_c298_seed1928,perm_seed1744,1,1,SATISFIABLE,SATISFIABLE,True,True,49,49,22,22,0.000696,0.000748,5.199999999999996e-05,True,True,True,True,True,
repeat=0|base=random_3sat_control_v70_c298_seed1928|variant=perm_seed1745,0,random_3sat_control_v70_c298_seed1928,perm_seed1745,1,1,SATISFIABLE,SATISFIABLE,True,True,90,90,64,64,0.000838,0.000814,-2.3999999999999933e-05,True,True,True,True,True,
repeat=0|base=random_3sat_control_v80_c260_seed1929|variant=base,0,random_3sat_control_v80_c260_seed1929,base,1,1,SATISFIABLE,SATISFIABLE,True,True,36,36,13,13,0.000849,0.000795,-5.400000000000001e-05,True,True,True,True,True,
repeat=0|base=random_3sat_control_v80_c260_seed1929|variant=perm_seed1730,0,random_3sat_control_v80_c260_seed1929,perm_seed1730,1,1,SATISFIABLE,SATISFIABLE,True,True,25,25,6,6,0.00076,0.000745,-1.500000000000004e-05,True,True,True,True,True,
repeat=0|base=random_3sat_control_v80_c260_seed1929|variant=perm_seed1731,0,random_3sat_control_v80_c260_seed1929,perm_seed1731,1,1,SATISFIABLE,SATISFIABLE,True,True,40,40,10,10,0.000757,0.000931,0.000174,True,True,True,True,True,
repeat=0|base=random_3sat_control_v80_c260_seed1929|variant=perm_seed1732,0,random_3sat_control_v80_c260_seed1929,perm_seed1732,1,1,SATISFIABLE,SATISFIABLE,True,True,22,22,0,0,0.000717,0.001067,0.00035000000000000005,True,True,True,True,True,
repeat=0|base=random_3sat_control_v80_c260_seed1929|variant=perm_seed1733,0,random_3sat_control_v80_c260_seed1929,perm_seed1733,1,1,SATISFIABLE,SATISFIABLE,True,True,27,27,1,1,0.000843,0.00078,-6.300000000000001e-05,True,True,True,True,True,
repeat=0|base=random_3sat_control_v80_c260_seed1929|variant=perm_seed1734,0,random_3sat_control_v80_c260_seed1929,perm_seed1734,1,1,SATISFIABLE,SATISFIABLE,True,True,50,50,12,12,0.00087,0.000804,-6.599999999999998e-05,True,True,True,True,True,
repeat=0|base=random_3sat_control_v80_c260_seed1929|variant=perm_seed1735,0,random_3sat_control_v80_c260_seed1929,perm_seed1735,1,1,SATISFIABLE,SATISFIABLE,True,True,57,57,38,38,0.000791,0.000867,7.6e-05,True,True,True,True,True,
repeat=0|base=random_3sat_control_v80_c260_seed1929|variant=perm_seed1736,0,random_3sat_control_v80_c260_seed1929,perm_seed1736,1,1,SATISFIABLE,SATISFIABLE,True,True,22,22,1,1,0.000747,0.000713,-3.400000000000007e-05,True,True,True,True,True,
repeat=0|base=random_3sat_control_v80_c260_seed1929|variant=perm_seed1737,0,random_3sat_control_v80_c260_seed1929,perm_seed1737,1,1,SATISFIABLE,SATISFIABLE,True,True,26,26,7,7,0.000756,0.000782,2.599999999999998e-05,True,True,True,True,True,
repeat=0|base=random_3sat_control_v80_c260_seed1929|variant=perm_seed1738,0,random_3sat_control_v80_c260_seed1929,perm_seed1738,1,1,SATISFIABLE,SATISFIABLE,True,True,35,35,14,14,0.000733,0.000732,-1.0000000000000243e-06,True,True,True,True,True,
repeat=0|base=random_3sat_control_v80_c260_seed1929|variant=perm_seed1739,0,random_3sat_control_v80_c260_seed1929,perm_seed1739,1,1,SATISFIABLE,SATISFIABLE,True,True,55,55,25,25,0.000734,0.000783,4.9e-05,True,True,True,True,True,
repeat=0|base=random_3sat_control_v80_c260_seed1929|variant=perm_seed1740,0,random_3sat_control_v80_c260_seed1929,perm_seed1740,1,1,SATISFIABLE,SATISFIABLE,True,True,30,30,4,4,0.000752,0.000759,7.000000000000062e-06,True,True,True,True,True,
repeat=0|base=random_3sat_control_v80_c260_seed1929|variant=perm_seed1741,0,random_3sat_control_v80_c260_seed1929,perm_seed1741,1,1,SATISFIABLE,SATISFIABLE,True,True,23,23,0,0,0.000699,0.0007,1.0000000000000243e-06,True,True,True,True,True,
repeat=0|base=random_3sat_control_v80_c260_seed1929|variant=perm_seed1742,0,random_3sat_control_v80_c260_seed1929,perm_seed1742,1,1,SATISFIABLE,SATISFIABLE,True,True,30,30,4,4,0.000713,0.000703,-1.0000000000000026e-05,True,True,True,True,True,
repeat=0|base=random_3sat_control_v80_c260_seed1929|variant=perm_seed1743,0,random_3sat_control_v80_c260_seed1929,perm_seed1743,1,1,SATISFIABLE,SATISFIABLE,True,True,30,30,1,1,0.000972,0.00083,-0.00014199999999999998,True,True,True,True,True,
repeat=0|base=random_3sat_control_v80_c260_seed1929|variant=perm_seed1744,0,random_3sat_control_v80_c260_seed1929,perm_seed1744,1,1,SATISFIABLE,SATISFIABLE,True,True,36,36,4,4,0.000908,0.000757,-0.00015099999999999998,True,True,True,True,True,
repeat=0|base=random_3sat_control_v80_c260_seed1929|variant=perm_seed1745,0,random_3sat_control_v80_c260_seed1929,perm_seed1745,1,1,SATISFIABLE,SATISFIABLE,True,True,30,30,3,3,0.000702,0.00077,6.799999999999992e-05,True,True,True,True,True,
repeat=0|base=random_3sat_control_v80_c340_seed1913|variant=base,0,random_3sat_control_v80_c340_seed1913,base,1,1,SATISFIABLE,SATISFIABLE,True,True,121,121,96,96,0.00087,0.000888,1.8000000000000004e-05,True,True,True,True,True,
repeat=0|base=random_3sat_control_v80_c340_seed1913|variant=perm_seed1730,0,random_3sat_control_v80_c340_seed1913,perm_seed1730,1,1,SATISFIABLE,SATISFIABLE,True,True,380,380,310,310,0.001308,0.001281,-2.6999999999999897e-05,True,True,True,True,True,
repeat=0|base=random_3sat_control_v80_c340_seed1913|variant=perm_seed1731,0,random_3sat_control_v80_c340_seed1913,perm_seed1731,1,1,SATISFIABLE,SATISFIABLE,True,True,74,74,48,48,0.000818,0.000834,1.5999999999999955e-05,True,True,True,True,True,
repeat=0|base=random_3sat_control_v80_c340_seed1913|variant=perm_seed1732,0,random_3sat_control_v80_c340_seed1913,perm_seed1732,1,1,SATISFIABLE,SATISFIABLE,True,True,54,54,32,32,0.000761,0.000771,1.0000000000000026e-05,True,True,True,True,True,
repeat=0|base=random_3sat_control_v80_c340_seed1913|variant=perm_seed1733,0,random_3sat_control_v80_c340_seed1913,perm_seed1733,1,1,SATISFIABLE,SATISFIABLE,True,True,103,103,78,78,0.000823,0.000915,9.200000000000007e-05,True,True,True,True,True,
repeat=0|base=random_3sat_control_v80_c340_seed1913|variant=perm_seed1734,0,random_3sat_control_v80_c340_seed1913,perm_seed1734,1,1,SATISFIABLE,SATISFIABLE,True,True,222,222,172,172,0.001189,0.001137,-5.199999999999996e-05,True,True,True,True,True,
repeat=0|base=random_3sat_control_v80_c340_seed1913|variant=perm_seed1735,0,random_3sat_control_v80_c340_seed1913,perm_seed1735,1,1,SATISFIABLE,SATISFIABLE,True,True,52,52,31,31,0.000855,0.000843,-1.1999999999999966e-05,True,True,True,True,True,
repeat=0|base=random_3sat_control_v80_c340_seed1913|variant=perm_seed1736,0,random_3sat_control_v80_c340_seed1913,perm_seed1736,1,1,SATISFIABLE,SATISFIABLE,True,True,310,310,243,243,0.001172,0.001258,8.599999999999992e-05,True,True,True,True,True,
repeat=0|base=random_3sat_control_v80_c340_seed1913|variant=perm_seed1737,0,random_3sat_control_v80_c340_seed1913,perm_seed1737,1,1,SATISFIABLE,SATISFIABLE,True,True,113,113,93,93,0.000901,0.000892,-9.000000000000002e-06,True,True,True,True,True,
repeat=0|base=random_3sat_control_v80_c340_seed1913|variant=perm_seed1738,0,random_3sat_control_v80_c340_seed1913,perm_seed1738,1,1,SATISFIABLE,SATISFIABLE,True,True,27,27,8,8,0.000742,0.000725,-1.7000000000000088e-05,True,True,True,True,True,
repeat=0|base=random_3sat_control_v80_c340_seed1913|variant=perm_seed1739,0,random_3sat_control_v80_c340_seed1913,perm_seed1739,1,1,SATISFIABLE,SATISFIABLE,True,True,399,399,328,328,0.001322,0.00142,9.8e-05,True,True,True,True,True,
repeat=0|base=random_3sat_control_v80_c340_seed1913|variant=perm_seed1740,0,random_3sat_control_v80_c340_seed1913,perm_seed1740,1,1,SATISFIABLE,SATISFIABLE,True,True,63,63,37,37,0.000828,0.000913,8.5e-05,True,True,True,True,True,
repeat=0|base=random_3sat_control_v80_c340_seed1913|variant=perm_seed1741,0,random_3sat_control_v80_c340_seed1913,perm_seed1741,1,1,SATISFIABLE,SATISFIABLE,True,True,162,162,128,128,0.001107,0.001047,-5.999999999999994e-05,True,True,True,True,True,
repeat=0|base=random_3sat_control_v80_c340_seed1913|variant=perm_seed1742,0,random_3sat_control_v80_c340_seed1913,perm_seed1742,1,1,SATISFIABLE,SATISFIABLE,True,True,80,80,63,63,0.000824,0.000866,4.2000000000000045e-05,True,True,True,True,True,
repeat=0|base=random_3sat_control_v80_c340_seed1913|variant=perm_seed1743,0,random_3sat_control_v80_c340_seed1913,perm_seed1743,1,1,SATISFIABLE,SATISFIABLE,True,True,193,193,159,159,0.001022,0.001045,2.3000000000000017e-05,True,True,True,True,True,
repeat=0|base=random_3sat_control_v80_c340_seed1913|variant=perm_seed1744,0,random_3sat_control_v80_c340_seed1913,perm_seed1744,1,1,SATISFIABLE,SATISFIABLE,True,True,164,164,128,128,0.000962,0.000936,-2.599999999999998e-05,True,True,True,True,True,
repeat=0|base=random_3sat_control_v80_c340_seed1913|variant=perm_seed1745,0,random_3sat_control_v80_c340_seed1913,perm_seed1745,1,1,SATISFIABLE,SATISFIABLE,True,True,300,300,236,236,0.0011,0.001156,5.599999999999984e-05,True,True,True,True,True,
repeat=0|base=random_3sat_control_v90_c383_seed1930|variant=base,0,random_3sat_control_v90_c383_seed1930,base,1,1,UNSATISFIABLE,UNSATISFIABLE,True,True,286,286,256,256,0.001118,0.001189,7.099999999999988e-05,True,True,True,True,True,
repeat=0|base=random_3sat_control_v90_c383_seed1930|variant=perm_seed1730,0,random_3sat_control_v90_c383_seed1930,perm_seed1730,1,1,UNSATISFIABLE,UNSATISFIABLE,True,True,583,583,499,499,0.001695,0.00173,3.500000000000009e-05,True,True,True,True,True,
repeat=0|base=random_3sat_control_v90_c383_seed1930|variant=perm_seed1731,0,random_3sat_control_v90_c383_seed1930,perm_seed1731,1,1,UNSATISFIABLE,UNSATISFIABLE,True,True,502,502,439,439,0.001549,0.001514,-3.500000000000009e-05,True,True,True,True,True,
repeat=0|base=random_3sat_control_v90_c383_seed1930|variant=perm_seed1732,0,random_3sat_control_v90_c383_seed1930,perm_seed1732,1,1,UNSATISFIABLE,UNSATISFIABLE,True,True,440,440,363,363,0.001336,0.001358,2.20000000000001e-05,True,True,True,True,True,
repeat=0|base=random_3sat_control_v90_c383_seed1930|variant=perm_seed1733,0,random_3sat_control_v90_c383_seed1930,perm_seed1733,1,1,UNSATISFIABLE,UNSATISFIABLE,True,True,508,508,440,440,0.00159,0.001623,3.300000000000004e-05,True,True,True,True,True,
repeat=0|base=random_3sat_control_v90_c383_seed1930|variant=perm_seed1734,0,random_3sat_control_v90_c383_seed1930,perm_seed1734,1,1,UNSATISFIABLE,UNSATISFIABLE,True,True,487,487,421,421,0.001515,0.001549,3.399999999999996e-05,True,True,True,True,True,
repeat=0|base=random_3sat_control_v90_c383_seed1930|variant=perm_seed1735,0,random_3sat_control_v90_c383_seed1930,perm_seed1735,1,1,UNSATISFIABLE,UNSATISFIABLE,True,True,481,481,420,420,0.001464,0.001459,-5.000000000000013e-06,True,True,True,True,True,
repeat=0|base=random_3sat_control_v90_c383_seed1930|variant=perm_seed1736,0,random_3sat_control_v90_c383_seed1930,perm_seed1736,1,1,UNSATISFIABLE,UNSATISFIABLE,True,True,578,578,519,519,0.001698,0.001769,7.099999999999988e-05,True,True,True,True,True,
repeat=0|base=random_3sat_control_v90_c383_seed1930|variant=perm_seed1737,0,random_3sat_control_v90_c383_seed1930,perm_seed1737,1,1,UNSATISFIABLE,UNSATISFIABLE,True,True,528,528,463,463,0.001714,0.001612,-0.0001020000000000001,True,True,True,True,True,
repeat=0|base=random_3sat_control_v90_c383_seed1930|variant=perm_seed1738,0,random_3sat_control_v90_c383_seed1930,perm_seed1738,1,1,UNSATISFIABLE,UNSATISFIABLE,True,True,385,385,333,333,0.001279,0.001264,-1.500000000000004e-05,True,True,True,True,True,
repeat=0|base=random_3sat_control_v90_c383_seed1930|variant=perm_seed1739,0,random_3sat_control_v90_c383_seed1930,perm_seed1739,1,1,UNSATISFIABLE,UNSATISFIABLE,True,True,713,713,606,606,0.00194,0.001933,-7.000000000000062e-06,True,True,True,True,True,
repeat=0|base=random_3sat_control_v90_c383_seed1930|variant=perm_seed1740,0,random_3sat_control_v90_c383_seed1930,perm_seed1740,1,1,UNSATISFIABLE,UNSATISFIABLE,True,True,547,547,479,479,0.001682,0.001715,3.300000000000004e-05,True,True,True,True,True,
repeat=0|base=random_3sat_control_v90_c383_seed1930|variant=perm_seed1741,0,random_3sat_control_v90_c383_seed1930,perm_seed1741,1,1,UNSATISFIABLE,UNSATISFIABLE,True,True,507,507,434,434,0.001508,0.001711,0.00020300000000000006,True,True,True,True,True,
repeat=0|base=random_3sat_control_v90_c383_seed1930|variant=perm_seed1742,0,random_3sat_control_v90_c383_seed1930,perm_seed1742,1,1,UNSATISFIABLE,UNSATISFIABLE,True,True,656,656,578,578,0.002026,0.002134,0.00010800000000000002,True,True,True,True,True,
repeat=0|base=random_3sat_control_v90_c383_seed1930|variant=perm_seed1743,0,random_3sat_control_v90_c383_seed1930,perm_seed1743,1,1,UNSATISFIABLE,UNSATISFIABLE,True,True,377,377,327,327,0.001422,0.002023,0.000601,True,True,True,True,True,
repeat=0|base=random_3sat_control_v90_c383_seed1930|variant=perm_seed1744,0,random_3sat_control_v90_c383_seed1930,perm_seed1744,1,1,UNSATISFIABLE,UNSATISFIABLE,True,True,610,610,505,505,0.002345,0.001964,-0.00038099999999999983,True,True,True,True,True,
repeat=0|base=random_3sat_control_v90_c383_seed1930|variant=perm_seed1745,0,random_3sat_control_v90_c383_seed1930,perm_seed1745,1,1,UNSATISFIABLE,UNSATISFIABLE,True,True,398,398,329,329,0.001745,0.001444,-0.00030100000000000005,True,True,True,True,True,
repeat=0|base=subset_cardinality_bw10|variant=base,0,subset_cardinality_bw10,base,1,1,UNSATISFIABLE,UNSATISFIABLE,True,True,193,193,141,141,0.000829,0.000778,-5.099999999999994e-05,True,True,True,True,True,
repeat=0|base=subset_cardinality_bw10|variant=perm_seed1730,0,subset_cardinality_bw10,perm_seed1730,1,1,UNSATISFIABLE,UNSATISFIABLE,True,True,218,218,167,167,0.000905,0.000833,-7.200000000000002e-05,True,True,True,True,True,
repeat=0|base=subset_cardinality_bw10|variant=perm_seed1731,0,subset_cardinality_bw10,perm_seed1731,1,1,UNSATISFIABLE,UNSATISFIABLE,True,True,202,202,147,147,0.000845,0.000805,-3.9999999999999996e-05,True,True,True,True,True,
repeat=0|base=subset_cardinality_bw10|variant=perm_seed1732,0,subset_cardinality_bw10,perm_seed1732,1,1,UNSATISFIABLE,UNSATISFIABLE,True,True,217,217,149,149,0.000763,0.000772,9.000000000000002e-06,True,True,True,True,True,
repeat=0|base=subset_cardinality_bw10|variant=perm_seed1733,0,subset_cardinality_bw10,perm_seed1733,1,1,UNSATISFIABLE,UNSATISFIABLE,True,True,188,188,147,147,0.000734,0.000802,6.800000000000003e-05,True,True,True,True,True,
repeat=0|base=subset_cardinality_bw10|variant=perm_seed1734,0,subset_cardinality_bw10,perm_seed1734,1,1,UNSATISFIABLE,UNSATISFIABLE,True,True,249,249,170,170,0.000777,0.000798,2.099999999999997e-05,True,True,True,True,True,
repeat=0|base=subset_cardinality_bw10|variant=perm_seed1735,0,subset_cardinality_bw10,perm_seed1735,1,1,UNSATISFIABLE,UNSATISFIABLE,True,True,187,187,145,145,0.000765,0.000794,2.9000000000000054e-05,True,True,True,True,True,
repeat=0|base=subset_cardinality_bw10|variant=perm_seed1736,0,subset_cardinality_bw10,perm_seed1736,1,1,UNSATISFIABLE,UNSATISFIABLE,True,True,218,218,175,175,0.000772,0.000821,4.9e-05,True,True,True,True,True,
repeat=0|base=subset_cardinality_bw10|variant=perm_seed1737,0,subset_cardinality_bw10,perm_seed1737,1,1,UNSATISFIABLE,UNSATISFIABLE,True,True,214,214,148,148,0.000778,0.000821,4.299999999999996e-05,True,True,True,True,True,
repeat=0|base=subset_cardinality_bw10|variant=perm_seed1738,0,subset_cardinality_bw10,perm_seed1738,1,1,UNSATISFIABLE,UNSATISFIABLE,True,True,245,245,175,175,0.000756,0.000811,5.499999999999993e-05,True,True,True,True,True,
repeat=0|base=subset_cardinality_bw10|variant=perm_seed1739,0,subset_cardinality_bw10,perm_seed1739,1,1,UNSATISFIABLE,UNSATISFIABLE,True,True,178,178,140,140,0.000752,0.000766,1.4000000000000015e-05,True,True,True,True,True,
repeat=0|base=subset_cardinality_bw10|variant=perm_seed1740,0,subset_cardinality_bw10,perm_seed1740,1,1,UNSATISFIABLE,UNSATISFIABLE,True,True,255,255,180,180,0.000836,0.000788,-4.800000000000008e-05,True,True,True,True,True,
repeat=0|base=subset_cardinality_bw10|variant=perm_seed1741,0,subset_cardinality_bw10,perm_seed1741,1,1,UNSATISFIABLE,UNSATISFIABLE,True,True,200,200,162,162,0.000801,0.000762,-3.899999999999997e-05,True,True,True,True,True,
repeat=0|base=subset_cardinality_bw10|variant=perm_seed1742,0,subset_cardinality_bw10,perm_seed1742,1,1,UNSATISFIABLE,UNSATISFIABLE,True,True,200,200,151,151,0.00075,0.000737,-1.299999999999999e-05,True,True,True,True,True,
repeat=0|base=subset_cardinality_bw10|variant=perm_seed1743,0,subset_cardinality_bw10,perm_seed1743,1,1,UNSATISFIABLE,UNSATISFIABLE,True,True,216,216,154,154,0.000772,0.000808,3.600000000000001e-05,True,True,True,True,True,
repeat=0|base=subset_cardinality_bw10|variant=perm_seed1744,0,subset_cardinality_bw10,perm_seed1744,1,1,UNSATISFIABLE,UNSATISFIABLE,True,True,206,206,157,157,0.000763,0.000751,-1.1999999999999966e-05,True,True,True,True,True,
repeat=0|base=subset_cardinality_bw10|variant=perm_seed1745,0,subset_cardinality_bw10,perm_seed1745,1,1,UNSATISFIABLE,UNSATISFIABLE,True,True,225,225,170,170,0.000763,0.000778,1.500000000000004e-05,True,True,True,True,True,
repeat=0|base=subset_cardinality_bw12|variant=base,0,subset_cardinality_bw12,base,1,1,UNSATISFIABLE,UNSATISFIABLE,True,True,442,442,342,342,0.001012,0.001048,3.600000000000001e-05,True,True,True,True,True,
repeat=0|base=subset_cardinality_bw12|variant=perm_seed1730,0,subset_cardinality_bw12,perm_seed1730,1,1,UNSATISFIABLE,UNSATISFIABLE,True,True,440,440,329,329,0.000997,0.001023,2.599999999999998e-05,True,True,True,True,True,
repeat=0|base=subset_cardinality_bw12|variant=perm_seed1731,0,subset_cardinality_bw12,perm_seed1731,1,1,UNSATISFIABLE,UNSATISFIABLE,True,True,393,393,297,297,0.001065,0.001024,-4.100000000000002e-05,True,True,True,True,True,
repeat=0|base=subset_cardinality_bw12|variant=perm_seed1732,0,subset_cardinality_bw12,perm_seed1732,1,1,UNSATISFIABLE,UNSATISFIABLE,True,True,430,430,328,328,0.001053,0.001064,1.1000000000000159e-05,True,True,True,True,True,
repeat=0|base=subset_cardinality_bw12|variant=perm_seed1733,0,subset_cardinality_bw12,perm_seed1733,1,1,UNSATISFIABLE,UNSATISFIABLE,True,True,434,434,333,333,0.001161,0.001083,-7.799999999999994e-05,True,True,True,True,True,
repeat=0|base=subset_cardinality_bw12|variant=perm_seed1734,0,subset_cardinality_bw12,perm_seed1734,1,1,UNSATISFIABLE,UNSATISFIABLE,True,True,464,464,361,361,0.001045,0.001065,2.0000000000000052e-05,True,True,True,True,True,
repeat=0|base=subset_cardinality_bw12|variant=perm_seed1735,0,subset_cardinality_bw12,perm_seed1735,1,1,UNSATISFIABLE,UNSATISFIABLE,True,True,394,394,340,340,0.001036,0.001022,-1.4000000000000123e-05,True,True,True,True,True,
repeat=0|base=subset_cardinality_bw12|variant=perm_seed1736,0,subset_cardinality_bw12,perm_seed1736,1,1,UNSATISFIABLE,UNSATISFIABLE,True,True,410,410,313,313,0.000934,0.001002,6.800000000000003e-05,True,True,True,True,True,
repeat=0|base=subset_cardinality_bw12|variant=perm_seed1737,0,subset_cardinality_bw12,perm_seed1737,1,1,UNSATISFIABLE,UNSATISFIABLE,True,True,411,411,323,323,0.001046,0.001106,5.999999999999994e-05,True,True,True,True,True,
repeat=0|base=subset_cardinality_bw12|variant=perm_seed1738,0,subset_cardinality_bw12,perm_seed1738,1,1,UNSATISFIABLE,UNSATISFIABLE,True,True,411,411,317,317,0.000975,0.001189,0.000214,True,True,True,True,True,
repeat=0|base=subset_cardinality_bw12|variant=perm_seed1739,0,subset_cardinality_bw12,perm_seed1739,1,1,UNSATISFIABLE,UNSATISFIABLE,True,True,406,406,316,316,0.001122,0.001032,-9.000000000000002e-05,True,True,True,True,True,
repeat=0|base=subset_cardinality_bw12|variant=perm_seed1740,0,subset_cardinality_bw12,perm_seed1740,1,1,UNSATISFIABLE,UNSATISFIABLE,True,True,442,442,321,321,0.001163,0.001029,-0.000134,True,True,True,True,True,
repeat=0|base=subset_cardinality_bw12|variant=perm_seed1741,0,subset_cardinality_bw12,perm_seed1741,1,1,UNSATISFIABLE,UNSATISFIABLE,True,True,417,417,333,333,0.001105,0.001078,-2.7000000000000114e-05,True,True,True,True,True,
repeat=0|base=subset_cardinality_bw12|variant=perm_seed1742,0,subset_cardinality_bw12,perm_seed1742,1,1,UNSATISFIABLE,UNSATISFIABLE,True,True,443,443,346,346,0.000993,0.001013,2.0000000000000052e-05,True,True,True,True,True,
repeat=0|base=subset_cardinality_bw12|variant=perm_seed1743,0,subset_cardinality_bw12,perm_seed1743,1,1,UNSATISFIABLE,UNSATISFIABLE,True,True,439,439,339,339,0.001003,0.00103,2.7000000000000114e-05,True,True,True,True,True,
repeat=0|base=subset_cardinality_bw12|variant=perm_seed1744,0,subset_cardinality_bw12,perm_seed1744,1,1,UNSATISFIABLE,UNSATISFIABLE,True,True,430,430,339,339,0.001004,0.001068,6.400000000000004e-05,True,True,True,True,True,
repeat=0|base=subset_cardinality_bw12|variant=perm_seed1745,0,subset_cardinality_bw12,perm_seed1745,1,1,UNSATISFIABLE,UNSATISFIABLE,True,True,408,408,323,323,0.001014,0.001158,0.00014400000000000003,True,True,True,True,True,
repeat=0|base=subset_cardinality_bw14|variant=base,0,subset_cardinality_bw14,base,1,1,UNSATISFIABLE,UNSATISFIABLE,True,True,759,759,561,561,0.001386,0.001421,3.4999999999999875e-05,True,True,True,True,True,
repeat=0|base=subset_cardinality_bw14|variant=perm_seed1730,0,subset_cardinality_bw14,perm_seed1730,1,1,UNSATISFIABLE,UNSATISFIABLE,True,True,743,743,583,583,0.001502,0.001425,-7.700000000000003e-05,True,True,True,True,True,
repeat=0|base=subset_cardinality_bw14|variant=perm_seed1731,0,subset_cardinality_bw14,perm_seed1731,1,1,UNSATISFIABLE,UNSATISFIABLE,True,True,775,775,591,591,0.001447,0.001408,-3.899999999999997e-05,True,True,True,True,True,
repeat=0|base=subset_cardinality_bw14|variant=perm_seed1732,0,subset_cardinality_bw14,perm_seed1732,1,1,UNSATISFIABLE,UNSATISFIABLE,True,True,696,696,526,526,0.001306,0.001352,4.599999999999982e-05,True,True,True,True,True,
repeat=0|base=subset_cardinality_bw14|variant=perm_seed1733,0,subset_cardinality_bw14,perm_seed1733,1,1,UNSATISFIABLE,UNSATISFIABLE,True,True,772,772,610,610,0.001453,0.001481,2.7999999999999813e-05,True,True,True,True,True,
repeat=0|base=subset_cardinality_bw14|variant=perm_seed1734,0,subset_cardinality_bw14,perm_seed1734,1,1,UNSATISFIABLE,UNSATISFIABLE,True,True,692,692,568,568,0.001408,0.0015,9.200000000000007e-05,True,True,True,True,True,
repeat=0|base=subset_cardinality_bw14|variant=perm_seed1735,0,subset_cardinality_bw14,perm_seed1735,1,1,UNSATISFIABLE,UNSATISFIABLE,True,True,736,736,603,603,0.001642,0.001703,6.100000000000007e-05,True,True,True,True,True,
repeat=0|base=subset_cardinality_bw14|variant=perm_seed1736,0,subset_cardinality_bw14,perm_seed1736,1,1,UNSATISFIABLE,UNSATISFIABLE,True,True,725,725,580,580,0.001443,0.001393,-5.000000000000013e-05,True,True,True,True,True,
repeat=0|base=subset_cardinality_bw14|variant=perm_seed1737,0,subset_cardinality_bw14,perm_seed1737,1,1,UNSATISFIABLE,UNSATISFIABLE,True,True,709,709,503,503,0.001326,0.001351,2.5000000000000066e-05,True,True,True,True,True,
repeat=0|base=subset_cardinality_bw14|variant=perm_seed1738,0,subset_cardinality_bw14,perm_seed1738,1,1,UNSATISFIABLE,UNSATISFIABLE,True,True,687,687,549,549,0.001377,0.001398,2.099999999999997e-05,True,True,True,True,True,
repeat=0|base=subset_cardinality_bw14|variant=perm_seed1739,0,subset_cardinality_bw14,perm_seed1739,1,1,UNSATISFIABLE,UNSATISFIABLE,True,True,765,765,626,626,0.001485,0.001586,0.00010099999999999996,True,True,True,True,True,
repeat=0|base=subset_cardinality_bw14|variant=perm_seed1740,0,subset_cardinality_bw14,perm_seed1740,1,1,UNSATISFIABLE,UNSATISFIABLE,True,True,681,681,539,539,0.001566,0.001436,-0.0001299999999999999,True,True,True,True,True,
repeat=0|base=subset_cardinality_bw14|variant=perm_seed1741,0,subset_cardinality_bw14,perm_seed1741,1,1,UNSATISFIABLE,UNSATISFIABLE,True,True,738,738,563,563,0.00141,0.001627,0.00021699999999999996,True,True,True,True,True,
repeat=0|base=subset_cardinality_bw14|variant=perm_seed1742,0,subset_cardinality_bw14,perm_seed1742,1,1,UNSATISFIABLE,UNSATISFIABLE,True,True,647,647,497,497,0.001336,0.00134,4.000000000000097e-06,True,True,True,True,True,
repeat=0|base=subset_cardinality_bw14|variant=perm_seed1743,0,subset_cardinality_bw14,perm_seed1743,1,1,UNSATISFIABLE,UNSATISFIABLE,True,True,800,800,653,653,0.001528,0.001617,8.899999999999989e-05,True,True,True,True,True,
repeat=0|base=subset_cardinality_bw14|variant=perm_seed1744,0,subset_cardinality_bw14,perm_seed1744,1,1,UNSATISFIABLE,UNSATISFIABLE,True,True,702,702,576,576,0.001389,0.00162,0.00023099999999999987,True,True,True,True,True,
repeat=0|base=subset_cardinality_bw14|variant=perm_seed1745,0,subset_cardinality_bw14,perm_seed1745,1,1,UNSATISFIABLE,UNSATISFIABLE,True,True,769,769,586,586,0.001437,0.001556,0.00011900000000000018,True,True,True,True,True,
repeat=0|base=subset_cardinality_bw16|variant=base,0,subset_cardinality_bw16,base,1,1,UNSATISFIABLE,UNSATISFIABLE,True,True,914,914,659,659,0.001644,0.001649,5.000000000000013e-06,True,True,True,True,True,
repeat=0|base=subset_cardinality_bw16|variant=perm_seed1730,0,subset_cardinality_bw16,perm_seed1730,1,1,UNSATISFIABLE,UNSATISFIABLE,True,True,1124,1124,863,863,0.002037,0.00193,-0.00010700000000000011,True,True,True,True,True,
repeat=0|base=subset_cardinality_bw16|variant=perm_seed1731,0,subset_cardinality_bw16,perm_seed1731,1,1,UNSATISFIABLE,UNSATISFIABLE,True,True,1165,1165,901,901,0.002102,0.002101,-1.0000000000001327e-06,True,True,True,True,True,
repeat=0|base=subset_cardinality_bw16|variant=perm_seed1732,0,subset_cardinality_bw16,perm_seed1732,1,1,UNSATISFIABLE,UNSATISFIABLE,True,True,1261,1261,971,971,0.002071,0.002099,2.8000000000000247e-05,True,True,True,True,True,
repeat=0|base=subset_cardinality_bw16|variant=perm_seed1733,0,subset_cardinality_bw16,perm_seed1733,1,1,UNSATISFIABLE,UNSATISFIABLE,True,True,1256,1256,997,997,0.002115,0.002084,-3.100000000000021e-05,True,True,True,True,True,
repeat=0|base=subset_cardinality_bw16|variant=perm_seed1734,0,subset_cardinality_bw16,perm_seed1734,1,1,UNSATISFIABLE,UNSATISFIABLE,True,True,1201,1201,874,874,0.001859,0.001852,-7.000000000000062e-06,True,True,True,True,True,
repeat=0|base=subset_cardinality_bw16|variant=perm_seed1735,0,subset_cardinality_bw16,perm_seed1735,1,1,UNSATISFIABLE,UNSATISFIABLE,True,True,1156,1156,858,858,0.001846,0.001965,0.00011900000000000018,True,True,True,True,True,
repeat=0|base=subset_cardinality_bw16|variant=perm_seed1736,0,subset_cardinality_bw16,perm_seed1736,1,1,UNSATISFIABLE,UNSATISFIABLE,True,True,1269,1269,990,990,0.002067,0.002081,1.4000000000000123e-05,True,True,True,True,True,
repeat=0|base=subset_cardinality_bw16|variant=perm_seed1737,0,subset_cardinality_bw16,perm_seed1737,1,1,UNSATISFIABLE,UNSATISFIABLE,True,True,1136,1136,881,881,0.00188,0.001843,-3.6999999999999924e-05,True,True,True,True,True,
repeat=0|base=subset_cardinality_bw16|variant=perm_seed1738,0,subset_cardinality_bw16,perm_seed1738,1,1,UNSATISFIABLE,UNSATISFIABLE,True,True,1155,1155,911,911,0.002044,0.001916,-0.00012799999999999986,True,True,True,True,True,
repeat=0|base=subset_cardinality_bw16|variant=perm_seed1739,0,subset_cardinality_bw16,perm_seed1739,1,1,UNSATISFIABLE,UNSATISFIABLE,True,True,1240,1240,926,926,0.001923,0.001903,-2.0000000000000052e-05,True,True,True,True,True,
repeat=0|base=subset_cardinality_bw16|variant=perm_seed1740,0,subset_cardinality_bw16,perm_seed1740,1,1,UNSATISFIABLE,UNSATISFIABLE,True,True,1144,1144,866,866,0.001927,0.002063,0.00013600000000000027,True,True,True,True,True,
repeat=0|base=subset_cardinality_bw16|variant=perm_seed1741,0,subset_cardinality_bw16,perm_seed1741,1,1,UNSATISFIABLE,UNSATISFIABLE,True,True,1187,1187,895,895,0.001854,0.001855,1.0000000000001327e-06,True,True,True,True,True,
repeat=0|base=subset_cardinality_bw16|variant=perm_seed1742,0,subset_cardinality_bw16,perm_seed1742,1,1,UNSATISFIABLE,UNSATISFIABLE,True,True,1144,1144,845,845,0.00201,0.001922,-8.799999999999997e-05,True,True,True,True,True,
repeat=0|base=subset_cardinality_bw16|variant=perm_seed1743,0,subset_cardinality_bw16,perm_seed1743,1,1,UNSATISFIABLE,UNSATISFIABLE,True,True,1340,1340,1021,1021,0.002319,0.002149,-0.00017,True,True,True,True,True,
repeat=0|base=subset_cardinality_bw16|variant=perm_seed1744,0,subset_cardinality_bw16,perm_seed1744,1,1,UNSATISFIABLE,UNSATISFIABLE,True,True,1190,1190,952,952,0.00213,0.002102,-2.7999999999999813e-05,True,True,True,True,True,
repeat=0|base=subset_cardinality_bw16|variant=perm_seed1745,0,subset_cardinality_bw16,perm_seed1745,1,1,UNSATISFIABLE,UNSATISFIABLE,True,True,1275,1275,979,979,0.002025,0.002251,0.00022600000000000007,True,True,True,True,True,
repeat=0|base=subset_cardinality_bw18|variant=base,0,subset_cardinality_bw18,base,1,1,UNSATISFIABLE,UNSATISFIABLE,True,True,1744,1744,1353,1353,0.002907,0.002857,-4.99999999999997e-05,True,True,True,True,True,
repeat=0|base=subset_cardinality_bw18|variant=perm_seed1730,0,subset_cardinality_bw18,perm_seed1730,1,1,UNSATISFIABLE,UNSATISFIABLE,True,True,1692,1692,1238,1238,0.00265,0.002619,-3.100000000000021e-05,True,True,True,True,True,
repeat=0|base=subset_cardinality_bw18|variant=perm_seed1731,0,subset_cardinality_bw18,perm_seed1731,1,1,UNSATISFIABLE,UNSATISFIABLE,True,True,1884,1884,1464,1464,0.003169,0.003036,-0.00013299999999999987,True,True,True,True,True,
repeat=0|base=subset_cardinality_bw18|variant=perm_seed1732,0,subset_cardinality_bw18,perm_seed1732,1,1,UNSATISFIABLE,UNSATISFIABLE,True,True,1456,1456,1049,1049,0.002197,0.002144,-5.3000000000000096e-05,True,True,True,True,True,
repeat=0|base=subset_cardinality_bw18|variant=perm_seed1733,0,subset_cardinality_bw18,perm_seed1733,1,1,UNSATISFIABLE,UNSATISFIABLE,True,True,1993,1993,1604,1604,0.003229,0.00337,0.00014100000000000007,True,True,True,True,True,
repeat=0|base=subset_cardinality_bw18|variant=perm_seed1734,0,subset_cardinality_bw18,perm_seed1734,1,1,UNSATISFIABLE,UNSATISFIABLE,True,True,1814,1814,1305,1305,0.002629,0.002567,-6.199999999999999e-05,True,True,True,True,True,
repeat=0|base=subset_cardinality_bw18|variant=perm_seed1735,0,subset_cardinality_bw18,perm_seed1735,1,1,UNSATISFIABLE,UNSATISFIABLE,True,True,1587,1587,1151,1151,0.002296,0.002358,6.199999999999999e-05,True,True,True,True,True,
repeat=0|base=subset_cardinality_bw18|variant=perm_seed1736,0,subset_cardinality_bw18,perm_seed1736,1,1,UNSATISFIABLE,UNSATISFIABLE,True,True,1684,1684,1216,1216,0.00247,0.002498,2.7999999999999813e-05,True,True,True,True,True,
repeat=0|base=subset_cardinality_bw18|variant=perm_seed1737,0,subset_cardinality_bw18,perm_seed1737,1,1,UNSATISFIABLE,UNSATISFIABLE,True,True,1851,1851,1302,1302,0.002593,0.002632,3.899999999999997e-05,True,True,True,True,True,
repeat=0|base=subset_cardinality_bw18|variant=perm_seed1738,0,subset_cardinality_bw18,perm_seed1738,1,1,UNSATISFIABLE,UNSATISFIABLE,True,True,1549,1549,1103,1103,0.002201,0.002162,-3.899999999999997e-05,True,True,True,True,True,
repeat=0|base=subset_cardinality_bw18|variant=perm_seed1739,0,subset_cardinality_bw18,perm_seed1739,1,1,UNSATISFIABLE,UNSATISFIABLE,True,True,1933,1933,1461,1461,0.003058,0.002964,-9.39999999999999e-05,True,True,True,True,True,
repeat=0|base=subset_cardinality_bw18|variant=perm_seed1740,0,subset_cardinality_bw18,perm_seed1740,1,1,UNSATISFIABLE,UNSATISFIABLE,True,True,1755,1755,1289,1289,0.002604,0.002665,6.0999999999999856e-05,True,True,True,True,True,
repeat=0|base=subset_cardinality_bw18|variant=perm_seed1741,0,subset_cardinality_bw18,perm_seed1741,1,1,UNSATISFIABLE,UNSATISFIABLE,True,True,1766,1766,1309,1309,0.002633,0.002632,-1.0000000000001327e-06,True,True,True,True,True,
repeat=0|base=subset_cardinality_bw18|variant=perm_seed1742,0,subset_cardinality_bw18,perm_seed1742,1,1,UNSATISFIABLE,UNSATISFIABLE,True,True,1570,1570,1172,1172,0.002207,0.002229,2.1999999999999884e-05,True,True,True,True,True,
repeat=0|base=subset_cardinality_bw18|variant=perm_seed1743,0,subset_cardinality_bw18,perm_seed1743,1,1,UNSATISFIABLE,UNSATISFIABLE,True,True,1910,1910,1455,1455,0.002877,0.002981,0.00010400000000000036,True,True,True,True,True,
repeat=0|base=subset_cardinality_bw18|variant=perm_seed1744,0,subset_cardinality_bw18,perm_seed1744,1,1,UNSATISFIABLE,UNSATISFIABLE,True,True,1455,1455,1048,1048,0.002164,0.002222,5.799999999999989e-05,True,True,True,True,True,
repeat=0|base=subset_cardinality_bw18|variant=perm_seed1745,0,subset_cardinality_bw18,perm_seed1745,1,1,UNSATISFIABLE,UNSATISFIABLE,True,True,1653,1653,1237,1237,0.002398,0.002448,5.000000000000013e-05,True,True,True,True,True,
repeat=0|base=subset_cardinality_bw8|variant=base,0,subset_cardinality_bw8,base,1,1,UNSATISFIABLE,UNSATISFIABLE,True,True,89,89,67,67,0.000657,0.000667,9.999999999999918e-06,True,True,True,True,True,
repeat=0|base=subset_cardinality_bw8|variant=perm_seed1730,0,subset_cardinality_bw8,perm_seed1730,1,1,UNSATISFIABLE,UNSATISFIABLE,True,True,110,110,76,76,0.000701,0.000732,3.0999999999999995e-05,True,True,True,True,True,
repeat=0|base=subset_cardinality_bw8|variant=perm_seed1731,0,subset_cardinality_bw8,perm_seed1731,1,1,UNSATISFIABLE,UNSATISFIABLE,True,True,91,91,70,70,0.000727,0.000693,-3.399999999999996e-05,True,True,True,True,True,
repeat=0|base=subset_cardinality_bw8|variant=perm_seed1732,0,subset_cardinality_bw8,perm_seed1732,1,1,UNSATISFIABLE,UNSATISFIABLE,True,True,84,84,67,67,0.000637,0.000656,1.9000000000000028e-05,True,True,True,True,True,
repeat=0|base=subset_cardinality_bw8|variant=perm_seed1733,0,subset_cardinality_bw8,perm_seed1733,1,1,UNSATISFIABLE,UNSATISFIABLE,True,True,109,109,86,86,0.000661,0.000672,1.0999999999999942e-05,True,True,True,True,True,
repeat=0|base=subset_cardinality_bw8|variant=perm_seed1734,0,subset_cardinality_bw8,perm_seed1734,1,1,UNSATISFIABLE,UNSATISFIABLE,True,True,112,112,82,82,0.000659,0.000644,-1.4999999999999931e-05,True,True,True,True,True,
repeat=0|base=subset_cardinality_bw8|variant=perm_seed1735,0,subset_cardinality_bw8,perm_seed1735,1,1,UNSATISFIABLE,UNSATISFIABLE,True,True,94,94,68,68,0.000707,0.000707,0.0,True,True,True,True,True,
repeat=0|base=subset_cardinality_bw8|variant=perm_seed1736,0,subset_cardinality_bw8,perm_seed1736,1,1,UNSATISFIABLE,UNSATISFIABLE,True,True,121,121,83,83,0.000761,0.000697,-6.399999999999993e-05,True,True,True,True,True,
repeat=0|base=subset_cardinality_bw8|variant=perm_seed1737,0,subset_cardinality_bw8,perm_seed1737,1,1,UNSATISFIABLE,UNSATISFIABLE,True,True,87,87,66,66,0.000639,0.000672,3.2999999999999935e-05,True,True,True,True,True,
repeat=0|base=subset_cardinality_bw8|variant=perm_seed1738,0,subset_cardinality_bw8,perm_seed1738,1,1,UNSATISFIABLE,UNSATISFIABLE,True,True,80,80,66,66,0.000618,0.000663,4.500000000000001e-05,True,True,True,True,True,
repeat=0|base=subset_cardinality_bw8|variant=perm_seed1739,0,subset_cardinality_bw8,perm_seed1739,1,1,UNSATISFIABLE,UNSATISFIABLE,True,True,103,103,74,74,0.000757,0.000824,6.7e-05,True,True,True,True,True,
repeat=0|base=subset_cardinality_bw8|variant=perm_seed1740,0,subset_cardinality_bw8,perm_seed1740,1,1,UNSATISFIABLE,UNSATISFIABLE,True,True,98,98,64,64,0.00067,0.000747,7.700000000000003e-05,True,True,True,True,True,
repeat=0|base=subset_cardinality_bw8|variant=perm_seed1741,0,subset_cardinality_bw8,perm_seed1741,1,1,UNSATISFIABLE,UNSATISFIABLE,True,True,106,106,76,76,0.00071,0.000734,2.3999999999999933e-05,True,True,True,True,True,
repeat=0|base=subset_cardinality_bw8|variant=perm_seed1742,0,subset_cardinality_bw8,perm_seed1742,1,1,UNSATISFIABLE,UNSATISFIABLE,True,True,107,107,72,72,0.000768,0.00074,-2.800000000000003e-05,True,True,True,True,True,
repeat=0|base=subset_cardinality_bw8|variant=perm_seed1743,0,subset_cardinality_bw8,perm_seed1743,1,1,UNSATISFIABLE,UNSATISFIABLE,True,True,106,106,74,74,0.000683,0.000728,4.500000000000001e-05,True,True,True,True,True,
repeat=0|base=subset_cardinality_bw8|variant=perm_seed1744,0,subset_cardinality_bw8,perm_seed1744,1,1,UNSATISFIABLE,UNSATISFIABLE,True,True,99,99,71,71,0.000748,0.000672,-7.6e-05,True,True,True,True,True,
repeat=0|base=subset_cardinality_bw8|variant=perm_seed1745,0,subset_cardinality_bw8,perm_seed1745,1,1,UNSATISFIABLE,UNSATISFIABLE,True,True,102,102,71,71,0.000656,0.000676,1.9999999999999944e-05,True,True,True,True,True,
repeat=0|base=tseitin_k5_even|variant=base,0,tseitin_k5_even,base,1,1,SATISFIABLE,SATISFIABLE,True,True,7,7,0,0,0.000581,0.00056,-2.1000000000000077e-05,True,True,True,True,True,
repeat=0|base=tseitin_k5_even|variant=perm_seed1730,0,tseitin_k5_even,perm_seed1730,1,1,SATISFIABLE,SATISFIABLE,True,True,7,7,0,0,0.00058,0.00058,0.0,True,True,True,True,True,
repeat=0|base=tseitin_k5_even|variant=perm_seed1731,0,tseitin_k5_even,perm_seed1731,1,1,SATISFIABLE,SATISFIABLE,True,True,7,7,0,0,0.000608,0.000607,-1.0000000000000243e-06,True,True,True,True,True,
repeat=0|base=tseitin_k5_even|variant=perm_seed1732,0,tseitin_k5_even,perm_seed1732,1,1,SATISFIABLE,SATISFIABLE,True,True,7,7,0,0,0.000568,0.000594,2.599999999999998e-05,True,True,True,True,True,
repeat=0|base=tseitin_k5_even|variant=perm_seed1733,0,tseitin_k5_even,perm_seed1733,1,1,SATISFIABLE,SATISFIABLE,True,True,7,7,0,0,0.000559,0.000601,4.199999999999994e-05,True,True,True,True,True,
repeat=0|base=tseitin_k5_even|variant=perm_seed1734,0,tseitin_k5_even,perm_seed1734,1,1,SATISFIABLE,SATISFIABLE,True,True,7,7,0,0,0.000575,0.000641,6.599999999999998e-05,True,True,True,True,True,
repeat=0|base=tseitin_k5_even|variant=perm_seed1735,0,tseitin_k5_even,perm_seed1735,1,1,SATISFIABLE,SATISFIABLE,True,True,7,7,0,0,0.000567,0.000647,7.999999999999999e-05,True,True,True,True,True,
repeat=0|base=tseitin_k5_even|variant=perm_seed1736,0,tseitin_k5_even,perm_seed1736,1,1,SATISFIABLE,SATISFIABLE,True,True,7,7,0,0,0.000594,0.000631,3.700000000000003e-05,True,True,True,True,True,
repeat=0|base=tseitin_k5_even|variant=perm_seed1737,0,tseitin_k5_even,perm_seed1737,1,1,SATISFIABLE,SATISFIABLE,True,True,7,7,0,0,0.000564,0.000581,1.699999999999998e-05,True,True,True,True,True,
repeat=0|base=tseitin_k5_even|variant=perm_seed1738,0,tseitin_k5_even,perm_seed1738,1,1,SATISFIABLE,SATISFIABLE,True,True,7,7,0,0,0.000579,0.00059,1.100000000000005e-05,True,True,True,True,True,
repeat=0|base=tseitin_k5_even|variant=perm_seed1739,0,tseitin_k5_even,perm_seed1739,1,1,SATISFIABLE,SATISFIABLE,True,True,7,7,0,0,0.000592,0.000585,-6.999999999999953e-06,True,True,True,True,True,
repeat=0|base=tseitin_k5_even|variant=perm_seed1740,0,tseitin_k5_even,perm_seed1740,1,1,SATISFIABLE,SATISFIABLE,True,True,7,7,0,0,0.000593,0.000572,-2.099999999999997e-05,True,True,True,True,True,
repeat=0|base=tseitin_k5_even|variant=perm_seed1741,0,tseitin_k5_even,perm_seed1741,1,1,SATISFIABLE,SATISFIABLE,True,True,7,7,0,0,0.000576,0.000564,-1.1999999999999966e-05,True,True,True,True,True,
repeat=0|base=tseitin_k5_even|variant=perm_seed1742,0,tseitin_k5_even,perm_seed1742,1,1,SATISFIABLE,SATISFIABLE,True,True,7,7,0,0,0.000589,0.000617,2.800000000000003e-05,True,True,True,True,True,
repeat=0|base=tseitin_k5_even|variant=perm_seed1743,0,tseitin_k5_even,perm_seed1743,1,1,SATISFIABLE,SATISFIABLE,True,True,7,7,0,0,0.00067,0.000641,-2.9000000000000054e-05,True,True,True,True,True,
repeat=0|base=tseitin_k5_even|variant=perm_seed1744,0,tseitin_k5_even,perm_seed1744,1,1,SATISFIABLE,SATISFIABLE,True,True,7,7,0,0,0.000643,0.00062,-2.3000000000000017e-05,True,True,True,True,True,
repeat=0|base=tseitin_k5_even|variant=perm_seed1745,0,tseitin_k5_even,perm_seed1745,1,1,SATISFIABLE,SATISFIABLE,True,True,7,7,0,0,0.000601,0.000605,3.999999999999989e-06,True,True,True,True,True,
repeat=0|base=tseitin_k5_odd|variant=base,0,tseitin_k5_odd,base,1,1,UNSATISFIABLE,UNSATISFIABLE,True,True,63,63,64,64,0.000623,0.000632,9.000000000000002e-06,True,True,True,True,True,
repeat=0|base=tseitin_k5_odd|variant=perm_seed1730,0,tseitin_k5_odd,perm_seed1730,1,1,UNSATISFIABLE,UNSATISFIABLE,True,True,63,63,64,64,0.000606,0.00063,2.400000000000004e-05,True,True,True,True,True,
repeat=0|base=tseitin_k5_odd|variant=perm_seed1731,0,tseitin_k5_odd,perm_seed1731,1,1,UNSATISFIABLE,UNSATISFIABLE,True,True,63,63,64,64,0.000604,0.000698,9.400000000000001e-05,True,True,True,True,True,
repeat=0|base=tseitin_k5_odd|variant=perm_seed1732,0,tseitin_k5_odd,perm_seed1732,1,1,UNSATISFIABLE,UNSATISFIABLE,True,True,63,63,64,64,0.00064,0.00063,-1.0000000000000026e-05,True,True,True,True,True,
repeat=0|base=tseitin_k5_odd|variant=perm_seed1733,0,tseitin_k5_odd,perm_seed1733,1,1,UNSATISFIABLE,UNSATISFIABLE,True,True,63,63,64,64,0.000654,0.000649,-5.000000000000013e-06,True,True,True,True,True,
repeat=0|base=tseitin_k5_odd|variant=perm_seed1734,0,tseitin_k5_odd,perm_seed1734,1,1,UNSATISFIABLE,UNSATISFIABLE,True,True,63,63,64,64,0.000649,0.000635,-1.3999999999999907e-05,True,True,True,True,True,
repeat=0|base=tseitin_k5_odd|variant=perm_seed1735,0,tseitin_k5_odd,perm_seed1735,1,1,UNSATISFIABLE,UNSATISFIABLE,True,True,63,63,64,64,0.000668,0.000667,-1.0000000000000243e-06,True,True,True,True,True,
repeat=0|base=tseitin_k5_odd|variant=perm_seed1736,0,tseitin_k5_odd,perm_seed1736,1,1,UNSATISFIABLE,UNSATISFIABLE,True,True,63,63,64,64,0.000628,0.000652,2.400000000000004e-05,True,True,True,True,True,
repeat=0|base=tseitin_k5_odd|variant=perm_seed1737,0,tseitin_k5_odd,perm_seed1737,1,1,UNSATISFIABLE,UNSATISFIABLE,True,True,63,63,64,64,0.000678,0.000613,-6.499999999999995e-05,True,True,True,True,True,
repeat=0|base=tseitin_k5_odd|variant=perm_seed1738,0,tseitin_k5_odd,perm_seed1738,1,1,UNSATISFIABLE,UNSATISFIABLE,True,True,63,63,64,64,0.000654,0.000623,-3.0999999999999995e-05,True,True,True,True,True,
repeat=0|base=tseitin_k5_odd|variant=perm_seed1739,0,tseitin_k5_odd,perm_seed1739,1,1,UNSATISFIABLE,UNSATISFIABLE,True,True,63,63,64,64,0.000643,0.000635,-7.999999999999978e-06,True,True,True,True,True,
repeat=0|base=tseitin_k5_odd|variant=perm_seed1740,0,tseitin_k5_odd,perm_seed1740,1,1,UNSATISFIABLE,UNSATISFIABLE,True,True,63,63,64,64,0.000634,0.000619,-1.500000000000004e-05,True,True,True,True,True,
repeat=0|base=tseitin_k5_odd|variant=perm_seed1741,0,tseitin_k5_odd,perm_seed1741,1,1,UNSATISFIABLE,UNSATISFIABLE,True,True,63,63,64,64,0.000623,0.000622,-9.999999999999159e-07,True,True,True,True,True,
repeat=0|base=tseitin_k5_odd|variant=perm_seed1742,0,tseitin_k5_odd,perm_seed1742,1,1,UNSATISFIABLE,UNSATISFIABLE,True,True,63,63,64,64,0.000629,0.000655,2.599999999999998e-05,True,True,True,True,True,
repeat=0|base=tseitin_k5_odd|variant=perm_seed1743,0,tseitin_k5_odd,perm_seed1743,1,1,UNSATISFIABLE,UNSATISFIABLE,True,True,63,63,64,64,0.000647,0.000714,6.7e-05,True,True,True,True,True,
repeat=0|base=tseitin_k5_odd|variant=perm_seed1744,0,tseitin_k5_odd,perm_seed1744,1,1,UNSATISFIABLE,UNSATISFIABLE,True,True,63,63,64,64,0.000677,0.000648,-2.8999999999999946e-05,True,True,True,True,True,
repeat=0|base=tseitin_k5_odd|variant=perm_seed1745,0,tseitin_k5_odd,perm_seed1745,1,1,UNSATISFIABLE,UNSATISFIABLE,True,True,63,63,64,64,0.000645,0.000632,-1.299999999999999e-05,True,True,True,True,True,
repeat=0|base=tseitin_k6_even|variant=base,0,tseitin_k6_even,base,1,1,SATISFIABLE,SATISFIABLE,True,True,11,11,0,0,0.000607,0.000662,5.5000000000000036e-05,True,True,True,True,True,
repeat=0|base=tseitin_k6_even|variant=perm_seed1730,0,tseitin_k6_even,perm_seed1730,1,1,SATISFIABLE,SATISFIABLE,True,True,11,11,0,0,0.00064,0.00069,4.9999999999999914e-05,True,True,True,True,True,
repeat=0|base=tseitin_k6_even|variant=perm_seed1731,0,tseitin_k6_even,perm_seed1731,1,1,SATISFIABLE,SATISFIABLE,True,True,11,11,0,0,0.000656,0.000674,1.8000000000000004e-05,True,True,True,True,True,
repeat=0|base=tseitin_k6_even|variant=perm_seed1732,0,tseitin_k6_even,perm_seed1732,1,1,SATISFIABLE,SATISFIABLE,True,True,11,11,0,0,0.00071,0.000682,-2.800000000000003e-05,True,True,True,True,True,
repeat=0|base=tseitin_k6_even|variant=perm_seed1733,0,tseitin_k6_even,perm_seed1733,1,1,SATISFIABLE,SATISFIABLE,True,True,11,11,0,0,0.000636,0.000615,-2.099999999999997e-05,True,True,True,True,True,
repeat=0|base=tseitin_k6_even|variant=perm_seed1734,0,tseitin_k6_even,perm_seed1734,1,1,SATISFIABLE,SATISFIABLE,True,True,11,11,0,0,0.000604,0.000626,2.1999999999999993e-05,True,True,True,True,True,
repeat=0|base=tseitin_k6_even|variant=perm_seed1735,0,tseitin_k6_even,perm_seed1735,1,1,SATISFIABLE,SATISFIABLE,True,True,11,11,0,0,0.00063,0.000634,3.999999999999989e-06,True,True,True,True,True,
repeat=0|base=tseitin_k6_even|variant=perm_seed1736,0,tseitin_k6_even,perm_seed1736,1,1,SATISFIABLE,SATISFIABLE,True,True,11,11,0,0,0.00069,0.000661,-2.8999999999999946e-05,True,True,True,True,True,
repeat=0|base=tseitin_k6_even|variant=perm_seed1737,0,tseitin_k6_even,perm_seed1737,1,1,SATISFIABLE,SATISFIABLE,True,True,11,11,0,0,0.000603,0.000641,3.799999999999995e-05,True,True,True,True,True,
repeat=0|base=tseitin_k6_even|variant=perm_seed1738,0,tseitin_k6_even,perm_seed1738,1,1,SATISFIABLE,SATISFIABLE,True,True,11,11,0,0,0.000619,0.00062,1.0000000000000243e-06,True,True,True,True,True,
repeat=0|base=tseitin_k6_even|variant=perm_seed1739,0,tseitin_k6_even,perm_seed1739,1,1,SATISFIABLE,SATISFIABLE,True,True,11,11,0,0,0.00059,0.00061,1.9999999999999944e-05,True,True,True,True,True,
repeat=0|base=tseitin_k6_even|variant=perm_seed1740,0,tseitin_k6_even,perm_seed1740,1,1,SATISFIABLE,SATISFIABLE,True,True,11,11,0,0,0.000603,0.000652,4.9e-05,True,True,True,True,True,
repeat=0|base=tseitin_k6_even|variant=perm_seed1741,0,tseitin_k6_even,perm_seed1741,1,1,SATISFIABLE,SATISFIABLE,True,True,11,11,0,0,0.000655,0.000631,-2.3999999999999933e-05,True,True,True,True,True,
repeat=0|base=tseitin_k6_even|variant=perm_seed1742,0,tseitin_k6_even,perm_seed1742,1,1,SATISFIABLE,SATISFIABLE,True,True,11,11,0,0,0.000613,0.000637,2.3999999999999933e-05,True,True,True,True,True,
repeat=0|base=tseitin_k6_even|variant=perm_seed1743,0,tseitin_k6_even,perm_seed1743,1,1,SATISFIABLE,SATISFIABLE,True,True,11,11,0,0,0.000605,0.000646,4.100000000000002e-05,True,True,True,True,True,
repeat=0|base=tseitin_k6_even|variant=perm_seed1744,0,tseitin_k6_even,perm_seed1744,1,1,SATISFIABLE,SATISFIABLE,True,True,11,11,0,0,0.000628,0.000716,8.799999999999997e-05,True,True,True,True,True,
repeat=0|base=tseitin_k6_even|variant=perm_seed1745,0,tseitin_k6_even,perm_seed1745,1,1,SATISFIABLE,SATISFIABLE,True,True,11,11,0,0,0.000605,0.000638,3.300000000000004e-05,True,True,True,True,True,
repeat=0|base=tseitin_k6_odd|variant=base,0,tseitin_k6_odd,base,1,1,UNSATISFIABLE,UNSATISFIABLE,True,True,1023,1023,1024,1024,0.001362,0.001391,2.9000000000000163e-05,True,True,True,True,True,
repeat=0|base=tseitin_k6_odd|variant=perm_seed1730,0,tseitin_k6_odd,perm_seed1730,1,1,UNSATISFIABLE,UNSATISFIABLE,True,True,1387,1387,1025,1025,0.001273,0.001291,1.8000000000000004e-05,True,True,True,True,True,
repeat=0|base=tseitin_k6_odd|variant=perm_seed1731,0,tseitin_k6_odd,perm_seed1731,1,1,UNSATISFIABLE,UNSATISFIABLE,True,True,1230,1230,996,996,0.001337,0.0015,0.00016299999999999995,True,True,True,True,True,
repeat=0|base=tseitin_k6_odd|variant=perm_seed1732,0,tseitin_k6_odd,perm_seed1732,1,1,UNSATISFIABLE,UNSATISFIABLE,True,True,1240,1240,1026,1026,0.001286,0.001503,0.00021699999999999996,True,True,True,True,True,
repeat=0|base=tseitin_k6_odd|variant=perm_seed1733,0,tseitin_k6_odd,perm_seed1733,1,1,UNSATISFIABLE,UNSATISFIABLE,True,True,1471,1471,1024,1024,0.001237,0.001257,2.0000000000000052e-05,True,True,True,True,True,
repeat=0|base=tseitin_k6_odd|variant=perm_seed1734,0,tseitin_k6_odd,perm_seed1734,1,1,UNSATISFIABLE,UNSATISFIABLE,True,True,1369,1369,1022,1022,0.001331,0.001289,-4.199999999999994e-05,True,True,True,True,True,
repeat=0|base=tseitin_k6_odd|variant=perm_seed1735,0,tseitin_k6_odd,perm_seed1735,1,1,UNSATISFIABLE,UNSATISFIABLE,True,True,1490,1490,1020,1020,0.001258,0.001231,-2.6999999999999897e-05,True,True,True,True,True,
repeat=0|base=tseitin_k6_odd|variant=perm_seed1736,0,tseitin_k6_odd,perm_seed1736,1,1,UNSATISFIABLE,UNSATISFIABLE,True,True,1491,1491,1023,1023,0.001306,0.001418,0.0001119999999999999,True,True,True,True,True,
repeat=0|base=tseitin_k6_odd|variant=perm_seed1737,0,tseitin_k6_odd,perm_seed1737,1,1,UNSATISFIABLE,UNSATISFIABLE,True,True,1370,1370,1029,1029,0.001286,0.001485,0.00019899999999999996,True,True,True,True,True,
repeat=0|base=tseitin_k6_odd|variant=perm_seed1738,0,tseitin_k6_odd,perm_seed1738,1,1,UNSATISFIABLE,UNSATISFIABLE,True,True,1420,1420,1019,1019,0.00134,0.00133,-1.0000000000000026e-05,True,True,True,True,True,
repeat=0|base=tseitin_k6_odd|variant=perm_seed1739,0,tseitin_k6_odd,perm_seed1739,1,1,UNSATISFIABLE,UNSATISFIABLE,True,True,1490,1490,1021,1021,0.00126,0.00126,0.0,True,True,True,True,True,
repeat=0|base=tseitin_k6_odd|variant=perm_seed1740,0,tseitin_k6_odd,perm_seed1740,1,1,UNSATISFIABLE,UNSATISFIABLE,True,True,1226,1226,1004,1004,0.001326,0.001336,1.0000000000000026e-05,True,True,True,True,True,
repeat=0|base=tseitin_k6_odd|variant=perm_seed1741,0,tseitin_k6_odd,perm_seed1741,1,1,UNSATISFIABLE,UNSATISFIABLE,True,True,1419,1419,1021,1021,0.001253,0.001343,9.000000000000002e-05,True,True,True,True,True,
repeat=0|base=tseitin_k6_odd|variant=perm_seed1742,0,tseitin_k6_odd,perm_seed1742,1,1,UNSATISFIABLE,UNSATISFIABLE,True,True,1514,1514,1019,1019,0.001238,0.001217,-2.099999999999997e-05,True,True,True,True,True,
repeat=0|base=tseitin_k6_odd|variant=perm_seed1743,0,tseitin_k6_odd,perm_seed1743,1,1,UNSATISFIABLE,UNSATISFIABLE,True,True,1289,1289,1023,1023,0.001326,0.001299,-2.6999999999999897e-05,True,True,True,True,True,
repeat=0|base=tseitin_k6_odd|variant=perm_seed1744,0,tseitin_k6_odd,perm_seed1744,1,1,UNSATISFIABLE,UNSATISFIABLE,True,True,1491,1491,1021,1021,0.001213,0.001277,6.399999999999982e-05,True,True,True,True,True,
repeat=0|base=tseitin_k6_odd|variant=perm_seed1745,0,tseitin_k6_odd,perm_seed1745,1,1,UNSATISFIABLE,UNSATISFIABLE,True,True,1164,1164,1006,1006,0.001375,0.001338,-3.6999999999999924e-05,True,True,True,True,True,
repeat=0|base=tseitin_k7_even|variant=base,0,tseitin_k7_even,base,1,1,SATISFIABLE,SATISFIABLE,True,True,16,16,0,0,0.000708,0.000734,2.599999999999998e-05,True,True,True,True,True,
repeat=0|base=tseitin_k7_even|variant=perm_seed1730,0,tseitin_k7_even,perm_seed1730,1,1,SATISFIABLE,SATISFIABLE,True,True,16,16,0,0,0.000734,0.000756,2.20000000000001e-05,True,True,True,True,True,
repeat=0|base=tseitin_k7_even|variant=perm_seed1731,0,tseitin_k7_even,perm_seed1731,1,1,SATISFIABLE,SATISFIABLE,True,True,16,16,0,0,0.000715,0.00073,1.4999999999999931e-05,True,True,True,True,True,
repeat=0|base=tseitin_k7_even|variant=perm_seed1732,0,tseitin_k7_even,perm_seed1732,1,1,SATISFIABLE,SATISFIABLE,True,True,16,16,0,0,0.000698,0.000783,8.49999999999999e-05,True,True,True,True,True,
repeat=0|base=tseitin_k7_even|variant=perm_seed1733,0,tseitin_k7_even,perm_seed1733,1,1,SATISFIABLE,SATISFIABLE,True,True,16,16,0,0,0.000813,0.000717,-9.600000000000006e-05,True,True,True,True,True,
repeat=0|base=tseitin_k7_even|variant=perm_seed1734,0,tseitin_k7_even,perm_seed1734,1,1,SATISFIABLE,SATISFIABLE,True,True,16,16,0,0,0.000712,0.000718,6.000000000000037e-06,True,True,True,True,True,
repeat=0|base=tseitin_k7_even|variant=perm_seed1735,0,tseitin_k7_even,perm_seed1735,1,1,SATISFIABLE,SATISFIABLE,True,True,16,16,0,0,0.000706,0.000731,2.4999999999999957e-05,True,True,True,True,True,
repeat=0|base=tseitin_k7_even|variant=perm_seed1736,0,tseitin_k7_even,perm_seed1736,1,1,SATISFIABLE,SATISFIABLE,True,True,16,16,0,0,0.000709,0.000727,1.8000000000000004e-05,True,True,True,True,True,
repeat=0|base=tseitin_k7_even|variant=perm_seed1737,0,tseitin_k7_even,perm_seed1737,1,1,SATISFIABLE,SATISFIABLE,True,True,16,16,0,0,0.000741,0.000769,2.800000000000003e-05,True,True,True,True,True,
repeat=0|base=tseitin_k7_even|variant=perm_seed1738,0,tseitin_k7_even,perm_seed1738,1,1,SATISFIABLE,SATISFIABLE,True,True,16,16,0,0,0.000758,0.000727,-3.0999999999999995e-05,True,True,True,True,True,
repeat=0|base=tseitin_k7_even|variant=perm_seed1739,0,tseitin_k7_even,perm_seed1739,1,1,SATISFIABLE,SATISFIABLE,True,True,16,16,0,0,0.00073,0.000779,4.9e-05,True,True,True,True,True,
repeat=0|base=tseitin_k7_even|variant=perm_seed1740,0,tseitin_k7_even,perm_seed1740,1,1,SATISFIABLE,SATISFIABLE,True,True,16,16,0,0,0.000698,0.000887,0.00018899999999999993,True,True,True,True,True,
repeat=0|base=tseitin_k7_even|variant=perm_seed1741,0,tseitin_k7_even,perm_seed1741,1,1,SATISFIABLE,SATISFIABLE,True,True,16,16,0,0,0.000799,0.000754,-4.500000000000001e-05,True,True,True,True,True,
repeat=0|base=tseitin_k7_even|variant=perm_seed1742,0,tseitin_k7_even,perm_seed1742,1,1,SATISFIABLE,SATISFIABLE,True,True,16,16,0,0,0.000725,0.000752,2.7000000000000006e-05,True,True,True,True,True,
repeat=0|base=tseitin_k7_even|variant=perm_seed1743,0,tseitin_k7_even,perm_seed1743,1,1,SATISFIABLE,SATISFIABLE,True,True,16,16,0,0,0.000764,0.000719,-4.500000000000001e-05,True,True,True,True,True,
repeat=0|base=tseitin_k7_even|variant=perm_seed1744,0,tseitin_k7_even,perm_seed1744,1,1,SATISFIABLE,SATISFIABLE,True,True,16,16,0,0,0.000698,0.000698,0.0,True,True,True,True,True,
repeat=0|base=tseitin_k7_even|variant=perm_seed1745,0,tseitin_k7_even,perm_seed1745,1,1,SATISFIABLE,SATISFIABLE,True,True,16,16,0,0,0.000866,0.000851,-1.500000000000004e-05,True,True,True,True,True,
repeat=0|base=tseitin_k7_odd|variant=base,0,tseitin_k7_odd,base,1,1,UNSATISFIABLE,UNSATISFIABLE,True,True,28961,28961,21460,21460,0.035981,0.034225,-0.0017560000000000006,True,True,True,True,True,
repeat=0|base=tseitin_k7_odd|variant=perm_seed1730,0,tseitin_k7_odd,perm_seed1730,1,1,UNSATISFIABLE,UNSATISFIABLE,True,True,25967,25967,19927,19927,0.022871,0.025679,0.0028080000000000015,True,True,True,True,True,
repeat=0|base=tseitin_k7_odd|variant=perm_seed1731,0,tseitin_k7_odd,perm_seed1731,1,1,UNSATISFIABLE,UNSATISFIABLE,True,True,27066,27066,20508,20508,0.022521,0.021825,-0.0006959999999999987,True,True,True,True,True,
repeat=0|base=tseitin_k7_odd|variant=perm_seed1732,0,tseitin_k7_odd,perm_seed1732,1,1,UNSATISFIABLE,UNSATISFIABLE,True,True,27517,27517,20715,20715,0.024025,0.023016,-0.001009000000000003,True,True,True,True,True,
repeat=0|base=tseitin_k7_odd|variant=perm_seed1733,0,tseitin_k7_odd,perm_seed1733,1,1,UNSATISFIABLE,UNSATISFIABLE,True,True,26660,26660,20373,20373,0.023297,0.023658,0.0003610000000000002,True,True,True,True,True,
repeat=0|base=tseitin_k7_odd|variant=perm_seed1734,0,tseitin_k7_odd,perm_seed1734,1,1,UNSATISFIABLE,UNSATISFIABLE,True,True,26703,26703,20334,20334,0.022469,0.023485,0.0010159999999999995,True,True,True,True,True,
repeat=0|base=tseitin_k7_odd|variant=perm_seed1735,0,tseitin_k7_odd,perm_seed1735,1,1,UNSATISFIABLE,UNSATISFIABLE,True,True,26190,26190,19954,19954,0.022657,0.022498,-0.00015899999999999942,True,True,True,True,True,
repeat=0|base=tseitin_k7_odd|variant=perm_seed1736,0,tseitin_k7_odd,perm_seed1736,1,1,UNSATISFIABLE,UNSATISFIABLE,True,True,27763,27763,20789,20789,0.026785,0.026966,0.0001810000000000006,True,True,True,True,True,
repeat=0|base=tseitin_k7_odd|variant=perm_seed1737,0,tseitin_k7_odd,perm_seed1737,1,1,UNSATISFIABLE,UNSATISFIABLE,True,True,28263,28263,20659,20659,0.028003,0.027509,-0.0004940000000000014,True,True,True,True,True,
repeat=0|base=tseitin_k7_odd|variant=perm_seed1738,0,tseitin_k7_odd,perm_seed1738,1,1,UNSATISFIABLE,UNSATISFIABLE,True,True,26168,26168,19584,19584,0.023113,0.021511,-0.0016020000000000027,True,True,True,True,True,
repeat=0|base=tseitin_k7_odd|variant=perm_seed1739,0,tseitin_k7_odd,perm_seed1739,1,1,UNSATISFIABLE,UNSATISFIABLE,True,True,26892,26892,20027,20027,0.028069,0.026104,-0.0019650000000000015,True,True,True,True,True,
repeat=0|base=tseitin_k7_odd|variant=perm_seed1740,0,tseitin_k7_odd,perm_seed1740,1,1,UNSATISFIABLE,UNSATISFIABLE,True,True,28372,28372,21578,21578,0.02814,0.027032,-0.0011079999999999979,True,True,True,True,True,
repeat=0|base=tseitin_k7_odd|variant=perm_seed1741,0,tseitin_k7_odd,perm_seed1741,1,1,UNSATISFIABLE,UNSATISFIABLE,True,True,28492,28492,20650,20650,0.029891,0.025408,-0.004483000000000001,True,True,True,True,True,
repeat=0|base=tseitin_k7_odd|variant=perm_seed1742,0,tseitin_k7_odd,perm_seed1742,1,1,UNSATISFIABLE,UNSATISFIABLE,True,True,25945,25945,19833,19833,0.02444,0.021905,-0.002534999999999999,True,True,True,True,True,
repeat=0|base=tseitin_k7_odd|variant=perm_seed1743,0,tseitin_k7_odd,perm_seed1743,1,1,UNSATISFIABLE,UNSATISFIABLE,True,True,26452,26452,19859,19859,0.025902,0.022658,-0.0032440000000000004,True,True,True,True,True,
repeat=0|base=tseitin_k7_odd|variant=perm_seed1744,0,tseitin_k7_odd,perm_seed1744,1,1,UNSATISFIABLE,UNSATISFIABLE,True,True,26452,26452,19806,19806,0.022958,0.022133,-0.0008249999999999993,True,True,True,True,True,
repeat=0|base=tseitin_k7_odd|variant=perm_seed1745,0,tseitin_k7_odd,perm_seed1745,1,1,UNSATISFIABLE,UNSATISFIABLE,True,True,27512,27512,20790,20790,0.024736,0.025909,0.0011730000000000004,True,True,True,True,True,
repeat=0|base=tseitin_k8_even|variant=base,0,tseitin_k8_even,base,1,1,SATISFIABLE,SATISFIABLE,True,True,22,22,0,0,0.001076,0.001095,1.9000000000000137e-05,True,True,True,True,True,
repeat=0|base=tseitin_k8_even|variant=perm_seed1730,0,tseitin_k8_even,perm_seed1730,1,1,SATISFIABLE,SATISFIABLE,True,True,22,22,0,0,0.001094,0.001045,-4.9e-05,True,True,True,True,True,
repeat=0|base=tseitin_k8_even|variant=perm_seed1731,0,tseitin_k8_even,perm_seed1731,1,1,SATISFIABLE,SATISFIABLE,True,True,22,22,0,0,0.001212,0.001105,-0.00010699999999999989,True,True,True,True,True,
repeat=0|base=tseitin_k8_even|variant=perm_seed1732,0,tseitin_k8_even,perm_seed1732,1,1,SATISFIABLE,SATISFIABLE,True,True,22,22,0,0,0.001087,0.001222,0.00013499999999999992,True,True,True,True,True,
repeat=0|base=tseitin_k8_even|variant=perm_seed1733,0,tseitin_k8_even,perm_seed1733,1,1,SATISFIABLE,SATISFIABLE,True,True,22,22,0,0,0.001065,0.001046,-1.899999999999992e-05,True,True,True,True,True,
repeat=0|base=tseitin_k8_even|variant=perm_seed1734,0,tseitin_k8_even,perm_seed1734,1,1,SATISFIABLE,SATISFIABLE,True,True,22,22,0,0,0.001146,0.001071,-7.50000000000002e-05,True,True,True,True,True,
repeat=0|base=tseitin_k8_even|variant=perm_seed1735,0,tseitin_k8_even,perm_seed1735,1,1,SATISFIABLE,SATISFIABLE,True,True,22,22,0,0,0.001093,0.001067,-2.599999999999998e-05,True,True,True,True,True,
repeat=0|base=tseitin_k8_even|variant=perm_seed1736,0,tseitin_k8_even,perm_seed1736,1,1,SATISFIABLE,SATISFIABLE,True,True,22,22,0,0,0.001117,0.001109,-7.999999999999978e-06,True,True,True,True,True,
repeat=0|base=tseitin_k8_even|variant=perm_seed1737,0,tseitin_k8_even,perm_seed1737,1,1,SATISFIABLE,SATISFIABLE,True,True,22,22,0,0,0.001212,0.001163,-4.9e-05,True,True,True,True,True,
repeat=0|base=tseitin_k8_even|variant=perm_seed1738,0,tseitin_k8_even,perm_seed1738,1,1,SATISFIABLE,SATISFIABLE,True,True,23,23,0,0,0.001112,0.001106,-5.999999999999929e-06,True,True,True,True,True,
repeat=0|base=tseitin_k8_even|variant=perm_seed1739,0,tseitin_k8_even,perm_seed1739,1,1,SATISFIABLE,SATISFIABLE,True,True,22,22,0,0,0.001158,0.001092,-6.599999999999987e-05,True,True,True,True,True,
repeat=0|base=tseitin_k8_even|variant=perm_seed1740,0,tseitin_k8_even,perm_seed1740,1,1,SATISFIABLE,SATISFIABLE,True,True,22,22,0,0,0.001099,0.001039,-5.999999999999994e-05,True,True,True,True,True,
repeat=0|base=tseitin_k8_even|variant=perm_seed1741,0,tseitin_k8_even,perm_seed1741,1,1,SATISFIABLE,SATISFIABLE,True,True,22,22,0,0,0.001064,0.001096,3.199999999999991e-05,True,True,True,True,True,
repeat=0|base=tseitin_k8_even|variant=perm_seed1742,0,tseitin_k8_even,perm_seed1742,1,1,SATISFIABLE,SATISFIABLE,True,True,22,22,0,0,0.0011,0.001042,-5.800000000000011e-05,True,True,True,True,True,
repeat=0|base=tseitin_k8_even|variant=perm_seed1743,0,tseitin_k8_even,perm_seed1743,1,1,SATISFIABLE,SATISFIABLE,True,True,22,22,0,0,0.001102,0.00108,-2.1999999999999884e-05,True,True,True,True,True,
repeat=0|base=tseitin_k8_even|variant=perm_seed1744,0,tseitin_k8_even,perm_seed1744,1,1,SATISFIABLE,SATISFIABLE,True,True,22,22,0,0,0.001174,0.001109,-6.499999999999995e-05,True,True,True,True,True,
repeat=0|base=tseitin_k8_even|variant=perm_seed1745,0,tseitin_k8_even,perm_seed1745,1,1,SATISFIABLE,SATISFIABLE,True,True,22,22,0,0,0.001072,0.001232,0.00015999999999999999,True,True,True,True,True,
repeat=0|base=tseitin_k8_odd|variant=base,0,tseitin_k8_odd,base,1,1,INDETERMINATE,INDETERMINATE,False,False,138197,138197,100000,100000,0.332127,0.306255,-0.025872000000000006,True,True,True,True,True,
repeat=0|base=tseitin_k8_odd|variant=perm_seed1730,0,tseitin_k8_odd,perm_seed1730,1,1,INDETERMINATE,INDETERMINATE,False,False,152324,152324,100000,100000,0.280929,0.255459,-0.025469999999999993,True,True,True,True,True,
repeat=0|base=tseitin_k8_odd|variant=perm_seed1731,0,tseitin_k8_odd,perm_seed1731,1,1,INDETERMINATE,INDETERMINATE,False,False,148284,148284,100000,100000,0.274065,0.251639,-0.022426,True,True,True,True,True,
repeat=0|base=tseitin_k8_odd|variant=perm_seed1732,0,tseitin_k8_odd,perm_seed1732,1,1,INDETERMINATE,INDETERMINATE,False,False,138540,138540,100000,100000,0.340576,0.313458,-0.027117999999999975,True,True,True,True,True,
repeat=0|base=tseitin_k8_odd|variant=perm_seed1733,0,tseitin_k8_odd,perm_seed1733,1,1,INDETERMINATE,INDETERMINATE,False,False,145077,145077,100000,100000,0.278026,0.260949,-0.01707700000000001,True,True,True,True,True,
repeat=0|base=tseitin_k8_odd|variant=perm_seed1734,0,tseitin_k8_odd,perm_seed1734,1,1,INDETERMINATE,INDETERMINATE,False,False,144418,144418,100000,100000,0.282275,0.266716,-0.01555899999999999,True,True,True,True,True,
repeat=0|base=tseitin_k8_odd|variant=perm_seed1735,0,tseitin_k8_odd,perm_seed1735,1,1,INDETERMINATE,INDETERMINATE,False,False,139600,139600,100000,100000,0.295927,0.282462,-0.013465000000000005,True,True,True,True,True,
repeat=0|base=tseitin_k8_odd|variant=perm_seed1736,0,tseitin_k8_odd,perm_seed1736,1,1,INDETERMINATE,INDETERMINATE,False,False,137243,137243,100000,100000,0.313143,0.287205,-0.025938000000000017,True,True,True,True,True,
repeat=0|base=tseitin_k8_odd|variant=perm_seed1737,0,tseitin_k8_odd,perm_seed1737,1,1,INDETERMINATE,INDETERMINATE,False,False,137154,137154,100000,100000,0.315379,0.292644,-0.022735000000000005,True,True,True,True,True,
repeat=0|base=tseitin_k8_odd|variant=perm_seed1738,0,tseitin_k8_odd,perm_seed1738,1,1,INDETERMINATE,INDETERMINATE,False,False,137764,137764,100000,100000,0.323583,0.302142,-0.021440999999999988,True,True,True,True,True,
repeat=0|base=tseitin_k8_odd|variant=perm_seed1739,0,tseitin_k8_odd,perm_seed1739,1,1,INDETERMINATE,INDETERMINATE,False,False,146278,146278,100000,100000,0.267486,0.248319,-0.01916699999999999,True,True,True,True,True,
repeat=0|base=tseitin_k8_odd|variant=perm_seed1740,0,tseitin_k8_odd,perm_seed1740,1,1,INDETERMINATE,INDETERMINATE,False,False,139860,139860,100000,100000,0.303333,0.277691,-0.025641999999999998,True,True,True,True,True,
repeat=0|base=tseitin_k8_odd|variant=perm_seed1741,0,tseitin_k8_odd,perm_seed1741,1,1,INDETERMINATE,INDETERMINATE,False,False,144168,144168,100000,100000,0.283932,0.26887,-0.01506200000000002,True,True,True,True,True,
repeat=0|base=tseitin_k8_odd|variant=perm_seed1742,0,tseitin_k8_odd,perm_seed1742,1,1,INDETERMINATE,INDETERMINATE,False,False,143800,143800,100000,100000,0.299396,0.276292,-0.023104000000000013,True,True,True,True,True,
repeat=0|base=tseitin_k8_odd|variant=perm_seed1743,0,tseitin_k8_odd,perm_seed1743,1,1,INDETERMINATE,INDETERMINATE,False,False,134722,134722,100000,100000,0.304052,0.28351,-0.020542000000000005,True,True,True,True,True,
repeat=0|base=tseitin_k8_odd|variant=perm_seed1744,0,tseitin_k8_odd,perm_seed1744,1,1,INDETERMINATE,INDETERMINATE,False,False,145216,145216,100000,100000,0.284711,0.259727,-0.024984000000000006,True,True,True,True,True,
repeat=0|base=tseitin_k8_odd|variant=perm_seed1745,0,tseitin_k8_odd,perm_seed1745,1,1,INDETERMINATE,INDETERMINATE,False,False,145463,145463,100000,100000,0.266166,0.244402,-0.021764000000000006,True,True,True,True,True,
repeat=0|base=tseitin_k9_even|variant=base,0,tseitin_k9_even,base,1,1,SATISFIABLE,SATISFIABLE,True,True,29,29,0,0,0.002478,0.002311,-0.00016700000000000005,True,True,True,True,True,
repeat=0|base=tseitin_k9_even|variant=perm_seed1730,0,tseitin_k9_even,perm_seed1730,1,1,SATISFIABLE,SATISFIABLE,True,True,29,29,0,0,0.002387,0.002257,-0.0001299999999999999,True,True,True,True,True,
repeat=0|base=tseitin_k9_even|variant=perm_seed1731,0,tseitin_k9_even,perm_seed1731,1,1,SATISFIABLE,SATISFIABLE,True,True,29,29,0,0,0.002365,0.002225,-0.00013999999999999993,True,True,True,True,True,
repeat=0|base=tseitin_k9_even|variant=perm_seed1732,0,tseitin_k9_even,perm_seed1732,1,1,SATISFIABLE,SATISFIABLE,True,True,29,29,0,0,0.002395,0.002292,-0.00010299999999999979,True,True,True,True,True,
repeat=0|base=tseitin_k9_even|variant=perm_seed1733,0,tseitin_k9_even,perm_seed1733,1,1,SATISFIABLE,SATISFIABLE,True,True,29,29,0,0,0.00239,0.002216,-0.0001740000000000001,True,True,True,True,True,
repeat=0|base=tseitin_k9_even|variant=perm_seed1734,0,tseitin_k9_even,perm_seed1734,1,1,SATISFIABLE,SATISFIABLE,True,True,29,29,0,0,0.002342,0.002183,-0.00015899999999999985,True,True,True,True,True,
repeat=0|base=tseitin_k9_even|variant=perm_seed1735,0,tseitin_k9_even,perm_seed1735,1,1,SATISFIABLE,SATISFIABLE,True,True,29,29,0,0,0.002855,0.002343,-0.0005119999999999999,True,True,True,True,True,
repeat=0|base=tseitin_k9_even|variant=perm_seed1736,0,tseitin_k9_even,perm_seed1736,1,1,SATISFIABLE,SATISFIABLE,True,True,29,29,0,0,0.00251,0.002347,-0.00016299999999999995,True,True,True,True,True,
repeat=0|base=tseitin_k9_even|variant=perm_seed1737,0,tseitin_k9_even,perm_seed1737,1,1,SATISFIABLE,SATISFIABLE,True,True,29,29,0,0,0.002637,0.002165,-0.0004720000000000002,True,True,True,True,True,
repeat=0|base=tseitin_k9_even|variant=perm_seed1738,0,tseitin_k9_even,perm_seed1738,1,1,SATISFIABLE,SATISFIABLE,True,True,29,29,0,0,0.002411,0.00228,-0.00013100000000000004,True,True,True,True,True,
repeat=0|base=tseitin_k9_even|variant=perm_seed1739,0,tseitin_k9_even,perm_seed1739,1,1,SATISFIABLE,SATISFIABLE,True,True,29,29,0,0,0.002979,0.002302,-0.0006770000000000001,True,True,True,True,True,
repeat=0|base=tseitin_k9_even|variant=perm_seed1740,0,tseitin_k9_even,perm_seed1740,1,1,SATISFIABLE,SATISFIABLE,True,True,29,29,0,0,0.002482,0.002256,-0.00022599999999999964,True,True,True,True,True,
repeat=0|base=tseitin_k9_even|variant=perm_seed1741,0,tseitin_k9_even,perm_seed1741,1,1,SATISFIABLE,SATISFIABLE,True,True,29,29,0,0,0.002354,0.002299,-5.500000000000036e-05,True,True,True,True,True,
repeat=0|base=tseitin_k9_even|variant=perm_seed1742,0,tseitin_k9_even,perm_seed1742,1,1,SATISFIABLE,SATISFIABLE,True,True,29,29,0,0,0.00229,0.002234,-5.600000000000006e-05,True,True,True,True,True,
repeat=0|base=tseitin_k9_even|variant=perm_seed1743,0,tseitin_k9_even,perm_seed1743,1,1,SATISFIABLE,SATISFIABLE,True,True,29,29,0,0,0.002383,0.002403,2.0000000000000052e-05,True,True,True,True,True,
repeat=0|base=tseitin_k9_even|variant=perm_seed1744,0,tseitin_k9_even,perm_seed1744,1,1,SATISFIABLE,SATISFIABLE,True,True,29,29,0,0,0.002337,0.002215,-0.00012200000000000015,True,True,True,True,True,
repeat=0|base=tseitin_k9_even|variant=perm_seed1745,0,tseitin_k9_even,perm_seed1745,1,1,SATISFIABLE,SATISFIABLE,True,True,29,29,0,0,0.00233,0.002284,-4.6000000000000034e-05,True,True,True,True,True,
repeat=0|base=tseitin_k9_odd|variant=base,0,tseitin_k9_odd,base,1,1,INDETERMINATE,INDETERMINATE,False,False,130173,130173,100000,100000,0.305993,0.292281,-0.013712000000000002,True,True,True,True,True,
repeat=0|base=tseitin_k9_odd|variant=perm_seed1730,0,tseitin_k9_odd,perm_seed1730,1,1,INDETERMINATE,INDETERMINATE,False,False,133302,133302,100000,100000,0.274496,0.263773,-0.010723000000000038,True,True,True,True,True,
repeat=0|base=tseitin_k9_odd|variant=perm_seed1731,0,tseitin_k9_odd,perm_seed1731,1,1,INDETERMINATE,INDETERMINATE,False,False,117270,117270,100000,100000,0.277425,0.267597,-0.009828000000000003,True,True,True,True,True,
repeat=0|base=tseitin_k9_odd|variant=perm_seed1732,0,tseitin_k9_odd,perm_seed1732,1,1,INDETERMINATE,INDETERMINATE,False,False,112707,112707,100000,100000,0.260824,0.252779,-0.008045000000000024,True,True,True,True,True,
repeat=0|base=tseitin_k9_odd|variant=perm_seed1733,0,tseitin_k9_odd,perm_seed1733,1,1,INDETERMINATE,INDETERMINATE,False,False,114960,114960,100000,100000,0.318033,0.311589,-0.006444000000000005,True,True,True,True,True,
repeat=0|base=tseitin_k9_odd|variant=perm_seed1734,0,tseitin_k9_odd,perm_seed1734,1,1,INDETERMINATE,INDETERMINATE,False,False,124076,124076,100000,100000,0.310395,0.305435,-0.0049599999999999644,True,True,True,True,True,
repeat=0|base=tseitin_k9_odd|variant=perm_seed1735,0,tseitin_k9_odd,perm_seed1735,1,1,INDETERMINATE,INDETERMINATE,False,False,127697,127697,100000,100000,0.322322,0.304352,-0.017969999999999986,True,True,True,True,True,
repeat=0|base=tseitin_k9_odd|variant=perm_seed1736,0,tseitin_k9_odd,perm_seed1736,1,1,INDETERMINATE,INDETERMINATE,False,False,129050,129050,100000,100000,0.281523,0.265567,-0.015956000000000026,True,True,True,True,True,
repeat=0|base=tseitin_k9_odd|variant=perm_seed1737,0,tseitin_k9_odd,perm_seed1737,1,1,INDETERMINATE,INDETERMINATE,False,False,123258,123258,100000,100000,0.311663,0.303203,-0.008460000000000023,True,True,True,True,True,
repeat=0|base=tseitin_k9_odd|variant=perm_seed1738,0,tseitin_k9_odd,perm_seed1738,1,1,INDETERMINATE,INDETERMINATE,False,False,137652,137652,100000,100000,0.276124,0.265647,-0.010476999999999959,True,True,True,True,True,
repeat=0|base=tseitin_k9_odd|variant=perm_seed1739,0,tseitin_k9_odd,perm_seed1739,1,1,INDETERMINATE,INDETERMINATE,False,False,116469,116469,100000,100000,0.293262,0.283877,-0.009385000000000032,True,True,True,True,True,
repeat=0|base=tseitin_k9_odd|variant=perm_seed1740,0,tseitin_k9_odd,perm_seed1740,1,1,INDETERMINATE,INDETERMINATE,False,False,131463,131463,100000,100000,0.284512,0.271445,-0.013066999999999995,True,True,True,True,True,
repeat=0|base=tseitin_k9_odd|variant=perm_seed1741,0,tseitin_k9_odd,perm_seed1741,1,1,INDETERMINATE,INDETERMINATE,False,False,120676,120676,100000,100000,0.317226,0.304811,-0.01241500000000001,True,True,True,True,True,
repeat=0|base=tseitin_k9_odd|variant=perm_seed1742,0,tseitin_k9_odd,perm_seed1742,1,1,INDETERMINATE,INDETERMINATE,False,False,122217,122217,100000,100000,0.304917,0.291131,-0.01378600000000002,True,True,True,True,True,
repeat=0|base=tseitin_k9_odd|variant=perm_seed1743,0,tseitin_k9_odd,perm_seed1743,1,1,INDETERMINATE,INDETERMINATE,False,False,126113,126113,100000,100000,0.271611,0.255084,-0.016527000000000014,True,True,True,True,True,
repeat=0|base=tseitin_k9_odd|variant=perm_seed1744,0,tseitin_k9_odd,perm_seed1744,1,1,INDETERMINATE,INDETERMINATE,False,False,128003,128003,100000,100000,0.32299,0.309961,-0.013029000000000013,True,True,True,True,True,
repeat=0|base=tseitin_k9_odd|variant=perm_seed1745,0,tseitin_k9_odd,perm_seed1745,1,1,INDETERMINATE,INDETERMINATE,False,False,132656,132656,100000,100000,0.309049,0.297844,-0.01120500000000002,True,True,True,True,True,
repeat=0|base=vertex_cover_torus_3x4_k4_event|variant=base,0,vertex_cover_torus_3x4_k4_event,base,1,1,UNSATISFIABLE,UNSATISFIABLE,True,True,4,4,5,5,0.001073,0.001016,-5.6999999999999976e-05,True,True,True,True,True,
repeat=0|base=vertex_cover_torus_3x4_k4_event|variant=perm_seed1730,0,vertex_cover_torus_3x4_k4_event,perm_seed1730,1,1,UNSATISFIABLE,UNSATISFIABLE,True,True,4,4,5,5,0.000986,0.00097,-1.5999999999999847e-05,True,True,True,True,True,
repeat=0|base=vertex_cover_torus_3x4_k4_event|variant=perm_seed1731,0,vertex_cover_torus_3x4_k4_event,perm_seed1731,1,1,UNSATISFIABLE,UNSATISFIABLE,True,True,4,4,5,5,0.001159,0.001281,0.00012199999999999993,True,True,True,True,True,
repeat=0|base=vertex_cover_torus_3x4_k4_event|variant=perm_seed1732,0,vertex_cover_torus_3x4_k4_event,perm_seed1732,1,1,UNSATISFIABLE,UNSATISFIABLE,True,True,4,4,5,5,0.001087,0.001095,7.999999999999978e-06,True,True,True,True,True,
repeat=0|base=vertex_cover_torus_3x4_k4_event|variant=perm_seed1733,0,vertex_cover_torus_3x4_k4_event,perm_seed1733,1,1,UNSATISFIABLE,UNSATISFIABLE,True,True,4,4,5,5,0.001004,0.000966,-3.799999999999995e-05,True,True,True,True,True,
repeat=0|base=vertex_cover_torus_3x4_k4_event|variant=perm_seed1734,0,vertex_cover_torus_3x4_k4_event,perm_seed1734,1,1,UNSATISFIABLE,UNSATISFIABLE,True,True,4,4,5,5,0.001,0.000931,-6.900000000000005e-05,True,True,True,True,True,
repeat=0|base=vertex_cover_torus_3x4_k4_event|variant=perm_seed1735,0,vertex_cover_torus_3x4_k4_event,perm_seed1735,1,1,UNSATISFIABLE,UNSATISFIABLE,True,True,4,4,5,5,0.000933,0.000922,-1.100000000000005e-05,True,True,True,True,True,
repeat=0|base=vertex_cover_torus_3x4_k4_event|variant=perm_seed1736,0,vertex_cover_torus_3x4_k4_event,perm_seed1736,1,1,UNSATISFIABLE,UNSATISFIABLE,True,True,4,4,5,5,0.000899,0.001165,0.00026600000000000007,True,True,True,True,True,
repeat=0|base=vertex_cover_torus_3x4_k4_event|variant=perm_seed1737,0,vertex_cover_torus_3x4_k4_event,perm_seed1737,1,1,UNSATISFIABLE,UNSATISFIABLE,True,True,4,4,5,5,0.000898,0.000989,9.100000000000004e-05,True,True,True,True,True,
repeat=0|base=vertex_cover_torus_3x4_k4_event|variant=perm_seed1738,0,vertex_cover_torus_3x4_k4_event,perm_seed1738,1,1,UNSATISFIABLE,UNSATISFIABLE,True,True,4,4,5,5,0.001046,0.001033,-1.299999999999999e-05,True,True,True,True,True,
repeat=0|base=vertex_cover_torus_3x4_k4_event|variant=perm_seed1739,0,vertex_cover_torus_3x4_k4_event,perm_seed1739,1,1,UNSATISFIABLE,UNSATISFIABLE,True,True,4,4,5,5,0.000933,0.000949,1.5999999999999955e-05,True,True,True,True,True,
repeat=0|base=vertex_cover_torus_3x4_k4_event|variant=perm_seed1740,0,vertex_cover_torus_3x4_k4_event,perm_seed1740,1,1,UNSATISFIABLE,UNSATISFIABLE,True,True,4,4,5,5,0.000915,0.000914,-1.0000000000000243e-06,True,True,True,True,True,
repeat=0|base=vertex_cover_torus_3x4_k4_event|variant=perm_seed1741,0,vertex_cover_torus_3x4_k4_event,perm_seed1741,1,1,UNSATISFIABLE,UNSATISFIABLE,True,True,4,4,5,5,0.000909,0.000904,-5.000000000000013e-06,True,True,True,True,True,
repeat=0|base=vertex_cover_torus_3x4_k4_event|variant=perm_seed1742,0,vertex_cover_torus_3x4_k4_event,perm_seed1742,1,1,UNSATISFIABLE,UNSATISFIABLE,True,True,4,4,5,5,0.000894,0.000998,0.00010399999999999993,True,True,True,True,True,
repeat=0|base=vertex_cover_torus_3x4_k4_event|variant=perm_seed1743,0,vertex_cover_torus_3x4_k4_event,perm_seed1743,1,1,UNSATISFIABLE,UNSATISFIABLE,True,True,4,4,5,5,0.000956,0.000973,1.699999999999998e-05,True,True,True,True,True,
repeat=0|base=vertex_cover_torus_3x4_k4_event|variant=perm_seed1744,0,vertex_cover_torus_3x4_k4_event,perm_seed1744,1,1,UNSATISFIABLE,UNSATISFIABLE,True,True,4,4,5,5,0.000956,0.000945,-1.100000000000005e-05,True,True,True,True,True,
repeat=0|base=vertex_cover_torus_3x4_k4_event|variant=perm_seed1745,0,vertex_cover_torus_3x4_k4_event,perm_seed1745,1,1,UNSATISFIABLE,UNSATISFIABLE,True,True,4,4,5,5,0.000923,0.000949,2.599999999999998e-05,True,True,True,True,True,
repeat=0|base=vertex_cover_torus_3x4_k5_event|variant=base,0,vertex_cover_torus_3x4_k5_event,base,1,1,UNSATISFIABLE,UNSATISFIABLE,True,True,6,6,7,7,0.001114,0.001112,-2.0000000000000486e-06,True,True,True,True,True,
repeat=0|base=vertex_cover_torus_3x4_k5_event|variant=perm_seed1730,0,vertex_cover_torus_3x4_k5_event,perm_seed1730,1,1,UNSATISFIABLE,UNSATISFIABLE,True,True,6,6,7,7,0.001101,0.001193,9.200000000000007e-05,True,True,True,True,True,
repeat=0|base=vertex_cover_torus_3x4_k5_event|variant=perm_seed1731,0,vertex_cover_torus_3x4_k5_event,perm_seed1731,1,1,UNSATISFIABLE,UNSATISFIABLE,True,True,7,7,8,8,0.001128,0.0012,7.19999999999998e-05,True,True,True,True,True,
repeat=0|base=vertex_cover_torus_3x4_k5_event|variant=perm_seed1732,0,vertex_cover_torus_3x4_k5_event,perm_seed1732,1,1,UNSATISFIABLE,UNSATISFIABLE,True,True,9,9,9,9,0.001183,0.00115,-3.300000000000004e-05,True,True,True,True,True,
repeat=0|base=vertex_cover_torus_3x4_k5_event|variant=perm_seed1733,0,vertex_cover_torus_3x4_k5_event,perm_seed1733,1,1,UNSATISFIABLE,UNSATISFIABLE,True,True,6,6,7,7,0.001239,0.001587,0.000348,True,True,True,True,True,
repeat=0|base=vertex_cover_torus_3x4_k5_event|variant=perm_seed1734,0,vertex_cover_torus_3x4_k5_event,perm_seed1734,1,1,UNSATISFIABLE,UNSATISFIABLE,True,True,7,7,8,8,0.001291,0.001269,-2.20000000000001e-05,True,True,True,True,True,
repeat=0|base=vertex_cover_torus_3x4_k5_event|variant=perm_seed1735,0,vertex_cover_torus_3x4_k5_event,perm_seed1735,1,1,UNSATISFIABLE,UNSATISFIABLE,True,True,6,6,7,7,0.00128,0.001232,-4.800000000000008e-05,True,True,True,True,True,
repeat=0|base=vertex_cover_torus_3x4_k5_event|variant=perm_seed1736,0,vertex_cover_torus_3x4_k5_event,perm_seed1736,1,1,UNSATISFIABLE,UNSATISFIABLE,True,True,7,7,8,8,0.001271,0.0012,-7.10000000000001e-05,True,True,True,True,True,
repeat=0|base=vertex_cover_torus_3x4_k5_event|variant=perm_seed1737,0,vertex_cover_torus_3x4_k5_event,perm_seed1737,1,1,UNSATISFIABLE,UNSATISFIABLE,True,True,6,6,7,7,0.00126,0.001277,1.699999999999987e-05,True,True,True,True,True,
repeat=0|base=vertex_cover_torus_3x4_k5_event|variant=perm_seed1738,0,vertex_cover_torus_3x4_k5_event,perm_seed1738,1,1,UNSATISFIABLE,UNSATISFIABLE,True,True,7,7,8,8,0.001251,0.001135,-0.000116,True,True,True,True,True,
repeat=0|base=vertex_cover_torus_3x4_k5_event|variant=perm_seed1739,0,vertex_cover_torus_3x4_k5_event,perm_seed1739,1,1,UNSATISFIABLE,UNSATISFIABLE,True,True,7,7,8,8,0.001148,0.001079,-6.899999999999983e-05,True,True,True,True,True,
repeat=0|base=vertex_cover_torus_3x4_k5_event|variant=perm_seed1740,0,vertex_cover_torus_3x4_k5_event,perm_seed1740,1,1,UNSATISFIABLE,UNSATISFIABLE,True,True,7,7,8,8,0.001171,0.001124,-4.699999999999995e-05,True,True,True,True,True,
repeat=0|base=vertex_cover_torus_3x4_k5_event|variant=perm_seed1741,0,vertex_cover_torus_3x4_k5_event,perm_seed1741,1,1,UNSATISFIABLE,UNSATISFIABLE,True,True,8,8,8,8,0.001074,0.001081,6.999999999999845e-06,True,True,True,True,True,
repeat=0|base=vertex_cover_torus_3x4_k5_event|variant=perm_seed1742,0,vertex_cover_torus_3x4_k5_event,perm_seed1742,1,1,UNSATISFIABLE,UNSATISFIABLE,True,True,6,6,7,7,0.00106,0.001061,1.0000000000001327e-06,True,True,True,True,True,
repeat=0|base=vertex_cover_torus_3x4_k5_event|variant=perm_seed1743,0,vertex_cover_torus_3x4_k5_event,perm_seed1743,1,1,UNSATISFIABLE,UNSATISFIABLE,True,True,6,6,7,7,0.001176,0.001177,1.0000000000001327e-06,True,True,True,True,True,
repeat=0|base=vertex_cover_torus_3x4_k5_event|variant=perm_seed1744,0,vertex_cover_torus_3x4_k5_event,perm_seed1744,1,1,UNSATISFIABLE,UNSATISFIABLE,True,True,6,6,7,7,0.001132,0.001104,-2.800000000000003e-05,True,True,True,True,True,
repeat=0|base=vertex_cover_torus_3x4_k5_event|variant=perm_seed1745,0,vertex_cover_torus_3x4_k5_event,perm_seed1745,1,1,UNSATISFIABLE,UNSATISFIABLE,True,True,7,7,8,8,0.001159,0.001134,-2.5000000000000066e-05,True,True,True,True,True,
repeat=0|base=vertex_cover_torus_3x5_k5_event|variant=base,0,vertex_cover_torus_3x5_k5_event,base,1,1,UNSATISFIABLE,UNSATISFIABLE,True,True,8,8,8,8,0.008559,0.008863,0.0003039999999999987,True,True,True,True,True,
repeat=0|base=vertex_cover_torus_3x5_k5_event|variant=perm_seed1730,0,vertex_cover_torus_3x5_k5_event,perm_seed1730,1,1,UNSATISFIABLE,UNSATISFIABLE,True,True,6,6,7,7,0.008583,0.008778,0.000194999999999999,True,True,True,True,True,
repeat=0|base=vertex_cover_torus_3x5_k5_event|variant=perm_seed1731,0,vertex_cover_torus_3x5_k5_event,perm_seed1731,1,1,UNSATISFIABLE,UNSATISFIABLE,True,True,6,6,7,7,0.008676,0.008796,0.00012000000000000031,True,True,True,True,True,
repeat=0|base=vertex_cover_torus_3x5_k5_event|variant=perm_seed1732,0,vertex_cover_torus_3x5_k5_event,perm_seed1732,1,1,UNSATISFIABLE,UNSATISFIABLE,True,True,8,8,8,8,0.009011,0.008816,-0.00019500000000000073,True,True,True,True,True,
repeat=0|base=vertex_cover_torus_3x5_k5_event|variant=perm_seed1733,0,vertex_cover_torus_3x5_k5_event,perm_seed1733,1,1,UNSATISFIABLE,UNSATISFIABLE,True,True,6,6,7,7,0.008404,0.009046,0.0006420000000000002,True,True,True,True,True,
repeat=0|base=vertex_cover_torus_3x5_k5_event|variant=perm_seed1734,0,vertex_cover_torus_3x5_k5_event,perm_seed1734,1,1,UNSATISFIABLE,UNSATISFIABLE,True,True,6,6,7,7,0.008532,0.008865,0.00033299999999999996,True,True,True,True,True,
repeat=0|base=vertex_cover_torus_3x5_k5_event|variant=perm_seed1735,0,vertex_cover_torus_3x5_k5_event,perm_seed1735,1,1,UNSATISFIABLE,UNSATISFIABLE,True,True,6,6,7,7,0.008823,0.008819,-3.999999999998796e-06,True,True,True,True,True,
repeat=0|base=vertex_cover_torus_3x5_k5_event|variant=perm_seed1736,0,vertex_cover_torus_3x5_k5_event,perm_seed1736,1,1,UNSATISFIABLE,UNSATISFIABLE,True,True,7,7,8,8,0.008988,0.008777,-0.00021099999999999938,True,True,True,True,True,
repeat=0|base=vertex_cover_torus_3x5_k5_event|variant=perm_seed1737,0,vertex_cover_torus_3x5_k5_event,perm_seed1737,1,1,UNSATISFIABLE,UNSATISFIABLE,True,True,6,6,7,7,0.008774,0.00881,3.5999999999999574e-05,True,True,True,True,True,
repeat=0|base=vertex_cover_torus_3x5_k5_event|variant=perm_seed1738,0,vertex_cover_torus_3x5_k5_event,perm_seed1738,1,1,UNSATISFIABLE,UNSATISFIABLE,True,True,5,5,6,6,0.008423,0.008562,0.00013900000000000023,True,True,True,True,True,
repeat=0|base=vertex_cover_torus_3x5_k5_event|variant=perm_seed1739,0,vertex_cover_torus_3x5_k5_event,perm_seed1739,1,1,UNSATISFIABLE,UNSATISFIABLE,True,True,6,6,7,7,0.008308,0.008457,0.00014899999999999983,True,True,True,True,True,
repeat=0|base=vertex_cover_torus_3x5_k5_event|variant=perm_seed1740,0,vertex_cover_torus_3x5_k5_event,perm_seed1740,1,1,UNSATISFIABLE,UNSATISFIABLE,True,True,6,6,7,7,0.008746,0.008879,0.00013299999999999944,True,True,True,True,True,
repeat=0|base=vertex_cover_torus_3x5_k5_event|variant=perm_seed1741,0,vertex_cover_torus_3x5_k5_event,perm_seed1741,1,1,UNSATISFIABLE,UNSATISFIABLE,True,True,6,6,7,7,0.008923,0.008817,-0.00010600000000000019,True,True,True,True,True,
repeat=0|base=vertex_cover_torus_3x5_k5_event|variant=perm_seed1742,0,vertex_cover_torus_3x5_k5_event,perm_seed1742,1,1,UNSATISFIABLE,UNSATISFIABLE,True,True,6,6,7,7,0.008832,0.009047,0.0002149999999999999,True,True,True,True,True,
repeat=0|base=vertex_cover_torus_3x5_k5_event|variant=perm_seed1743,0,vertex_cover_torus_3x5_k5_event,perm_seed1743,1,1,UNSATISFIABLE,UNSATISFIABLE,True,True,6,6,7,7,0.008814,0.00905,0.0002360000000000001,True,True,True,True,True,
repeat=0|base=vertex_cover_torus_3x5_k5_event|variant=perm_seed1744,0,vertex_cover_torus_3x5_k5_event,perm_seed1744,1,1,UNSATISFIABLE,UNSATISFIABLE,True,True,7,7,8,8,0.0089,0.008487,-0.00041300000000000017,True,True,True,True,True,
repeat=0|base=vertex_cover_torus_3x5_k5_event|variant=perm_seed1745,0,vertex_cover_torus_3x5_k5_event,perm_seed1745,1,1,UNSATISFIABLE,UNSATISFIABLE,True,True,7,7,8,8,0.009064,0.009056,-7.999999999999327e-06,True,True,True,True,True,
repeat=0|base=vertex_cover_torus_3x5_k6_event|variant=base,0,vertex_cover_torus_3x5_k6_event,base,1,1,UNSATISFIABLE,UNSATISFIABLE,True,True,10,10,11,11,0.016135,0.016631,0.0004959999999999999,True,True,True,True,True,
repeat=0|base=vertex_cover_torus_3x5_k6_event|variant=perm_seed1730,0,vertex_cover_torus_3x5_k6_event,perm_seed1730,1,1,UNSATISFIABLE,UNSATISFIABLE,True,True,10,10,11,11,0.016264,0.016273,8.999999999998592e-06,True,True,True,True,True,
repeat=0|base=vertex_cover_torus_3x5_k6_event|variant=perm_seed1731,0,vertex_cover_torus_3x5_k6_event,perm_seed1731,1,1,UNSATISFIABLE,UNSATISFIABLE,True,True,12,12,12,12,0.016438,0.0165,6.199999999999956e-05,True,True,True,True,True,
repeat=0|base=vertex_cover_torus_3x5_k6_event|variant=perm_seed1732,0,vertex_cover_torus_3x5_k6_event,perm_seed1732,1,1,UNSATISFIABLE,UNSATISFIABLE,True,True,10,10,11,11,0.016323,0.016537,0.0002139999999999989,True,True,True,True,True,
repeat=0|base=vertex_cover_torus_3x5_k6_event|variant=perm_seed1733,0,vertex_cover_torus_3x5_k6_event,perm_seed1733,1,1,UNSATISFIABLE,UNSATISFIABLE,True,True,10,10,11,11,0.017091,0.016461,-0.0006299999999999986,True,True,True,True,True,
repeat=0|base=vertex_cover_torus_3x5_k6_event|variant=perm_seed1734,0,vertex_cover_torus_3x5_k6_event,perm_seed1734,1,1,UNSATISFIABLE,UNSATISFIABLE,True,True,11,11,12,12,0.016404,0.016329,-7.499999999999868e-05,True,True,True,True,True,
repeat=0|base=vertex_cover_torus_3x5_k6_event|variant=perm_seed1735,0,vertex_cover_torus_3x5_k6_event,perm_seed1735,1,1,UNSATISFIABLE,UNSATISFIABLE,True,True,11,11,12,12,0.016771,0.018146,0.0013749999999999978,True,True,True,True,True,
repeat=0|base=vertex_cover_torus_3x5_k6_event|variant=perm_seed1736,0,vertex_cover_torus_3x5_k6_event,perm_seed1736,1,1,UNSATISFIABLE,UNSATISFIABLE,True,True,10,10,11,11,0.016746,0.017151,0.0004049999999999991,True,True,True,True,True,
repeat=0|base=vertex_cover_torus_3x5_k6_event|variant=perm_seed1737,0,vertex_cover_torus_3x5_k6_event,perm_seed1737,1,1,UNSATISFIABLE,UNSATISFIABLE,True,True,9,9,10,10,0.015517,0.017346,0.0018290000000000008,True,True,True,True,True,
repeat=0|base=vertex_cover_torus_3x5_k6_event|variant=perm_seed1738,0,vertex_cover_torus_3x5_k6_event,perm_seed1738,1,1,UNSATISFIABLE,UNSATISFIABLE,True,True,9,9,10,10,0.016167,0.016976,0.0008090000000000007,True,True,True,True,True,
repeat=0|base=vertex_cover_torus_3x5_k6_event|variant=perm_seed1739,0,vertex_cover_torus_3x5_k6_event,perm_seed1739,1,1,UNSATISFIABLE,UNSATISFIABLE,True,True,10,10,11,11,0.015724,0.016966,0.001242,True,True,True,True,True,
repeat=0|base=vertex_cover_torus_3x5_k6_event|variant=perm_seed1740,0,vertex_cover_torus_3x5_k6_event,perm_seed1740,1,1,UNSATISFIABLE,UNSATISFIABLE,True,True,11,11,11,11,0.016155,0.016886,0.0007310000000000025,True,True,True,True,True,
repeat=0|base=vertex_cover_torus_3x5_k6_event|variant=perm_seed1741,0,vertex_cover_torus_3x5_k6_event,perm_seed1741,1,1,UNSATISFIABLE,UNSATISFIABLE,True,True,10,10,11,11,0.017249,0.016785,-0.00046399999999999914,True,True,True,True,True,
repeat=0|base=vertex_cover_torus_3x5_k6_event|variant=perm_seed1742,0,vertex_cover_torus_3x5_k6_event,perm_seed1742,1,1,UNSATISFIABLE,UNSATISFIABLE,True,True,10,10,11,11,0.01754,0.016937,-0.0006029999999999994,True,True,True,True,True,
repeat=0|base=vertex_cover_torus_3x5_k6_event|variant=perm_seed1743,0,vertex_cover_torus_3x5_k6_event,perm_seed1743,1,1,UNSATISFIABLE,UNSATISFIABLE,True,True,11,11,12,12,0.016402,0.016855,0.00045299999999999854,True,True,True,True,True,
repeat=0|base=vertex_cover_torus_3x5_k6_event|variant=perm_seed1744,0,vertex_cover_torus_3x5_k6_event,perm_seed1744,1,1,UNSATISFIABLE,UNSATISFIABLE,True,True,11,11,12,12,0.016933,0.01732,0.00038699999999999846,True,True,True,True,True,
repeat=0|base=vertex_cover_torus_3x5_k6_event|variant=perm_seed1745,0,vertex_cover_torus_3x5_k6_event,perm_seed1745,1,1,UNSATISFIABLE,UNSATISFIABLE,True,True,14,14,13,13,0.016546,0.016513,-3.300000000000178e-05,True,True,True,True,True,
repeat=0|base=vertex_cover_torus_4x4_k5_event|variant=base,0,vertex_cover_torus_4x4_k5_event,base,1,1,UNSATISFIABLE,UNSATISFIABLE,True,True,6,6,7,7,0.02012,0.020006,-0.00011399999999999952,True,True,True,True,True,
repeat=0|base=vertex_cover_torus_4x4_k5_event|variant=perm_seed1730,0,vertex_cover_torus_4x4_k5_event,perm_seed1730,1,1,UNSATISFIABLE,UNSATISFIABLE,True,True,6,6,7,7,0.020132,0.019574,-0.0005579999999999995,True,True,True,True,True,
repeat=0|base=vertex_cover_torus_4x4_k5_event|variant=perm_seed1731,0,vertex_cover_torus_4x4_k5_event,perm_seed1731,1,1,UNSATISFIABLE,UNSATISFIABLE,True,True,6,6,7,7,0.018811,0.018733,-7.800000000000168e-05,True,True,True,True,True,
repeat=0|base=vertex_cover_torus_4x4_k5_event|variant=perm_seed1732,0,vertex_cover_torus_4x4_k5_event,perm_seed1732,1,1,UNSATISFIABLE,UNSATISFIABLE,True,True,7,7,8,8,0.01956,0.019812,0.00025199999999999875,True,True,True,True,True,
repeat=0|base=vertex_cover_torus_4x4_k5_event|variant=perm_seed1733,0,vertex_cover_torus_4x4_k5_event,perm_seed1733,1,1,UNSATISFIABLE,UNSATISFIABLE,True,True,6,6,7,7,0.018562,0.01955,0.0009880000000000028,True,True,True,True,True,
repeat=0|base=vertex_cover_torus_4x4_k5_event|variant=perm_seed1734,0,vertex_cover_torus_4x4_k5_event,perm_seed1734,1,1,UNSATISFIABLE,UNSATISFIABLE,True,True,8,8,7,7,0.018537,0.019103,0.0005659999999999971,True,True,True,True,True,
repeat=0|base=vertex_cover_torus_4x4_k5_event|variant=perm_seed1735,0,vertex_cover_torus_4x4_k5_event,perm_seed1735,1,1,UNSATISFIABLE,UNSATISFIABLE,True,True,6,6,7,7,0.019469,0.019496,2.6999999999999247e-05,True,True,True,True,True,
repeat=0|base=vertex_cover_torus_4x4_k5_event|variant=perm_seed1736,0,vertex_cover_torus_4x4_k5_event,perm_seed1736,1,1,UNSATISFIABLE,UNSATISFIABLE,True,True,7,7,7,7,0.019795,0.019047,-0.0007479999999999987,True,True,True,True,True,
repeat=0|base=vertex_cover_torus_4x4_k5_event|variant=perm_seed1737,0,vertex_cover_torus_4x4_k5_event,perm_seed1737,1,1,UNSATISFIABLE,UNSATISFIABLE,True,True,6,6,7,7,0.019635,0.018816,-0.0008190000000000003,True,True,True,True,True,
repeat=0|base=vertex_cover_torus_4x4_k5_event|variant=perm_seed1738,0,vertex_cover_torus_4x4_k5_event,perm_seed1738,1,1,UNSATISFIABLE,UNSATISFIABLE,True,True,6,6,7,7,0.019682,0.020261,0.0005789999999999997,True,True,True,True,True,
repeat=0|base=vertex_cover_torus_4x4_k5_event|variant=perm_seed1739,0,vertex_cover_torus_4x4_k5_event,perm_seed1739,1,1,UNSATISFIABLE,UNSATISFIABLE,True,True,6,6,7,7,0.019874,0.019461,-0.00041300000000000017,True,True,True,True,True,
repeat=0|base=vertex_cover_torus_4x4_k5_event|variant=perm_seed1740,0,vertex_cover_torus_4x4_k5_event,perm_seed1740,1,1,UNSATISFIABLE,UNSATISFIABLE,True,True,6,6,7,7,0.019694,0.019919,0.0002249999999999995,True,True,True,True,True,
repeat=0|base=vertex_cover_torus_4x4_k5_event|variant=perm_seed1741,0,vertex_cover_torus_4x4_k5_event,perm_seed1741,1,1,UNSATISFIABLE,UNSATISFIABLE,True,True,7,7,8,8,0.019693,0.018955,-0.0007379999999999991,True,True,True,True,True,
repeat=0|base=vertex_cover_torus_4x4_k5_event|variant=perm_seed1742,0,vertex_cover_torus_4x4_k5_event,perm_seed1742,1,1,UNSATISFIABLE,UNSATISFIABLE,True,True,8,8,8,8,0.019606,0.019747,0.00014100000000000223,True,True,True,True,True,
repeat=0|base=vertex_cover_torus_4x4_k5_event|variant=perm_seed1743,0,vertex_cover_torus_4x4_k5_event,perm_seed1743,1,1,UNSATISFIABLE,UNSATISFIABLE,True,True,6,6,7,7,0.019426,0.018541,-0.0008850000000000004,True,True,True,True,True,
repeat=0|base=vertex_cover_torus_4x4_k5_event|variant=perm_seed1744,0,vertex_cover_torus_4x4_k5_event,perm_seed1744,1,1,UNSATISFIABLE,UNSATISFIABLE,True,True,6,6,7,7,0.026344,0.020495,-0.005849,True,True,True,True,True,
repeat=0|base=vertex_cover_torus_4x4_k5_event|variant=perm_seed1745,0,vertex_cover_torus_4x4_k5_event,perm_seed1745,1,1,UNSATISFIABLE,UNSATISFIABLE,True,True,6,6,7,7,0.019419,0.01973,0.00031100000000000225,True,True,True,True,True,
repeat=1|base=dominating_set_hex_3x5_s3|variant=base,1,dominating_set_hex_3x5_s3,base,1,1,SATISFIABLE,SATISFIABLE,True,True,6,6,0,0,0.00255,0.002615,6.499999999999995e-05,True,True,True,True,True,
repeat=1|base=dominating_set_hex_3x5_s3|variant=perm_seed1730,1,dominating_set_hex_3x5_s3,perm_seed1730,1,1,SATISFIABLE,SATISFIABLE,True,True,1,1,0,0,0.002192,0.002241,4.9e-05,True,True,True,True,True,
repeat=1|base=dominating_set_hex_3x5_s3|variant=perm_seed1731,1,dominating_set_hex_3x5_s3,perm_seed1731,1,1,SATISFIABLE,SATISFIABLE,True,True,5,5,0,0,0.002358,0.002239,-0.00011899999999999975,True,True,True,True,True,
repeat=1|base=dominating_set_hex_3x5_s3|variant=perm_seed1732,1,dominating_set_hex_3x5_s3,perm_seed1732,1,1,SATISFIABLE,SATISFIABLE,True,True,1,1,0,0,0.002359,0.002344,-1.4999999999999823e-05,True,True,True,True,True,
repeat=1|base=dominating_set_hex_3x5_s3|variant=perm_seed1733,1,dominating_set_hex_3x5_s3,perm_seed1733,1,1,SATISFIABLE,SATISFIABLE,True,True,1,1,0,0,0.00216,0.002109,-5.099999999999983e-05,True,True,True,True,True,
repeat=1|base=dominating_set_hex_3x5_s3|variant=perm_seed1734,1,dominating_set_hex_3x5_s3,perm_seed1734,1,1,SATISFIABLE,SATISFIABLE,True,True,5,5,1,1,0.002292,0.002298,5.999999999999929e-06,True,True,True,True,True,
repeat=1|base=dominating_set_hex_3x5_s3|variant=perm_seed1735,1,dominating_set_hex_3x5_s3,perm_seed1735,1,1,SATISFIABLE,SATISFIABLE,True,True,1,1,0,0,0.002245,0.002544,0.0002989999999999998,True,True,True,True,True,
repeat=1|base=dominating_set_hex_3x5_s3|variant=perm_seed1736,1,dominating_set_hex_3x5_s3,perm_seed1736,1,1,SATISFIABLE,SATISFIABLE,True,True,1,1,0,0,0.002798,0.002201,-0.0005970000000000003,True,True,True,True,True,
repeat=1|base=dominating_set_hex_3x5_s3|variant=perm_seed1737,1,dominating_set_hex_3x5_s3,perm_seed1737,1,1,SATISFIABLE,SATISFIABLE,True,True,1,1,0,0,0.002329,0.002304,-2.499999999999985e-05,True,True,True,True,True,
repeat=1|base=dominating_set_hex_3x5_s3|variant=perm_seed1738,1,dominating_set_hex_3x5_s3,perm_seed1738,1,1,SATISFIABLE,SATISFIABLE,True,True,1,1,0,0,0.002429,0.002201,-0.00022800000000000034,True,True,True,True,True,
repeat=1|base=dominating_set_hex_3x5_s3|variant=perm_seed1739,1,dominating_set_hex_3x5_s3,perm_seed1739,1,1,SATISFIABLE,SATISFIABLE,True,True,10,10,2,2,0.002277,0.002264,-1.299999999999999e-05,True,True,True,True,True,
repeat=1|base=dominating_set_hex_3x5_s3|variant=perm_seed1740,1,dominating_set_hex_3x5_s3,perm_seed1740,1,1,SATISFIABLE,SATISFIABLE,True,True,2,2,0,0,0.002422,0.002408,-1.4000000000000123e-05,True,True,True,True,True,
repeat=1|base=dominating_set_hex_3x5_s3|variant=perm_seed1741,1,dominating_set_hex_3x5_s3,perm_seed1741,1,1,SATISFIABLE,SATISFIABLE,True,True,1,1,0,0,0.002146,0.002235,8.90000000000001e-05,True,True,True,True,True,
repeat=1|base=dominating_set_hex_3x5_s3|variant=perm_seed1742,1,dominating_set_hex_3x5_s3,perm_seed1742,1,1,SATISFIABLE,SATISFIABLE,True,True,1,1,0,0,0.002434,0.00245,1.5999999999999955e-05,True,True,True,True,True,
repeat=1|base=dominating_set_hex_3x5_s3|variant=perm_seed1743,1,dominating_set_hex_3x5_s3,perm_seed1743,1,1,SATISFIABLE,SATISFIABLE,True,True,6,6,0,0,0.002402,0.002379,-2.3000000000000017e-05,True,True,True,True,True,
repeat=1|base=dominating_set_hex_3x5_s3|variant=perm_seed1744,1,dominating_set_hex_3x5_s3,perm_seed1744,1,1,SATISFIABLE,SATISFIABLE,True,True,1,1,0,0,0.002494,0.002301,-0.00019300000000000003,True,True,True,True,True,
repeat=1|base=dominating_set_hex_3x5_s3|variant=perm_seed1745,1,dominating_set_hex_3x5_s3,perm_seed1745,1,1,SATISFIABLE,SATISFIABLE,True,True,5,5,1,1,0.002393,0.002238,-0.0001550000000000002,True,True,True,True,True,
repeat=1|base=dominating_set_hex_3x6_s4|variant=base,1,dominating_set_hex_3x6_s4,base,1,1,SATISFIABLE,SATISFIABLE,True,True,8,8,0,0,0.038941,0.038699,-0.0002420000000000061,True,True,True,True,True,
repeat=1|base=dominating_set_hex_3x6_s4|variant=perm_seed1730,1,dominating_set_hex_3x6_s4,perm_seed1730,1,1,SATISFIABLE,SATISFIABLE,True,True,7,7,0,0,0.041942,0.045534,0.003591999999999998,True,True,True,True,True,
repeat=1|base=dominating_set_hex_3x6_s4|variant=perm_seed1731,1,dominating_set_hex_3x6_s4,perm_seed1731,1,1,SATISFIABLE,SATISFIABLE,True,True,13,13,2,2,0.040218,0.039825,-0.0003929999999999975,True,True,True,True,True,
repeat=1|base=dominating_set_hex_3x6_s4|variant=perm_seed1732,1,dominating_set_hex_3x6_s4,perm_seed1732,1,1,SATISFIABLE,SATISFIABLE,True,True,11,11,1,1,0.037785,0.039035,0.0012500000000000011,True,True,True,True,True,
repeat=1|base=dominating_set_hex_3x6_s4|variant=perm_seed1733,1,dominating_set_hex_3x6_s4,perm_seed1733,1,1,SATISFIABLE,SATISFIABLE,True,True,7,7,0,0,0.042206,0.040581,-0.0016250000000000014,True,True,True,True,True,
repeat=1|base=dominating_set_hex_3x6_s4|variant=perm_seed1734,1,dominating_set_hex_3x6_s4,perm_seed1734,1,1,SATISFIABLE,SATISFIABLE,True,True,10,10,1,1,0.040705,0.041244,0.0005390000000000048,True,True,True,True,True,
repeat=1|base=dominating_set_hex_3x6_s4|variant=perm_seed1735,1,dominating_set_hex_3x6_s4,perm_seed1735,1,1,SATISFIABLE,SATISFIABLE,True,True,5,5,0,0,0.043502,0.041625,-0.0018769999999999967,True,True,True,True,True,
repeat=1|base=dominating_set_hex_3x6_s4|variant=perm_seed1736,1,dominating_set_hex_3x6_s4,perm_seed1736,1,1,SATISFIABLE,SATISFIABLE,True,True,12,12,0,0,0.041729,0.04008,-0.0016490000000000046,True,True,True,True,True,
repeat=1|base=dominating_set_hex_3x6_s4|variant=perm_seed1737,1,dominating_set_hex_3x6_s4,perm_seed1737,1,1,SATISFIABLE,SATISFIABLE,True,True,8,8,1,1,0.041486,0.04267,0.0011839999999999976,True,True,True,True,True,
repeat=1|base=dominating_set_hex_3x6_s4|variant=perm_seed1738,1,dominating_set_hex_3x6_s4,perm_seed1738,1,1,SATISFIABLE,SATISFIABLE,True,True,11,11,1,1,0.041091,0.041449,0.0003579999999999972,True,True,True,True,True,
repeat=1|base=dominating_set_hex_3x6_s4|variant=perm_seed1739,1,dominating_set_hex_3x6_s4,perm_seed1739,1,1,SATISFIABLE,SATISFIABLE,True,True,11,11,2,2,0.039677,0.040991,0.0013140000000000027,True,True,True,True,True,
repeat=1|base=dominating_set_hex_3x6_s4|variant=perm_seed1740,1,dominating_set_hex_3x6_s4,perm_seed1740,1,1,SATISFIABLE,SATISFIABLE,True,True,8,8,0,0,0.039482,0.040395,0.0009129999999999971,True,True,True,True,True,
repeat=1|base=dominating_set_hex_3x6_s4|variant=perm_seed1741,1,dominating_set_hex_3x6_s4,perm_seed1741,1,1,SATISFIABLE,SATISFIABLE,True,True,11,11,2,2,0.039166,0.040043,0.0008770000000000028,True,True,True,True,True,
repeat=1|base=dominating_set_hex_3x6_s4|variant=perm_seed1742,1,dominating_set_hex_3x6_s4,perm_seed1742,1,1,SATISFIABLE,SATISFIABLE,True,True,9,9,1,1,0.038825,0.039121,0.0002960000000000046,True,True,True,True,True,
repeat=1|base=dominating_set_hex_3x6_s4|variant=perm_seed1743,1,dominating_set_hex_3x6_s4,perm_seed1743,1,1,SATISFIABLE,SATISFIABLE,True,True,11,11,3,3,0.041072,0.041334,0.0002620000000000053,True,True,True,True,True,
repeat=1|base=dominating_set_hex_3x6_s4|variant=perm_seed1744,1,dominating_set_hex_3x6_s4,perm_seed1744,1,1,SATISFIABLE,SATISFIABLE,True,True,11,11,1,1,0.038359,0.038496,0.00013700000000000517,True,True,True,True,True,
repeat=1|base=dominating_set_hex_3x6_s4|variant=perm_seed1745,1,dominating_set_hex_3x6_s4,perm_seed1745,1,1,SATISFIABLE,SATISFIABLE,True,True,5,5,0,0,0.037213,0.038052,0.0008389999999999995,True,True,True,True,True,
repeat=1|base=even_colouring_torus_4x5_split|variant=base,1,even_colouring_torus_4x5_split,base,1,1,SATISFIABLE,SATISFIABLE,True,True,22,22,0,0,0.000762,0.000775,1.299999999999999e-05,True,True,True,True,True,
repeat=1|base=even_colouring_torus_4x5_split|variant=perm_seed1730,1,even_colouring_torus_4x5_split,perm_seed1730,1,1,SATISFIABLE,SATISFIABLE,True,True,22,22,0,0,0.000685,0.00072,3.500000000000009e-05,True,True,True,True,True,
repeat=1|base=even_colouring_torus_4x5_split|variant=perm_seed1731,1,even_colouring_torus_4x5_split,perm_seed1731,1,1,SATISFIABLE,SATISFIABLE,True,True,23,23,0,0,0.000702,0.000692,-1.0000000000000026e-05,True,True,True,True,True,
repeat=1|base=even_colouring_torus_4x5_split|variant=perm_seed1732,1,even_colouring_torus_4x5_split,perm_seed1732,1,1,SATISFIABLE,SATISFIABLE,True,True,22,22,0,0,0.000697,0.000651,-4.6000000000000034e-05,True,True,True,True,True,
repeat=1|base=even_colouring_torus_4x5_split|variant=perm_seed1733,1,even_colouring_torus_4x5_split,perm_seed1733,1,1,SATISFIABLE,SATISFIABLE,True,True,22,22,0,0,0.000649,0.000685,3.600000000000001e-05,True,True,True,True,True,
repeat=1|base=even_colouring_torus_4x5_split|variant=perm_seed1734,1,even_colouring_torus_4x5_split,perm_seed1734,1,1,SATISFIABLE,SATISFIABLE,True,True,22,22,0,0,0.000691,0.000664,-2.7000000000000006e-05,True,True,True,True,True,
repeat=1|base=even_colouring_torus_4x5_split|variant=perm_seed1735,1,even_colouring_torus_4x5_split,perm_seed1735,1,1,SATISFIABLE,SATISFIABLE,True,True,22,22,0,0,0.000706,0.000631,-7.499999999999998e-05,True,True,True,True,True,
repeat=1|base=even_colouring_torus_4x5_split|variant=perm_seed1736,1,even_colouring_torus_4x5_split,perm_seed1736,1,1,SATISFIABLE,SATISFIABLE,True,True,23,23,0,0,0.000638,0.000642,3.999999999999989e-06,True,True,True,True,True,
repeat=1|base=even_colouring_torus_4x5_split|variant=perm_seed1737,1,even_colouring_torus_4x5_split,perm_seed1737,1,1,SATISFIABLE,SATISFIABLE,True,True,22,22,0,0,0.000637,0.00063,-6.999999999999953e-06,True,True,True,True,True,
repeat=1|base=even_colouring_torus_4x5_split|variant=perm_seed1738,1,even_colouring_torus_4x5_split,perm_seed1738,1,1,SATISFIABLE,SATISFIABLE,True,True,23,23,0,0,0.000625,0.000695,6.999999999999997e-05,True,True,True,True,True,
repeat=1|base=even_colouring_torus_4x5_split|variant=perm_seed1739,1,even_colouring_torus_4x5_split,perm_seed1739,1,1,SATISFIABLE,SATISFIABLE,True,True,22,22,0,0,0.000634,0.000673,3.899999999999997e-05,True,True,True,True,True,
repeat=1|base=even_colouring_torus_4x5_split|variant=perm_seed1740,1,even_colouring_torus_4x5_split,perm_seed1740,1,1,SATISFIABLE,SATISFIABLE,True,True,22,22,0,0,0.000629,0.000632,2.9999999999999645e-06,True,True,True,True,True,
repeat=1|base=even_colouring_torus_4x5_split|variant=perm_seed1741,1,even_colouring_torus_4x5_split,perm_seed1741,1,1,SATISFIABLE,SATISFIABLE,True,True,22,22,0,0,0.000603,0.000654,5.099999999999994e-05,True,True,True,True,True,
repeat=1|base=even_colouring_torus_4x5_split|variant=perm_seed1742,1,even_colouring_torus_4x5_split,perm_seed1742,1,1,SATISFIABLE,SATISFIABLE,True,True,22,22,0,0,0.000622,0.00072,9.8e-05,True,True,True,True,True,
repeat=1|base=even_colouring_torus_4x5_split|variant=perm_seed1743,1,even_colouring_torus_4x5_split,perm_seed1743,1,1,SATISFIABLE,SATISFIABLE,True,True,22,22,0,0,0.000652,0.00064,-1.1999999999999966e-05,True,True,True,True,True,
repeat=1|base=even_colouring_torus_4x5_split|variant=perm_seed1744,1,even_colouring_torus_4x5_split,perm_seed1744,1,1,SATISFIABLE,SATISFIABLE,True,True,22,22,0,0,0.000651,0.000628,-2.3000000000000017e-05,True,True,True,True,True,
repeat=1|base=even_colouring_torus_4x5_split|variant=perm_seed1745,1,even_colouring_torus_4x5_split,perm_seed1745,1,1,SATISFIABLE,SATISFIABLE,True,True,22,22,0,0,0.000602,0.000624,2.1999999999999993e-05,True,True,True,True,True,
repeat=1|base=even_colouring_torus_4x6_split|variant=base,1,even_colouring_torus_4x6_split,base,1,1,SATISFIABLE,SATISFIABLE,True,True,26,26,0,0,0.000724,0.000675,-4.9e-05,True,True,True,True,True,
repeat=1|base=even_colouring_torus_4x6_split|variant=perm_seed1730,1,even_colouring_torus_4x6_split,perm_seed1730,1,1,SATISFIABLE,SATISFIABLE,True,True,26,26,0,0,0.000765,0.000689,-7.59999999999999e-05,True,True,True,True,True,
repeat=1|base=even_colouring_torus_4x6_split|variant=perm_seed1731,1,even_colouring_torus_4x6_split,perm_seed1731,1,1,SATISFIABLE,SATISFIABLE,True,True,26,26,0,0,0.000687,0.000717,2.999999999999997e-05,True,True,True,True,True,
repeat=1|base=even_colouring_torus_4x6_split|variant=perm_seed1732,1,even_colouring_torus_4x6_split,perm_seed1732,1,1,SATISFIABLE,SATISFIABLE,True,True,26,26,0,0,0.000696,0.000695,-1.0000000000000243e-06,True,True,True,True,True,
repeat=1|base=even_colouring_torus_4x6_split|variant=perm_seed1733,1,even_colouring_torus_4x6_split,perm_seed1733,1,1,SATISFIABLE,SATISFIABLE,True,True,27,27,0,0,0.000746,0.000746,0.0,True,True,True,True,True,
repeat=1|base=even_colouring_torus_4x6_split|variant=perm_seed1734,1,even_colouring_torus_4x6_split,perm_seed1734,1,1,SATISFIABLE,SATISFIABLE,True,True,26,26,0,0,0.000664,0.000712,4.7999999999999974e-05,True,True,True,True,True,
repeat=1|base=even_colouring_torus_4x6_split|variant=perm_seed1735,1,even_colouring_torus_4x6_split,perm_seed1735,1,1,SATISFIABLE,SATISFIABLE,True,True,26,26,0,0,0.000711,0.000726,1.4999999999999931e-05,True,True,True,True,True,
repeat=1|base=even_colouring_torus_4x6_split|variant=perm_seed1736,1,even_colouring_torus_4x6_split,perm_seed1736,1,1,SATISFIABLE,SATISFIABLE,True,True,26,26,0,0,0.000694,0.00067,-2.3999999999999933e-05,True,True,True,True,True,
repeat=1|base=even_colouring_torus_4x6_split|variant=perm_seed1737,1,even_colouring_torus_4x6_split,perm_seed1737,1,1,SATISFIABLE,SATISFIABLE,True,True,26,26,0,0,0.000777,0.000685,-9.200000000000007e-05,True,True,True,True,True,
repeat=1|base=even_colouring_torus_4x6_split|variant=perm_seed1738,1,even_colouring_torus_4x6_split,perm_seed1738,1,1,SATISFIABLE,SATISFIABLE,True,True,26,26,0,0,0.000685,0.000676,-9.000000000000002e-06,True,True,True,True,True,
repeat=1|base=even_colouring_torus_4x6_split|variant=perm_seed1739,1,even_colouring_torus_4x6_split,perm_seed1739,1,1,SATISFIABLE,SATISFIABLE,True,True,26,26,0,0,0.00066,0.000721,6.0999999999999965e-05,True,True,True,True,True,
repeat=1|base=even_colouring_torus_4x6_split|variant=perm_seed1740,1,even_colouring_torus_4x6_split,perm_seed1740,1,1,SATISFIABLE,SATISFIABLE,True,True,26,26,0,0,0.000663,0.000792,0.000129,True,True,True,True,True,
repeat=1|base=even_colouring_torus_4x6_split|variant=perm_seed1741,1,even_colouring_torus_4x6_split,perm_seed1741,1,1,SATISFIABLE,SATISFIABLE,True,True,26,26,0,0,0.000706,0.00071,3.999999999999989e-06,True,True,True,True,True,
repeat=1|base=even_colouring_torus_4x6_split|variant=perm_seed1742,1,even_colouring_torus_4x6_split,perm_seed1742,1,1,SATISFIABLE,SATISFIABLE,True,True,26,26,0,0,0.000684,0.000719,3.499999999999998e-05,True,True,True,True,True,
repeat=1|base=even_colouring_torus_4x6_split|variant=perm_seed1743,1,even_colouring_torus_4x6_split,perm_seed1743,1,1,SATISFIABLE,SATISFIABLE,True,True,26,26,0,0,0.00064,0.000776,0.00013599999999999994,True,True,True,True,True,
repeat=1|base=even_colouring_torus_4x6_split|variant=perm_seed1744,1,even_colouring_torus_4x6_split,perm_seed1744,1,1,SATISFIABLE,SATISFIABLE,True,True,27,27,0,0,0.00078,0.00071,-6.999999999999997e-05,True,True,True,True,True,
repeat=1|base=even_colouring_torus_4x6_split|variant=perm_seed1745,1,even_colouring_torus_4x6_split,perm_seed1745,1,1,SATISFIABLE,SATISFIABLE,True,True,26,26,0,0,0.000746,0.000696,-5.000000000000002e-05,True,True,True,True,True,
repeat=1|base=even_colouring_torus_5x5_split|variant=base,1,even_colouring_torus_5x5_split,base,1,1,SATISFIABLE,SATISFIABLE,True,True,27,27,0,0,0.000645,0.000677,3.200000000000002e-05,True,True,True,True,True,
repeat=1|base=even_colouring_torus_5x5_split|variant=perm_seed1730,1,even_colouring_torus_5x5_split,perm_seed1730,1,1,SATISFIABLE,SATISFIABLE,True,True,27,27,0,0,0.000691,0.000716,2.4999999999999957e-05,True,True,True,True,True,
repeat=1|base=even_colouring_torus_5x5_split|variant=perm_seed1731,1,even_colouring_torus_5x5_split,perm_seed1731,1,1,SATISFIABLE,SATISFIABLE,True,True,27,27,0,0,0.000656,0.00079,0.000134,True,True,True,True,True,
repeat=1|base=even_colouring_torus_5x5_split|variant=perm_seed1732,1,even_colouring_torus_5x5_split,perm_seed1732,1,1,SATISFIABLE,SATISFIABLE,True,True,27,27,0,0,0.00063,0.000667,3.6999999999999924e-05,True,True,True,True,True,
repeat=1|base=even_colouring_torus_5x5_split|variant=perm_seed1733,1,even_colouring_torus_5x5_split,perm_seed1733,1,1,SATISFIABLE,SATISFIABLE,True,True,27,27,0,0,0.000652,0.000718,6.599999999999998e-05,True,True,True,True,True,
repeat=1|base=even_colouring_torus_5x5_split|variant=perm_seed1734,1,even_colouring_torus_5x5_split,perm_seed1734,1,1,SATISFIABLE,SATISFIABLE,True,True,27,27,0,0,0.000644,0.000661,1.699999999999998e-05,True,True,True,True,True,
repeat=1|base=even_colouring_torus_5x5_split|variant=perm_seed1735,1,even_colouring_torus_5x5_split,perm_seed1735,1,1,SATISFIABLE,SATISFIABLE,True,True,27,27,0,0,0.000612,0.000649,3.6999999999999924e-05,True,True,True,True,True,
repeat=1|base=even_colouring_torus_5x5_split|variant=perm_seed1736,1,even_colouring_torus_5x5_split,perm_seed1736,1,1,SATISFIABLE,SATISFIABLE,True,True,27,27,0,0,0.000657,0.000654,-3.000000000000073e-06,True,True,True,True,True,
repeat=1|base=even_colouring_torus_5x5_split|variant=perm_seed1737,1,even_colouring_torus_5x5_split,perm_seed1737,1,1,SATISFIABLE,SATISFIABLE,True,True,27,27,0,0,0.000626,0.000652,2.599999999999998e-05,True,True,True,True,True,
repeat=1|base=even_colouring_torus_5x5_split|variant=perm_seed1738,1,even_colouring_torus_5x5_split,perm_seed1738,1,1,SATISFIABLE,SATISFIABLE,True,True,28,28,0,0,0.000644,0.000647,2.9999999999999645e-06,True,True,True,True,True,
repeat=1|base=even_colouring_torus_5x5_split|variant=perm_seed1739,1,even_colouring_torus_5x5_split,perm_seed1739,1,1,SATISFIABLE,SATISFIABLE,True,True,27,27,0,0,0.000621,0.000635,1.4000000000000015e-05,True,True,True,True,True,
repeat=1|base=even_colouring_torus_5x5_split|variant=perm_seed1740,1,even_colouring_torus_5x5_split,perm_seed1740,1,1,SATISFIABLE,SATISFIABLE,True,True,27,27,0,0,0.000603,0.000638,3.499999999999998e-05,True,True,True,True,True,
repeat=1|base=even_colouring_torus_5x5_split|variant=perm_seed1741,1,even_colouring_torus_5x5_split,perm_seed1741,1,1,SATISFIABLE,SATISFIABLE,True,True,28,28,0,0,0.0006,0.000678,7.800000000000005e-05,True,True,True,True,True,
repeat=1|base=even_colouring_torus_5x5_split|variant=perm_seed1742,1,even_colouring_torus_5x5_split,perm_seed1742,1,1,SATISFIABLE,SATISFIABLE,True,True,27,27,0,0,0.000632,0.000665,3.300000000000004e-05,True,True,True,True,True,
repeat=1|base=even_colouring_torus_5x5_split|variant=perm_seed1743,1,even_colouring_torus_5x5_split,perm_seed1743,1,1,SATISFIABLE,SATISFIABLE,True,True,27,27,0,0,0.000628,0.000642,1.4000000000000015e-05,True,True,True,True,True,
repeat=1|base=even_colouring_torus_5x5_split|variant=perm_seed1744,1,even_colouring_torus_5x5_split,perm_seed1744,1,1,SATISFIABLE,SATISFIABLE,True,True,27,27,0,0,0.000623,0.000674,5.100000000000005e-05,True,True,True,True,True,
repeat=1|base=even_colouring_torus_5x5_split|variant=perm_seed1745,1,even_colouring_torus_5x5_split,perm_seed1745,1,1,SATISFIABLE,SATISFIABLE,True,True,27,27,0,0,0.000706,0.000631,-7.499999999999998e-05,True,True,True,True,True,
repeat=1|base=even_colouring_torus_5x6_split|variant=base,1,even_colouring_torus_5x6_split,base,1,1,SATISFIABLE,SATISFIABLE,True,True,32,32,0,0,0.00063,0.000698,6.800000000000003e-05,True,True,True,True,True,
repeat=1|base=even_colouring_torus_5x6_split|variant=perm_seed1730,1,even_colouring_torus_5x6_split,perm_seed1730,1,1,SATISFIABLE,SATISFIABLE,True,True,33,33,0,0,0.000665,0.000672,6.999999999999953e-06,True,True,True,True,True,
repeat=1|base=even_colouring_torus_5x6_split|variant=perm_seed1731,1,even_colouring_torus_5x6_split,perm_seed1731,1,1,SATISFIABLE,SATISFIABLE,True,True,32,32,0,0,0.000641,0.000753,0.00011200000000000001,True,True,True,True,True,
repeat=1|base=even_colouring_torus_5x6_split|variant=perm_seed1732,1,even_colouring_torus_5x6_split,perm_seed1732,1,1,SATISFIABLE,SATISFIABLE,True,True,32,32,0,0,0.000684,0.000672,-1.2000000000000075e-05,True,True,True,True,True,
repeat=1|base=even_colouring_torus_5x6_split|variant=perm_seed1733,1,even_colouring_torus_5x6_split,perm_seed1733,1,1,SATISFIABLE,SATISFIABLE,True,True,32,32,0,0,0.000675,0.000723,4.7999999999999974e-05,True,True,True,True,True,
repeat=1|base=even_colouring_torus_5x6_split|variant=perm_seed1734,1,even_colouring_torus_5x6_split,perm_seed1734,1,1,SATISFIABLE,SATISFIABLE,True,True,33,33,0,0,0.00088,0.000768,-0.00011200000000000001,True,True,True,True,True,
repeat=1|base=even_colouring_torus_5x6_split|variant=perm_seed1735,1,even_colouring_torus_5x6_split,perm_seed1735,1,1,SATISFIABLE,SATISFIABLE,True,True,32,32,0,0,0.000713,0.000739,2.599999999999998e-05,True,True,True,True,True,
repeat=1|base=even_colouring_torus_5x6_split|variant=perm_seed1736,1,even_colouring_torus_5x6_split,perm_seed1736,1,1,SATISFIABLE,SATISFIABLE,True,True,32,32,0,0,0.000678,0.000718,3.9999999999999996e-05,True,True,True,True,True,
repeat=1|base=even_colouring_torus_5x6_split|variant=perm_seed1737,1,even_colouring_torus_5x6_split,perm_seed1737,1,1,SATISFIABLE,SATISFIABLE,True,True,33,33,0,0,0.000674,0.000696,2.1999999999999993e-05,True,True,True,True,True,
repeat=1|base=even_colouring_torus_5x6_split|variant=perm_seed1738,1,even_colouring_torus_5x6_split,perm_seed1738,1,1,SATISFIABLE,SATISFIABLE,True,True,32,32,0,0,0.000671,0.000748,7.699999999999992e-05,True,True,True,True,True,
repeat=1|base=even_colouring_torus_5x6_split|variant=perm_seed1739,1,even_colouring_torus_5x6_split,perm_seed1739,1,1,SATISFIABLE,SATISFIABLE,True,True,32,32,0,0,0.000672,0.000813,0.00014100000000000007,True,True,True,True,True,
repeat=1|base=even_colouring_torus_5x6_split|variant=perm_seed1740,1,even_colouring_torus_5x6_split,perm_seed1740,1,1,SATISFIABLE,SATISFIABLE,True,True,33,33,0,0,0.000642,0.000708,6.599999999999998e-05,True,True,True,True,True,
repeat=1|base=even_colouring_torus_5x6_split|variant=perm_seed1741,1,even_colouring_torus_5x6_split,perm_seed1741,1,1,SATISFIABLE,SATISFIABLE,True,True,33,33,0,0,0.00072,0.000689,-3.0999999999999995e-05,True,True,True,True,True,
repeat=1|base=even_colouring_torus_5x6_split|variant=perm_seed1742,1,even_colouring_torus_5x6_split,perm_seed1742,1,1,SATISFIABLE,SATISFIABLE,True,True,32,32,0,0,0.000692,0.000657,-3.499999999999998e-05,True,True,True,True,True,
repeat=1|base=even_colouring_torus_5x6_split|variant=perm_seed1743,1,even_colouring_torus_5x6_split,perm_seed1743,1,1,SATISFIABLE,SATISFIABLE,True,True,33,33,0,0,0.000666,0.000655,-1.100000000000005e-05,True,True,True,True,True,
repeat=1|base=even_colouring_torus_5x6_split|variant=perm_seed1744,1,even_colouring_torus_5x6_split,perm_seed1744,1,1,SATISFIABLE,SATISFIABLE,True,True,32,32,0,0,0.000642,0.00069,4.7999999999999974e-05,True,True,True,True,True,
repeat=1|base=even_colouring_torus_5x6_split|variant=perm_seed1745,1,even_colouring_torus_5x6_split,perm_seed1745,1,1,SATISFIABLE,SATISFIABLE,True,True,32,32,0,0,0.000664,0.000674,1.0000000000000026e-05,True,True,True,True,True,
repeat=1|base=even_colouring_torus_6x6_split|variant=base,1,even_colouring_torus_6x6_split,base,1,1,SATISFIABLE,SATISFIABLE,True,True,38,38,0,0,0.000694,0.000676,-1.8000000000000004e-05,True,True,True,True,True,
repeat=1|base=even_colouring_torus_6x6_split|variant=perm_seed1730,1,even_colouring_torus_6x6_split,perm_seed1730,1,1,SATISFIABLE,SATISFIABLE,True,True,38,38,0,0,0.000682,0.000712,2.999999999999997e-05,True,True,True,True,True,
repeat=1|base=even_colouring_torus_6x6_split|variant=perm_seed1731,1,even_colouring_torus_6x6_split,perm_seed1731,1,1,SATISFIABLE,SATISFIABLE,True,True,39,39,0,0,0.000674,0.000761,8.699999999999995e-05,True,True,True,True,True,
repeat=1|base=even_colouring_torus_6x6_split|variant=perm_seed1732,1,even_colouring_torus_6x6_split,perm_seed1732,1,1,SATISFIABLE,SATISFIABLE,True,True,39,39,0,0,0.000765,0.000724,-4.099999999999991e-05,True,True,True,True,True,
repeat=1|base=even_colouring_torus_6x6_split|variant=perm_seed1733,1,even_colouring_torus_6x6_split,perm_seed1733,1,1,SATISFIABLE,SATISFIABLE,True,True,38,38,0,0,0.000653,0.000736,8.299999999999996e-05,True,True,True,True,True,
repeat=1|base=even_colouring_torus_6x6_split|variant=perm_seed1734,1,even_colouring_torus_6x6_split,perm_seed1734,1,1,SATISFIABLE,SATISFIABLE,True,True,39,39,0,0,0.000681,0.000712,3.0999999999999995e-05,True,True,True,True,True,
repeat=1|base=even_colouring_torus_6x6_split|variant=perm_seed1735,1,even_colouring_torus_6x6_split,perm_seed1735,1,1,SATISFIABLE,SATISFIABLE,True,True,38,38,0,0,0.000672,0.000715,4.300000000000007e-05,True,True,True,True,True,
repeat=1|base=even_colouring_torus_6x6_split|variant=perm_seed1736,1,even_colouring_torus_6x6_split,perm_seed1736,1,1,SATISFIABLE,SATISFIABLE,True,True,38,38,0,0,0.000678,0.000691,1.299999999999999e-05,True,True,True,True,True,
repeat=1|base=even_colouring_torus_6x6_split|variant=perm_seed1737,1,even_colouring_torus_6x6_split,perm_seed1737,1,1,SATISFIABLE,SATISFIABLE,True,True,38,38,0,0,0.000697,0.000677,-2.0000000000000052e-05,True,True,True,True,True,
repeat=1|base=even_colouring_torus_6x6_split|variant=perm_seed1738,1,even_colouring_torus_6x6_split,perm_seed1738,1,1,SATISFIABLE,SATISFIABLE,True,True,38,38,0,0,0.000651,0.000693,4.2000000000000045e-05,True,True,True,True,True,
repeat=1|base=even_colouring_torus_6x6_split|variant=perm_seed1739,1,even_colouring_torus_6x6_split,perm_seed1739,1,1,SATISFIABLE,SATISFIABLE,True,True,39,39,0,0,0.000655,0.00074,8.5e-05,True,True,True,True,True,
repeat=1|base=even_colouring_torus_6x6_split|variant=perm_seed1740,1,even_colouring_torus_6x6_split,perm_seed1740,1,1,SATISFIABLE,SATISFIABLE,True,True,38,38,0,0,0.000677,0.000661,-1.5999999999999955e-05,True,True,True,True,True,
repeat=1|base=even_colouring_torus_6x6_split|variant=perm_seed1741,1,even_colouring_torus_6x6_split,perm_seed1741,1,1,SATISFIABLE,SATISFIABLE,True,True,38,38,0,0,0.000689,0.000687,-2.0000000000000486e-06,True,True,True,True,True,
repeat=1|base=even_colouring_torus_6x6_split|variant=perm_seed1742,1,even_colouring_torus_6x6_split,perm_seed1742,1,1,SATISFIABLE,SATISFIABLE,True,True,38,38,0,0,0.000736,0.000709,-2.7000000000000006e-05,True,True,True,True,True,
repeat=1|base=even_colouring_torus_6x6_split|variant=perm_seed1743,1,even_colouring_torus_6x6_split,perm_seed1743,1,1,SATISFIABLE,SATISFIABLE,True,True,38,38,0,0,0.000689,0.000701,1.1999999999999966e-05,True,True,True,True,True,
repeat=1|base=even_colouring_torus_6x6_split|variant=perm_seed1744,1,even_colouring_torus_6x6_split,perm_seed1744,1,1,SATISFIABLE,SATISFIABLE,True,True,39,39,0,0,0.000788,0.00078,-7.999999999999978e-06,True,True,True,True,True,
repeat=1|base=even_colouring_torus_6x6_split|variant=perm_seed1745,1,even_colouring_torus_6x6_split,perm_seed1745,1,1,SATISFIABLE,SATISFIABLE,True,True,38,38,0,0,0.000698,0.000718,1.9999999999999944e-05,True,True,True,True,True,
repeat=1|base=k10_color9|variant=base,1,k10_color9,base,1,1,INDETERMINATE,INDETERMINATE,False,False,106998,106998,100000,100000,0.681477,0.663859,-0.017618000000000023,True,True,True,True,True,
repeat=1|base=k10_color9|variant=perm_seed1730,1,k10_color9,perm_seed1730,1,1,INDETERMINATE,INDETERMINATE,False,False,108712,108712,100000,100000,0.730528,0.714591,-0.01593699999999998,True,True,True,True,True,
repeat=1|base=k10_color9|variant=perm_seed1731,1,k10_color9,perm_seed1731,1,1,INDETERMINATE,INDETERMINATE,False,False,108604,108604,100000,100000,0.738296,0.718313,-0.019982999999999973,True,True,True,True,True,
repeat=1|base=k4_color3|variant=base,1,k4_color3,base,1,1,UNSATISFIABLE,UNSATISFIABLE,True,True,0,0,0,0,0.000763,0.000652,-0.00011099999999999999,True,True,True,True,True,
repeat=1|base=k4_color3|variant=perm_seed1730,1,k4_color3,perm_seed1730,1,1,UNSATISFIABLE,UNSATISFIABLE,True,True,0,0,0,0,0.000605,0.000614,9.000000000000002e-06,True,True,True,True,True,
repeat=1|base=k4_color3|variant=perm_seed1731,1,k4_color3,perm_seed1731,1,1,UNSATISFIABLE,UNSATISFIABLE,True,True,0,0,0,0,0.000591,0.000599,7.999999999999978e-06,True,True,True,True,True,
repeat=1|base=k4_color3|variant=perm_seed1732,1,k4_color3,perm_seed1732,1,1,UNSATISFIABLE,UNSATISFIABLE,True,True,0,0,0,0,0.000576,0.000581,5.000000000000013e-06,True,True,True,True,True,
repeat=1|base=k4_color3|variant=perm_seed1733,1,k4_color3,perm_seed1733,1,1,UNSATISFIABLE,UNSATISFIABLE,True,True,0,0,0,0,0.000572,0.00058,7.999999999999978e-06,True,True,True,True,True,
repeat=1|base=k4_color3|variant=perm_seed1734,1,k4_color3,perm_seed1734,1,1,UNSATISFIABLE,UNSATISFIABLE,True,True,0,0,0,0,0.000646,0.000669,2.3000000000000017e-05,True,True,True,True,True,
repeat=1|base=k4_color3|variant=perm_seed1735,1,k4_color3,perm_seed1735,1,1,UNSATISFIABLE,UNSATISFIABLE,True,True,0,0,0,0,0.000611,0.000606,-5.000000000000013e-06,True,True,True,True,True,
repeat=1|base=k4_color3|variant=perm_seed1736,1,k4_color3,perm_seed1736,1,1,UNSATISFIABLE,UNSATISFIABLE,True,True,0,0,0,0,0.00058,0.000582,2.0000000000000486e-06,True,True,True,True,True,
repeat=1|base=k4_color3|variant=perm_seed1737,1,k4_color3,perm_seed1737,1,1,UNSATISFIABLE,UNSATISFIABLE,True,True,0,0,0,0,0.000645,0.000615,-2.999999999999997e-05,True,True,True,True,True,
repeat=1|base=k4_color3|variant=perm_seed1738,1,k4_color3,perm_seed1738,1,1,UNSATISFIABLE,UNSATISFIABLE,True,True,0,0,0,0,0.000751,0.000699,-5.200000000000007e-05,True,True,True,True,True,
repeat=1|base=k4_color3|variant=perm_seed1739,1,k4_color3,perm_seed1739,1,1,UNSATISFIABLE,UNSATISFIABLE,True,True,0,0,0,0,0.000733,0.000735,1.99999999999994e-06,True,True,True,True,True,
repeat=1|base=k4_color3|variant=perm_seed1740,1,k4_color3,perm_seed1740,1,1,UNSATISFIABLE,UNSATISFIABLE,True,True,0,0,0,0,0.000768,0.000675,-9.299999999999998e-05,True,True,True,True,True,
repeat=1|base=k4_color3|variant=perm_seed1741,1,k4_color3,perm_seed1741,1,1,UNSATISFIABLE,UNSATISFIABLE,True,True,0,0,0,0,0.000623,0.000644,2.1000000000000077e-05,True,True,True,True,True,
repeat=1|base=k4_color3|variant=perm_seed1742,1,k4_color3,perm_seed1742,1,1,UNSATISFIABLE,UNSATISFIABLE,True,True,0,0,0,0,0.000666,0.000602,-6.400000000000004e-05,True,True,True,True,True,
repeat=1|base=k4_color3|variant=perm_seed1743,1,k4_color3,perm_seed1743,1,1,UNSATISFIABLE,UNSATISFIABLE,True,True,0,0,0,0,0.000571,0.000588,1.699999999999998e-05,True,True,True,True,True,
repeat=1|base=k4_color3|variant=perm_seed1744,1,k4_color3,perm_seed1744,1,1,UNSATISFIABLE,UNSATISFIABLE,True,True,0,0,0,0,0.000557,0.00057,1.299999999999999e-05,True,True,True,True,True,
repeat=1|base=k4_color3|variant=perm_seed1745,1,k4_color3,perm_seed1745,1,1,UNSATISFIABLE,UNSATISFIABLE,True,True,0,0,0,0,0.00064,0.000676,3.59999999999999e-05,True,True,True,True,True,
repeat=1|base=k4_color4|variant=base,1,k4_color4,base,1,1,SATISFIABLE,SATISFIABLE,True,True,1,1,0,0,0.000649,0.00064,-8.999999999999894e-06,True,True,True,True,True,
repeat=1|base=k4_color4|variant=perm_seed1730,1,k4_color4,perm_seed1730,1,1,SATISFIABLE,SATISFIABLE,True,True,1,1,0,0,0.000848,0.000686,-0.00016200000000000003,True,True,True,True,True,
repeat=1|base=k4_color4|variant=perm_seed1731,1,k4_color4,perm_seed1731,1,1,SATISFIABLE,SATISFIABLE,True,True,1,1,0,0,0.000703,0.00069,-1.299999999999999e-05,True,True,True,True,True,
repeat=1|base=k4_color4|variant=perm_seed1732,1,k4_color4,perm_seed1732,1,1,SATISFIABLE,SATISFIABLE,True,True,1,1,0,0,0.000748,0.000621,-0.00012699999999999994,True,True,True,True,True,
repeat=1|base=k4_color4|variant=perm_seed1733,1,k4_color4,perm_seed1733,1,1,SATISFIABLE,SATISFIABLE,True,True,1,1,0,0,0.000668,0.000624,-4.3999999999999985e-05,True,True,True,True,True,
repeat=1|base=k4_color4|variant=perm_seed1734,1,k4_color4,perm_seed1734,1,1,SATISFIABLE,SATISFIABLE,True,True,1,1,0,0,0.000683,0.000683,0.0,True,True,True,True,True,
repeat=1|base=k4_color4|variant=perm_seed1735,1,k4_color4,perm_seed1735,1,1,SATISFIABLE,SATISFIABLE,True,True,1,1,0,0,0.000614,0.00073,0.000116,True,True,True,True,True,
repeat=1|base=k4_color4|variant=perm_seed1736,1,k4_color4,perm_seed1736,1,1,SATISFIABLE,SATISFIABLE,True,True,1,1,0,0,0.000657,0.000619,-3.8000000000000056e-05,True,True,True,True,True,
repeat=1|base=k4_color4|variant=perm_seed1737,1,k4_color4,perm_seed1737,1,1,SATISFIABLE,SATISFIABLE,True,True,1,1,0,0,0.000615,0.000635,2.0000000000000052e-05,True,True,True,True,True,
repeat=1|base=k4_color4|variant=perm_seed1738,1,k4_color4,perm_seed1738,1,1,SATISFIABLE,SATISFIABLE,True,True,1,1,0,0,0.000916,0.00071,-0.00020600000000000002,True,True,True,True,True,
repeat=1|base=k4_color4|variant=perm_seed1739,1,k4_color4,perm_seed1739,1,1,SATISFIABLE,SATISFIABLE,True,True,1,1,0,0,0.001273,0.000626,-0.000647,True,True,True,True,True,
repeat=1|base=k4_color4|variant=perm_seed1740,1,k4_color4,perm_seed1740,1,1,SATISFIABLE,SATISFIABLE,True,True,1,1,0,0,0.001321,0.000699,-0.0006219999999999999,True,True,True,True,True,
repeat=1|base=k4_color4|variant=perm_seed1741,1,k4_color4,perm_seed1741,1,1,SATISFIABLE,SATISFIABLE,True,True,1,1,0,0,0.000796,0.000639,-0.00015700000000000002,True,True,True,True,True,
repeat=1|base=k4_color4|variant=perm_seed1742,1,k4_color4,perm_seed1742,1,1,SATISFIABLE,SATISFIABLE,True,True,1,1,0,0,0.000621,0.000628,6.999999999999953e-06,True,True,True,True,True,
repeat=1|base=k4_color4|variant=perm_seed1743,1,k4_color4,perm_seed1743,1,1,SATISFIABLE,SATISFIABLE,True,True,1,1,0,0,0.000638,0.000618,-2.0000000000000052e-05,True,True,True,True,True,
repeat=1|base=k4_color4|variant=perm_seed1744,1,k4_color4,perm_seed1744,1,1,SATISFIABLE,SATISFIABLE,True,True,1,1,0,0,0.0006,0.000632,3.200000000000002e-05,True,True,True,True,True,
repeat=1|base=k4_color4|variant=perm_seed1745,1,k4_color4,perm_seed1745,1,1,SATISFIABLE,SATISFIABLE,True,True,1,1,0,0,0.000618,0.000611,-6.999999999999953e-06,True,True,True,True,True,
repeat=1|base=k5_color4|variant=base,1,k5_color4,base,1,1,UNSATISFIABLE,UNSATISFIABLE,True,True,32,32,27,27,0.000642,0.000665,2.3000000000000017e-05,True,True,True,True,True,
repeat=1|base=k5_color4|variant=perm_seed1730,1,k5_color4,perm_seed1730,1,1,UNSATISFIABLE,UNSATISFIABLE,True,True,31,31,28,28,0.000652,0.000659,6.999999999999953e-06,True,True,True,True,True,
repeat=1|base=k5_color4|variant=perm_seed1731,1,k5_color4,perm_seed1731,1,1,UNSATISFIABLE,UNSATISFIABLE,True,True,32,32,31,31,0.000632,0.00062,-1.1999999999999966e-05,True,True,True,True,True,
repeat=1|base=k5_color4|variant=perm_seed1732,1,k5_color4,perm_seed1732,1,1,UNSATISFIABLE,UNSATISFIABLE,True,True,31,31,30,30,0.000625,0.000624,-1.0000000000000243e-06,True,True,True,True,True,
repeat=1|base=k5_color4|variant=perm_seed1733,1,k5_color4,perm_seed1733,1,1,UNSATISFIABLE,UNSATISFIABLE,True,True,31,31,27,27,0.000599,0.000623,2.3999999999999933e-05,True,True,True,True,True,
repeat=1|base=k5_color4|variant=perm_seed1734,1,k5_color4,perm_seed1734,1,1,UNSATISFIABLE,UNSATISFIABLE,True,True,27,27,25,25,0.000603,0.000613,1.0000000000000026e-05,True,True,True,True,True,
repeat=1|base=k5_color4|variant=perm_seed1735,1,k5_color4,perm_seed1735,1,1,UNSATISFIABLE,UNSATISFIABLE,True,True,30,30,27,27,0.000588,0.000592,3.999999999999989e-06,True,True,True,True,True,
repeat=1|base=k5_color4|variant=perm_seed1736,1,k5_color4,perm_seed1736,1,1,UNSATISFIABLE,UNSATISFIABLE,True,True,27,27,25,25,0.000624,0.000616,-7.999999999999978e-06,True,True,True,True,True,
repeat=1|base=k5_color4|variant=perm_seed1737,1,k5_color4,perm_seed1737,1,1,UNSATISFIABLE,UNSATISFIABLE,True,True,31,31,30,30,0.000608,0.000634,2.599999999999998e-05,True,True,True,True,True,
repeat=1|base=k5_color4|variant=perm_seed1738,1,k5_color4,perm_seed1738,1,1,UNSATISFIABLE,UNSATISFIABLE,True,True,33,33,27,27,0.000634,0.00063,-3.999999999999989e-06,True,True,True,True,True,
repeat=1|base=k5_color4|variant=perm_seed1739,1,k5_color4,perm_seed1739,1,1,UNSATISFIABLE,UNSATISFIABLE,True,True,33,33,29,29,0.000593,0.000626,3.300000000000004e-05,True,True,True,True,True,
repeat=1|base=k5_color4|variant=perm_seed1740,1,k5_color4,perm_seed1740,1,1,UNSATISFIABLE,UNSATISFIABLE,True,True,27,27,26,26,0.000606,0.000608,2.0000000000000486e-06,True,True,True,True,True,
repeat=1|base=k5_color4|variant=perm_seed1741,1,k5_color4,perm_seed1741,1,1,UNSATISFIABLE,UNSATISFIABLE,True,True,30,30,27,27,0.000607,0.000672,6.499999999999995e-05,True,True,True,True,True,
repeat=1|base=k5_color4|variant=perm_seed1742,1,k5_color4,perm_seed1742,1,1,UNSATISFIABLE,UNSATISFIABLE,True,True,38,38,31,31,0.000601,0.000766,0.000165,True,True,True,True,True,
repeat=1|base=k5_color4|variant=perm_seed1743,1,k5_color4,perm_seed1743,1,1,UNSATISFIABLE,UNSATISFIABLE,True,True,24,24,25,25,0.000621,0.000641,1.9999999999999944e-05,True,True,True,True,True,
repeat=1|base=k5_color4|variant=perm_seed1744,1,k5_color4,perm_seed1744,1,1,UNSATISFIABLE,UNSATISFIABLE,True,True,28,28,26,26,0.000691,0.000656,-3.499999999999998e-05,True,True,True,True,True,
repeat=1|base=k5_color4|variant=perm_seed1745,1,k5_color4,perm_seed1745,1,1,UNSATISFIABLE,UNSATISFIABLE,True,True,31,31,28,28,0.000616,0.000633,1.699999999999998e-05,True,True,True,True,True,
repeat=1|base=k5_color5|variant=base,1,k5_color5,base,1,1,SATISFIABLE,SATISFIABLE,True,True,12,12,0,0,0.000631,0.000662,3.0999999999999995e-05,True,True,True,True,True,
repeat=1|base=k5_color5|variant=perm_seed1730,1,k5_color5,perm_seed1730,1,1,SATISFIABLE,SATISFIABLE,True,True,16,16,0,0,0.000621,0.00063,9.000000000000002e-06,True,True,True,True,True,
repeat=1|base=k5_color5|variant=perm_seed1731,1,k5_color5,perm_seed1731,1,1,SATISFIABLE,SATISFIABLE,True,True,17,17,0,0,0.000614,0.000592,-2.1999999999999993e-05,True,True,True,True,True,
repeat=1|base=k5_color5|variant=perm_seed1732,1,k5_color5,perm_seed1732,1,1,SATISFIABLE,SATISFIABLE,True,True,14,14,0,0,0.000593,0.000634,4.100000000000002e-05,True,True,True,True,True,
repeat=1|base=k5_color5|variant=perm_seed1733,1,k5_color5,perm_seed1733,1,1,SATISFIABLE,SATISFIABLE,True,True,16,16,0,0,0.000597,0.000601,3.999999999999989e-06,True,True,True,True,True,
repeat=1|base=k5_color5|variant=perm_seed1734,1,k5_color5,perm_seed1734,1,1,SATISFIABLE,SATISFIABLE,True,True,14,14,0,0,0.000611,0.000655,4.3999999999999985e-05,True,True,True,True,True,
repeat=1|base=k5_color5|variant=perm_seed1735,1,k5_color5,perm_seed1735,1,1,SATISFIABLE,SATISFIABLE,True,True,16,16,0,0,0.000673,0.000596,-7.700000000000003e-05,True,True,True,True,True,
repeat=1|base=k5_color5|variant=perm_seed1736,1,k5_color5,perm_seed1736,1,1,SATISFIABLE,SATISFIABLE,True,True,17,17,0,0,0.000613,0.000585,-2.800000000000003e-05,True,True,True,True,True,
repeat=1|base=k5_color5|variant=perm_seed1737,1,k5_color5,perm_seed1737,1,1,SATISFIABLE,SATISFIABLE,True,True,15,15,1,1,0.000606,0.000631,2.5000000000000066e-05,True,True,True,True,True,
repeat=1|base=k5_color5|variant=perm_seed1738,1,k5_color5,perm_seed1738,1,1,SATISFIABLE,SATISFIABLE,True,True,18,18,0,0,0.000625,0.000614,-1.100000000000005e-05,True,True,True,True,True,
repeat=1|base=k5_color5|variant=perm_seed1739,1,k5_color5,perm_seed1739,1,1,SATISFIABLE,SATISFIABLE,True,True,15,15,0,0,0.000584,0.000626,4.2000000000000045e-05,True,True,True,True,True,
repeat=1|base=k5_color5|variant=perm_seed1740,1,k5_color5,perm_seed1740,1,1,SATISFIABLE,SATISFIABLE,True,True,17,17,1,1,0.000584,0.000649,6.499999999999995e-05,True,True,True,True,True,
repeat=1|base=k5_color5|variant=perm_seed1741,1,k5_color5,perm_seed1741,1,1,SATISFIABLE,SATISFIABLE,True,True,17,17,0,0,0.000677,0.000642,-3.499999999999998e-05,True,True,True,True,True,
repeat=1|base=k5_color5|variant=perm_seed1742,1,k5_color5,perm_seed1742,1,1,SATISFIABLE,SATISFIABLE,True,True,14,14,0,0,0.000759,0.000651,-0.00010800000000000002,True,True,True,True,True,
repeat=1|base=k5_color5|variant=perm_seed1743,1,k5_color5,perm_seed1743,1,1,SATISFIABLE,SATISFIABLE,True,True,15,15,0,0,0.000597,0.000613,1.6000000000000064e-05,True,True,True,True,True,
repeat=1|base=k5_color5|variant=perm_seed1744,1,k5_color5,perm_seed1744,1,1,SATISFIABLE,SATISFIABLE,True,True,15,15,0,0,0.0006,0.000615,1.500000000000004e-05,True,True,True,True,True,
repeat=1|base=k5_color5|variant=perm_seed1745,1,k5_color5,perm_seed1745,1,1,SATISFIABLE,SATISFIABLE,True,True,17,17,0,0,0.000587,0.000624,3.700000000000003e-05,True,True,True,True,True,
repeat=1|base=k6_color5|variant=base,1,k6_color5,base,1,1,UNSATISFIABLE,UNSATISFIABLE,True,True,157,157,139,139,0.000768,0.000786,1.8000000000000004e-05,True,True,True,True,True,
repeat=1|base=k6_color5|variant=perm_seed1730,1,k6_color5,perm_seed1730,1,1,UNSATISFIABLE,UNSATISFIABLE,True,True,161,161,142,142,0.000785,0.000776,-9.000000000000002e-06,True,True,True,True,True,
repeat=1|base=k6_color5|variant=perm_seed1731,1,k6_color5,perm_seed1731,1,1,UNSATISFIABLE,UNSATISFIABLE,True,True,160,160,141,141,0.000774,0.00084,6.600000000000009e-05,True,True,True,True,True,
repeat=1|base=k6_color5|variant=perm_seed1732,1,k6_color5,perm_seed1732,1,1,UNSATISFIABLE,UNSATISFIABLE,True,True,157,157,137,137,0.000813,0.000814,1.0000000000000243e-06,True,True,True,True,True,
repeat=1|base=k6_color5|variant=perm_seed1733,1,k6_color5,perm_seed1733,1,1,UNSATISFIABLE,UNSATISFIABLE,True,True,158,158,142,142,0.000837,0.00081,-2.7000000000000006e-05,True,True,True,True,True,
repeat=1|base=k6_color5|variant=perm_seed1734,1,k6_color5,perm_seed1734,1,1,UNSATISFIABLE,UNSATISFIABLE,True,True,171,171,146,146,0.000801,0.000799,-1.99999999999994e-06,True,True,True,True,True,
repeat=1|base=k6_color5|variant=perm_seed1735,1,k6_color5,perm_seed1735,1,1,UNSATISFIABLE,UNSATISFIABLE,True,True,174,174,155,155,0.000835,0.000872,3.700000000000003e-05,True,True,True,True,True,
repeat=1|base=k6_color5|variant=perm_seed1736,1,k6_color5,perm_seed1736,1,1,UNSATISFIABLE,UNSATISFIABLE,True,True,158,158,145,145,0.000771,0.000816,4.500000000000001e-05,True,True,True,True,True,
repeat=1|base=k6_color5|variant=perm_seed1737,1,k6_color5,perm_seed1737,1,1,UNSATISFIABLE,UNSATISFIABLE,True,True,163,163,145,145,0.000786,0.000827,4.100000000000002e-05,True,True,True,True,True,
repeat=1|base=k6_color5|variant=perm_seed1738,1,k6_color5,perm_seed1738,1,1,UNSATISFIABLE,UNSATISFIABLE,True,True,140,140,130,130,0.000783,0.000786,3.000000000000073e-06,True,True,True,True,True,
repeat=1|base=k6_color5|variant=perm_seed1739,1,k6_color5,perm_seed1739,1,1,UNSATISFIABLE,UNSATISFIABLE,True,True,157,157,143,143,0.000806,0.000831,2.5000000000000066e-05,True,True,True,True,True,
repeat=1|base=k6_color5|variant=perm_seed1740,1,k6_color5,perm_seed1740,1,1,UNSATISFIABLE,UNSATISFIABLE,True,True,163,163,138,138,0.000795,0.000801,5.999999999999929e-06,True,True,True,True,True,
repeat=1|base=k6_color5|variant=perm_seed1741,1,k6_color5,perm_seed1741,1,1,UNSATISFIABLE,UNSATISFIABLE,True,True,158,158,140,140,0.000764,0.000783,1.899999999999992e-05,True,True,True,True,True,
repeat=1|base=k6_color5|variant=perm_seed1742,1,k6_color5,perm_seed1742,1,1,UNSATISFIABLE,UNSATISFIABLE,True,True,155,155,137,137,0.000792,0.000823,3.0999999999999995e-05,True,True,True,True,True,
repeat=1|base=k6_color5|variant=perm_seed1743,1,k6_color5,perm_seed1743,1,1,UNSATISFIABLE,UNSATISFIABLE,True,True,147,147,135,135,0.000775,0.000817,4.2000000000000045e-05,True,True,True,True,True,
repeat=1|base=k6_color5|variant=perm_seed1744,1,k6_color5,perm_seed1744,1,1,UNSATISFIABLE,UNSATISFIABLE,True,True,147,147,133,133,0.000828,0.000804,-2.3999999999999933e-05,True,True,True,True,True,
repeat=1|base=k6_color5|variant=perm_seed1745,1,k6_color5,perm_seed1745,1,1,UNSATISFIABLE,UNSATISFIABLE,True,True,156,156,137,137,0.000754,0.000811,5.6999999999999976e-05,True,True,True,True,True,
repeat=1|base=k6_color6|variant=base,1,k6_color6,base,1,1,SATISFIABLE,SATISFIABLE,True,True,17,17,0,0,0.000655,0.000707,5.199999999999996e-05,True,True,True,True,True,
repeat=1|base=k6_color6|variant=perm_seed1730,1,k6_color6,perm_seed1730,1,1,SATISFIABLE,SATISFIABLE,True,True,25,25,4,4,0.000704,0.00076,5.600000000000006e-05,True,True,True,True,True,
repeat=1|base=k6_color6|variant=perm_seed1731,1,k6_color6,perm_seed1731,1,1,SATISFIABLE,SATISFIABLE,True,True,22,22,0,0,0.000673,0.000685,1.1999999999999966e-05,True,True,True,True,True,
repeat=1|base=k6_color6|variant=perm_seed1732,1,k6_color6,perm_seed1732,1,1,SATISFIABLE,SATISFIABLE,True,True,33,33,10,10,0.000691,0.000755,6.400000000000004e-05,True,True,True,True,True,
repeat=1|base=k6_color6|variant=perm_seed1733,1,k6_color6,perm_seed1733,1,1,SATISFIABLE,SATISFIABLE,True,True,46,46,24,24,0.000737,0.000823,8.599999999999992e-05,True,True,True,True,True,
repeat=1|base=k6_color6|variant=perm_seed1734,1,k6_color6,perm_seed1734,1,1,SATISFIABLE,SATISFIABLE,True,True,26,26,1,1,0.000705,0.000754,4.9e-05,True,True,True,True,True,
repeat=1|base=k6_color6|variant=perm_seed1735,1,k6_color6,perm_seed1735,1,1,SATISFIABLE,SATISFIABLE,True,True,25,25,0,0,0.000737,0.000726,-1.100000000000005e-05,True,True,True,True,True,
repeat=1|base=k6_color6|variant=perm_seed1736,1,k6_color6,perm_seed1736,1,1,SATISFIABLE,SATISFIABLE,True,True,23,23,0,0,0.00071,0.000726,1.5999999999999955e-05,True,True,True,True,True,
repeat=1|base=k6_color6|variant=perm_seed1737,1,k6_color6,perm_seed1737,1,1,SATISFIABLE,SATISFIABLE,True,True,25,25,0,0,0.000697,0.000758,6.0999999999999965e-05,True,True,True,True,True,
repeat=1|base=k6_color6|variant=perm_seed1738,1,k6_color6,perm_seed1738,1,1,SATISFIABLE,SATISFIABLE,True,True,28,28,1,1,0.000722,0.000688,-3.399999999999996e-05,True,True,True,True,True,
repeat=1|base=k6_color6|variant=perm_seed1739,1,k6_color6,perm_seed1739,1,1,SATISFIABLE,SATISFIABLE,True,True,23,23,1,1,0.000667,0.000755,8.800000000000008e-05,True,True,True,True,True,
repeat=1|base=k6_color6|variant=perm_seed1740,1,k6_color6,perm_seed1740,1,1,SATISFIABLE,SATISFIABLE,True,True,27,27,1,1,0.000758,0.00082,6.199999999999999e-05,True,True,True,True,True,
repeat=1|base=k6_color6|variant=perm_seed1741,1,k6_color6,perm_seed1741,1,1,SATISFIABLE,SATISFIABLE,True,True,23,23,0,0,0.000703,0.000673,-2.999999999999997e-05,True,True,True,True,True,
repeat=1|base=k6_color6|variant=perm_seed1742,1,k6_color6,perm_seed1742,1,1,SATISFIABLE,SATISFIABLE,True,True,30,30,2,2,0.000693,0.000645,-4.800000000000008e-05,True,True,True,True,True,
repeat=1|base=k6_color6|variant=perm_seed1743,1,k6_color6,perm_seed1743,1,1,SATISFIABLE,SATISFIABLE,True,True,22,22,1,1,0.000642,0.000674,3.200000000000002e-05,True,True,True,True,True,
repeat=1|base=k6_color6|variant=perm_seed1744,1,k6_color6,perm_seed1744,1,1,SATISFIABLE,SATISFIABLE,True,True,27,27,0,0,0.00073,0.000711,-1.899999999999992e-05,True,True,True,True,True,
repeat=1|base=k6_color6|variant=perm_seed1745,1,k6_color6,perm_seed1745,1,1,SATISFIABLE,SATISFIABLE,True,True,23,23,0,0,0.000662,0.000695,3.2999999999999935e-05,True,True,True,True,True,
repeat=1|base=k7_color6|variant=base,1,k7_color6,base,1,1,UNSATISFIABLE,UNSATISFIABLE,True,True,970,970,845,845,0.002149,0.002312,0.00016299999999999995,True,True,True,True,True,
repeat=1|base=k7_color6|variant=perm_seed1730,1,k7_color6,perm_seed1730,1,1,UNSATISFIABLE,UNSATISFIABLE,True,True,913,913,812,812,0.00218,0.002373,0.00019300000000000003,True,True,True,True,True,
repeat=1|base=k7_color6|variant=perm_seed1731,1,k7_color6,perm_seed1731,1,1,UNSATISFIABLE,UNSATISFIABLE,True,True,1013,1013,877,877,0.002029,0.002052,2.3000000000000017e-05,True,True,True,True,True,
repeat=1|base=k7_color6|variant=perm_seed1732,1,k7_color6,perm_seed1732,1,1,UNSATISFIABLE,UNSATISFIABLE,True,True,949,949,839,839,0.002115,0.002206,9.099999999999994e-05,True,True,True,True,True,
repeat=1|base=k7_color6|variant=perm_seed1733,1,k7_color6,perm_seed1733,1,1,UNSATISFIABLE,UNSATISFIABLE,True,True,937,937,837,837,0.002155,0.00214,-1.4999999999999823e-05,True,True,True,True,True,
repeat=1|base=k7_color6|variant=perm_seed1734,1,k7_color6,perm_seed1734,1,1,UNSATISFIABLE,UNSATISFIABLE,True,True,893,893,821,821,0.002237,0.002218,-1.899999999999992e-05,True,True,True,True,True,
repeat=1|base=k7_color6|variant=perm_seed1735,1,k7_color6,perm_seed1735,1,1,UNSATISFIABLE,UNSATISFIABLE,True,True,967,967,866,866,0.00218,0.00238,0.0002000000000000001,True,True,True,True,True,
repeat=1|base=k7_color6|variant=perm_seed1736,1,k7_color6,perm_seed1736,1,1,UNSATISFIABLE,UNSATISFIABLE,True,True,891,891,832,832,0.002289,0.002453,0.00016400000000000008,True,True,True,True,True,
repeat=1|base=k7_color6|variant=perm_seed1737,1,k7_color6,perm_seed1737,1,1,UNSATISFIABLE,UNSATISFIABLE,True,True,935,935,832,832,0.002205,0.002192,-1.299999999999999e-05,True,True,True,True,True,
repeat=1|base=k7_color6|variant=perm_seed1738,1,k7_color6,perm_seed1738,1,1,UNSATISFIABLE,UNSATISFIABLE,True,True,959,959,852,852,0.002321,0.002485,0.00016399999999999965,True,True,True,True,True,
repeat=1|base=k7_color6|variant=perm_seed1739,1,k7_color6,perm_seed1739,1,1,UNSATISFIABLE,UNSATISFIABLE,True,True,889,889,813,813,0.002495,0.002239,-0.0002559999999999997,True,True,True,True,True,
repeat=1|base=k7_color6|variant=perm_seed1740,1,k7_color6,perm_seed1740,1,1,UNSATISFIABLE,UNSATISFIABLE,True,True,938,938,850,850,0.002345,0.002417,7.200000000000002e-05,True,True,True,True,True,
repeat=1|base=k7_color6|variant=perm_seed1741,1,k7_color6,perm_seed1741,1,1,UNSATISFIABLE,UNSATISFIABLE,True,True,998,998,873,873,0.002209,0.002525,0.0003159999999999999,True,True,True,True,True,
repeat=1|base=k7_color6|variant=perm_seed1742,1,k7_color6,perm_seed1742,1,1,UNSATISFIABLE,UNSATISFIABLE,True,True,975,975,865,865,0.002249,0.002136,-0.00011300000000000025,True,True,True,True,True,
repeat=1|base=k7_color6|variant=perm_seed1743,1,k7_color6,perm_seed1743,1,1,UNSATISFIABLE,UNSATISFIABLE,True,True,971,971,852,852,0.002204,0.00212,-8.399999999999987e-05,True,True,True,True,True,
repeat=1|base=k7_color6|variant=perm_seed1744,1,k7_color6,perm_seed1744,1,1,UNSATISFIABLE,UNSATISFIABLE,True,True,912,912,833,833,0.002554,0.002276,-0.00027800000000000004,True,True,True,True,True,
repeat=1|base=k7_color6|variant=perm_seed1745,1,k7_color6,perm_seed1745,1,1,UNSATISFIABLE,UNSATISFIABLE,True,True,967,967,854,854,0.002271,0.002182,-8.90000000000001e-05,True,True,True,True,True,
repeat=1|base=k7_color7|variant=base,1,k7_color7,base,1,1,SATISFIABLE,SATISFIABLE,True,True,23,23,0,0,0.000702,0.000662,-3.9999999999999996e-05,True,True,True,True,True,
repeat=1|base=k7_color7|variant=perm_seed1730,1,k7_color7,perm_seed1730,1,1,SATISFIABLE,SATISFIABLE,True,True,35,35,1,1,0.000661,0.000699,3.799999999999995e-05,True,True,True,True,True,
repeat=1|base=k7_color7|variant=perm_seed1731,1,k7_color7,perm_seed1731,1,1,SATISFIABLE,SATISFIABLE,True,True,36,36,0,0,0.000665,0.000678,1.299999999999999e-05,True,True,True,True,True,
repeat=1|base=k7_color7|variant=perm_seed1732,1,k7_color7,perm_seed1732,1,1,SATISFIABLE,SATISFIABLE,True,True,30,30,0,0,0.000665,0.00075,8.5e-05,True,True,True,True,True,
repeat=1|base=k7_color7|variant=perm_seed1733,1,k7_color7,perm_seed1733,1,1,SATISFIABLE,SATISFIABLE,True,True,39,39,0,0,0.000648,0.000692,4.3999999999999985e-05,True,True,True,True,True,
repeat=1|base=k7_color7|variant=perm_seed1734,1,k7_color7,perm_seed1734,1,1,SATISFIABLE,SATISFIABLE,True,True,38,38,0,0,0.000655,0.000723,6.800000000000003e-05,True,True,True,True,True,
repeat=1|base=k7_color7|variant=perm_seed1735,1,k7_color7,perm_seed1735,1,1,SATISFIABLE,SATISFIABLE,True,True,43,43,14,14,0.000743,0.000702,-4.099999999999991e-05,True,True,True,True,True,
repeat=1|base=k7_color7|variant=perm_seed1736,1,k7_color7,perm_seed1736,1,1,SATISFIABLE,SATISFIABLE,True,True,38,38,5,5,0.000694,0.000667,-2.7000000000000006e-05,True,True,True,True,True,
repeat=1|base=k7_color7|variant=perm_seed1737,1,k7_color7,perm_seed1737,1,1,SATISFIABLE,SATISFIABLE,True,True,32,32,0,0,0.000654,0.000718,6.400000000000004e-05,True,True,True,True,True,
repeat=1|base=k7_color7|variant=perm_seed1738,1,k7_color7,perm_seed1738,1,1,SATISFIABLE,SATISFIABLE,True,True,33,33,0,0,0.000676,0.000687,1.100000000000005e-05,True,True,True,True,True,
repeat=1|base=k7_color7|variant=perm_seed1739,1,k7_color7,perm_seed1739,1,1,SATISFIABLE,SATISFIABLE,True,True,36,36,0,0,0.000636,0.000715,7.900000000000008e-05,True,True,True,True,True,
repeat=1|base=k7_color7|variant=perm_seed1740,1,k7_color7,perm_seed1740,1,1,SATISFIABLE,SATISFIABLE,True,True,32,32,0,0,0.000656,0.000657,1.0000000000000243e-06,True,True,True,True,True,
repeat=1|base=k7_color7|variant=perm_seed1741,1,k7_color7,perm_seed1741,1,1,SATISFIABLE,SATISFIABLE,True,True,36,36,1,1,0.000647,0.00068,3.300000000000004e-05,True,True,True,True,True,
repeat=1|base=k7_color7|variant=perm_seed1742,1,k7_color7,perm_seed1742,1,1,SATISFIABLE,SATISFIABLE,True,True,39,39,3,3,0.000713,0.000685,-2.800000000000003e-05,True,True,True,True,True,
repeat=1|base=k7_color7|variant=perm_seed1743,1,k7_color7,perm_seed1743,1,1,SATISFIABLE,SATISFIABLE,True,True,43,43,9,9,0.000677,0.000688,1.100000000000005e-05,True,True,True,True,True,
repeat=1|base=k7_color7|variant=perm_seed1744,1,k7_color7,perm_seed1744,1,1,SATISFIABLE,SATISFIABLE,True,True,38,38,0,0,0.000645,0.000674,2.9000000000000054e-05,True,True,True,True,True,
repeat=1|base=k7_color7|variant=perm_seed1745,1,k7_color7,perm_seed1745,1,1,SATISFIABLE,SATISFIABLE,True,True,35,35,2,2,0.000654,0.00072,6.600000000000009e-05,True,True,True,True,True,
repeat=1|base=k8_color7|variant=base,1,k8_color7,base,1,1,UNSATISFIABLE,UNSATISFIABLE,True,True,6158,6158,5600,5600,0.020345,0.020997,0.0006519999999999998,True,True,True,True,True,
repeat=1|base=k8_color7|variant=perm_seed1730,1,k8_color7,perm_seed1730,1,1,UNSATISFIABLE,UNSATISFIABLE,True,True,6138,6138,5624,5624,0.018167,0.018636,0.00046900000000000067,True,True,True,True,True,
repeat=1|base=k8_color7|variant=perm_seed1731,1,k8_color7,perm_seed1731,1,1,UNSATISFIABLE,UNSATISFIABLE,True,True,5800,5800,5271,5271,0.014129,0.014428,0.00029900000000000065,True,True,True,True,True,
repeat=1|base=k8_color7|variant=perm_seed1732,1,k8_color7,perm_seed1732,1,1,UNSATISFIABLE,UNSATISFIABLE,True,True,5924,5924,5469,5469,0.018417,0.017716,-0.0007010000000000002,True,True,True,True,True,
repeat=1|base=k8_color7|variant=perm_seed1733,1,k8_color7,perm_seed1733,1,1,UNSATISFIABLE,UNSATISFIABLE,True,True,5998,5998,5468,5468,0.016143,0.016392,0.0002489999999999992,True,True,True,True,True,
repeat=1|base=k8_color7|variant=perm_seed1734,1,k8_color7,perm_seed1734,1,1,UNSATISFIABLE,UNSATISFIABLE,True,True,6065,6065,5514,5514,0.016108,0.016308,0.0001999999999999988,True,True,True,True,True,
repeat=1|base=k8_color7|variant=perm_seed1735,1,k8_color7,perm_seed1735,1,1,UNSATISFIABLE,UNSATISFIABLE,True,True,6386,6386,5811,5811,0.016837,0.016633,-0.0002040000000000028,True,True,True,True,True,
repeat=1|base=k8_color7|variant=perm_seed1736,1,k8_color7,perm_seed1736,1,1,UNSATISFIABLE,UNSATISFIABLE,True,True,6265,6265,5729,5729,0.01832,0.017966,-0.00035400000000000015,True,True,True,True,True,
repeat=1|base=k8_color7|variant=perm_seed1737,1,k8_color7,perm_seed1737,1,1,UNSATISFIABLE,UNSATISFIABLE,True,True,5646,5646,5224,5224,0.016923,0.016752,-0.000171000000000001,True,True,True,True,True,
repeat=1|base=k8_color7|variant=perm_seed1738,1,k8_color7,perm_seed1738,1,1,UNSATISFIABLE,UNSATISFIABLE,True,True,5875,5875,5336,5336,0.016929,0.016198,-0.000730999999999999,True,True,True,True,True,
repeat=1|base=k8_color7|variant=perm_seed1739,1,k8_color7,perm_seed1739,1,1,UNSATISFIABLE,UNSATISFIABLE,True,True,6199,6199,5714,5714,0.020078,0.019763,-0.0003149999999999993,True,True,True,True,True,
repeat=1|base=k8_color7|variant=perm_seed1740,1,k8_color7,perm_seed1740,1,1,UNSATISFIABLE,UNSATISFIABLE,True,True,5664,5664,5199,5199,0.016453,0.016686,0.00023300000000000057,True,True,True,True,True,
repeat=1|base=k8_color7|variant=perm_seed1741,1,k8_color7,perm_seed1741,1,1,UNSATISFIABLE,UNSATISFIABLE,True,True,6125,6125,5545,5545,0.021115,0.019035,-0.0020799999999999985,True,True,True,True,True,
repeat=1|base=k8_color7|variant=perm_seed1742,1,k8_color7,perm_seed1742,1,1,UNSATISFIABLE,UNSATISFIABLE,True,True,5850,5850,5407,5407,0.018011,0.020088,0.0020770000000000025,True,True,True,True,True,
repeat=1|base=k8_color7|variant=perm_seed1743,1,k8_color7,perm_seed1743,1,1,UNSATISFIABLE,UNSATISFIABLE,True,True,6238,6238,5695,5695,0.018522,0.018303,-0.00021900000000000044,True,True,True,True,True,
repeat=1|base=k8_color7|variant=perm_seed1744,1,k8_color7,perm_seed1744,1,1,UNSATISFIABLE,UNSATISFIABLE,True,True,6140,6140,5609,5609,0.017226,0.017143,-8.300000000000321e-05,True,True,True,True,True,
repeat=1|base=k8_color7|variant=perm_seed1745,1,k8_color7,perm_seed1745,1,1,UNSATISFIABLE,UNSATISFIABLE,True,True,5774,5774,5262,5262,0.01851,0.018714,0.0002040000000000028,True,True,True,True,True,
repeat=1|base=k9_color8|variant=base,1,k9_color8,base,1,1,UNSATISFIABLE,UNSATISFIABLE,True,True,46557,46557,43529,43529,0.26058,0.263151,0.0025710000000000455,True,True,True,True,True,
repeat=1|base=k9_color8|variant=perm_seed1730,1,k9_color8,perm_seed1730,1,1,UNSATISFIABLE,UNSATISFIABLE,True,True,39708,39708,36681,36681,0.189432,0.178072,-0.011359999999999981,True,True,True,True,True,
repeat=1|base=k9_color8|variant=perm_seed1731,1,k9_color8,perm_seed1731,1,1,UNSATISFIABLE,UNSATISFIABLE,True,True,47177,47177,43763,43763,0.23463,0.232554,-0.0020759999999999945,True,True,True,True,True,
repeat=1|base=php_exit_all_p10_h9|variant=base,1,php_exit_all_p10_h9,base,1,1,SATISFIABLE,SATISFIABLE,True,True,47,47,0,0,0.000975,0.000963,-1.1999999999999966e-05,True,True,True,True,True,
repeat=1|base=php_exit_all_p10_h9|variant=perm_seed1730,1,php_exit_all_p10_h9,perm_seed1730,1,1,SATISFIABLE,SATISFIABLE,True,True,82,82,5,5,0.000967,0.000972,5.000000000000013e-06,True,True,True,True,True,
repeat=1|base=php_exit_all_p10_h9|variant=perm_seed1731,1,php_exit_all_p10_h9,perm_seed1731,1,1,SATISFIABLE,SATISFIABLE,True,True,70,70,1,1,0.000921,0.000956,3.499999999999998e-05,True,True,True,True,True,
repeat=1|base=php_exit_all_p10_h9|variant=perm_seed1732,1,php_exit_all_p10_h9,perm_seed1732,1,1,SATISFIABLE,SATISFIABLE,True,True,77,77,2,2,0.001003,0.00097,-3.2999999999999935e-05,True,True,True,True,True,
repeat=1|base=php_exit_all_p10_h9|variant=perm_seed1733,1,php_exit_all_p10_h9,perm_seed1733,1,1,SATISFIABLE,SATISFIABLE,True,True,75,75,1,1,0.000989,0.001088,9.899999999999991e-05,True,True,True,True,True,
repeat=1|base=php_exit_all_p10_h9|variant=perm_seed1734,1,php_exit_all_p10_h9,perm_seed1734,1,1,SATISFIABLE,SATISFIABLE,True,True,77,77,7,7,0.001036,0.001024,-1.2000000000000075e-05,True,True,True,True,True,
repeat=1|base=php_exit_all_p10_h9|variant=perm_seed1735,1,php_exit_all_p10_h9,perm_seed1735,1,1,SATISFIABLE,SATISFIABLE,True,True,91,91,17,17,0.001075,0.001073,-2.0000000000000486e-06,True,True,True,True,True,
repeat=1|base=php_exit_all_p10_h9|variant=perm_seed1736,1,php_exit_all_p10_h9,perm_seed1736,1,1,SATISFIABLE,SATISFIABLE,True,True,71,71,1,1,0.000969,0.000999,3.000000000000008e-05,True,True,True,True,True,
repeat=1|base=php_exit_all_p10_h9|variant=perm_seed1737,1,php_exit_all_p10_h9,perm_seed1737,1,1,SATISFIABLE,SATISFIABLE,True,True,79,79,1,1,0.000968,0.001007,3.900000000000008e-05,True,True,True,True,True,
repeat=1|base=php_exit_all_p10_h9|variant=perm_seed1738,1,php_exit_all_p10_h9,perm_seed1738,1,1,SATISFIABLE,SATISFIABLE,True,True,144,144,62,62,0.001077,0.001068,-9.00000000000011e-06,True,True,True,True,True,
repeat=1|base=php_exit_all_p10_h9|variant=perm_seed1739,1,php_exit_all_p10_h9,perm_seed1739,1,1,SATISFIABLE,SATISFIABLE,True,True,71,71,1,1,0.000939,0.000951,1.2000000000000075e-05,True,True,True,True,True,
repeat=1|base=php_exit_all_p10_h9|variant=perm_seed1740,1,php_exit_all_p10_h9,perm_seed1740,1,1,SATISFIABLE,SATISFIABLE,True,True,64,64,0,0,0.000959,0.001004,4.49999999999999e-05,True,True,True,True,True,
repeat=1|base=php_exit_all_p10_h9|variant=perm_seed1741,1,php_exit_all_p10_h9,perm_seed1741,1,1,SATISFIABLE,SATISFIABLE,True,True,69,69,0,0,0.000915,0.000956,4.100000000000002e-05,True,True,True,True,True,
repeat=1|base=php_exit_all_p10_h9|variant=perm_seed1742,1,php_exit_all_p10_h9,perm_seed1742,1,1,SATISFIABLE,SATISFIABLE,True,True,89,89,17,17,0.000969,0.001133,0.00016399999999999987,True,True,True,True,True,
repeat=1|base=php_exit_all_p10_h9|variant=perm_seed1743,1,php_exit_all_p10_h9,perm_seed1743,1,1,SATISFIABLE,SATISFIABLE,True,True,211,211,131,131,0.001318,0.00132,2.0000000000000486e-06,True,True,True,True,True,
repeat=1|base=php_exit_all_p10_h9|variant=perm_seed1744,1,php_exit_all_p10_h9,perm_seed1744,1,1,SATISFIABLE,SATISFIABLE,True,True,123,123,48,48,0.001084,0.001201,0.00011700000000000013,True,True,True,True,True,
repeat=1|base=php_exit_all_p10_h9|variant=perm_seed1745,1,php_exit_all_p10_h9,perm_seed1745,1,1,SATISFIABLE,SATISFIABLE,True,True,146,146,71,71,0.001138,0.001191,5.3000000000000096e-05,True,True,True,True,True,
repeat=1|base=php_exit_all_p5_h4|variant=base,1,php_exit_all_p5_h4,base,1,1,SATISFIABLE,SATISFIABLE,True,True,12,12,0,0,0.000615,0.000633,1.8000000000000004e-05,True,True,True,True,True,
repeat=1|base=php_exit_all_p5_h4|variant=perm_seed1730,1,php_exit_all_p5_h4,perm_seed1730,1,1,SATISFIABLE,SATISFIABLE,True,True,12,12,0,0,0.000637,0.000631,-5.999999999999929e-06,True,True,True,True,True,
repeat=1|base=php_exit_all_p5_h4|variant=perm_seed1731,1,php_exit_all_p5_h4,perm_seed1731,1,1,SATISFIABLE,SATISFIABLE,True,True,16,16,1,1,0.000602,0.000601,-1.0000000000000243e-06,True,True,True,True,True,
repeat=1|base=php_exit_all_p6_h5|variant=base,1,php_exit_all_p6_h5,base,1,1,SATISFIABLE,SATISFIABLE,True,True,17,17,0,0,0.000685,0.00066,-2.4999999999999957e-05,True,True,True,True,True,
repeat=1|base=php_exit_all_p6_h5|variant=perm_seed1730,1,php_exit_all_p6_h5,perm_seed1730,1,1,SATISFIABLE,SATISFIABLE,True,True,23,23,0,0,0.000629,0.000697,6.800000000000003e-05,True,True,True,True,True,
repeat=1|base=php_exit_all_p6_h5|variant=perm_seed1731,1,php_exit_all_p6_h5,perm_seed1731,1,1,SATISFIABLE,SATISFIABLE,True,True,21,21,0,0,0.000664,0.000647,-1.699999999999998e-05,True,True,True,True,True,
repeat=1|base=php_exit_all_p6_h5|variant=perm_seed1732,1,php_exit_all_p6_h5,perm_seed1732,1,1,SATISFIABLE,SATISFIABLE,True,True,26,26,3,3,0.000659,0.000642,-1.699999999999998e-05,True,True,True,True,True,
repeat=1|base=php_exit_all_p6_h5|variant=perm_seed1733,1,php_exit_all_p6_h5,perm_seed1733,1,1,SATISFIABLE,SATISFIABLE,True,True,22,22,0,0,0.000633,0.000704,7.099999999999999e-05,True,True,True,True,True,
repeat=1|base=php_exit_all_p6_h5|variant=perm_seed1734,1,php_exit_all_p6_h5,perm_seed1734,1,1,SATISFIABLE,SATISFIABLE,True,True,21,21,1,1,0.000632,0.000668,3.600000000000001e-05,True,True,True,True,True,
repeat=1|base=php_exit_all_p6_h5|variant=perm_seed1735,1,php_exit_all_p6_h5,perm_seed1735,1,1,SATISFIABLE,SATISFIABLE,True,True,24,24,1,1,0.000671,0.000696,2.4999999999999957e-05,True,True,True,True,True,
repeat=1|base=php_exit_all_p6_h5|variant=perm_seed1736,1,php_exit_all_p6_h5,perm_seed1736,1,1,SATISFIABLE,SATISFIABLE,True,True,26,26,2,2,0.000697,0.000669,-2.800000000000003e-05,True,True,True,True,True,
repeat=1|base=php_exit_all_p6_h5|variant=perm_seed1737,1,php_exit_all_p6_h5,perm_seed1737,1,1,SATISFIABLE,SATISFIABLE,True,True,21,21,0,0,0.000698,0.000786,8.799999999999997e-05,True,True,True,True,True,
repeat=1|base=php_exit_all_p6_h5|variant=perm_seed1738,1,php_exit_all_p6_h5,perm_seed1738,1,1,SATISFIABLE,SATISFIABLE,True,True,22,22,2,2,0.000637,0.000806,0.000169,True,True,True,True,True,
repeat=1|base=php_exit_all_p6_h5|variant=perm_seed1739,1,php_exit_all_p6_h5,perm_seed1739,1,1,SATISFIABLE,SATISFIABLE,True,True,21,21,0,0,0.000713,0.000734,2.099999999999997e-05,True,True,True,True,True,
repeat=1|base=php_exit_all_p6_h5|variant=perm_seed1740,1,php_exit_all_p6_h5,perm_seed1740,1,1,SATISFIABLE,SATISFIABLE,True,True,21,21,0,0,0.000829,0.000689,-0.00013999999999999993,True,True,True,True,True,
repeat=1|base=php_exit_all_p6_h5|variant=perm_seed1741,1,php_exit_all_p6_h5,perm_seed1741,1,1,SATISFIABLE,SATISFIABLE,True,True,25,25,3,3,0.000699,0.000701,2.0000000000000486e-06,True,True,True,True,True,
repeat=1|base=php_exit_all_p6_h5|variant=perm_seed1742,1,php_exit_all_p6_h5,perm_seed1742,1,1,SATISFIABLE,SATISFIABLE,True,True,25,25,1,1,0.000795,0.000669,-0.00012600000000000003,True,True,True,True,True,
repeat=1|base=php_exit_all_p6_h5|variant=perm_seed1743,1,php_exit_all_p6_h5,perm_seed1743,1,1,SATISFIABLE,SATISFIABLE,True,True,61,61,37,37,0.000754,0.000769,1.500000000000004e-05,True,True,True,True,True,
repeat=1|base=php_exit_all_p6_h5|variant=perm_seed1744,1,php_exit_all_p6_h5,perm_seed1744,1,1,SATISFIABLE,SATISFIABLE,True,True,22,22,0,0,0.00069,0.000656,-3.399999999999996e-05,True,True,True,True,True,
repeat=1|base=php_exit_all_p6_h5|variant=perm_seed1745,1,php_exit_all_p6_h5,perm_seed1745,1,1,SATISFIABLE,SATISFIABLE,True,True,20,20,0,0,0.000647,0.000625,-2.1999999999999993e-05,True,True,True,True,True,
repeat=1|base=php_exit_all_p7_h6|variant=base,1,php_exit_all_p7_h6,base,1,1,SATISFIABLE,SATISFIABLE,True,True,23,23,0,0,0.000693,0.000731,3.799999999999995e-05,True,True,True,True,True,
repeat=1|base=php_exit_all_p7_h6|variant=perm_seed1730,1,php_exit_all_p7_h6,perm_seed1730,1,1,SATISFIABLE,SATISFIABLE,True,True,39,39,12,12,0.000794,0.000738,-5.599999999999995e-05,True,True,True,True,True,
repeat=1|base=php_exit_all_p7_h6|variant=perm_seed1731,1,php_exit_all_p7_h6,perm_seed1731,1,1,SATISFIABLE,SATISFIABLE,True,True,37,37,2,2,0.000711,0.000709,-2.0000000000000486e-06,True,True,True,True,True,
repeat=1|base=php_exit_all_p7_h6|variant=perm_seed1732,1,php_exit_all_p7_h6,perm_seed1732,1,1,SATISFIABLE,SATISFIABLE,True,True,41,41,8,8,0.000785,0.0007,-8.5e-05,True,True,True,True,True,
repeat=1|base=php_exit_all_p7_h6|variant=perm_seed1733,1,php_exit_all_p7_h6,perm_seed1733,1,1,SATISFIABLE,SATISFIABLE,True,True,35,35,1,1,0.000731,0.000708,-2.3000000000000017e-05,True,True,True,True,True,
repeat=1|base=php_exit_all_p7_h6|variant=perm_seed1734,1,php_exit_all_p7_h6,perm_seed1734,1,1,SATISFIABLE,SATISFIABLE,True,True,41,41,6,6,0.000709,0.000743,3.399999999999996e-05,True,True,True,True,True,
repeat=1|base=php_exit_all_p7_h6|variant=perm_seed1735,1,php_exit_all_p7_h6,perm_seed1735,1,1,SATISFIABLE,SATISFIABLE,True,True,32,32,0,0,0.000706,0.000866,0.00015999999999999999,True,True,True,True,True,
repeat=1|base=php_exit_all_p7_h6|variant=perm_seed1736,1,php_exit_all_p7_h6,perm_seed1736,1,1,SATISFIABLE,SATISFIABLE,True,True,33,33,1,1,0.000671,0.000704,3.2999999999999935e-05,True,True,True,True,True,
repeat=1|base=php_exit_all_p7_h6|variant=perm_seed1737,1,php_exit_all_p7_h6,perm_seed1737,1,1,SATISFIABLE,SATISFIABLE,True,True,37,37,1,1,0.000899,0.000724,-0.00017499999999999992,True,True,True,True,True,
repeat=1|base=php_exit_all_p7_h6|variant=perm_seed1738,1,php_exit_all_p7_h6,perm_seed1738,1,1,SATISFIABLE,SATISFIABLE,True,True,66,66,41,41,0.000742,0.000816,7.399999999999996e-05,True,True,True,True,True,
repeat=1|base=php_exit_all_p7_h6|variant=perm_seed1739,1,php_exit_all_p7_h6,perm_seed1739,1,1,SATISFIABLE,SATISFIABLE,True,True,34,34,1,1,0.000781,0.00086,7.899999999999997e-05,True,True,True,True,True,
repeat=1|base=php_exit_all_p7_h6|variant=perm_seed1740,1,php_exit_all_p7_h6,perm_seed1740,1,1,SATISFIABLE,SATISFIABLE,True,True,29,29,0,0,0.000722,0.000748,2.599999999999998e-05,True,True,True,True,True,
repeat=1|base=php_exit_all_p7_h6|variant=perm_seed1741,1,php_exit_all_p7_h6,perm_seed1741,1,1,SATISFIABLE,SATISFIABLE,True,True,32,32,0,0,0.00073,0.000728,-1.99999999999994e-06,True,True,True,True,True,
repeat=1|base=php_exit_all_p7_h6|variant=perm_seed1742,1,php_exit_all_p7_h6,perm_seed1742,1,1,SATISFIABLE,SATISFIABLE,True,True,35,35,3,3,0.000703,0.000686,-1.699999999999998e-05,True,True,True,True,True,
repeat=1|base=php_exit_all_p7_h6|variant=perm_seed1743,1,php_exit_all_p7_h6,perm_seed1743,1,1,SATISFIABLE,SATISFIABLE,True,True,33,33,0,0,0.000695,0.000749,5.400000000000001e-05,True,True,True,True,True,
repeat=1|base=php_exit_all_p7_h6|variant=perm_seed1744,1,php_exit_all_p7_h6,perm_seed1744,1,1,SATISFIABLE,SATISFIABLE,True,True,36,36,4,4,0.000736,0.000769,3.300000000000004e-05,True,True,True,True,True,
repeat=1|base=php_exit_all_p7_h6|variant=perm_seed1745,1,php_exit_all_p7_h6,perm_seed1745,1,1,SATISFIABLE,SATISFIABLE,True,True,29,29,0,0,0.000673,0.000735,6.199999999999999e-05,True,True,True,True,True,
repeat=1|base=php_exit_all_p8_h7|variant=base,1,php_exit_all_p8_h7,base,1,1,SATISFIABLE,SATISFIABLE,True,True,30,30,0,0,0.000857,0.000812,-4.500000000000001e-05,True,True,True,True,True,
repeat=1|base=php_exit_all_p8_h7|variant=perm_seed1730,1,php_exit_all_p8_h7,perm_seed1730,1,1,SATISFIABLE,SATISFIABLE,True,True,39,39,0,0,0.000789,0.000861,7.200000000000002e-05,True,True,True,True,True,
repeat=1|base=php_exit_all_p8_h7|variant=perm_seed1731,1,php_exit_all_p8_h7,perm_seed1731,1,1,SATISFIABLE,SATISFIABLE,True,True,56,56,7,7,0.000797,0.000859,6.199999999999999e-05,True,True,True,True,True,
repeat=1|base=php_exit_all_p8_h7|variant=perm_seed1732,1,php_exit_all_p8_h7,perm_seed1732,1,1,SATISFIABLE,SATISFIABLE,True,True,38,38,0,0,0.000744,0.000885,0.00014100000000000007,True,True,True,True,True,
repeat=1|base=php_exit_all_p8_h7|variant=perm_seed1733,1,php_exit_all_p8_h7,perm_seed1733,1,1,SATISFIABLE,SATISFIABLE,True,True,44,44,3,3,0.000748,0.000855,0.000107,True,True,True,True,True,
repeat=1|base=php_exit_all_p8_h7|variant=perm_seed1734,1,php_exit_all_p8_h7,perm_seed1734,1,1,SATISFIABLE,SATISFIABLE,True,True,37,37,1,1,0.000835,0.000792,-4.300000000000007e-05,True,True,True,True,True,
repeat=1|base=php_exit_all_p8_h7|variant=perm_seed1735,1,php_exit_all_p8_h7,perm_seed1735,1,1,SATISFIABLE,SATISFIABLE,True,True,65,65,23,23,0.000818,0.000791,-2.7000000000000006e-05,True,True,True,True,True,
repeat=1|base=php_exit_all_p8_h7|variant=perm_seed1736,1,php_exit_all_p8_h7,perm_seed1736,1,1,SATISFIABLE,SATISFIABLE,True,True,42,42,0,0,0.000781,0.000748,-3.300000000000004e-05,True,True,True,True,True,
repeat=1|base=php_exit_all_p8_h7|variant=perm_seed1737,1,php_exit_all_p8_h7,perm_seed1737,1,1,SATISFIABLE,SATISFIABLE,True,True,46,46,1,1,0.000751,0.000737,-1.4000000000000015e-05,True,True,True,True,True,
repeat=1|base=php_exit_all_p8_h7|variant=perm_seed1738,1,php_exit_all_p8_h7,perm_seed1738,1,1,SATISFIABLE,SATISFIABLE,True,True,44,44,3,3,0.000781,0.000835,5.400000000000001e-05,True,True,True,True,True,
repeat=1|base=php_exit_all_p8_h7|variant=perm_seed1739,1,php_exit_all_p8_h7,perm_seed1739,1,1,SATISFIABLE,SATISFIABLE,True,True,95,95,60,60,0.000868,0.000894,2.600000000000009e-05,True,True,True,True,True,
repeat=1|base=php_exit_all_p8_h7|variant=perm_seed1740,1,php_exit_all_p8_h7,perm_seed1740,1,1,SATISFIABLE,SATISFIABLE,True,True,47,47,1,1,0.000843,0.000752,-9.100000000000004e-05,True,True,True,True,True,
repeat=1|base=php_exit_all_p8_h7|variant=perm_seed1741,1,php_exit_all_p8_h7,perm_seed1741,1,1,SATISFIABLE,SATISFIABLE,True,True,226,226,173,173,0.001054,0.001049,-5.000000000000013e-06,True,True,True,True,True,
repeat=1|base=php_exit_all_p8_h7|variant=perm_seed1742,1,php_exit_all_p8_h7,perm_seed1742,1,1,SATISFIABLE,SATISFIABLE,True,True,49,49,1,1,0.000738,0.000801,6.29999999999999e-05,True,True,True,True,True,
repeat=1|base=php_exit_all_p8_h7|variant=perm_seed1743,1,php_exit_all_p8_h7,perm_seed1743,1,1,SATISFIABLE,SATISFIABLE,True,True,70,70,26,26,0.000777,0.000812,3.499999999999998e-05,True,True,True,True,True,
repeat=1|base=php_exit_all_p8_h7|variant=perm_seed1744,1,php_exit_all_p8_h7,perm_seed1744,1,1,SATISFIABLE,SATISFIABLE,True,True,40,40,0,0,0.000733,0.000808,7.499999999999998e-05,True,True,True,True,True,
repeat=1|base=php_exit_all_p8_h7|variant=perm_seed1745,1,php_exit_all_p8_h7,perm_seed1745,1,1,SATISFIABLE,SATISFIABLE,True,True,41,41,0,0,0.000707,0.000762,5.5000000000000036e-05,True,True,True,True,True,
repeat=1|base=php_exit_all_p9_h8|variant=base,1,php_exit_all_p9_h8,base,1,1,SATISFIABLE,SATISFIABLE,True,True,38,38,0,0,0.000956,0.000811,-0.00014500000000000006,True,True,True,True,True,
repeat=1|base=php_exit_all_p9_h8|variant=perm_seed1730,1,php_exit_all_p9_h8,perm_seed1730,1,1,SATISFIABLE,SATISFIABLE,True,True,50,50,0,0,0.000841,0.000837,-3.999999999999989e-06,True,True,True,True,True,
repeat=1|base=php_exit_all_p9_h8|variant=perm_seed1731,1,php_exit_all_p9_h8,perm_seed1731,1,1,SATISFIABLE,SATISFIABLE,True,True,58,58,1,1,0.000882,0.000895,1.299999999999999e-05,True,True,True,True,True,
repeat=1|base=php_exit_all_p9_h8|variant=perm_seed1732,1,php_exit_all_p9_h8,perm_seed1732,1,1,SATISFIABLE,SATISFIABLE,True,True,283,283,217,217,0.001305,0.001344,3.899999999999997e-05,True,True,True,True,True,
repeat=1|base=php_exit_all_p9_h8|variant=perm_seed1733,1,php_exit_all_p9_h8,perm_seed1733,1,1,SATISFIABLE,SATISFIABLE,True,True,136,136,79,79,0.001035,0.001076,4.100000000000002e-05,True,True,True,True,True,
repeat=1|base=php_exit_all_p9_h8|variant=perm_seed1734,1,php_exit_all_p9_h8,perm_seed1734,1,1,SATISFIABLE,SATISFIABLE,True,True,61,61,1,1,0.000841,0.000899,5.8e-05,True,True,True,True,True,
repeat=1|base=php_exit_all_p9_h8|variant=perm_seed1735,1,php_exit_all_p9_h8,perm_seed1735,1,1,SATISFIABLE,SATISFIABLE,True,True,79,79,18,18,0.000932,0.000901,-3.0999999999999995e-05,True,True,True,True,True,
repeat=1|base=php_exit_all_p9_h8|variant=perm_seed1736,1,php_exit_all_p9_h8,perm_seed1736,1,1,SATISFIABLE,SATISFIABLE,True,True,54,54,0,0,0.00084,0.00171,0.0008699999999999999,True,True,True,True,True,
repeat=1|base=php_exit_all_p9_h8|variant=perm_seed1737,1,php_exit_all_p9_h8,perm_seed1737,1,1,SATISFIABLE,SATISFIABLE,True,True,82,82,20,20,0.001126,0.001081,-4.500000000000012e-05,True,True,True,True,True,
repeat=1|base=php_exit_all_p9_h8|variant=perm_seed1738,1,php_exit_all_p9_h8,perm_seed1738,1,1,SATISFIABLE,SATISFIABLE,True,True,356,356,279,279,0.001911,0.002048,0.00013699999999999997,True,True,True,True,True,
repeat=1|base=php_exit_all_p9_h8|variant=perm_seed1739,1,php_exit_all_p9_h8,perm_seed1739,1,1,SATISFIABLE,SATISFIABLE,True,True,61,61,4,4,0.001817,0.000897,-0.00092,True,True,True,True,True,
repeat=1|base=php_exit_all_p9_h8|variant=perm_seed1740,1,php_exit_all_p9_h8,perm_seed1740,1,1,SATISFIABLE,SATISFIABLE,True,True,60,60,2,2,0.000972,0.000909,-6.300000000000001e-05,True,True,True,True,True,
repeat=1|base=php_exit_all_p9_h8|variant=perm_seed1741,1,php_exit_all_p9_h8,perm_seed1741,1,1,SATISFIABLE,SATISFIABLE,True,True,63,63,6,6,0.000881,0.000894,1.3000000000000099e-05,True,True,True,True,True,
repeat=1|base=php_exit_all_p9_h8|variant=perm_seed1742,1,php_exit_all_p9_h8,perm_seed1742,1,1,SATISFIABLE,SATISFIABLE,True,True,57,57,1,1,0.000836,0.000955,0.00011899999999999997,True,True,True,True,True,
repeat=1|base=php_exit_all_p9_h8|variant=perm_seed1743,1,php_exit_all_p9_h8,perm_seed1743,1,1,SATISFIABLE,SATISFIABLE,True,True,60,60,2,2,0.000878,0.000933,5.5000000000000036e-05,True,True,True,True,True,
repeat=1|base=php_exit_all_p9_h8|variant=perm_seed1744,1,php_exit_all_p9_h8,perm_seed1744,1,1,SATISFIABLE,SATISFIABLE,True,True,55,55,0,0,0.000902,0.001005,0.00010300000000000001,True,True,True,True,True,
repeat=1|base=php_exit_all_p9_h8|variant=perm_seed1745,1,php_exit_all_p9_h8,perm_seed1745,1,1,SATISFIABLE,SATISFIABLE,True,True,59,59,1,1,0.000885,0.00088,-5.000000000000013e-06,True,True,True,True,True,
repeat=1|base=php_exit_single_p10_h9|variant=base,1,php_exit_single_p10_h9,base,1,1,SATISFIABLE,SATISFIABLE,True,True,38,38,0,0,0.000887,0.000863,-2.3999999999999933e-05,True,True,True,True,True,
repeat=1|base=php_exit_single_p10_h9|variant=perm_seed1730,1,php_exit_single_p10_h9,perm_seed1730,1,1,SATISFIABLE,SATISFIABLE,True,True,63,63,0,0,0.00089,0.000856,-3.399999999999996e-05,True,True,True,True,True,
repeat=1|base=php_exit_single_p10_h9|variant=perm_seed1731,1,php_exit_single_p10_h9,perm_seed1731,1,1,SATISFIABLE,SATISFIABLE,True,True,64,64,0,0,0.000825,0.000875,5.000000000000002e-05,True,True,True,True,True,
repeat=1|base=php_exit_single_p10_h9|variant=perm_seed1732,1,php_exit_single_p10_h9,perm_seed1732,1,1,SATISFIABLE,SATISFIABLE,True,True,82,82,22,22,0.000906,0.000908,1.99999999999994e-06,True,True,True,True,True,
repeat=1|base=php_exit_single_p10_h9|variant=perm_seed1733,1,php_exit_single_p10_h9,perm_seed1733,1,1,SATISFIABLE,SATISFIABLE,True,True,59,59,1,1,0.000843,0.000885,4.2000000000000045e-05,True,True,True,True,True,
repeat=1|base=php_exit_single_p10_h9|variant=perm_seed1734,1,php_exit_single_p10_h9,perm_seed1734,1,1,SATISFIABLE,SATISFIABLE,True,True,65,65,1,1,0.000894,0.000881,-1.3000000000000099e-05,True,True,True,True,True,
repeat=1|base=php_exit_single_p10_h9|variant=perm_seed1735,1,php_exit_single_p10_h9,perm_seed1735,1,1,SATISFIABLE,SATISFIABLE,True,True,181,181,104,104,0.001031,0.001025,-5.999999999999929e-06,True,True,True,True,True,
repeat=1|base=php_exit_single_p10_h9|variant=perm_seed1736,1,php_exit_single_p10_h9,perm_seed1736,1,1,SATISFIABLE,SATISFIABLE,True,True,62,62,0,0,0.000854,0.000835,-1.9000000000000028e-05,True,True,True,True,True,
repeat=1|base=php_exit_single_p10_h9|variant=perm_seed1737,1,php_exit_single_p10_h9,perm_seed1737,1,1,SATISFIABLE,SATISFIABLE,True,True,107,107,39,39,0.000903,0.000922,1.899999999999992e-05,True,True,True,True,True,
repeat=1|base=php_exit_single_p10_h9|variant=perm_seed1738,1,php_exit_single_p10_h9,perm_seed1738,1,1,SATISFIABLE,SATISFIABLE,True,True,67,67,7,7,0.000839,0.000915,7.6e-05,True,True,True,True,True,
repeat=1|base=php_exit_single_p10_h9|variant=perm_seed1739,1,php_exit_single_p10_h9,perm_seed1739,1,1,SATISFIABLE,SATISFIABLE,True,True,59,59,0,0,0.00085,0.000859,9.000000000000002e-06,True,True,True,True,True,
repeat=1|base=php_exit_single_p10_h9|variant=perm_seed1740,1,php_exit_single_p10_h9,perm_seed1740,1,1,SATISFIABLE,SATISFIABLE,True,True,60,60,6,6,0.000948,0.000947,-9.999999999999159e-07,True,True,True,True,True,
repeat=1|base=php_exit_single_p10_h9|variant=perm_seed1741,1,php_exit_single_p10_h9,perm_seed1741,1,1,SATISFIABLE,SATISFIABLE,True,True,59,59,1,1,0.000822,0.000893,7.099999999999999e-05,True,True,True,True,True,
repeat=1|base=php_exit_single_p10_h9|variant=perm_seed1742,1,php_exit_single_p10_h9,perm_seed1742,1,1,SATISFIABLE,SATISFIABLE,True,True,64,64,2,2,0.000857,0.000861,3.999999999999989e-06,True,True,True,True,True,
repeat=1|base=php_exit_single_p10_h9|variant=perm_seed1743,1,php_exit_single_p10_h9,perm_seed1743,1,1,SATISFIABLE,SATISFIABLE,True,True,57,57,0,0,0.000831,0.000838,6.999999999999953e-06,True,True,True,True,True,
repeat=1|base=php_exit_single_p10_h9|variant=perm_seed1744,1,php_exit_single_p10_h9,perm_seed1744,1,1,SATISFIABLE,SATISFIABLE,True,True,54,54,0,0,0.000936,0.000918,-1.8000000000000004e-05,True,True,True,True,True,
repeat=1|base=php_exit_single_p10_h9|variant=perm_seed1745,1,php_exit_single_p10_h9,perm_seed1745,1,1,SATISFIABLE,SATISFIABLE,True,True,69,69,9,9,0.000866,0.000891,2.4999999999999957e-05,True,True,True,True,True,
repeat=1|base=php_exit_single_p11_h10|variant=base,1,php_exit_single_p11_h10,base,1,1,SATISFIABLE,SATISFIABLE,True,True,47,47,0,0,0.000945,0.001152,0.00020700000000000004,True,True,True,True,True,
repeat=1|base=php_exit_single_p11_h10|variant=perm_seed1730,1,php_exit_single_p11_h10,perm_seed1730,1,1,SATISFIABLE,SATISFIABLE,True,True,79,79,0,0,0.000943,0.001065,0.00012199999999999993,True,True,True,True,True,
repeat=1|base=php_exit_single_p11_h10|variant=perm_seed1731,1,php_exit_single_p11_h10,perm_seed1731,1,1,SATISFIABLE,SATISFIABLE,True,True,77,77,0,0,0.000975,0.001079,0.00010400000000000014,True,True,True,True,True,
repeat=1|base=php_exit_single_p11_h10|variant=perm_seed1732,1,php_exit_single_p11_h10,perm_seed1732,1,1,SATISFIABLE,SATISFIABLE,True,True,89,89,12,12,0.001026,0.00107,4.3999999999999985e-05,True,True,True,True,True,
repeat=1|base=php_exit_single_p11_h10|variant=perm_seed1733,1,php_exit_single_p11_h10,perm_seed1733,1,1,SATISFIABLE,SATISFIABLE,True,True,79,79,0,0,0.000937,0.001004,6.69999999999999e-05,True,True,True,True,True,
repeat=1|base=php_exit_single_p11_h10|variant=perm_seed1734,1,php_exit_single_p11_h10,perm_seed1734,1,1,SATISFIABLE,SATISFIABLE,True,True,161,161,85,85,0.0011,0.001157,5.6999999999999976e-05,True,True,True,True,True,
repeat=1|base=php_exit_single_p11_h10|variant=perm_seed1735,1,php_exit_single_p11_h10,perm_seed1735,1,1,SATISFIABLE,SATISFIABLE,True,True,77,77,0,0,0.001014,0.001006,-7.999999999999978e-06,True,True,True,True,True,
repeat=1|base=php_exit_single_p11_h10|variant=perm_seed1736,1,php_exit_single_p11_h10,perm_seed1736,1,1,SATISFIABLE,SATISFIABLE,True,True,87,87,9,9,0.00098,0.000984,4.000000000000097e-06,True,True,True,True,True,
repeat=1|base=php_exit_single_p11_h10|variant=perm_seed1737,1,php_exit_single_p11_h10,perm_seed1737,1,1,SATISFIABLE,SATISFIABLE,True,True,72,72,0,0,0.00098,0.000995,1.500000000000004e-05,True,True,True,True,True,
repeat=1|base=php_exit_single_p11_h10|variant=perm_seed1738,1,php_exit_single_p11_h10,perm_seed1738,1,1,SATISFIABLE,SATISFIABLE,True,True,72,72,0,0,0.000916,0.000949,3.2999999999999935e-05,True,True,True,True,True,
repeat=1|base=php_exit_single_p11_h10|variant=perm_seed1739,1,php_exit_single_p11_h10,perm_seed1739,1,1,SATISFIABLE,SATISFIABLE,True,True,77,77,4,4,0.001007,0.000946,-6.100000000000007e-05,True,True,True,True,True,
repeat=1|base=php_exit_single_p11_h10|variant=perm_seed1740,1,php_exit_single_p11_h10,perm_seed1740,1,1,SATISFIABLE,SATISFIABLE,True,True,92,92,15,15,0.001009,0.000953,-5.599999999999995e-05,True,True,True,True,True,
repeat=1|base=php_exit_single_p11_h10|variant=perm_seed1741,1,php_exit_single_p11_h10,perm_seed1741,1,1,SATISFIABLE,SATISFIABLE,True,True,78,78,2,2,0.001091,0.001062,-2.8999999999999946e-05,True,True,True,True,True,
repeat=1|base=php_exit_single_p11_h10|variant=perm_seed1742,1,php_exit_single_p11_h10,perm_seed1742,1,1,SATISFIABLE,SATISFIABLE,True,True,72,72,0,0,0.00098,0.001047,6.7e-05,True,True,True,True,True,
repeat=1|base=php_exit_single_p11_h10|variant=perm_seed1743,1,php_exit_single_p11_h10,perm_seed1743,1,1,SATISFIABLE,SATISFIABLE,True,True,77,77,0,0,0.00096,0.000966,5.999999999999929e-06,True,True,True,True,True,
repeat=1|base=php_exit_single_p11_h10|variant=perm_seed1744,1,php_exit_single_p11_h10,perm_seed1744,1,1,SATISFIABLE,SATISFIABLE,True,True,73,73,0,0,0.000989,0.001051,6.199999999999999e-05,True,True,True,True,True,
repeat=1|base=php_exit_single_p11_h10|variant=perm_seed1745,1,php_exit_single_p11_h10,perm_seed1745,1,1,SATISFIABLE,SATISFIABLE,True,True,81,81,2,2,0.001004,0.000955,-4.899999999999989e-05,True,True,True,True,True,
repeat=1|base=php_exit_single_p12_h11|variant=base,1,php_exit_single_p12_h11,base,1,1,SATISFIABLE,SATISFIABLE,True,True,57,57,0,0,0.001166,0.001111,-5.499999999999993e-05,True,True,True,True,True,
repeat=1|base=php_exit_single_p12_h11|variant=perm_seed1730,1,php_exit_single_p12_h11,perm_seed1730,1,1,SATISFIABLE,SATISFIABLE,True,True,101,101,1,1,0.001147,0.001161,1.3999999999999907e-05,True,True,True,True,True,
repeat=1|base=php_exit_single_p12_h11|variant=perm_seed1731,1,php_exit_single_p12_h11,perm_seed1731,1,1,SATISFIABLE,SATISFIABLE,True,True,98,98,1,1,0.001218,0.001186,-3.199999999999991e-05,True,True,True,True,True,
repeat=1|base=php_exit_single_p12_h11|variant=perm_seed1732,1,php_exit_single_p12_h11,perm_seed1732,1,1,SATISFIABLE,SATISFIABLE,True,True,112,112,22,22,0.001581,0.001262,-0.00031899999999999984,True,True,True,True,True,
repeat=1|base=php_exit_single_p12_h11|variant=perm_seed1733,1,php_exit_single_p12_h11,perm_seed1733,1,1,SATISFIABLE,SATISFIABLE,True,True,96,96,1,1,0.001252,0.001209,-4.300000000000007e-05,True,True,True,True,True,
repeat=1|base=php_exit_single_p12_h11|variant=perm_seed1734,1,php_exit_single_p12_h11,perm_seed1734,1,1,SATISFIABLE,SATISFIABLE,True,True,113,113,19,19,0.001237,0.001175,-6.199999999999999e-05,True,True,True,True,True,
repeat=1|base=php_exit_single_p12_h11|variant=perm_seed1735,1,php_exit_single_p12_h11,perm_seed1735,1,1,SATISFIABLE,SATISFIABLE,True,True,107,107,12,12,0.001186,0.001144,-4.199999999999994e-05,True,True,True,True,True,
repeat=1|base=php_exit_single_p12_h11|variant=perm_seed1736,1,php_exit_single_p12_h11,perm_seed1736,1,1,SATISFIABLE,SATISFIABLE,True,True,95,95,0,0,0.001168,0.00123,6.199999999999999e-05,True,True,True,True,True,
repeat=1|base=php_exit_single_p12_h11|variant=perm_seed1737,1,php_exit_single_p12_h11,perm_seed1737,1,1,SATISFIABLE,SATISFIABLE,True,True,101,101,2,2,0.001221,0.001106,-0.00011500000000000008,True,True,True,True,True,
repeat=1|base=php_exit_single_p12_h11|variant=perm_seed1738,1,php_exit_single_p12_h11,perm_seed1738,1,1,SATISFIABLE,SATISFIABLE,True,True,129,129,38,38,0.001198,0.001276,7.799999999999994e-05,True,True,True,True,True,
repeat=1|base=php_exit_single_p12_h11|variant=perm_seed1739,1,php_exit_single_p12_h11,perm_seed1739,1,1,SATISFIABLE,SATISFIABLE,True,True,91,91,0,0,0.001123,0.001075,-4.800000000000008e-05,True,True,True,True,True,
repeat=1|base=php_exit_single_p12_h11|variant=perm_seed1740,1,php_exit_single_p12_h11,perm_seed1740,1,1,SATISFIABLE,SATISFIABLE,True,True,97,97,0,0,0.001058,0.00114,8.200000000000004e-05,True,True,True,True,True,
repeat=1|base=php_exit_single_p12_h11|variant=perm_seed1741,1,php_exit_single_p12_h11,perm_seed1741,1,1,SATISFIABLE,SATISFIABLE,True,True,89,89,0,0,0.001178,0.001139,-3.899999999999997e-05,True,True,True,True,True,
repeat=1|base=php_exit_single_p12_h11|variant=perm_seed1742,1,php_exit_single_p12_h11,perm_seed1742,1,1,SATISFIABLE,SATISFIABLE,True,True,96,96,9,9,0.001212,0.001161,-5.100000000000005e-05,True,True,True,True,True,
repeat=1|base=php_exit_single_p12_h11|variant=perm_seed1743,1,php_exit_single_p12_h11,perm_seed1743,1,1,SATISFIABLE,SATISFIABLE,True,True,94,94,1,1,0.001172,0.001235,6.29999999999999e-05,True,True,True,True,True,
repeat=1|base=php_exit_single_p12_h11|variant=perm_seed1744,1,php_exit_single_p12_h11,perm_seed1744,1,1,SATISFIABLE,SATISFIABLE,True,True,95,95,1,1,0.00121,0.001291,8.100000000000013e-05,True,True,True,True,True,
repeat=1|base=php_exit_single_p12_h11|variant=perm_seed1745,1,php_exit_single_p12_h11,perm_seed1745,1,1,SATISFIABLE,SATISFIABLE,True,True,92,92,1,1,0.00123,0.001106,-0.00012399999999999998,True,True,True,True,True,
repeat=1|base=php_exit_single_p5_h4|variant=base,1,php_exit_single_p5_h4,base,1,1,SATISFIABLE,SATISFIABLE,True,True,1,1,0,0,0.000903,0.000736,-0.00016700000000000005,True,True,True,True,True,
repeat=1|base=php_exit_single_p5_h4|variant=perm_seed1730,1,php_exit_single_p5_h4,perm_seed1730,1,1,SATISFIABLE,SATISFIABLE,True,True,1,1,0,0,0.000677,0.00068,3.000000000000073e-06,True,True,True,True,True,
repeat=1|base=php_exit_single_p5_h4|variant=perm_seed1731,1,php_exit_single_p5_h4,perm_seed1731,1,1,SATISFIABLE,SATISFIABLE,True,True,1,1,0,0,0.000672,0.00066,-1.1999999999999966e-05,True,True,True,True,True,
repeat=1|base=php_exit_single_p6_h5|variant=base,1,php_exit_single_p6_h5,base,1,1,SATISFIABLE,SATISFIABLE,True,True,12,12,0,0,0.000649,0.00068,3.10000000000001e-05,True,True,True,True,True,
repeat=1|base=php_exit_single_p6_h5|variant=perm_seed1730,1,php_exit_single_p6_h5,perm_seed1730,1,1,SATISFIABLE,SATISFIABLE,True,True,18,18,0,0,0.00064,0.000693,5.299999999999999e-05,True,True,True,True,True,
repeat=1|base=php_exit_single_p6_h5|variant=perm_seed1731,1,php_exit_single_p6_h5,perm_seed1731,1,1,SATISFIABLE,SATISFIABLE,True,True,16,16,0,0,0.000761,0.000617,-0.00014399999999999992,True,True,True,True,True,
repeat=1|base=php_exit_single_p6_h5|variant=perm_seed1732,1,php_exit_single_p6_h5,perm_seed1732,1,1,SATISFIABLE,SATISFIABLE,True,True,16,16,1,1,0.00066,0.000684,2.400000000000004e-05,True,True,True,True,True,
repeat=1|base=php_exit_single_p6_h5|variant=perm_seed1733,1,php_exit_single_p6_h5,perm_seed1733,1,1,SATISFIABLE,SATISFIABLE,True,True,14,14,0,0,0.000644,0.000751,0.000107,True,True,True,True,True,
repeat=1|base=php_exit_single_p6_h5|variant=perm_seed1734,1,php_exit_single_p6_h5,perm_seed1734,1,1,SATISFIABLE,SATISFIABLE,True,True,14,14,0,0,0.000651,0.000668,1.699999999999998e-05,True,True,True,True,True,
repeat=1|base=php_exit_single_p6_h5|variant=perm_seed1735,1,php_exit_single_p6_h5,perm_seed1735,1,1,SATISFIABLE,SATISFIABLE,True,True,17,17,2,2,0.00065,0.000637,-1.299999999999999e-05,True,True,True,True,True,
repeat=1|base=php_exit_single_p6_h5|variant=perm_seed1736,1,php_exit_single_p6_h5,perm_seed1736,1,1,SATISFIABLE,SATISFIABLE,True,True,18,18,2,2,0.000626,0.000638,1.1999999999999966e-05,True,True,True,True,True,
repeat=1|base=php_exit_single_p6_h5|variant=perm_seed1737,1,php_exit_single_p6_h5,perm_seed1737,1,1,SATISFIABLE,SATISFIABLE,True,True,17,17,1,1,0.000619,0.000644,2.5000000000000066e-05,True,True,True,True,True,
repeat=1|base=php_exit_single_p6_h5|variant=perm_seed1738,1,php_exit_single_p6_h5,perm_seed1738,1,1,SATISFIABLE,SATISFIABLE,True,True,16,16,0,0,0.000664,0.000654,-1.0000000000000026e-05,True,True,True,True,True,
repeat=1|base=php_exit_single_p6_h5|variant=perm_seed1739,1,php_exit_single_p6_h5,perm_seed1739,1,1,SATISFIABLE,SATISFIABLE,True,True,13,13,0,0,0.000627,0.000634,7.000000000000062e-06,True,True,True,True,True,
repeat=1|base=php_exit_single_p6_h5|variant=perm_seed1740,1,php_exit_single_p6_h5,perm_seed1740,1,1,SATISFIABLE,SATISFIABLE,True,True,14,14,0,0,0.000603,0.000616,1.299999999999999e-05,True,True,True,True,True,
repeat=1|base=php_exit_single_p6_h5|variant=perm_seed1741,1,php_exit_single_p6_h5,perm_seed1741,1,1,SATISFIABLE,SATISFIABLE,True,True,18,18,2,2,0.000606,0.000637,3.0999999999999995e-05,True,True,True,True,True,
repeat=1|base=php_exit_single_p6_h5|variant=perm_seed1742,1,php_exit_single_p6_h5,perm_seed1742,1,1,SATISFIABLE,SATISFIABLE,True,True,14,14,0,0,0.000703,0.000655,-4.7999999999999974e-05,True,True,True,True,True,
repeat=1|base=php_exit_single_p6_h5|variant=perm_seed1743,1,php_exit_single_p6_h5,perm_seed1743,1,1,SATISFIABLE,SATISFIABLE,True,True,17,17,1,1,0.000614,0.000661,4.700000000000006e-05,True,True,True,True,True,
repeat=1|base=php_exit_single_p6_h5|variant=perm_seed1744,1,php_exit_single_p6_h5,perm_seed1744,1,1,SATISFIABLE,SATISFIABLE,True,True,16,16,0,0,0.000623,0.000608,-1.4999999999999931e-05,True,True,True,True,True,
repeat=1|base=php_exit_single_p6_h5|variant=perm_seed1745,1,php_exit_single_p6_h5,perm_seed1745,1,1,SATISFIABLE,SATISFIABLE,True,True,19,19,3,3,0.000636,0.000644,8.000000000000086e-06,True,True,True,True,True,
repeat=1|base=php_exit_single_p7_h6|variant=base,1,php_exit_single_p7_h6,base,1,1,SATISFIABLE,SATISFIABLE,True,True,17,17,0,0,0.000653,0.000688,3.499999999999998e-05,True,True,True,True,True,
repeat=1|base=php_exit_single_p7_h6|variant=perm_seed1730,1,php_exit_single_p7_h6,perm_seed1730,1,1,SATISFIABLE,SATISFIABLE,True,True,22,22,0,0,0.000639,0.000777,0.000138,True,True,True,True,True,
repeat=1|base=php_exit_single_p7_h6|variant=perm_seed1731,1,php_exit_single_p7_h6,perm_seed1731,1,1,SATISFIABLE,SATISFIABLE,True,True,28,28,5,5,0.000669,0.000675,6.000000000000037e-06,True,True,True,True,True,
repeat=1|base=php_exit_single_p7_h6|variant=perm_seed1732,1,php_exit_single_p7_h6,perm_seed1732,1,1,SATISFIABLE,SATISFIABLE,True,True,24,24,0,0,0.000686,0.000771,8.5e-05,True,True,True,True,True,
repeat=1|base=php_exit_single_p7_h6|variant=perm_seed1733,1,php_exit_single_p7_h6,perm_seed1733,1,1,SATISFIABLE,SATISFIABLE,True,True,32,32,11,11,0.000714,0.000684,-2.999999999999997e-05,True,True,True,True,True,
repeat=1|base=php_exit_single_p7_h6|variant=perm_seed1734,1,php_exit_single_p7_h6,perm_seed1734,1,1,SATISFIABLE,SATISFIABLE,True,True,25,25,0,0,0.000664,0.000676,1.1999999999999966e-05,True,True,True,True,True,
repeat=1|base=php_exit_single_p7_h6|variant=perm_seed1735,1,php_exit_single_p7_h6,perm_seed1735,1,1,SATISFIABLE,SATISFIABLE,True,True,23,23,3,3,0.000673,0.000662,-1.0999999999999942e-05,True,True,True,True,True,
repeat=1|base=php_exit_single_p7_h6|variant=perm_seed1736,1,php_exit_single_p7_h6,perm_seed1736,1,1,SATISFIABLE,SATISFIABLE,True,True,21,21,0,0,0.000634,0.000668,3.399999999999996e-05,True,True,True,True,True,
repeat=1|base=php_exit_single_p7_h6|variant=perm_seed1737,1,php_exit_single_p7_h6,perm_seed1737,1,1,SATISFIABLE,SATISFIABLE,True,True,21,21,0,0,0.000649,0.000669,2.0000000000000052e-05,True,True,True,True,True,
repeat=1|base=php_exit_single_p7_h6|variant=perm_seed1738,1,php_exit_single_p7_h6,perm_seed1738,1,1,SATISFIABLE,SATISFIABLE,True,True,25,25,0,0,0.00071,0.000719,9.000000000000002e-06,True,True,True,True,True,
repeat=1|base=php_exit_single_p7_h6|variant=perm_seed1739,1,php_exit_single_p7_h6,perm_seed1739,1,1,SATISFIABLE,SATISFIABLE,True,True,27,27,1,1,0.000644,0.000709,6.499999999999995e-05,True,True,True,True,True,
repeat=1|base=php_exit_single_p7_h6|variant=perm_seed1740,1,php_exit_single_p7_h6,perm_seed1740,1,1,SATISFIABLE,SATISFIABLE,True,True,25,25,0,0,0.00076,0.000697,-6.300000000000001e-05,True,True,True,True,True,
repeat=1|base=php_exit_single_p7_h6|variant=perm_seed1741,1,php_exit_single_p7_h6,perm_seed1741,1,1,SATISFIABLE,SATISFIABLE,True,True,24,24,1,1,0.000725,0.000704,-2.099999999999997e-05,True,True,True,True,True,
repeat=1|base=php_exit_single_p7_h6|variant=perm_seed1742,1,php_exit_single_p7_h6,perm_seed1742,1,1,SATISFIABLE,SATISFIABLE,True,True,26,26,1,1,0.000678,0.000684,6.000000000000037e-06,True,True,True,True,True,
repeat=1|base=php_exit_single_p7_h6|variant=perm_seed1743,1,php_exit_single_p7_h6,perm_seed1743,1,1,SATISFIABLE,SATISFIABLE,True,True,23,23,0,0,0.000655,0.000673,1.8000000000000004e-05,True,True,True,True,True,
repeat=1|base=php_exit_single_p7_h6|variant=perm_seed1744,1,php_exit_single_p7_h6,perm_seed1744,1,1,SATISFIABLE,SATISFIABLE,True,True,23,23,0,0,0.000659,0.00072,6.100000000000007e-05,True,True,True,True,True,
repeat=1|base=php_exit_single_p7_h6|variant=perm_seed1745,1,php_exit_single_p7_h6,perm_seed1745,1,1,SATISFIABLE,SATISFIABLE,True,True,20,20,0,0,0.00064,0.000664,2.3999999999999933e-05,True,True,True,True,True,
repeat=1|base=php_exit_single_p8_h7|variant=base,1,php_exit_single_p8_h7,base,1,1,SATISFIABLE,SATISFIABLE,True,True,23,23,0,0,0.000674,0.000698,2.400000000000004e-05,True,True,True,True,True,
repeat=1|base=php_exit_single_p8_h7|variant=perm_seed1730,1,php_exit_single_p8_h7,perm_seed1730,1,1,SATISFIABLE,SATISFIABLE,True,True,35,35,1,1,0.000659,0.000723,6.400000000000004e-05,True,True,True,True,True,
repeat=1|base=php_exit_single_p8_h7|variant=perm_seed1731,1,php_exit_single_p8_h7,perm_seed1731,1,1,SATISFIABLE,SATISFIABLE,True,True,33,33,0,0,0.000709,0.000753,4.3999999999999985e-05,True,True,True,True,True,
repeat=1|base=php_exit_single_p8_h7|variant=perm_seed1732,1,php_exit_single_p8_h7,perm_seed1732,1,1,SATISFIABLE,SATISFIABLE,True,True,31,31,0,0,0.00068,0.000709,2.8999999999999946e-05,True,True,True,True,True,
repeat=1|base=php_exit_single_p8_h7|variant=perm_seed1733,1,php_exit_single_p8_h7,perm_seed1733,1,1,SATISFIABLE,SATISFIABLE,True,True,37,37,5,5,0.000743,0.000716,-2.7000000000000006e-05,True,True,True,True,True,
repeat=1|base=php_exit_single_p8_h7|variant=perm_seed1734,1,php_exit_single_p8_h7,perm_seed1734,1,1,SATISFIABLE,SATISFIABLE,True,True,35,35,0,0,0.000668,0.00079,0.00012200000000000004,True,True,True,True,True,
repeat=1|base=php_exit_single_p8_h7|variant=perm_seed1735,1,php_exit_single_p8_h7,perm_seed1735,1,1,SATISFIABLE,SATISFIABLE,True,True,30,30,0,0,0.000744,0.00071,-3.399999999999996e-05,True,True,True,True,True,
repeat=1|base=php_exit_single_p8_h7|variant=perm_seed1736,1,php_exit_single_p8_h7,perm_seed1736,1,1,SATISFIABLE,SATISFIABLE,True,True,36,36,1,1,0.000817,0.000754,-6.300000000000001e-05,True,True,True,True,True,
repeat=1|base=php_exit_single_p8_h7|variant=perm_seed1737,1,php_exit_single_p8_h7,perm_seed1737,1,1,SATISFIABLE,SATISFIABLE,True,True,36,36,2,2,0.000691,0.000699,7.999999999999978e-06,True,True,True,True,True,
repeat=1|base=php_exit_single_p8_h7|variant=perm_seed1738,1,php_exit_single_p8_h7,perm_seed1738,1,1,SATISFIABLE,SATISFIABLE,True,True,35,35,0,0,0.000701,0.000738,3.700000000000003e-05,True,True,True,True,True,
repeat=1|base=php_exit_single_p8_h7|variant=perm_seed1739,1,php_exit_single_p8_h7,perm_seed1739,1,1,SATISFIABLE,SATISFIABLE,True,True,36,36,2,2,0.00074,0.000896,0.000156,True,True,True,True,True,
repeat=1|base=php_exit_single_p8_h7|variant=perm_seed1740,1,php_exit_single_p8_h7,perm_seed1740,1,1,SATISFIABLE,SATISFIABLE,True,True,34,34,1,1,0.000758,0.000772,1.4000000000000015e-05,True,True,True,True,True,
repeat=1|base=php_exit_single_p8_h7|variant=perm_seed1741,1,php_exit_single_p8_h7,perm_seed1741,1,1,SATISFIABLE,SATISFIABLE,True,True,38,38,2,2,0.000768,0.000714,-5.400000000000001e-05,True,True,True,True,True,
repeat=1|base=php_exit_single_p8_h7|variant=perm_seed1742,1,php_exit_single_p8_h7,perm_seed1742,1,1,SATISFIABLE,SATISFIABLE,True,True,32,32,0,0,0.000738,0.000733,-5.000000000000013e-06,True,True,True,True,True,
repeat=1|base=php_exit_single_p8_h7|variant=perm_seed1743,1,php_exit_single_p8_h7,perm_seed1743,1,1,SATISFIABLE,SATISFIABLE,True,True,37,37,0,0,0.000715,0.000729,1.4000000000000015e-05,True,True,True,True,True,
repeat=1|base=php_exit_single_p8_h7|variant=perm_seed1744,1,php_exit_single_p8_h7,perm_seed1744,1,1,SATISFIABLE,SATISFIABLE,True,True,33,33,0,0,0.000703,0.000732,2.9000000000000054e-05,True,True,True,True,True,
repeat=1|base=php_exit_single_p8_h7|variant=perm_seed1745,1,php_exit_single_p8_h7,perm_seed1745,1,1,SATISFIABLE,SATISFIABLE,True,True,36,36,0,0,0.000686,0.000814,0.00012800000000000008,True,True,True,True,True,
repeat=1|base=php_exit_single_p9_h8|variant=base,1,php_exit_single_p9_h8,base,1,1,SATISFIABLE,SATISFIABLE,True,True,30,30,0,0,0.000733,0.000831,9.8e-05,True,True,True,True,True,
repeat=1|base=php_exit_single_p9_h8|variant=perm_seed1730,1,php_exit_single_p9_h8,perm_seed1730,1,1,SATISFIABLE,SATISFIABLE,True,True,47,47,0,0,0.000742,0.000871,0.000129,True,True,True,True,True,
repeat=1|base=php_exit_single_p9_h8|variant=perm_seed1731,1,php_exit_single_p9_h8,perm_seed1731,1,1,SATISFIABLE,SATISFIABLE,True,True,41,41,0,0,0.000826,0.000924,9.8e-05,True,True,True,True,True,
repeat=1|base=php_exit_single_p9_h8|variant=perm_seed1732,1,php_exit_single_p9_h8,perm_seed1732,1,1,SATISFIABLE,SATISFIABLE,True,True,42,42,0,0,0.000804,0.000847,4.299999999999996e-05,True,True,True,True,True,
repeat=1|base=php_exit_single_p9_h8|variant=perm_seed1733,1,php_exit_single_p9_h8,perm_seed1733,1,1,SATISFIABLE,SATISFIABLE,True,True,51,51,6,6,0.000777,0.000792,1.4999999999999931e-05,True,True,True,True,True,
repeat=1|base=php_exit_single_p9_h8|variant=perm_seed1734,1,php_exit_single_p9_h8,perm_seed1734,1,1,SATISFIABLE,SATISFIABLE,True,True,51,51,3,3,0.000846,0.000808,-3.799999999999995e-05,True,True,True,True,True,
repeat=1|base=php_exit_single_p9_h8|variant=perm_seed1735,1,php_exit_single_p9_h8,perm_seed1735,1,1,SATISFIABLE,SATISFIABLE,True,True,46,46,0,0,0.000728,0.000818,9.000000000000002e-05,True,True,True,True,True,
repeat=1|base=php_exit_single_p9_h8|variant=perm_seed1736,1,php_exit_single_p9_h8,perm_seed1736,1,1,SATISFIABLE,SATISFIABLE,True,True,56,56,7,7,0.000822,0.000837,1.4999999999999931e-05,True,True,True,True,True,
repeat=1|base=php_exit_single_p9_h8|variant=perm_seed1737,1,php_exit_single_p9_h8,perm_seed1737,1,1,SATISFIABLE,SATISFIABLE,True,True,51,51,1,1,0.000759,0.000795,3.600000000000001e-05,True,True,True,True,True,
repeat=1|base=php_exit_single_p9_h8|variant=perm_seed1738,1,php_exit_single_p9_h8,perm_seed1738,1,1,SATISFIABLE,SATISFIABLE,True,True,47,47,0,0,0.000768,0.000786,1.8000000000000004e-05,True,True,True,True,True,
repeat=1|base=php_exit_single_p9_h8|variant=perm_seed1739,1,php_exit_single_p9_h8,perm_seed1739,1,1,SATISFIABLE,SATISFIABLE,True,True,45,45,0,0,0.000762,0.000862,0.00010000000000000005,True,True,True,True,True,
repeat=1|base=php_exit_single_p9_h8|variant=perm_seed1740,1,php_exit_single_p9_h8,perm_seed1740,1,1,SATISFIABLE,SATISFIABLE,True,True,50,50,1,1,0.000769,0.000793,2.3999999999999933e-05,True,True,True,True,True,
repeat=1|base=php_exit_single_p9_h8|variant=perm_seed1741,1,php_exit_single_p9_h8,perm_seed1741,1,1,SATISFIABLE,SATISFIABLE,True,True,48,48,0,0,0.00079,0.000777,-1.299999999999999e-05,True,True,True,True,True,
repeat=1|base=php_exit_single_p9_h8|variant=perm_seed1742,1,php_exit_single_p9_h8,perm_seed1742,1,1,SATISFIABLE,SATISFIABLE,True,True,44,44,0,0,0.000781,0.000776,-5.000000000000013e-06,True,True,True,True,True,
repeat=1|base=php_exit_single_p9_h8|variant=perm_seed1743,1,php_exit_single_p9_h8,perm_seed1743,1,1,SATISFIABLE,SATISFIABLE,True,True,48,48,4,4,0.000775,0.000843,6.800000000000003e-05,True,True,True,True,True,
repeat=1|base=php_exit_single_p9_h8|variant=perm_seed1744,1,php_exit_single_p9_h8,perm_seed1744,1,1,SATISFIABLE,SATISFIABLE,True,True,43,43,0,0,0.000781,0.000778,-2.9999999999999645e-06,True,True,True,True,True,
repeat=1|base=php_exit_single_p9_h8|variant=perm_seed1745,1,php_exit_single_p9_h8,perm_seed1745,1,1,SATISFIABLE,SATISFIABLE,True,True,38,38,0,0,0.00078,0.000771,-9.000000000000002e-06,True,True,True,True,True,
repeat=1|base=php_p10_h9|variant=base,1,php_p10_h9,base,1,1,INDETERMINATE,INDETERMINATE,False,False,106998,106998,100000,100000,0.703496,0.665881,-0.037615000000000065,True,True,True,True,True,
repeat=1|base=php_p10_h9|variant=perm_seed1730,1,php_p10_h9,perm_seed1730,1,1,INDETERMINATE,INDETERMINATE,False,False,108712,108712,100000,100000,0.761118,0.719843,-0.04127499999999995,True,True,True,True,True,
repeat=1|base=php_p10_h9|variant=perm_seed1731,1,php_p10_h9,perm_seed1731,1,1,INDETERMINATE,INDETERMINATE,False,False,108604,108604,100000,100000,0.75578,0.722542,-0.03323799999999999,True,True,True,True,True,
repeat=1|base=php_p10_h9|variant=perm_seed1732,1,php_p10_h9,perm_seed1732,1,1,INDETERMINATE,INDETERMINATE,False,False,107346,107346,100000,100000,0.773341,0.728849,-0.044491999999999976,True,True,True,True,True,
repeat=1|base=php_p10_h9|variant=perm_seed1733,1,php_p10_h9,perm_seed1733,1,1,INDETERMINATE,INDETERMINATE,False,False,107344,107344,100000,100000,0.787895,0.772239,-0.015656000000000003,True,True,True,True,True,
repeat=1|base=php_p10_h9|variant=perm_seed1734,1,php_p10_h9,perm_seed1734,1,1,INDETERMINATE,INDETERMINATE,False,False,107511,107511,100000,100000,0.76464,0.751123,-0.013517000000000001,True,True,True,True,True,
repeat=1|base=php_p10_h9|variant=perm_seed1735,1,php_p10_h9,perm_seed1735,1,1,INDETERMINATE,INDETERMINATE,False,False,107093,107093,100000,100000,0.796861,0.788254,-0.008607000000000031,True,True,True,True,True,
repeat=1|base=php_p10_h9|variant=perm_seed1736,1,php_p10_h9,perm_seed1736,1,1,INDETERMINATE,INDETERMINATE,False,False,107229,107229,100000,100000,0.784674,0.77132,-0.013353999999999977,True,True,True,True,True,
repeat=1|base=php_p10_h9|variant=perm_seed1737,1,php_p10_h9,perm_seed1737,1,1,INDETERMINATE,INDETERMINATE,False,False,107325,107325,100000,100000,0.724764,0.70728,-0.017483999999999944,True,True,True,True,True,
repeat=1|base=php_p10_h9|variant=perm_seed1738,1,php_p10_h9,perm_seed1738,1,1,INDETERMINATE,INDETERMINATE,False,False,107855,107855,100000,100000,0.810451,0.796706,-0.013745000000000007,True,True,True,True,True,
repeat=1|base=php_p10_h9|variant=perm_seed1739,1,php_p10_h9,perm_seed1739,1,1,INDETERMINATE,INDETERMINATE,False,False,106975,106975,100000,100000,0.826983,0.814678,-0.01230500000000001,True,True,True,True,True,
repeat=1|base=php_p10_h9|variant=perm_seed1740,1,php_p10_h9,perm_seed1740,1,1,INDETERMINATE,INDETERMINATE,False,False,107594,107594,100000,100000,0.703036,0.687852,-0.015183999999999975,True,True,True,True,True,
repeat=1|base=php_p10_h9|variant=perm_seed1741,1,php_p10_h9,perm_seed1741,1,1,INDETERMINATE,INDETERMINATE,False,False,106975,106975,100000,100000,0.853916,0.839817,-0.014098999999999973,True,True,True,True,True,
repeat=1|base=php_p10_h9|variant=perm_seed1742,1,php_p10_h9,perm_seed1742,1,1,INDETERMINATE,INDETERMINATE,False,False,107320,107320,100000,100000,0.759446,0.743704,-0.015741999999999923,True,True,True,True,True,
repeat=1|base=php_p10_h9|variant=perm_seed1743,1,php_p10_h9,perm_seed1743,1,1,INDETERMINATE,INDETERMINATE,False,False,108021,108021,100000,100000,0.732379,0.720727,-0.011651999999999996,True,True,True,True,True,
repeat=1|base=php_p10_h9|variant=perm_seed1744,1,php_p10_h9,perm_seed1744,1,1,INDETERMINATE,INDETERMINATE,False,False,107975,107975,100000,100000,0.770312,0.758873,-0.011438999999999977,True,True,True,True,True,
repeat=1|base=php_p10_h9|variant=perm_seed1745,1,php_p10_h9,perm_seed1745,1,1,INDETERMINATE,INDETERMINATE,False,False,108365,108365,100000,100000,0.82464,0.751132,-0.07350800000000002,True,True,True,True,True,
repeat=1|base=php_p11_h10|variant=base,1,php_p11_h10,base,1,1,INDETERMINATE,INDETERMINATE,False,False,107295,107295,100000,100000,0.765482,0.828874,0.063392,True,True,True,True,True,
repeat=1|base=php_p11_h10|variant=perm_seed1730,1,php_p11_h10,perm_seed1730,1,1,INDETERMINATE,INDETERMINATE,False,False,108118,108118,100000,100000,0.811561,0.82806,0.01649900000000004,True,True,True,True,True,
repeat=1|base=php_p11_h10|variant=perm_seed1731,1,php_p11_h10,perm_seed1731,1,1,INDETERMINATE,INDETERMINATE,False,False,108317,108317,100000,100000,0.870163,0.775082,-0.09508099999999997,True,True,True,True,True,
repeat=1|base=php_p11_h10|variant=perm_seed1732,1,php_p11_h10,perm_seed1732,1,1,INDETERMINATE,INDETERMINATE,False,False,108287,108287,100000,100000,0.986048,0.89516,-0.09088800000000008,True,True,True,True,True,
repeat=1|base=php_p11_h10|variant=perm_seed1733,1,php_p11_h10,perm_seed1733,1,1,INDETERMINATE,INDETERMINATE,False,False,108348,108348,100000,100000,0.837141,0.830724,-0.006417000000000006,True,True,True,True,True,
repeat=1|base=php_p11_h10|variant=perm_seed1734,1,php_p11_h10,perm_seed1734,1,1,INDETERMINATE,INDETERMINATE,False,False,108435,108435,100000,100000,0.914975,0.908826,-0.00614899999999996,True,True,True,True,True,
repeat=1|base=php_p11_h10|variant=perm_seed1735,1,php_p11_h10,perm_seed1735,1,1,INDETERMINATE,INDETERMINATE,False,False,108526,108526,100000,100000,0.795012,0.786455,-0.008557000000000037,True,True,True,True,True,
repeat=1|base=php_p11_h10|variant=perm_seed1736,1,php_p11_h10,perm_seed1736,1,1,INDETERMINATE,INDETERMINATE,False,False,109355,109355,100000,100000,0.887041,0.884364,-0.0026769999999999294,True,True,True,True,True,
repeat=1|base=php_p11_h10|variant=perm_seed1737,1,php_p11_h10,perm_seed1737,1,1,INDETERMINATE,INDETERMINATE,False,False,109231,109231,100000,100000,0.720726,0.704267,-0.016459,True,True,True,True,True,
repeat=1|base=php_p11_h10|variant=perm_seed1738,1,php_p11_h10,perm_seed1738,1,1,INDETERMINATE,INDETERMINATE,False,False,108531,108531,100000,100000,0.69321,0.67881,-0.014399999999999968,True,True,True,True,True,
repeat=1|base=php_p11_h10|variant=perm_seed1739,1,php_p11_h10,perm_seed1739,1,1,INDETERMINATE,INDETERMINATE,False,False,107705,107705,100000,100000,0.76613,0.7513,-0.01483000000000001,True,True,True,True,True,
repeat=1|base=php_p11_h10|variant=perm_seed1740,1,php_p11_h10,perm_seed1740,1,1,INDETERMINATE,INDETERMINATE,False,False,108987,108987,100000,100000,0.783754,0.77622,-0.00753399999999993,True,True,True,True,True,
repeat=1|base=php_p11_h10|variant=perm_seed1741,1,php_p11_h10,perm_seed1741,1,1,INDETERMINATE,INDETERMINATE,False,False,108655,108655,100000,100000,0.77046,0.755759,-0.014701000000000075,True,True,True,True,True,
repeat=1|base=php_p11_h10|variant=perm_seed1742,1,php_p11_h10,perm_seed1742,1,1,INDETERMINATE,INDETERMINATE,False,False,108058,108058,100000,100000,0.824923,0.811774,-0.013148999999999966,True,True,True,True,True,
repeat=1|base=php_p11_h10|variant=perm_seed1743,1,php_p11_h10,perm_seed1743,1,1,INDETERMINATE,INDETERMINATE,False,False,110183,110183,100000,100000,0.816792,0.805543,-0.011248999999999953,True,True,True,True,True,
repeat=1|base=php_p11_h10|variant=perm_seed1744,1,php_p11_h10,perm_seed1744,1,1,INDETERMINATE,INDETERMINATE,False,False,108986,108986,100000,100000,0.823007,0.81501,-0.007997000000000032,True,True,True,True,True,
repeat=1|base=php_p11_h10|variant=perm_seed1745,1,php_p11_h10,perm_seed1745,1,1,INDETERMINATE,INDETERMINATE,False,False,109438,109438,100000,100000,0.728873,0.726365,-0.0025079999999999547,True,True,True,True,True,
repeat=1|base=php_p12_h11|variant=base,1,php_p12_h11,base,1,1,INDETERMINATE,INDETERMINATE,False,False,107140,107140,100000,100000,0.942089,0.942769,0.0006800000000000139,True,True,True,True,True,
repeat=1|base=php_p12_h11|variant=perm_seed1730,1,php_p12_h11,perm_seed1730,1,1,INDETERMINATE,INDETERMINATE,False,False,109473,109473,100000,100000,0.697012,0.703589,0.006577000000000055,True,True,True,True,True,
repeat=1|base=php_p12_h11|variant=perm_seed1731,1,php_p12_h11,perm_seed1731,1,1,INDETERMINATE,INDETERMINATE,False,False,109822,109822,100000,100000,0.740439,0.741021,0.0005820000000000825,True,True,True,True,True,
repeat=1|base=php_p12_h11|variant=perm_seed1732,1,php_p12_h11,perm_seed1732,1,1,INDETERMINATE,INDETERMINATE,False,False,111198,111198,100000,100000,0.68372,0.692937,0.00921700000000003,True,True,True,True,True,
repeat=1|base=php_p12_h11|variant=perm_seed1733,1,php_p12_h11,perm_seed1733,1,1,INDETERMINATE,INDETERMINATE,False,False,110823,110823,100000,100000,0.96202,0.947685,-0.014334999999999987,True,True,True,True,True,
repeat=1|base=php_p12_h11|variant=perm_seed1734,1,php_p12_h11,perm_seed1734,1,1,INDETERMINATE,INDETERMINATE,False,False,109424,109424,100000,100000,0.861817,0.85005,-0.011767000000000083,True,True,True,True,True,
repeat=1|base=php_p12_h11|variant=perm_seed1735,1,php_p12_h11,perm_seed1735,1,1,INDETERMINATE,INDETERMINATE,False,False,112838,112838,100000,100000,0.646796,0.64296,-0.0038360000000000616,True,True,True,True,True,
repeat=1|base=php_p12_h11|variant=perm_seed1736,1,php_p12_h11,perm_seed1736,1,1,INDETERMINATE,INDETERMINATE,False,False,108906,108906,100000,100000,0.788774,0.784682,-0.0040919999999999845,True,True,True,True,True,
repeat=1|base=php_p12_h11|variant=perm_seed1737,1,php_p12_h11,perm_seed1737,1,1,INDETERMINATE,INDETERMINATE,False,False,109485,109485,100000,100000,0.71143,0.710662,-0.0007679999999999909,True,True,True,True,True,
repeat=1|base=php_p12_h11|variant=perm_seed1738,1,php_p12_h11,perm_seed1738,1,1,INDETERMINATE,INDETERMINATE,False,False,110631,110631,100000,100000,0.657945,0.660388,0.002442999999999973,True,True,True,True,True,
repeat=1|base=php_p12_h11|variant=perm_seed1739,1,php_p12_h11,perm_seed1739,1,1,INDETERMINATE,INDETERMINATE,False,False,111060,111060,100000,100000,0.697974,0.715903,0.017928999999999973,True,True,True,True,True,
repeat=1|base=php_p12_h11|variant=perm_seed1740,1,php_p12_h11,perm_seed1740,1,1,INDETERMINATE,INDETERMINATE,False,False,109383,109383,100000,100000,0.714176,0.721937,0.007761000000000018,True,True,True,True,True,
repeat=1|base=php_p12_h11|variant=perm_seed1741,1,php_p12_h11,perm_seed1741,1,1,INDETERMINATE,INDETERMINATE,False,False,109124,109124,100000,100000,0.732001,0.6947,-0.03730100000000003,True,True,True,True,True,
repeat=1|base=php_p12_h11|variant=perm_seed1742,1,php_p12_h11,perm_seed1742,1,1,INDETERMINATE,INDETERMINATE,False,False,108813,108813,100000,100000,0.828565,0.846279,0.017714000000000008,True,True,True,True,True,
repeat=1|base=php_p12_h11|variant=perm_seed1743,1,php_p12_h11,perm_seed1743,1,1,INDETERMINATE,INDETERMINATE,False,False,111576,111576,100000,100000,0.701158,0.713743,0.012585000000000068,True,True,True,True,True,
repeat=1|base=php_p12_h11|variant=perm_seed1744,1,php_p12_h11,perm_seed1744,1,1,INDETERMINATE,INDETERMINATE,False,False,109975,109975,100000,100000,0.71316,0.731968,0.018807999999999936,True,True,True,True,True,
repeat=1|base=php_p12_h11|variant=perm_seed1745,1,php_p12_h11,perm_seed1745,1,1,INDETERMINATE,INDETERMINATE,False,False,109826,109826,100000,100000,0.692798,0.670896,-0.021901999999999977,True,True,True,True,True,
repeat=1|base=php_p4_h3|variant=base,1,php_p4_h3,base,1,1,UNSATISFIABLE,UNSATISFIABLE,True,True,0,0,0,0,0.000789,0.000686,-0.00010300000000000001,True,True,True,True,True,
repeat=1|base=php_p4_h3|variant=perm_seed1730,1,php_p4_h3,perm_seed1730,1,1,UNSATISFIABLE,UNSATISFIABLE,True,True,0,0,0,0,0.000918,0.0009,-1.8000000000000004e-05,True,True,True,True,True,
repeat=1|base=php_p4_h3|variant=perm_seed1731,1,php_p4_h3,perm_seed1731,1,1,UNSATISFIABLE,UNSATISFIABLE,True,True,0,0,0,0,0.000817,0.001167,0.00035000000000000005,True,True,True,True,True,
repeat=1|base=php_p5_h4|variant=base,1,php_p5_h4,base,1,1,UNSATISFIABLE,UNSATISFIABLE,True,True,32,32,27,27,0.000804,0.000746,-5.8e-05,True,True,True,True,True,
repeat=1|base=php_p5_h4|variant=perm_seed1730,1,php_p5_h4,perm_seed1730,1,1,UNSATISFIABLE,UNSATISFIABLE,True,True,31,31,28,28,0.000684,0.000672,-1.2000000000000075e-05,True,True,True,True,True,
repeat=1|base=php_p5_h4|variant=perm_seed1731,1,php_p5_h4,perm_seed1731,1,1,UNSATISFIABLE,UNSATISFIABLE,True,True,32,32,31,31,0.000683,0.000661,-2.1999999999999993e-05,True,True,True,True,True,
repeat=1|base=php_p6_h5|variant=base,1,php_p6_h5,base,1,1,UNSATISFIABLE,UNSATISFIABLE,True,True,157,157,139,139,0.000808,0.000809,1.0000000000000243e-06,True,True,True,True,True,
repeat=1|base=php_p6_h5|variant=perm_seed1730,1,php_p6_h5,perm_seed1730,1,1,UNSATISFIABLE,UNSATISFIABLE,True,True,161,161,142,142,0.000865,0.001004,0.0001389999999999999,True,True,True,True,True,
repeat=1|base=php_p6_h5|variant=perm_seed1731,1,php_p6_h5,perm_seed1731,1,1,UNSATISFIABLE,UNSATISFIABLE,True,True,160,160,141,141,0.000935,0.000918,-1.699999999999998e-05,True,True,True,True,True,
repeat=1|base=php_p6_h5|variant=perm_seed1732,1,php_p6_h5,perm_seed1732,1,1,UNSATISFIABLE,UNSATISFIABLE,True,True,157,157,137,137,0.000841,0.000838,-2.9999999999999645e-06,True,True,True,True,True,
repeat=1|base=php_p6_h5|variant=perm_seed1733,1,php_p6_h5,perm_seed1733,1,1,UNSATISFIABLE,UNSATISFIABLE,True,True,158,158,142,142,0.000872,0.000867,-5.000000000000013e-06,True,True,True,True,True,
repeat=1|base=php_p6_h5|variant=perm_seed1734,1,php_p6_h5,perm_seed1734,1,1,UNSATISFIABLE,UNSATISFIABLE,True,True,171,171,146,146,0.000829,0.000838,9.000000000000002e-06,True,True,True,True,True,
repeat=1|base=php_p6_h5|variant=perm_seed1735,1,php_p6_h5,perm_seed1735,1,1,UNSATISFIABLE,UNSATISFIABLE,True,True,174,174,155,155,0.000852,0.000924,7.200000000000002e-05,True,True,True,True,True,
repeat=1|base=php_p6_h5|variant=perm_seed1736,1,php_p6_h5,perm_seed1736,1,1,UNSATISFIABLE,UNSATISFIABLE,True,True,158,158,145,145,0.000842,0.000914,7.200000000000002e-05,True,True,True,True,True,
repeat=1|base=php_p6_h5|variant=perm_seed1737,1,php_p6_h5,perm_seed1737,1,1,UNSATISFIABLE,UNSATISFIABLE,True,True,163,163,145,145,0.000886,0.000892,6.000000000000037e-06,True,True,True,True,True,
repeat=1|base=php_p6_h5|variant=perm_seed1738,1,php_p6_h5,perm_seed1738,1,1,UNSATISFIABLE,UNSATISFIABLE,True,True,140,140,130,130,0.000846,0.001031,0.00018500000000000005,True,True,True,True,True,
repeat=1|base=php_p6_h5|variant=perm_seed1739,1,php_p6_h5,perm_seed1739,1,1,UNSATISFIABLE,UNSATISFIABLE,True,True,157,157,143,143,0.000951,0.000864,-8.700000000000005e-05,True,True,True,True,True,
repeat=1|base=php_p6_h5|variant=perm_seed1740,1,php_p6_h5,perm_seed1740,1,1,UNSATISFIABLE,UNSATISFIABLE,True,True,163,163,138,138,0.000836,0.000884,4.7999999999999974e-05,True,True,True,True,True,
repeat=1|base=php_p6_h5|variant=perm_seed1741,1,php_p6_h5,perm_seed1741,1,1,UNSATISFIABLE,UNSATISFIABLE,True,True,158,158,140,140,0.00083,0.000938,0.00010800000000000002,True,True,True,True,True,
repeat=1|base=php_p6_h5|variant=perm_seed1742,1,php_p6_h5,perm_seed1742,1,1,UNSATISFIABLE,UNSATISFIABLE,True,True,155,155,137,137,0.000914,0.000867,-4.699999999999995e-05,True,True,True,True,True,
repeat=1|base=php_p6_h5|variant=perm_seed1743,1,php_p6_h5,perm_seed1743,1,1,UNSATISFIABLE,UNSATISFIABLE,True,True,147,147,135,135,0.00089,0.000838,-5.199999999999996e-05,True,True,True,True,True,
repeat=1|base=php_p6_h5|variant=perm_seed1744,1,php_p6_h5,perm_seed1744,1,1,UNSATISFIABLE,UNSATISFIABLE,True,True,147,147,133,133,0.001502,0.001033,-0.000469,True,True,True,True,True,
repeat=1|base=php_p6_h5|variant=perm_seed1745,1,php_p6_h5,perm_seed1745,1,1,UNSATISFIABLE,UNSATISFIABLE,True,True,156,156,137,137,0.001273,0.001163,-0.00011000000000000007,True,True,True,True,True,
repeat=1|base=php_p7_h6|variant=base,1,php_p7_h6,base,1,1,UNSATISFIABLE,UNSATISFIABLE,True,True,970,970,845,845,0.002593,0.003635,0.0010420000000000004,True,True,True,True,True,
repeat=1|base=php_p7_h6|variant=perm_seed1730,1,php_p7_h6,perm_seed1730,1,1,UNSATISFIABLE,UNSATISFIABLE,True,True,913,913,812,812,0.00224,0.002252,1.2000000000000292e-05,True,True,True,True,True,
repeat=1|base=php_p7_h6|variant=perm_seed1731,1,php_p7_h6,perm_seed1731,1,1,UNSATISFIABLE,UNSATISFIABLE,True,True,1013,1013,877,877,0.00211,0.002049,-6.0999999999999856e-05,True,True,True,True,True,
repeat=1|base=php_p7_h6|variant=perm_seed1732,1,php_p7_h6,perm_seed1732,1,1,UNSATISFIABLE,UNSATISFIABLE,True,True,949,949,839,839,0.002148,0.002449,0.0003009999999999996,True,True,True,True,True,
repeat=1|base=php_p7_h6|variant=perm_seed1733,1,php_p7_h6,perm_seed1733,1,1,UNSATISFIABLE,UNSATISFIABLE,True,True,937,937,837,837,0.00223,0.002145,-8.5e-05,True,True,True,True,True,
repeat=1|base=php_p7_h6|variant=perm_seed1734,1,php_p7_h6,perm_seed1734,1,1,UNSATISFIABLE,UNSATISFIABLE,True,True,893,893,821,821,0.002297,0.002407,0.00010999999999999985,True,True,True,True,True,
repeat=1|base=php_p7_h6|variant=perm_seed1735,1,php_p7_h6,perm_seed1735,1,1,UNSATISFIABLE,UNSATISFIABLE,True,True,967,967,866,866,0.002186,0.0022,1.4000000000000123e-05,True,True,True,True,True,
repeat=1|base=php_p7_h6|variant=perm_seed1736,1,php_p7_h6,perm_seed1736,1,1,UNSATISFIABLE,UNSATISFIABLE,True,True,891,891,832,832,0.002276,0.002452,0.00017600000000000037,True,True,True,True,True,
repeat=1|base=php_p7_h6|variant=perm_seed1737,1,php_p7_h6,perm_seed1737,1,1,UNSATISFIABLE,UNSATISFIABLE,True,True,935,935,832,832,0.002298,0.002229,-6.900000000000005e-05,True,True,True,True,True,
repeat=1|base=php_p7_h6|variant=perm_seed1738,1,php_p7_h6,perm_seed1738,1,1,UNSATISFIABLE,UNSATISFIABLE,True,True,959,959,852,852,0.002282,0.002335,5.299999999999966e-05,True,True,True,True,True,
repeat=1|base=php_p7_h6|variant=perm_seed1739,1,php_p7_h6,perm_seed1739,1,1,UNSATISFIABLE,UNSATISFIABLE,True,True,889,889,813,813,0.002261,0.00231,4.9e-05,True,True,True,True,True,
repeat=1|base=php_p7_h6|variant=perm_seed1740,1,php_p7_h6,perm_seed1740,1,1,UNSATISFIABLE,UNSATISFIABLE,True,True,938,938,850,850,0.002309,0.002331,2.2000000000000318e-05,True,True,True,True,True,
repeat=1|base=php_p7_h6|variant=perm_seed1741,1,php_p7_h6,perm_seed1741,1,1,UNSATISFIABLE,UNSATISFIABLE,True,True,998,998,873,873,0.002266,0.002287,2.1000000000000185e-05,True,True,True,True,True,
repeat=1|base=php_p7_h6|variant=perm_seed1742,1,php_p7_h6,perm_seed1742,1,1,UNSATISFIABLE,UNSATISFIABLE,True,True,975,975,865,865,0.002021,0.002019,-1.9999999999998318e-06,True,True,True,True,True,
repeat=1|base=php_p7_h6|variant=perm_seed1743,1,php_p7_h6,perm_seed1743,1,1,UNSATISFIABLE,UNSATISFIABLE,True,True,971,971,852,852,0.002101,0.002222,0.00012100000000000001,True,True,True,True,True,
repeat=1|base=php_p7_h6|variant=perm_seed1744,1,php_p7_h6,perm_seed1744,1,1,UNSATISFIABLE,UNSATISFIABLE,True,True,912,912,833,833,0.002119,0.002296,0.00017700000000000007,True,True,True,True,True,
repeat=1|base=php_p7_h6|variant=perm_seed1745,1,php_p7_h6,perm_seed1745,1,1,UNSATISFIABLE,UNSATISFIABLE,True,True,967,967,854,854,0.002158,0.002126,-3.2000000000000344e-05,True,True,True,True,True,
repeat=1|base=php_p8_h7|variant=base,1,php_p8_h7,base,1,1,UNSATISFIABLE,UNSATISFIABLE,True,True,6158,6158,5600,5600,0.019472,0.019704,0.00023199999999999957,True,True,True,True,True,
repeat=1|base=php_p8_h7|variant=perm_seed1730,1,php_p8_h7,perm_seed1730,1,1,UNSATISFIABLE,UNSATISFIABLE,True,True,6138,6138,5624,5624,0.018431,0.018588,0.0001570000000000009,True,True,True,True,True,
repeat=1|base=php_p8_h7|variant=perm_seed1731,1,php_p8_h7,perm_seed1731,1,1,UNSATISFIABLE,UNSATISFIABLE,True,True,5800,5800,5271,5271,0.014474,0.01453,5.599999999999876e-05,True,True,True,True,True,
repeat=1|base=php_p8_h7|variant=perm_seed1732,1,php_p8_h7,perm_seed1732,1,1,UNSATISFIABLE,UNSATISFIABLE,True,True,5924,5924,5469,5469,0.017718,0.01779,7.199999999999915e-05,True,True,True,True,True,
repeat=1|base=php_p8_h7|variant=perm_seed1733,1,php_p8_h7,perm_seed1733,1,1,UNSATISFIABLE,UNSATISFIABLE,True,True,5998,5998,5468,5468,0.01651,0.01661,9.99999999999994e-05,True,True,True,True,True,
repeat=1|base=php_p8_h7|variant=perm_seed1734,1,php_p8_h7,perm_seed1734,1,1,UNSATISFIABLE,UNSATISFIABLE,True,True,6065,6065,5514,5514,0.016658,0.017013,0.00035500000000000115,True,True,True,True,True,
repeat=1|base=php_p8_h7|variant=perm_seed1735,1,php_p8_h7,perm_seed1735,1,1,UNSATISFIABLE,UNSATISFIABLE,True,True,6386,6386,5811,5811,0.017754,0.019011,0.0012570000000000012,True,True,True,True,True,
repeat=1|base=php_p8_h7|variant=perm_seed1736,1,php_p8_h7,perm_seed1736,1,1,UNSATISFIABLE,UNSATISFIABLE,True,True,6265,6265,5729,5729,0.018944,0.019951,0.001007000000000001,True,True,True,True,True,
repeat=1|base=php_p8_h7|variant=perm_seed1737,1,php_p8_h7,perm_seed1737,1,1,UNSATISFIABLE,UNSATISFIABLE,True,True,5646,5646,5224,5224,0.016622,0.017778,0.0011559999999999973,True,True,True,True,True,
repeat=1|base=php_p8_h7|variant=perm_seed1738,1,php_p8_h7,perm_seed1738,1,1,UNSATISFIABLE,UNSATISFIABLE,True,True,5875,5875,5336,5336,0.019517,0.018477,-0.0010399999999999993,True,True,True,True,True,
repeat=1|base=php_p8_h7|variant=perm_seed1739,1,php_p8_h7,perm_seed1739,1,1,UNSATISFIABLE,UNSATISFIABLE,True,True,6199,6199,5714,5714,0.019375,0.019494,0.00011900000000000105,True,True,True,True,True,
repeat=1|base=php_p8_h7|variant=perm_seed1740,1,php_p8_h7,perm_seed1740,1,1,UNSATISFIABLE,UNSATISFIABLE,True,True,5664,5664,5199,5199,0.018917,0.01681,-0.0021070000000000012,True,True,True,True,True,
repeat=1|base=php_p8_h7|variant=perm_seed1741,1,php_p8_h7,perm_seed1741,1,1,UNSATISFIABLE,UNSATISFIABLE,True,True,6125,6125,5545,5545,0.019837,0.018651,-0.0011859999999999996,True,True,True,True,True,
repeat=1|base=php_p8_h7|variant=perm_seed1742,1,php_p8_h7,perm_seed1742,1,1,UNSATISFIABLE,UNSATISFIABLE,True,True,5850,5850,5407,5407,0.018388,0.018467,7.899999999999921e-05,True,True,True,True,True,
repeat=1|base=php_p8_h7|variant=perm_seed1743,1,php_p8_h7,perm_seed1743,1,1,UNSATISFIABLE,UNSATISFIABLE,True,True,6238,6238,5695,5695,0.018092,0.018246,0.0001539999999999979,True,True,True,True,True,
repeat=1|base=php_p8_h7|variant=perm_seed1744,1,php_p8_h7,perm_seed1744,1,1,UNSATISFIABLE,UNSATISFIABLE,True,True,6140,6140,5609,5609,0.017459,0.016907,-0.0005520000000000004,True,True,True,True,True,
repeat=1|base=php_p8_h7|variant=perm_seed1745,1,php_p8_h7,perm_seed1745,1,1,UNSATISFIABLE,UNSATISFIABLE,True,True,5774,5774,5262,5262,0.018381,0.018419,3.799999999999984e-05,True,True,True,True,True,
repeat=1|base=php_p9_h8|variant=base,1,php_p9_h8,base,1,1,UNSATISFIABLE,UNSATISFIABLE,True,True,46557,46557,43529,43529,0.27272,0.264411,-0.00830900000000001,True,True,True,True,True,
repeat=1|base=php_p9_h8|variant=perm_seed1730,1,php_p9_h8,perm_seed1730,1,1,UNSATISFIABLE,UNSATISFIABLE,True,True,39708,39708,36681,36681,0.179683,0.186892,0.007208999999999993,True,True,True,True,True,
repeat=1|base=php_p9_h8|variant=perm_seed1731,1,php_p9_h8,perm_seed1731,1,1,UNSATISFIABLE,UNSATISFIABLE,True,True,47177,47177,43763,43763,0.243034,0.231589,-0.01144500000000001,True,True,True,True,True,
repeat=1|base=php_p9_h8|variant=perm_seed1732,1,php_p9_h8,perm_seed1732,1,1,UNSATISFIABLE,UNSATISFIABLE,True,True,42631,42631,39886,39886,0.242122,0.23585,-0.006272,True,True,True,True,True,
repeat=1|base=php_p9_h8|variant=perm_seed1733,1,php_p9_h8,perm_seed1733,1,1,UNSATISFIABLE,UNSATISFIABLE,True,True,40549,40549,37474,37474,0.205191,0.201043,-0.004148000000000013,True,True,True,True,True,
repeat=1|base=php_p9_h8|variant=perm_seed1734,1,php_p9_h8,perm_seed1734,1,1,UNSATISFIABLE,UNSATISFIABLE,True,True,38155,38155,35575,35575,0.19749,0.193519,-0.003971000000000002,True,True,True,True,True,
repeat=1|base=php_p9_h8|variant=perm_seed1735,1,php_p9_h8,perm_seed1735,1,1,UNSATISFIABLE,UNSATISFIABLE,True,True,38038,38038,34825,34825,0.170245,0.166062,-0.00418300000000002,True,True,True,True,True,
repeat=1|base=php_p9_h8|variant=perm_seed1736,1,php_p9_h8,perm_seed1736,1,1,UNSATISFIABLE,UNSATISFIABLE,True,True,37635,37635,34827,34827,0.179138,0.175463,-0.003674999999999984,True,True,True,True,True,
repeat=1|base=php_p9_h8|variant=perm_seed1737,1,php_p9_h8,perm_seed1737,1,1,UNSATISFIABLE,UNSATISFIABLE,True,True,34889,34889,32493,32493,0.183283,0.184337,0.0010539999999999994,True,True,True,True,True,
repeat=1|base=php_p9_h8|variant=perm_seed1738,1,php_p9_h8,perm_seed1738,1,1,UNSATISFIABLE,UNSATISFIABLE,True,True,44410,44410,41150,41150,0.204076,0.20064,-0.0034359999999999946,True,True,True,True,True,
repeat=1|base=php_p9_h8|variant=perm_seed1739,1,php_p9_h8,perm_seed1739,1,1,UNSATISFIABLE,UNSATISFIABLE,True,True,38390,38390,35458,35458,0.201068,0.194907,-0.006161,True,True,True,True,True,
repeat=1|base=php_p9_h8|variant=perm_seed1740,1,php_p9_h8,perm_seed1740,1,1,UNSATISFIABLE,UNSATISFIABLE,True,True,45308,45308,42027,42027,0.237308,0.237607,0.00029900000000002147,True,True,True,True,True,
repeat=1|base=php_p9_h8|variant=perm_seed1741,1,php_p9_h8,perm_seed1741,1,1,UNSATISFIABLE,UNSATISFIABLE,True,True,44335,44335,41422,41422,0.250099,0.251477,0.0013779999999999903,True,True,True,True,True,
repeat=1|base=php_p9_h8|variant=perm_seed1742,1,php_p9_h8,perm_seed1742,1,1,UNSATISFIABLE,UNSATISFIABLE,True,True,35433,35433,33046,33046,0.181212,0.182992,0.001779999999999976,True,True,True,True,True,
repeat=1|base=php_p9_h8|variant=perm_seed1743,1,php_p9_h8,perm_seed1743,1,1,UNSATISFIABLE,UNSATISFIABLE,True,True,42142,42142,39194,39194,0.209229,0.210102,0.0008730000000000127,True,True,True,True,True,
repeat=1|base=php_p9_h8|variant=perm_seed1744,1,php_p9_h8,perm_seed1744,1,1,UNSATISFIABLE,UNSATISFIABLE,True,True,38390,38390,35980,35980,0.226225,0.223844,-0.002381000000000022,True,True,True,True,True,
repeat=1|base=php_p9_h8|variant=perm_seed1745,1,php_p9_h8,perm_seed1745,1,1,UNSATISFIABLE,UNSATISFIABLE,True,True,39580,39580,36681,36681,0.209668,0.203919,-0.005749000000000004,True,True,True,True,True,
repeat=1|base=random_3sat_control_v100_c360_seed1931|variant=base,1,random_3sat_control_v100_c360_seed1931,base,1,1,SATISFIABLE,SATISFIABLE,True,True,39,39,9,9,0.00072,0.00083,0.00010999999999999996,True,True,True,True,True,
repeat=1|base=random_3sat_control_v100_c360_seed1931|variant=perm_seed1730,1,random_3sat_control_v100_c360_seed1931,perm_seed1730,1,1,SATISFIABLE,SATISFIABLE,True,True,60,60,27,27,0.000768,0.000852,8.399999999999998e-05,True,True,True,True,True,
repeat=1|base=random_3sat_control_v100_c360_seed1931|variant=perm_seed1731,1,random_3sat_control_v100_c360_seed1931,perm_seed1731,1,1,SATISFIABLE,SATISFIABLE,True,True,120,120,81,81,0.001023,0.000965,-5.8e-05,True,True,True,True,True,
repeat=1|base=random_3sat_control_v100_c360_seed1931|variant=perm_seed1732,1,random_3sat_control_v100_c360_seed1931,perm_seed1732,1,1,SATISFIABLE,SATISFIABLE,True,True,183,183,148,148,0.00113,0.001064,-6.599999999999987e-05,True,True,True,True,True,
repeat=1|base=random_3sat_control_v100_c360_seed1931|variant=perm_seed1733,1,random_3sat_control_v100_c360_seed1931,perm_seed1733,1,1,SATISFIABLE,SATISFIABLE,True,True,114,114,79,79,0.000901,0.000973,7.200000000000002e-05,True,True,True,True,True,
repeat=1|base=random_3sat_control_v100_c360_seed1931|variant=perm_seed1734,1,random_3sat_control_v100_c360_seed1931,perm_seed1734,1,1,SATISFIABLE,SATISFIABLE,True,True,72,72,38,38,0.000827,0.00089,6.29999999999999e-05,True,True,True,True,True,
repeat=1|base=random_3sat_control_v100_c360_seed1931|variant=perm_seed1735,1,random_3sat_control_v100_c360_seed1931,perm_seed1735,1,1,SATISFIABLE,SATISFIABLE,True,True,42,42,5,5,0.000841,0.000776,-6.499999999999995e-05,True,True,True,True,True,
repeat=1|base=random_3sat_control_v100_c360_seed1931|variant=perm_seed1736,1,random_3sat_control_v100_c360_seed1931,perm_seed1736,1,1,SATISFIABLE,SATISFIABLE,True,True,34,34,6,6,0.000827,0.000813,-1.4000000000000015e-05,True,True,True,True,True,
repeat=1|base=random_3sat_control_v100_c360_seed1931|variant=perm_seed1737,1,random_3sat_control_v100_c360_seed1931,perm_seed1737,1,1,SATISFIABLE,SATISFIABLE,True,True,29,29,2,2,0.000745,0.000752,6.999999999999953e-06,True,True,True,True,True,
repeat=1|base=random_3sat_control_v100_c360_seed1931|variant=perm_seed1738,1,random_3sat_control_v100_c360_seed1931,perm_seed1738,1,1,SATISFIABLE,SATISFIABLE,True,True,47,47,21,21,0.000828,0.000763,-6.499999999999995e-05,True,True,True,True,True,
repeat=1|base=random_3sat_control_v100_c360_seed1931|variant=perm_seed1739,1,random_3sat_control_v100_c360_seed1931,perm_seed1739,1,1,SATISFIABLE,SATISFIABLE,True,True,30,30,2,2,0.000689,0.000874,0.00018499999999999994,True,True,True,True,True,
repeat=1|base=random_3sat_control_v100_c360_seed1931|variant=perm_seed1740,1,random_3sat_control_v100_c360_seed1931,perm_seed1740,1,1,SATISFIABLE,SATISFIABLE,True,True,89,89,56,56,0.000853,0.000893,3.9999999999999996e-05,True,True,True,True,True,
repeat=1|base=random_3sat_control_v100_c360_seed1931|variant=perm_seed1741,1,random_3sat_control_v100_c360_seed1931,perm_seed1741,1,1,SATISFIABLE,SATISFIABLE,True,True,48,48,16,16,0.000776,0.000831,5.5000000000000036e-05,True,True,True,True,True,
repeat=1|base=random_3sat_control_v100_c360_seed1931|variant=perm_seed1742,1,random_3sat_control_v100_c360_seed1931,perm_seed1742,1,1,SATISFIABLE,SATISFIABLE,True,True,30,30,5,5,0.000727,0.000775,4.7999999999999974e-05,True,True,True,True,True,
repeat=1|base=random_3sat_control_v100_c360_seed1931|variant=perm_seed1743,1,random_3sat_control_v100_c360_seed1931,perm_seed1743,1,1,SATISFIABLE,SATISFIABLE,True,True,49,49,16,16,0.000832,0.000867,3.500000000000009e-05,True,True,True,True,True,
repeat=1|base=random_3sat_control_v100_c360_seed1931|variant=perm_seed1744,1,random_3sat_control_v100_c360_seed1931,perm_seed1744,1,1,SATISFIABLE,SATISFIABLE,True,True,72,72,32,32,0.000814,0.000865,5.099999999999994e-05,True,True,True,True,True,
repeat=1|base=random_3sat_control_v100_c360_seed1931|variant=perm_seed1745,1,random_3sat_control_v100_c360_seed1931,perm_seed1745,1,1,SATISFIABLE,SATISFIABLE,True,True,39,39,19,19,0.00081,0.000806,-3.999999999999989e-06,True,True,True,True,True,
repeat=1|base=random_3sat_control_v100_c425_seed1932|variant=base,1,random_3sat_control_v100_c425_seed1932,base,1,1,UNSATISFIABLE,UNSATISFIABLE,True,True,1295,1295,1100,1100,0.003374,0.003381,7.000000000000062e-06,True,True,True,True,True,
repeat=1|base=random_3sat_control_v100_c425_seed1932|variant=perm_seed1730,1,random_3sat_control_v100_c425_seed1932,perm_seed1730,1,1,UNSATISFIABLE,UNSATISFIABLE,True,True,924,924,801,801,0.002455,0.002524,6.900000000000005e-05,True,True,True,True,True,
repeat=1|base=random_3sat_control_v100_c425_seed1932|variant=perm_seed1731,1,random_3sat_control_v100_c425_seed1932,perm_seed1731,1,1,UNSATISFIABLE,UNSATISFIABLE,True,True,1368,1368,1209,1209,0.003735,0.00403,0.0002949999999999997,True,True,True,True,True,
repeat=1|base=random_3sat_control_v100_c425_seed1932|variant=perm_seed1732,1,random_3sat_control_v100_c425_seed1932,perm_seed1732,1,1,UNSATISFIABLE,UNSATISFIABLE,True,True,889,889,751,751,0.00237,0.002349,-2.1000000000000185e-05,True,True,True,True,True,
repeat=1|base=random_3sat_control_v100_c425_seed1932|variant=perm_seed1733,1,random_3sat_control_v100_c425_seed1932,perm_seed1733,1,1,UNSATISFIABLE,UNSATISFIABLE,True,True,1248,1248,1070,1070,0.003166,0.003105,-6.0999999999999856e-05,True,True,True,True,True,
repeat=1|base=random_3sat_control_v100_c425_seed1932|variant=perm_seed1734,1,random_3sat_control_v100_c425_seed1932,perm_seed1734,1,1,UNSATISFIABLE,UNSATISFIABLE,True,True,815,815,686,686,0.002125,0.002238,0.00011299999999999982,True,True,True,True,True,
repeat=1|base=random_3sat_control_v100_c425_seed1932|variant=perm_seed1735,1,random_3sat_control_v100_c425_seed1932,perm_seed1735,1,1,UNSATISFIABLE,UNSATISFIABLE,True,True,1114,1114,958,958,0.002862,0.002986,0.00012399999999999998,True,True,True,True,True,
repeat=1|base=random_3sat_control_v100_c425_seed1932|variant=perm_seed1736,1,random_3sat_control_v100_c425_seed1932,perm_seed1736,1,1,UNSATISFIABLE,UNSATISFIABLE,True,True,1068,1068,936,936,0.00301,0.003251,0.0002409999999999999,True,True,True,True,True,
repeat=1|base=random_3sat_control_v100_c425_seed1932|variant=perm_seed1737,1,random_3sat_control_v100_c425_seed1932,perm_seed1737,1,1,UNSATISFIABLE,UNSATISFIABLE,True,True,1265,1265,1083,1083,0.003364,0.003515,0.0001510000000000001,True,True,True,True,True,
repeat=1|base=random_3sat_control_v100_c425_seed1932|variant=perm_seed1738,1,random_3sat_control_v100_c425_seed1932,perm_seed1738,1,1,UNSATISFIABLE,UNSATISFIABLE,True,True,995,995,860,860,0.002639,0.002685,4.6000000000000034e-05,True,True,True,True,True,
repeat=1|base=random_3sat_control_v100_c425_seed1932|variant=perm_seed1739,1,random_3sat_control_v100_c425_seed1932,perm_seed1739,1,1,UNSATISFIABLE,UNSATISFIABLE,True,True,1222,1222,1057,1057,0.003252,0.003127,-0.0001250000000000001,True,True,True,True,True,
repeat=1|base=random_3sat_control_v100_c425_seed1932|variant=perm_seed1740,1,random_3sat_control_v100_c425_seed1932,perm_seed1740,1,1,UNSATISFIABLE,UNSATISFIABLE,True,True,1232,1232,1053,1053,0.003361,0.003564,0.00020300000000000006,True,True,True,True,True,
repeat=1|base=random_3sat_control_v100_c425_seed1932|variant=perm_seed1741,1,random_3sat_control_v100_c425_seed1932,perm_seed1741,1,1,UNSATISFIABLE,UNSATISFIABLE,True,True,1256,1256,1113,1113,0.003387,0.003442,5.500000000000036e-05,True,True,True,True,True,
repeat=1|base=random_3sat_control_v100_c425_seed1932|variant=perm_seed1742,1,random_3sat_control_v100_c425_seed1932,perm_seed1742,1,1,UNSATISFIABLE,UNSATISFIABLE,True,True,1404,1404,1195,1195,0.003737,0.003693,-4.399999999999977e-05,True,True,True,True,True,
repeat=1|base=random_3sat_control_v100_c425_seed1932|variant=perm_seed1743,1,random_3sat_control_v100_c425_seed1932,perm_seed1743,1,1,UNSATISFIABLE,UNSATISFIABLE,True,True,1514,1514,1318,1318,0.004095,0.004117,2.2000000000000318e-05,True,True,True,True,True,
repeat=1|base=random_3sat_control_v100_c425_seed1932|variant=perm_seed1744,1,random_3sat_control_v100_c425_seed1932,perm_seed1744,1,1,UNSATISFIABLE,UNSATISFIABLE,True,True,865,865,716,716,0.002362,0.002399,3.700000000000014e-05,True,True,True,True,True,
repeat=1|base=random_3sat_control_v100_c425_seed1932|variant=perm_seed1745,1,random_3sat_control_v100_c425_seed1932,perm_seed1745,1,1,UNSATISFIABLE,UNSATISFIABLE,True,True,805,805,716,716,0.002381,0.002283,-9.8e-05,True,True,True,True,True,
repeat=1|base=random_3sat_control_v100_c600_seed1914|variant=base,1,random_3sat_control_v100_c600_seed1914,base,1,1,UNSATISFIABLE,UNSATISFIABLE,True,True,178,178,148,148,0.001004,0.001072,6.800000000000013e-05,True,True,True,True,True,
repeat=1|base=random_3sat_control_v100_c600_seed1914|variant=perm_seed1730,1,random_3sat_control_v100_c600_seed1914,perm_seed1730,1,1,UNSATISFIABLE,UNSATISFIABLE,True,True,327,327,284,284,0.001373,0.001339,-3.4000000000000176e-05,True,True,True,True,True,
repeat=1|base=random_3sat_control_v100_c600_seed1914|variant=perm_seed1731,1,random_3sat_control_v100_c600_seed1914,perm_seed1731,1,1,UNSATISFIABLE,UNSATISFIABLE,True,True,250,250,203,203,0.001101,0.001142,4.100000000000002e-05,True,True,True,True,True,
repeat=1|base=random_3sat_control_v100_c600_seed1914|variant=perm_seed1732,1,random_3sat_control_v100_c600_seed1914,perm_seed1732,1,1,UNSATISFIABLE,UNSATISFIABLE,True,True,176,176,152,152,0.001128,0.001072,-5.600000000000006e-05,True,True,True,True,True,
repeat=1|base=random_3sat_control_v100_c600_seed1914|variant=perm_seed1733,1,random_3sat_control_v100_c600_seed1914,perm_seed1733,1,1,UNSATISFIABLE,UNSATISFIABLE,True,True,283,283,255,255,0.001243,0.001236,-7.000000000000062e-06,True,True,True,True,True,
repeat=1|base=random_3sat_control_v100_c600_seed1914|variant=perm_seed1734,1,random_3sat_control_v100_c600_seed1914,perm_seed1734,1,1,UNSATISFIABLE,UNSATISFIABLE,True,True,197,197,171,171,0.001111,0.001072,-3.899999999999997e-05,True,True,True,True,True,
repeat=1|base=random_3sat_control_v100_c600_seed1914|variant=perm_seed1735,1,random_3sat_control_v100_c600_seed1914,perm_seed1735,1,1,UNSATISFIABLE,UNSATISFIABLE,True,True,124,124,110,110,0.000963,0.000951,-1.1999999999999966e-05,True,True,True,True,True,
repeat=1|base=random_3sat_control_v100_c600_seed1914|variant=perm_seed1736,1,random_3sat_control_v100_c600_seed1914,perm_seed1736,1,1,UNSATISFIABLE,UNSATISFIABLE,True,True,194,194,166,166,0.001018,0.001194,0.00017599999999999994,True,True,True,True,True,
repeat=1|base=random_3sat_control_v100_c600_seed1914|variant=perm_seed1737,1,random_3sat_control_v100_c600_seed1914,perm_seed1737,1,1,UNSATISFIABLE,UNSATISFIABLE,True,True,172,172,150,150,0.001023,0.001073,4.9999999999999914e-05,True,True,True,True,True,
repeat=1|base=random_3sat_control_v100_c600_seed1914|variant=perm_seed1738,1,random_3sat_control_v100_c600_seed1914,perm_seed1738,1,1,UNSATISFIABLE,UNSATISFIABLE,True,True,189,189,173,173,0.001055,0.001222,0.00016700000000000005,True,True,True,True,True,
repeat=1|base=random_3sat_control_v100_c600_seed1914|variant=perm_seed1739,1,random_3sat_control_v100_c600_seed1914,perm_seed1739,1,1,UNSATISFIABLE,UNSATISFIABLE,True,True,190,190,161,161,0.001085,0.001088,2.9999999999999645e-06,True,True,True,True,True,
repeat=1|base=random_3sat_control_v100_c600_seed1914|variant=perm_seed1740,1,random_3sat_control_v100_c600_seed1914,perm_seed1740,1,1,UNSATISFIABLE,UNSATISFIABLE,True,True,231,231,201,201,0.001143,0.001191,4.800000000000008e-05,True,True,True,True,True,
repeat=1|base=random_3sat_control_v100_c600_seed1914|variant=perm_seed1741,1,random_3sat_control_v100_c600_seed1914,perm_seed1741,1,1,UNSATISFIABLE,UNSATISFIABLE,True,True,193,193,168,168,0.001154,0.001157,2.9999999999999645e-06,True,True,True,True,True,
repeat=1|base=random_3sat_control_v100_c600_seed1914|variant=perm_seed1742,1,random_3sat_control_v100_c600_seed1914,perm_seed1742,1,1,UNSATISFIABLE,UNSATISFIABLE,True,True,182,182,157,157,0.001065,0.001171,0.00010599999999999997,True,True,True,True,True,
repeat=1|base=random_3sat_control_v100_c600_seed1914|variant=perm_seed1743,1,random_3sat_control_v100_c600_seed1914,perm_seed1743,1,1,UNSATISFIABLE,UNSATISFIABLE,True,True,130,130,109,109,0.001001,0.00099,-1.0999999999999942e-05,True,True,True,True,True,
repeat=1|base=random_3sat_control_v100_c600_seed1914|variant=perm_seed1744,1,random_3sat_control_v100_c600_seed1914,perm_seed1744,1,1,UNSATISFIABLE,UNSATISFIABLE,True,True,215,215,193,193,0.001229,0.001239,1.0000000000000026e-05,True,True,True,True,True,
repeat=1|base=random_3sat_control_v100_c600_seed1914|variant=perm_seed1745,1,random_3sat_control_v100_c600_seed1914,perm_seed1745,1,1,UNSATISFIABLE,UNSATISFIABLE,True,True,153,153,133,133,0.001054,0.001159,0.00010500000000000006,True,True,True,True,True,
repeat=1|base=random_3sat_control_v120_c420_seed1933|variant=base,1,random_3sat_control_v120_c420_seed1933,base,1,1,SATISFIABLE,SATISFIABLE,True,True,135,135,79,79,0.000977,0.001108,0.00013100000000000004,True,True,True,True,True,
repeat=1|base=random_3sat_control_v120_c420_seed1933|variant=perm_seed1730,1,random_3sat_control_v120_c420_seed1933,perm_seed1730,1,1,SATISFIABLE,SATISFIABLE,True,True,52,52,12,12,0.000832,0.000806,-2.599999999999998e-05,True,True,True,True,True,
repeat=1|base=random_3sat_control_v120_c420_seed1933|variant=perm_seed1731,1,random_3sat_control_v120_c420_seed1933,perm_seed1731,1,1,SATISFIABLE,SATISFIABLE,True,True,192,192,126,126,0.001128,0.001169,4.0999999999999804e-05,True,True,True,True,True,
repeat=1|base=random_3sat_control_v120_c420_seed1933|variant=perm_seed1732,1,random_3sat_control_v120_c420_seed1933,perm_seed1732,1,1,SATISFIABLE,SATISFIABLE,True,True,36,36,0,0,0.000745,0.000757,1.1999999999999966e-05,True,True,True,True,True,
repeat=1|base=random_3sat_control_v120_c420_seed1933|variant=perm_seed1733,1,random_3sat_control_v120_c420_seed1933,perm_seed1733,1,1,SATISFIABLE,SATISFIABLE,True,True,38,38,5,5,0.000791,0.000842,5.099999999999994e-05,True,True,True,True,True,
repeat=1|base=random_3sat_control_v120_c420_seed1933|variant=perm_seed1734,1,random_3sat_control_v120_c420_seed1933,perm_seed1734,1,1,SATISFIABLE,SATISFIABLE,True,True,138,138,90,90,0.000997,0.001052,5.499999999999993e-05,True,True,True,True,True,
repeat=1|base=random_3sat_control_v120_c420_seed1933|variant=perm_seed1735,1,random_3sat_control_v120_c420_seed1933,perm_seed1735,1,1,SATISFIABLE,SATISFIABLE,True,True,32,32,0,0,0.000777,0.00075,-2.7000000000000006e-05,True,True,True,True,True,
repeat=1|base=random_3sat_control_v120_c420_seed1933|variant=perm_seed1736,1,random_3sat_control_v120_c420_seed1933,perm_seed1736,1,1,SATISFIABLE,SATISFIABLE,True,True,30,30,6,6,0.000804,0.000822,1.8000000000000004e-05,True,True,True,True,True,
repeat=1|base=random_3sat_control_v120_c420_seed1933|variant=perm_seed1737,1,random_3sat_control_v120_c420_seed1933,perm_seed1737,1,1,SATISFIABLE,SATISFIABLE,True,True,56,56,24,24,0.000813,0.000849,3.600000000000001e-05,True,True,True,True,True,
repeat=1|base=random_3sat_control_v120_c420_seed1933|variant=perm_seed1738,1,random_3sat_control_v120_c420_seed1933,perm_seed1738,1,1,SATISFIABLE,SATISFIABLE,True,True,37,37,0,0,0.000773,0.000774,9.999999999999159e-07,True,True,True,True,True,
repeat=1|base=random_3sat_control_v120_c420_seed1933|variant=perm_seed1739,1,random_3sat_control_v120_c420_seed1933,perm_seed1739,1,1,SATISFIABLE,SATISFIABLE,True,True,39,39,1,1,0.000747,0.000762,1.4999999999999931e-05,True,True,True,True,True,
repeat=1|base=random_3sat_control_v120_c420_seed1933|variant=perm_seed1740,1,random_3sat_control_v120_c420_seed1933,perm_seed1740,1,1,SATISFIABLE,SATISFIABLE,True,True,31,31,1,1,0.000733,0.000766,3.2999999999999935e-05,True,True,True,True,True,
repeat=1|base=random_3sat_control_v120_c420_seed1933|variant=perm_seed1741,1,random_3sat_control_v120_c420_seed1933,perm_seed1741,1,1,SATISFIABLE,SATISFIABLE,True,True,111,111,57,57,0.000912,0.000904,-8.000000000000086e-06,True,True,True,True,True,
repeat=1|base=random_3sat_control_v120_c420_seed1933|variant=perm_seed1742,1,random_3sat_control_v120_c420_seed1933,perm_seed1742,1,1,SATISFIABLE,SATISFIABLE,True,True,33,33,10,10,0.000842,0.000869,2.7000000000000006e-05,True,True,True,True,True,
repeat=1|base=random_3sat_control_v120_c420_seed1933|variant=perm_seed1743,1,random_3sat_control_v120_c420_seed1933,perm_seed1743,1,1,SATISFIABLE,SATISFIABLE,True,True,72,72,25,25,0.00081,0.000847,3.700000000000003e-05,True,True,True,True,True,
repeat=1|base=random_3sat_control_v120_c420_seed1933|variant=perm_seed1744,1,random_3sat_control_v120_c420_seed1933,perm_seed1744,1,1,SATISFIABLE,SATISFIABLE,True,True,86,86,33,33,0.000773,0.000812,3.899999999999997e-05,True,True,True,True,True,
repeat=1|base=random_3sat_control_v120_c420_seed1933|variant=perm_seed1745,1,random_3sat_control_v120_c420_seed1933,perm_seed1745,1,1,SATISFIABLE,SATISFIABLE,True,True,42,42,4,4,0.000809,0.000776,-3.300000000000004e-05,True,True,True,True,True,
repeat=1|base=random_3sat_control_v120_c510_seed1934|variant=base,1,random_3sat_control_v120_c510_seed1934,base,1,1,SATISFIABLE,SATISFIABLE,True,True,243,243,196,196,0.001273,0.001271,-2.0000000000000486e-06,True,True,True,True,True,
repeat=1|base=random_3sat_control_v120_c510_seed1934|variant=perm_seed1730,1,random_3sat_control_v120_c510_seed1934,perm_seed1730,1,1,SATISFIABLE,SATISFIABLE,True,True,780,780,644,644,0.002382,0.002424,4.199999999999994e-05,True,True,True,True,True,
repeat=1|base=random_3sat_control_v120_c510_seed1934|variant=perm_seed1731,1,random_3sat_control_v120_c510_seed1934,perm_seed1731,1,1,SATISFIABLE,SATISFIABLE,True,True,758,758,654,654,0.002332,0.002442,0.00011000000000000029,True,True,True,True,True,
repeat=1|base=random_3sat_control_v120_c510_seed1934|variant=perm_seed1732,1,random_3sat_control_v120_c510_seed1934,perm_seed1732,1,1,SATISFIABLE,SATISFIABLE,True,True,1356,1356,1182,1182,0.003886,0.00383,-5.600000000000006e-05,True,True,True,True,True,
repeat=1|base=random_3sat_control_v120_c510_seed1934|variant=perm_seed1733,1,random_3sat_control_v120_c510_seed1934,perm_seed1733,1,1,SATISFIABLE,SATISFIABLE,True,True,613,613,519,519,0.002031,0.002412,0.00038100000000000026,True,True,True,True,True,
repeat=1|base=random_3sat_control_v120_c510_seed1934|variant=perm_seed1734,1,random_3sat_control_v120_c510_seed1934,perm_seed1734,1,1,SATISFIABLE,SATISFIABLE,True,True,1348,1348,1164,1164,0.003798,0.004034,0.0002360000000000001,True,True,True,True,True,
repeat=1|base=random_3sat_control_v120_c510_seed1934|variant=perm_seed1735,1,random_3sat_control_v120_c510_seed1934,perm_seed1735,1,1,SATISFIABLE,SATISFIABLE,True,True,923,923,763,763,0.002672,0.002828,0.0001559999999999999,True,True,True,True,True,
repeat=1|base=random_3sat_control_v120_c510_seed1934|variant=perm_seed1736,1,random_3sat_control_v120_c510_seed1934,perm_seed1736,1,1,SATISFIABLE,SATISFIABLE,True,True,316,316,239,239,0.001644,0.001405,-0.00023900000000000006,True,True,True,True,True,
repeat=1|base=random_3sat_control_v120_c510_seed1934|variant=perm_seed1737,1,random_3sat_control_v120_c510_seed1934,perm_seed1737,1,1,SATISFIABLE,SATISFIABLE,True,True,1069,1069,900,900,0.003048,0.003084,3.600000000000001e-05,True,True,True,True,True,
repeat=1|base=random_3sat_control_v120_c510_seed1934|variant=perm_seed1738,1,random_3sat_control_v120_c510_seed1934,perm_seed1738,1,1,SATISFIABLE,SATISFIABLE,True,True,1313,1313,1140,1140,0.00365,0.003731,8.099999999999991e-05,True,True,True,True,True,
repeat=1|base=random_3sat_control_v120_c510_seed1934|variant=perm_seed1739,1,random_3sat_control_v120_c510_seed1934,perm_seed1739,1,1,SATISFIABLE,SATISFIABLE,True,True,1230,1230,1051,1051,0.003437,0.003422,-1.4999999999999823e-05,True,True,True,True,True,
repeat=1|base=random_3sat_control_v120_c510_seed1934|variant=perm_seed1740,1,random_3sat_control_v120_c510_seed1934,perm_seed1740,1,1,SATISFIABLE,SATISFIABLE,True,True,741,741,619,619,0.002344,0.002413,6.900000000000005e-05,True,True,True,True,True,
repeat=1|base=random_3sat_control_v120_c510_seed1934|variant=perm_seed1741,1,random_3sat_control_v120_c510_seed1934,perm_seed1741,1,1,SATISFIABLE,SATISFIABLE,True,True,854,854,708,708,0.002531,0.002464,-6.699999999999979e-05,True,True,True,True,True,
repeat=1|base=random_3sat_control_v120_c510_seed1934|variant=perm_seed1742,1,random_3sat_control_v120_c510_seed1934,perm_seed1742,1,1,SATISFIABLE,SATISFIABLE,True,True,807,807,686,686,0.002388,0.002453,6.499999999999995e-05,True,True,True,True,True,
repeat=1|base=random_3sat_control_v120_c510_seed1934|variant=perm_seed1743,1,random_3sat_control_v120_c510_seed1934,perm_seed1743,1,1,SATISFIABLE,SATISFIABLE,True,True,1021,1021,858,858,0.003111,0.003155,4.399999999999977e-05,True,True,True,True,True,
repeat=1|base=random_3sat_control_v120_c510_seed1934|variant=perm_seed1744,1,random_3sat_control_v120_c510_seed1934,perm_seed1744,1,1,SATISFIABLE,SATISFIABLE,True,True,440,440,352,352,0.001689,0.001639,-4.9999999999999914e-05,True,True,True,True,True,
repeat=1|base=random_3sat_control_v120_c510_seed1934|variant=perm_seed1745,1,random_3sat_control_v120_c510_seed1934,perm_seed1745,1,1,SATISFIABLE,SATISFIABLE,True,True,682,682,589,589,0.002462,0.002245,-0.00021700000000000018,True,True,True,True,True,
repeat=1|base=random_3sat_control_v140_c595_seed1935|variant=base,1,random_3sat_control_v140_c595_seed1935,base,1,1,UNSATISFIABLE,UNSATISFIABLE,True,True,3075,3075,2591,2591,0.008667,0.00881,0.00014300000000000077,True,True,True,True,True,
repeat=1|base=random_3sat_control_v140_c595_seed1935|variant=perm_seed1730,1,random_3sat_control_v140_c595_seed1935,perm_seed1730,1,1,UNSATISFIABLE,UNSATISFIABLE,True,True,4309,4309,3607,3607,0.013991,0.014049,5.800000000000076e-05,True,True,True,True,True,
repeat=1|base=random_3sat_control_v140_c595_seed1935|variant=perm_seed1731,1,random_3sat_control_v140_c595_seed1935,perm_seed1731,1,1,UNSATISFIABLE,UNSATISFIABLE,True,True,4589,4589,3950,3950,0.014656,0.014975,0.00031899999999999984,True,True,True,True,True,
repeat=1|base=random_3sat_control_v140_c595_seed1935|variant=perm_seed1732,1,random_3sat_control_v140_c595_seed1935,perm_seed1732,1,1,UNSATISFIABLE,UNSATISFIABLE,True,True,3477,3477,2986,2986,0.010747,0.010844,9.699999999999986e-05,True,True,True,True,True,
repeat=1|base=random_3sat_control_v140_c595_seed1935|variant=perm_seed1733,1,random_3sat_control_v140_c595_seed1935,perm_seed1733,1,1,UNSATISFIABLE,UNSATISFIABLE,True,True,3288,3288,2769,2769,0.008488,0.0087,0.00021199999999999865,True,True,True,True,True,
repeat=1|base=random_3sat_control_v140_c595_seed1935|variant=perm_seed1734,1,random_3sat_control_v140_c595_seed1935,perm_seed1734,1,1,UNSATISFIABLE,UNSATISFIABLE,True,True,3521,3521,2997,2997,0.009824,0.010029,0.00020500000000000032,True,True,True,True,True,
repeat=1|base=random_3sat_control_v140_c595_seed1935|variant=perm_seed1735,1,random_3sat_control_v140_c595_seed1935,perm_seed1735,1,1,UNSATISFIABLE,UNSATISFIABLE,True,True,3414,3414,2941,2941,0.010453,0.009988,-0.00046500000000000014,True,True,True,True,True,
repeat=1|base=random_3sat_control_v140_c595_seed1935|variant=perm_seed1736,1,random_3sat_control_v140_c595_seed1935,perm_seed1736,1,1,UNSATISFIABLE,UNSATISFIABLE,True,True,3531,3531,3024,3024,0.01014,0.010744,0.0006040000000000004,True,True,True,True,True,
repeat=1|base=random_3sat_control_v140_c595_seed1935|variant=perm_seed1737,1,random_3sat_control_v140_c595_seed1935,perm_seed1737,1,1,UNSATISFIABLE,UNSATISFIABLE,True,True,3490,3490,2973,2973,0.009972,0.010318,0.0003460000000000008,True,True,True,True,True,
repeat=1|base=random_3sat_control_v140_c595_seed1935|variant=perm_seed1738,1,random_3sat_control_v140_c595_seed1935,perm_seed1738,1,1,UNSATISFIABLE,UNSATISFIABLE,True,True,3180,3180,2682,2682,0.009614,0.009807,0.00019300000000000046,True,True,True,True,True,
repeat=1|base=random_3sat_control_v140_c595_seed1935|variant=perm_seed1739,1,random_3sat_control_v140_c595_seed1935,perm_seed1739,1,1,UNSATISFIABLE,UNSATISFIABLE,True,True,3928,3928,3329,3329,0.01114,0.011669,0.000529,True,True,True,True,True,
repeat=1|base=random_3sat_control_v140_c595_seed1935|variant=perm_seed1740,1,random_3sat_control_v140_c595_seed1935,perm_seed1740,1,1,UNSATISFIABLE,UNSATISFIABLE,True,True,2789,2789,2362,2362,0.008467,0.008353,-0.00011400000000000125,True,True,True,True,True,
repeat=1|base=random_3sat_control_v140_c595_seed1935|variant=perm_seed1741,1,random_3sat_control_v140_c595_seed1935,perm_seed1741,1,1,UNSATISFIABLE,UNSATISFIABLE,True,True,3699,3699,3145,3145,0.01157,0.0112,-0.00037000000000000054,True,True,True,True,True,
repeat=1|base=random_3sat_control_v140_c595_seed1935|variant=perm_seed1742,1,random_3sat_control_v140_c595_seed1935,perm_seed1742,1,1,UNSATISFIABLE,UNSATISFIABLE,True,True,2994,2994,2540,2540,0.009391,0.009243,-0.00014800000000000056,True,True,True,True,True,
repeat=1|base=random_3sat_control_v140_c595_seed1935|variant=perm_seed1743,1,random_3sat_control_v140_c595_seed1935,perm_seed1743,1,1,UNSATISFIABLE,UNSATISFIABLE,True,True,3045,3045,2579,2579,0.009255,0.009448,0.00019300000000000046,True,True,True,True,True,
repeat=1|base=random_3sat_control_v140_c595_seed1935|variant=perm_seed1744,1,random_3sat_control_v140_c595_seed1935,perm_seed1744,1,1,UNSATISFIABLE,UNSATISFIABLE,True,True,3721,3721,3205,3205,0.010864,0.011657,0.0007930000000000003,True,True,True,True,True,
repeat=1|base=random_3sat_control_v140_c595_seed1935|variant=perm_seed1745,1,random_3sat_control_v140_c595_seed1935,perm_seed1745,1,1,UNSATISFIABLE,UNSATISFIABLE,True,True,3463,3463,2976,2976,0.010694,0.011439,0.0007449999999999991,True,True,True,True,True,
repeat=1|base=random_3sat_control_v150_c525_seed1936|variant=base,1,random_3sat_control_v150_c525_seed1936,base,1,1,SATISFIABLE,SATISFIABLE,True,True,52,52,3,3,0.000817,0.000832,1.4999999999999931e-05,True,True,True,True,True,
repeat=1|base=random_3sat_control_v150_c525_seed1936|variant=perm_seed1730,1,random_3sat_control_v150_c525_seed1936,perm_seed1730,1,1,SATISFIABLE,SATISFIABLE,True,True,36,36,1,1,0.000763,0.000872,0.00010900000000000005,True,True,True,True,True,
repeat=1|base=random_3sat_control_v150_c525_seed1936|variant=perm_seed1731,1,random_3sat_control_v150_c525_seed1936,perm_seed1731,1,1,SATISFIABLE,SATISFIABLE,True,True,64,64,17,17,0.000957,0.000917,-3.9999999999999996e-05,True,True,True,True,True,
repeat=1|base=random_3sat_control_v150_c525_seed1936|variant=perm_seed1732,1,random_3sat_control_v150_c525_seed1936,perm_seed1732,1,1,SATISFIABLE,SATISFIABLE,True,True,66,66,17,17,0.000883,0.000876,-6.999999999999953e-06,True,True,True,True,True,
repeat=1|base=random_3sat_control_v150_c525_seed1936|variant=perm_seed1733,1,random_3sat_control_v150_c525_seed1936,perm_seed1733,1,1,SATISFIABLE,SATISFIABLE,True,True,89,89,36,36,0.001005,0.001054,4.9e-05,True,True,True,True,True,
repeat=1|base=random_3sat_control_v150_c525_seed1936|variant=perm_seed1734,1,random_3sat_control_v150_c525_seed1936,perm_seed1734,1,1,SATISFIABLE,SATISFIABLE,True,True,40,40,5,5,0.000912,0.000935,2.299999999999991e-05,True,True,True,True,True,
repeat=1|base=random_3sat_control_v150_c525_seed1936|variant=perm_seed1735,1,random_3sat_control_v150_c525_seed1936,perm_seed1735,1,1,SATISFIABLE,SATISFIABLE,True,True,177,177,116,116,0.001172,0.001147,-2.5000000000000066e-05,True,True,True,True,True,
repeat=1|base=random_3sat_control_v150_c525_seed1936|variant=perm_seed1736,1,random_3sat_control_v150_c525_seed1936,perm_seed1736,1,1,SATISFIABLE,SATISFIABLE,True,True,71,71,22,22,0.000843,0.000871,2.800000000000003e-05,True,True,True,True,True,
repeat=1|base=random_3sat_control_v150_c525_seed1936|variant=perm_seed1737,1,random_3sat_control_v150_c525_seed1936,perm_seed1737,1,1,SATISFIABLE,SATISFIABLE,True,True,116,116,61,61,0.001011,0.000997,-1.3999999999999907e-05,True,True,True,True,True,
repeat=1|base=random_3sat_control_v150_c525_seed1936|variant=perm_seed1738,1,random_3sat_control_v150_c525_seed1936,perm_seed1738,1,1,SATISFIABLE,SATISFIABLE,True,True,72,72,26,26,0.000929,0.000889,-3.9999999999999996e-05,True,True,True,True,True,
repeat=1|base=random_3sat_control_v150_c525_seed1936|variant=perm_seed1739,1,random_3sat_control_v150_c525_seed1936,perm_seed1739,1,1,SATISFIABLE,SATISFIABLE,True,True,184,184,126,126,0.001145,0.001141,-3.99999999999988e-06,True,True,True,True,True,
repeat=1|base=random_3sat_control_v150_c525_seed1936|variant=perm_seed1740,1,random_3sat_control_v150_c525_seed1936,perm_seed1740,1,1,SATISFIABLE,SATISFIABLE,True,True,81,81,31,31,0.000884,0.000862,-2.1999999999999993e-05,True,True,True,True,True,
repeat=1|base=random_3sat_control_v150_c525_seed1936|variant=perm_seed1741,1,random_3sat_control_v150_c525_seed1936,perm_seed1741,1,1,SATISFIABLE,SATISFIABLE,True,True,135,135,71,71,0.000998,0.001142,0.00014400000000000003,True,True,True,True,True,
repeat=1|base=random_3sat_control_v150_c525_seed1936|variant=perm_seed1742,1,random_3sat_control_v150_c525_seed1936,perm_seed1742,1,1,SATISFIABLE,SATISFIABLE,True,True,60,60,14,14,0.000806,0.000884,7.800000000000005e-05,True,True,True,True,True,
repeat=1|base=random_3sat_control_v150_c525_seed1936|variant=perm_seed1743,1,random_3sat_control_v150_c525_seed1936,perm_seed1743,1,1,SATISFIABLE,SATISFIABLE,True,True,179,179,124,124,0.001093,0.001119,2.599999999999998e-05,True,True,True,True,True,
repeat=1|base=random_3sat_control_v150_c525_seed1936|variant=perm_seed1744,1,random_3sat_control_v150_c525_seed1936,perm_seed1744,1,1,SATISFIABLE,SATISFIABLE,True,True,141,141,98,98,0.001065,0.001062,-2.9999999999999645e-06,True,True,True,True,True,
repeat=1|base=random_3sat_control_v150_c525_seed1936|variant=perm_seed1745,1,random_3sat_control_v150_c525_seed1936,perm_seed1745,1,1,SATISFIABLE,SATISFIABLE,True,True,53,53,11,11,0.000879,0.000846,-3.300000000000004e-05,True,True,True,True,True,
repeat=1|base=random_3sat_control_v150_c638_seed1937|variant=base,1,random_3sat_control_v150_c638_seed1937,base,1,1,SATISFIABLE,SATISFIABLE,True,True,4053,4053,3484,3484,0.012336,0.011894,-0.0004419999999999997,True,True,True,True,True,
repeat=1|base=random_3sat_control_v150_c638_seed1937|variant=perm_seed1730,1,random_3sat_control_v150_c638_seed1937,perm_seed1730,1,1,SATISFIABLE,SATISFIABLE,True,True,4404,4404,3807,3807,0.014333,0.013779,-0.0005540000000000007,True,True,True,True,True,
repeat=1|base=random_3sat_control_v150_c638_seed1937|variant=perm_seed1731,1,random_3sat_control_v150_c638_seed1937,perm_seed1731,1,1,SATISFIABLE,SATISFIABLE,True,True,4759,4759,4083,4083,0.015943,0.01603,8.700000000000027e-05,True,True,True,True,True,
repeat=1|base=random_3sat_control_v150_c638_seed1937|variant=perm_seed1732,1,random_3sat_control_v150_c638_seed1937,perm_seed1732,1,1,SATISFIABLE,SATISFIABLE,True,True,771,771,634,634,0.002541,0.002574,3.300000000000004e-05,True,True,True,True,True,
repeat=1|base=random_3sat_control_v150_c638_seed1937|variant=perm_seed1733,1,random_3sat_control_v150_c638_seed1937,perm_seed1733,1,1,SATISFIABLE,SATISFIABLE,True,True,1063,1063,885,885,0.003258,0.003396,0.0001380000000000001,True,True,True,True,True,
repeat=1|base=random_3sat_control_v150_c638_seed1937|variant=perm_seed1734,1,random_3sat_control_v150_c638_seed1937,perm_seed1734,1,1,SATISFIABLE,SATISFIABLE,True,True,1176,1176,977,977,0.003675,0.003603,-7.200000000000002e-05,True,True,True,True,True,
repeat=1|base=random_3sat_control_v150_c638_seed1937|variant=perm_seed1735,1,random_3sat_control_v150_c638_seed1937,perm_seed1735,1,1,SATISFIABLE,SATISFIABLE,True,True,1229,1229,1039,1039,0.003883,0.004122,0.00023899999999999963,True,True,True,True,True,
repeat=1|base=random_3sat_control_v150_c638_seed1937|variant=perm_seed1736,1,random_3sat_control_v150_c638_seed1937,perm_seed1736,1,1,SATISFIABLE,SATISFIABLE,True,True,5506,5506,4760,4760,0.019597,0.020204,0.0006069999999999999,True,True,True,True,True,
repeat=1|base=random_3sat_control_v150_c638_seed1937|variant=perm_seed1737,1,random_3sat_control_v150_c638_seed1937,perm_seed1737,1,1,SATISFIABLE,SATISFIABLE,True,True,3490,3490,3007,3007,0.011424,0.013103,0.001679,True,True,True,True,True,
repeat=1|base=random_3sat_control_v150_c638_seed1937|variant=perm_seed1738,1,random_3sat_control_v150_c638_seed1937,perm_seed1738,1,1,SATISFIABLE,SATISFIABLE,True,True,3456,3456,2946,2946,0.012776,0.011657,-0.0011189999999999985,True,True,True,True,True,
repeat=1|base=random_3sat_control_v150_c638_seed1937|variant=perm_seed1739,1,random_3sat_control_v150_c638_seed1937,perm_seed1739,1,1,SATISFIABLE,SATISFIABLE,True,True,6287,6287,5476,5476,0.024726,0.025587,0.0008609999999999972,True,True,True,True,True,
repeat=1|base=random_3sat_control_v150_c638_seed1937|variant=perm_seed1740,1,random_3sat_control_v150_c638_seed1937,perm_seed1740,1,1,SATISFIABLE,SATISFIABLE,True,True,2756,2756,2378,2378,0.009915,0.009051,-0.0008640000000000002,True,True,True,True,True,
repeat=1|base=random_3sat_control_v150_c638_seed1937|variant=perm_seed1741,1,random_3sat_control_v150_c638_seed1937,perm_seed1741,1,1,SATISFIABLE,SATISFIABLE,True,True,3793,3793,3223,3223,0.013505,0.012618,-0.0008869999999999989,True,True,True,True,True,
repeat=1|base=random_3sat_control_v150_c638_seed1937|variant=perm_seed1742,1,random_3sat_control_v150_c638_seed1937,perm_seed1742,1,1,SATISFIABLE,SATISFIABLE,True,True,5826,5826,4968,4968,0.019106,0.019574,0.00046799999999999967,True,True,True,True,True,
repeat=1|base=random_3sat_control_v150_c638_seed1937|variant=perm_seed1743,1,random_3sat_control_v150_c638_seed1937,perm_seed1743,1,1,SATISFIABLE,SATISFIABLE,True,True,2954,2954,2512,2512,0.009902,0.010627,0.000725,True,True,True,True,True,
repeat=1|base=random_3sat_control_v150_c638_seed1937|variant=perm_seed1744,1,random_3sat_control_v150_c638_seed1937,perm_seed1744,1,1,SATISFIABLE,SATISFIABLE,True,True,4325,4325,3666,3666,0.01265,0.012721,7.099999999999988e-05,True,True,True,True,True,
repeat=1|base=random_3sat_control_v150_c638_seed1937|variant=perm_seed1745,1,random_3sat_control_v150_c638_seed1937,perm_seed1745,1,1,SATISFIABLE,SATISFIABLE,True,True,1341,1341,1104,1104,0.003965,0.004055,8.99999999999998e-05,True,True,True,True,True,
repeat=1|base=random_3sat_control_v160_c704_seed2615|variant=base,1,random_3sat_control_v160_c704_seed2615,base,1,1,UNSATISFIABLE,UNSATISFIABLE,True,True,6771,6771,5767,5767,0.023695,0.023338,-0.0003569999999999997,True,True,True,True,True,
repeat=1|base=random_3sat_control_v160_c704_seed2615|variant=perm_seed1730,1,random_3sat_control_v160_c704_seed2615,perm_seed1730,1,1,UNSATISFIABLE,UNSATISFIABLE,True,True,8522,8522,7299,7299,0.037136,0.034894,-0.002242000000000001,True,True,True,True,True,
repeat=1|base=random_3sat_control_v160_c704_seed2615|variant=perm_seed1731,1,random_3sat_control_v160_c704_seed2615,perm_seed1731,1,1,UNSATISFIABLE,UNSATISFIABLE,True,True,5676,5676,4847,4847,0.017416,0.017488,7.199999999999915e-05,True,True,True,True,True,
repeat=1|base=random_3sat_control_v180_c760_seed3301|variant=base,1,random_3sat_control_v180_c760_seed3301,base,1,1,SATISFIABLE,SATISFIABLE,True,True,27442,27442,23617,23617,0.180678,0.181134,0.0004559999999999842,True,True,True,True,True,
repeat=1|base=random_3sat_control_v180_c760_seed3301|variant=perm_seed1730,1,random_3sat_control_v180_c760_seed3301,perm_seed1730,1,1,SATISFIABLE,SATISFIABLE,True,True,47649,47649,41152,41152,0.379018,0.409897,0.03087899999999999,True,True,True,True,True,
repeat=1|base=random_3sat_control_v180_c760_seed3301|variant=perm_seed1731,1,random_3sat_control_v180_c760_seed3301,perm_seed1731,1,1,SATISFIABLE,SATISFIABLE,True,True,27197,27197,23469,23469,0.18071,0.186577,0.005866999999999983,True,True,True,True,True,
repeat=1|base=random_3sat_control_v20_c85_seed1901|variant=base,1,random_3sat_control_v20_c85_seed1901,base,1,1,SATISFIABLE,SATISFIABLE,True,True,17,17,9,9,0.001279,0.001225,-5.400000000000001e-05,True,True,True,True,True,
repeat=1|base=random_3sat_control_v20_c85_seed1901|variant=perm_seed1730,1,random_3sat_control_v20_c85_seed1901,perm_seed1730,1,1,SATISFIABLE,SATISFIABLE,True,True,12,12,5,5,0.001172,0.001093,-7.900000000000008e-05,True,True,True,True,True,
repeat=1|base=random_3sat_control_v20_c85_seed1901|variant=perm_seed1731,1,random_3sat_control_v20_c85_seed1901,perm_seed1731,1,1,SATISFIABLE,SATISFIABLE,True,True,15,15,11,11,0.001128,0.000777,-0.0003510000000000001,True,True,True,True,True,
repeat=1|base=random_3sat_control_v20_c85_seed1901|variant=perm_seed1732,1,random_3sat_control_v20_c85_seed1901,perm_seed1732,1,1,SATISFIABLE,SATISFIABLE,True,True,16,16,6,6,0.00109,0.001093,2.9999999999999645e-06,True,True,True,True,True,
repeat=1|base=random_3sat_control_v20_c85_seed1901|variant=perm_seed1733,1,random_3sat_control_v20_c85_seed1901,perm_seed1733,1,1,SATISFIABLE,SATISFIABLE,True,True,12,12,7,7,0.000683,0.000753,6.999999999999997e-05,True,True,True,True,True,
repeat=1|base=random_3sat_control_v20_c85_seed1901|variant=perm_seed1734,1,random_3sat_control_v20_c85_seed1901,perm_seed1734,1,1,SATISFIABLE,SATISFIABLE,True,True,11,11,4,4,0.000807,0.001214,0.000407,True,True,True,True,True,
repeat=1|base=random_3sat_control_v20_c85_seed1901|variant=perm_seed1735,1,random_3sat_control_v20_c85_seed1901,perm_seed1735,1,1,SATISFIABLE,SATISFIABLE,True,True,11,11,1,1,0.001287,0.001089,-0.00019800000000000004,True,True,True,True,True,
repeat=1|base=random_3sat_control_v20_c85_seed1901|variant=perm_seed1736,1,random_3sat_control_v20_c85_seed1901,perm_seed1736,1,1,SATISFIABLE,SATISFIABLE,True,True,14,14,6,6,0.000719,0.000623,-9.600000000000006e-05,True,True,True,True,True,
repeat=1|base=random_3sat_control_v20_c85_seed1901|variant=perm_seed1737,1,random_3sat_control_v20_c85_seed1901,perm_seed1737,1,1,SATISFIABLE,SATISFIABLE,True,True,17,17,8,8,0.000607,0.000658,5.099999999999994e-05,True,True,True,True,True,
repeat=1|base=random_3sat_control_v20_c85_seed1901|variant=perm_seed1738,1,random_3sat_control_v20_c85_seed1901,perm_seed1738,1,1,SATISFIABLE,SATISFIABLE,True,True,12,12,7,7,0.000707,0.000719,1.2000000000000075e-05,True,True,True,True,True,
repeat=1|base=random_3sat_control_v20_c85_seed1901|variant=perm_seed1739,1,random_3sat_control_v20_c85_seed1901,perm_seed1739,1,1,SATISFIABLE,SATISFIABLE,True,True,10,10,3,3,0.000632,0.000697,6.500000000000006e-05,True,True,True,True,True,
repeat=1|base=random_3sat_control_v20_c85_seed1901|variant=perm_seed1740,1,random_3sat_control_v20_c85_seed1901,perm_seed1740,1,1,SATISFIABLE,SATISFIABLE,True,True,11,11,6,6,0.000974,0.000716,-0.0002580000000000001,True,True,True,True,True,
repeat=1|base=random_3sat_control_v20_c85_seed1901|variant=perm_seed1741,1,random_3sat_control_v20_c85_seed1901,perm_seed1741,1,1,SATISFIABLE,SATISFIABLE,True,True,11,11,4,4,0.001111,0.000903,-0.00020799999999999996,True,True,True,True,True,
repeat=1|base=random_3sat_control_v20_c85_seed1901|variant=perm_seed1742,1,random_3sat_control_v20_c85_seed1901,perm_seed1742,1,1,SATISFIABLE,SATISFIABLE,True,True,8,8,1,1,0.000692,0.000613,-7.899999999999997e-05,True,True,True,True,True,
repeat=1|base=random_3sat_control_v20_c85_seed1901|variant=perm_seed1743,1,random_3sat_control_v20_c85_seed1901,perm_seed1743,1,1,SATISFIABLE,SATISFIABLE,True,True,14,14,4,4,0.000583,0.000641,5.8e-05,True,True,True,True,True,
repeat=1|base=random_3sat_control_v20_c85_seed1901|variant=perm_seed1744,1,random_3sat_control_v20_c85_seed1901,perm_seed1744,1,1,SATISFIABLE,SATISFIABLE,True,True,15,15,7,7,0.000672,0.00063,-4.199999999999994e-05,True,True,True,True,True,
repeat=1|base=random_3sat_control_v20_c85_seed1901|variant=perm_seed1745,1,random_3sat_control_v20_c85_seed1901,perm_seed1745,1,1,SATISFIABLE,SATISFIABLE,True,True,8,8,4,4,0.000748,0.000686,-6.199999999999999e-05,True,True,True,True,True,
repeat=1|base=random_3sat_control_v220_c928_seed3303|variant=base,1,random_3sat_control_v220_c928_seed3303,base,1,1,SATISFIABLE,SATISFIABLE,True,True,30277,30277,25994,25994,0.277357,0.281381,0.004023999999999972,True,True,True,True,True,
repeat=1|base=random_3sat_control_v220_c928_seed3303|variant=perm_seed1730,1,random_3sat_control_v220_c928_seed3303,perm_seed1730,1,1,SATISFIABLE,SATISFIABLE,True,True,52742,52742,45477,45477,0.549136,0.521456,-0.027679999999999927,True,True,True,True,True,
repeat=1|base=random_3sat_control_v220_c928_seed3303|variant=perm_seed1731,1,random_3sat_control_v220_c928_seed3303,perm_seed1731,1,1,SATISFIABLE,SATISFIABLE,True,True,4930,4930,4147,4147,0.023815,0.022498,-0.0013169999999999987,True,True,True,True,True,
repeat=1|base=random_3sat_control_v220_c942_seed3304|variant=base,1,random_3sat_control_v220_c942_seed3304,base,1,1,UNSATISFIABLE,UNSATISFIABLE,True,True,35472,35472,30813,30813,0.258708,0.244909,-0.013799000000000006,True,True,True,True,True,
repeat=1|base=random_3sat_control_v220_c942_seed3304|variant=perm_seed1730,1,random_3sat_control_v220_c942_seed3304,perm_seed1730,1,1,UNSATISFIABLE,UNSATISFIABLE,True,True,34825,34825,30052,30052,0.25188,0.242491,-0.00938899999999998,True,True,True,True,True,
repeat=1|base=random_3sat_control_v220_c942_seed3304|variant=perm_seed1731,1,random_3sat_control_v220_c942_seed3304,perm_seed1731,1,1,UNSATISFIABLE,UNSATISFIABLE,True,True,38737,38737,33758,33758,0.260415,0.262819,0.0024040000000000172,True,True,True,True,True,
repeat=1|base=random_3sat_control_v24_c102_seed1921|variant=base,1,random_3sat_control_v24_c102_seed1921,base,1,1,UNSATISFIABLE,UNSATISFIABLE,True,True,10,10,11,11,0.000704,0.000661,-4.299999999999996e-05,True,True,True,True,True,
repeat=1|base=random_3sat_control_v24_c102_seed1921|variant=perm_seed1730,1,random_3sat_control_v24_c102_seed1921,perm_seed1730,1,1,UNSATISFIABLE,UNSATISFIABLE,True,True,22,22,18,18,0.00075,0.000664,-8.600000000000003e-05,True,True,True,True,True,
repeat=1|base=random_3sat_control_v24_c102_seed1921|variant=perm_seed1731,1,random_3sat_control_v24_c102_seed1921,perm_seed1731,1,1,UNSATISFIABLE,UNSATISFIABLE,True,True,26,26,26,26,0.000641,0.000667,2.599999999999998e-05,True,True,True,True,True,
repeat=1|base=random_3sat_control_v24_c102_seed1921|variant=perm_seed1732,1,random_3sat_control_v24_c102_seed1921,perm_seed1732,1,1,UNSATISFIABLE,UNSATISFIABLE,True,True,18,18,16,16,0.000658,0.000661,3.000000000000073e-06,True,True,True,True,True,
repeat=1|base=random_3sat_control_v24_c102_seed1921|variant=perm_seed1733,1,random_3sat_control_v24_c102_seed1921,perm_seed1733,1,1,UNSATISFIABLE,UNSATISFIABLE,True,True,19,19,19,19,0.000619,0.000657,3.8000000000000056e-05,True,True,True,True,True,
repeat=1|base=random_3sat_control_v24_c102_seed1921|variant=perm_seed1734,1,random_3sat_control_v24_c102_seed1921,perm_seed1734,1,1,UNSATISFIABLE,UNSATISFIABLE,True,True,20,20,20,20,0.000628,0.000622,-5.999999999999929e-06,True,True,True,True,True,
repeat=1|base=random_3sat_control_v24_c102_seed1921|variant=perm_seed1735,1,random_3sat_control_v24_c102_seed1921,perm_seed1735,1,1,UNSATISFIABLE,UNSATISFIABLE,True,True,19,19,19,19,0.000626,0.000657,3.0999999999999995e-05,True,True,True,True,True,
repeat=1|base=random_3sat_control_v24_c102_seed1921|variant=perm_seed1736,1,random_3sat_control_v24_c102_seed1921,perm_seed1736,1,1,UNSATISFIABLE,UNSATISFIABLE,True,True,18,18,17,17,0.000649,0.000721,7.200000000000002e-05,True,True,True,True,True,
repeat=1|base=random_3sat_control_v24_c102_seed1921|variant=perm_seed1737,1,random_3sat_control_v24_c102_seed1921,perm_seed1737,1,1,UNSATISFIABLE,UNSATISFIABLE,True,True,19,19,17,17,0.000628,0.000707,7.899999999999997e-05,True,True,True,True,True,
repeat=1|base=random_3sat_control_v24_c102_seed1921|variant=perm_seed1738,1,random_3sat_control_v24_c102_seed1921,perm_seed1738,1,1,UNSATISFIABLE,UNSATISFIABLE,True,True,26,26,26,26,0.000745,0.000628,-0.00011700000000000002,True,True,True,True,True,
repeat=1|base=random_3sat_control_v24_c102_seed1921|variant=perm_seed1739,1,random_3sat_control_v24_c102_seed1921,perm_seed1739,1,1,UNSATISFIABLE,UNSATISFIABLE,True,True,19,19,18,18,0.000622,0.000665,4.299999999999996e-05,True,True,True,True,True,
repeat=1|base=random_3sat_control_v24_c102_seed1921|variant=perm_seed1740,1,random_3sat_control_v24_c102_seed1921,perm_seed1740,1,1,UNSATISFIABLE,UNSATISFIABLE,True,True,21,21,22,22,0.000665,0.000651,-1.4000000000000015e-05,True,True,True,True,True,
repeat=1|base=random_3sat_control_v24_c102_seed1921|variant=perm_seed1741,1,random_3sat_control_v24_c102_seed1921,perm_seed1741,1,1,UNSATISFIABLE,UNSATISFIABLE,True,True,15,15,13,13,0.000607,0.000662,5.5000000000000036e-05,True,True,True,True,True,
repeat=1|base=random_3sat_control_v24_c102_seed1921|variant=perm_seed1742,1,random_3sat_control_v24_c102_seed1921,perm_seed1742,1,1,UNSATISFIABLE,UNSATISFIABLE,True,True,13,13,14,14,0.000609,0.000643,3.400000000000007e-05,True,True,True,True,True,
repeat=1|base=random_3sat_control_v24_c102_seed1921|variant=perm_seed1743,1,random_3sat_control_v24_c102_seed1921,perm_seed1743,1,1,UNSATISFIABLE,UNSATISFIABLE,True,True,25,25,23,23,0.000611,0.000618,6.999999999999953e-06,True,True,True,True,True,
repeat=1|base=random_3sat_control_v24_c102_seed1921|variant=perm_seed1744,1,random_3sat_control_v24_c102_seed1921,perm_seed1744,1,1,UNSATISFIABLE,UNSATISFIABLE,True,True,17,17,14,14,0.000708,0.000674,-3.399999999999996e-05,True,True,True,True,True,
repeat=1|base=random_3sat_control_v24_c102_seed1921|variant=perm_seed1745,1,random_3sat_control_v24_c102_seed1921,perm_seed1745,1,1,UNSATISFIABLE,UNSATISFIABLE,True,True,19,19,19,19,0.000622,0.000626,3.999999999999989e-06,True,True,True,True,True,
repeat=1|base=random_3sat_control_v260_c1097_seed3305|variant=base,1,random_3sat_control_v260_c1097_seed3305,base,1,1,INDETERMINATE,INDETERMINATE,False,False,115155,115155,100000,100000,1.4688,1.47742,0.00861999999999985,True,True,True,True,True,
repeat=1|base=random_3sat_control_v260_c1097_seed3305|variant=perm_seed1730,1,random_3sat_control_v260_c1097_seed3305,perm_seed1730,1,1,INDETERMINATE,INDETERMINATE,False,False,114783,114783,100000,100000,1.43074,1.44392,0.013180000000000192,True,True,True,True,True,
repeat=1|base=random_3sat_control_v260_c1097_seed3305|variant=perm_seed1731,1,random_3sat_control_v260_c1097_seed3305,perm_seed1731,1,1,SATISFIABLE,SATISFIABLE,True,True,105916,105916,92052,92052,1.43984,1.44592,0.006080000000000085,True,True,True,True,True,
repeat=1|base=random_3sat_control_v260_c1113_seed3306|variant=base,1,random_3sat_control_v260_c1113_seed3306,base,1,1,INDETERMINATE,INDETERMINATE,False,False,114836,114836,100000,100000,1.33359,1.34683,0.013239999999999919,True,True,True,True,True,
repeat=1|base=random_3sat_control_v260_c1113_seed3306|variant=perm_seed1730,1,random_3sat_control_v260_c1113_seed3306,perm_seed1730,1,1,INDETERMINATE,INDETERMINATE,False,False,114563,114563,100000,100000,1.31173,1.31593,0.0041999999999999815,True,True,True,True,True,
repeat=1|base=random_3sat_control_v260_c1113_seed3306|variant=perm_seed1731,1,random_3sat_control_v260_c1113_seed3306,perm_seed1731,1,1,INDETERMINATE,INDETERMINATE,False,False,114269,114269,100000,100000,1.42924,1.43695,0.007709999999999884,True,True,True,True,True,
repeat=1|base=random_3sat_control_v28_c119_seed1922|variant=base,1,random_3sat_control_v28_c119_seed1922,base,1,1,SATISFIABLE,SATISFIABLE,True,True,9,9,0,0,0.000879,0.000679,-0.00019999999999999998,True,True,True,True,True,
repeat=1|base=random_3sat_control_v28_c119_seed1922|variant=perm_seed1730,1,random_3sat_control_v28_c119_seed1922,perm_seed1730,1,1,SATISFIABLE,SATISFIABLE,True,True,16,16,11,11,0.000721,0.00069,-3.0999999999999995e-05,True,True,True,True,True,
repeat=1|base=random_3sat_control_v28_c119_seed1922|variant=perm_seed1731,1,random_3sat_control_v28_c119_seed1922,perm_seed1731,1,1,SATISFIABLE,SATISFIABLE,True,True,11,11,1,1,0.000674,0.000711,3.700000000000003e-05,True,True,True,True,True,
repeat=1|base=random_3sat_control_v28_c119_seed1922|variant=perm_seed1732,1,random_3sat_control_v28_c119_seed1922,perm_seed1732,1,1,SATISFIABLE,SATISFIABLE,True,True,19,19,10,10,0.000749,0.000779,2.999999999999997e-05,True,True,True,True,True,
repeat=1|base=random_3sat_control_v28_c119_seed1922|variant=perm_seed1733,1,random_3sat_control_v28_c119_seed1922,perm_seed1733,1,1,SATISFIABLE,SATISFIABLE,True,True,13,13,4,4,0.000945,0.000757,-0.00018800000000000002,True,True,True,True,True,
repeat=1|base=random_3sat_control_v28_c119_seed1922|variant=perm_seed1734,1,random_3sat_control_v28_c119_seed1922,perm_seed1734,1,1,SATISFIABLE,SATISFIABLE,True,True,13,13,5,5,0.000795,0.000859,6.399999999999993e-05,True,True,True,True,True,
repeat=1|base=random_3sat_control_v28_c119_seed1922|variant=perm_seed1735,1,random_3sat_control_v28_c119_seed1922,perm_seed1735,1,1,SATISFIABLE,SATISFIABLE,True,True,13,13,6,6,0.000947,0.001202,0.0002549999999999999,True,True,True,True,True,
repeat=1|base=random_3sat_control_v28_c119_seed1922|variant=perm_seed1736,1,random_3sat_control_v28_c119_seed1922,perm_seed1736,1,1,SATISFIABLE,SATISFIABLE,True,True,13,13,5,5,0.000764,0.000749,-1.500000000000004e-05,True,True,True,True,True,
repeat=1|base=random_3sat_control_v28_c119_seed1922|variant=perm_seed1737,1,random_3sat_control_v28_c119_seed1922,perm_seed1737,1,1,SATISFIABLE,SATISFIABLE,True,True,13,13,3,3,0.000697,0.00069,-7.000000000000062e-06,True,True,True,True,True,
repeat=1|base=random_3sat_control_v28_c119_seed1922|variant=perm_seed1738,1,random_3sat_control_v28_c119_seed1922,perm_seed1738,1,1,SATISFIABLE,SATISFIABLE,True,True,19,19,7,7,0.000732,0.000828,9.599999999999995e-05,True,True,True,True,True,
repeat=1|base=random_3sat_control_v28_c119_seed1922|variant=perm_seed1739,1,random_3sat_control_v28_c119_seed1922,perm_seed1739,1,1,SATISFIABLE,SATISFIABLE,True,True,15,15,3,3,0.000816,0.000736,-7.999999999999999e-05,True,True,True,True,True,
repeat=1|base=random_3sat_control_v28_c119_seed1922|variant=perm_seed1740,1,random_3sat_control_v28_c119_seed1922,perm_seed1740,1,1,SATISFIABLE,SATISFIABLE,True,True,16,16,9,9,0.000687,0.000865,0.000178,True,True,True,True,True,
repeat=1|base=random_3sat_control_v28_c119_seed1922|variant=perm_seed1741,1,random_3sat_control_v28_c119_seed1922,perm_seed1741,1,1,SATISFIABLE,SATISFIABLE,True,True,14,14,4,4,0.000707,0.000781,7.400000000000006e-05,True,True,True,True,True,
repeat=1|base=random_3sat_control_v28_c119_seed1922|variant=perm_seed1742,1,random_3sat_control_v28_c119_seed1922,perm_seed1742,1,1,SATISFIABLE,SATISFIABLE,True,True,29,29,13,13,0.000718,0.000659,-5.9000000000000025e-05,True,True,True,True,True,
repeat=1|base=random_3sat_control_v28_c119_seed1922|variant=perm_seed1743,1,random_3sat_control_v28_c119_seed1922,perm_seed1743,1,1,SATISFIABLE,SATISFIABLE,True,True,9,9,2,2,0.000666,0.000639,-2.7000000000000006e-05,True,True,True,True,True,
repeat=1|base=random_3sat_control_v28_c119_seed1922|variant=perm_seed1744,1,random_3sat_control_v28_c119_seed1922,perm_seed1744,1,1,SATISFIABLE,SATISFIABLE,True,True,12,12,2,2,0.000725,0.000614,-0.00011099999999999999,True,True,True,True,True,
repeat=1|base=random_3sat_control_v28_c119_seed1922|variant=perm_seed1745,1,random_3sat_control_v28_c119_seed1922,perm_seed1745,1,1,SATISFIABLE,SATISFIABLE,True,True,20,20,9,9,0.000629,0.000612,-1.699999999999998e-05,True,True,True,True,True,
repeat=1|base=random_3sat_control_v300_c1266_seed3307|variant=base,1,random_3sat_control_v300_c1266_seed3307,base,1,1,SATISFIABLE,SATISFIABLE,True,True,12894,12894,10895,10895,0.07837,0.08071,0.0023400000000000087,True,True,True,True,True,
repeat=1|base=random_3sat_control_v300_c1266_seed3307|variant=perm_seed1730,1,random_3sat_control_v300_c1266_seed3307,perm_seed1730,1,1,SATISFIABLE,SATISFIABLE,True,True,43103,43103,37339,37339,0.471139,0.479271,0.008132000000000028,True,True,True,True,True,
repeat=1|base=random_3sat_control_v300_c1266_seed3307|variant=perm_seed1731,1,random_3sat_control_v300_c1266_seed3307,perm_seed1731,1,1,SATISFIABLE,SATISFIABLE,True,True,66962,66962,57424,57424,0.755559,0.763722,0.008163000000000031,True,True,True,True,True,
repeat=1|base=random_3sat_control_v30_c128_seed1902|variant=base,1,random_3sat_control_v30_c128_seed1902,base,1,1,UNSATISFIABLE,UNSATISFIABLE,True,True,40,40,39,39,0.000766,0.000766,0.0,True,True,True,True,True,
repeat=1|base=random_3sat_control_v30_c128_seed1902|variant=perm_seed1730,1,random_3sat_control_v30_c128_seed1902,perm_seed1730,1,1,UNSATISFIABLE,UNSATISFIABLE,True,True,25,25,23,23,0.000729,0.000676,-5.3000000000000096e-05,True,True,True,True,True,
repeat=1|base=random_3sat_control_v30_c128_seed1902|variant=perm_seed1731,1,random_3sat_control_v30_c128_seed1902,perm_seed1731,1,1,UNSATISFIABLE,UNSATISFIABLE,True,True,42,42,41,41,0.000758,0.000713,-4.500000000000001e-05,True,True,True,True,True,
repeat=1|base=random_3sat_control_v30_c128_seed1902|variant=perm_seed1732,1,random_3sat_control_v30_c128_seed1902,perm_seed1732,1,1,UNSATISFIABLE,UNSATISFIABLE,True,True,15,15,14,14,0.000633,0.000639,6.000000000000037e-06,True,True,True,True,True,
repeat=1|base=random_3sat_control_v30_c128_seed1902|variant=perm_seed1733,1,random_3sat_control_v30_c128_seed1902,perm_seed1733,1,1,UNSATISFIABLE,UNSATISFIABLE,True,True,15,15,14,14,0.000623,0.000695,7.200000000000002e-05,True,True,True,True,True,
repeat=1|base=random_3sat_control_v30_c128_seed1902|variant=perm_seed1734,1,random_3sat_control_v30_c128_seed1902,perm_seed1734,1,1,UNSATISFIABLE,UNSATISFIABLE,True,True,14,14,15,15,0.000703,0.000665,-3.799999999999995e-05,True,True,True,True,True,
repeat=1|base=random_3sat_control_v30_c128_seed1902|variant=perm_seed1735,1,random_3sat_control_v30_c128_seed1902,perm_seed1735,1,1,UNSATISFIABLE,UNSATISFIABLE,True,True,30,30,27,27,0.000639,0.000654,1.4999999999999931e-05,True,True,True,True,True,
repeat=1|base=random_3sat_control_v30_c128_seed1902|variant=perm_seed1736,1,random_3sat_control_v30_c128_seed1902,perm_seed1736,1,1,UNSATISFIABLE,UNSATISFIABLE,True,True,25,25,24,24,0.000632,0.00109,0.0004580000000000001,True,True,True,True,True,
repeat=1|base=random_3sat_control_v30_c128_seed1902|variant=perm_seed1737,1,random_3sat_control_v30_c128_seed1902,perm_seed1737,1,1,UNSATISFIABLE,UNSATISFIABLE,True,True,22,22,21,21,0.000788,0.00075,-3.799999999999995e-05,True,True,True,True,True,
repeat=1|base=random_3sat_control_v30_c128_seed1902|variant=perm_seed1738,1,random_3sat_control_v30_c128_seed1902,perm_seed1738,1,1,UNSATISFIABLE,UNSATISFIABLE,True,True,15,15,16,16,0.001249,0.000755,-0.0004939999999999999,True,True,True,True,True,
repeat=1|base=random_3sat_control_v30_c128_seed1902|variant=perm_seed1739,1,random_3sat_control_v30_c128_seed1902,perm_seed1739,1,1,UNSATISFIABLE,UNSATISFIABLE,True,True,15,15,15,15,0.000803,0.001268,0.000465,True,True,True,True,True,
repeat=1|base=random_3sat_control_v30_c128_seed1902|variant=perm_seed1740,1,random_3sat_control_v30_c128_seed1902,perm_seed1740,1,1,UNSATISFIABLE,UNSATISFIABLE,True,True,23,23,20,20,0.000887,0.000805,-8.199999999999993e-05,True,True,True,True,True,
repeat=1|base=random_3sat_control_v30_c128_seed1902|variant=perm_seed1741,1,random_3sat_control_v30_c128_seed1902,perm_seed1741,1,1,UNSATISFIABLE,UNSATISFIABLE,True,True,7,7,8,8,0.001178,0.001032,-0.00014600000000000008,True,True,True,True,True,
repeat=1|base=random_3sat_control_v30_c128_seed1902|variant=perm_seed1742,1,random_3sat_control_v30_c128_seed1902,perm_seed1742,1,1,UNSATISFIABLE,UNSATISFIABLE,True,True,15,15,16,16,0.000694,0.000705,1.100000000000005e-05,True,True,True,True,True,
repeat=1|base=random_3sat_control_v30_c128_seed1902|variant=perm_seed1743,1,random_3sat_control_v30_c128_seed1902,perm_seed1743,1,1,UNSATISFIABLE,UNSATISFIABLE,True,True,16,16,15,15,0.000759,0.000885,0.00012600000000000003,True,True,True,True,True,
repeat=1|base=random_3sat_control_v30_c128_seed1902|variant=perm_seed1744,1,random_3sat_control_v30_c128_seed1902,perm_seed1744,1,1,UNSATISFIABLE,UNSATISFIABLE,True,True,18,18,17,17,0.001157,0.000764,-0.000393,True,True,True,True,True,
repeat=1|base=random_3sat_control_v30_c128_seed1902|variant=perm_seed1745,1,random_3sat_control_v30_c128_seed1902,perm_seed1745,1,1,UNSATISFIABLE,UNSATISFIABLE,True,True,15,15,15,15,0.001179,0.0013,0.00012100000000000001,True,True,True,True,True,
repeat=1|base=random_3sat_control_v32_c136_seed1923|variant=base,1,random_3sat_control_v32_c136_seed1923,base,1,1,SATISFIABLE,SATISFIABLE,True,True,21,21,12,12,0.000851,0.001199,0.000348,True,True,True,True,True,
repeat=1|base=random_3sat_control_v32_c136_seed1923|variant=perm_seed1730,1,random_3sat_control_v32_c136_seed1923,perm_seed1730,1,1,SATISFIABLE,SATISFIABLE,True,True,32,32,17,17,0.000812,0.000766,-4.6000000000000034e-05,True,True,True,True,True,
repeat=1|base=random_3sat_control_v32_c136_seed1923|variant=perm_seed1731,1,random_3sat_control_v32_c136_seed1923,perm_seed1731,1,1,SATISFIABLE,SATISFIABLE,True,True,10,10,2,2,0.000694,0.000716,2.1999999999999993e-05,True,True,True,True,True,
repeat=1|base=random_3sat_control_v32_c136_seed1923|variant=perm_seed1732,1,random_3sat_control_v32_c136_seed1923,perm_seed1732,1,1,SATISFIABLE,SATISFIABLE,True,True,36,36,25,25,0.000667,0.000657,-9.999999999999918e-06,True,True,True,True,True,
repeat=1|base=random_3sat_control_v32_c136_seed1923|variant=perm_seed1733,1,random_3sat_control_v32_c136_seed1923,perm_seed1733,1,1,SATISFIABLE,SATISFIABLE,True,True,19,19,12,12,0.000698,0.000668,-3.000000000000008e-05,True,True,True,True,True,
repeat=1|base=random_3sat_control_v32_c136_seed1923|variant=perm_seed1734,1,random_3sat_control_v32_c136_seed1923,perm_seed1734,1,1,SATISFIABLE,SATISFIABLE,True,True,31,31,22,22,0.00068,0.000854,0.000174,True,True,True,True,True,
repeat=1|base=random_3sat_control_v32_c136_seed1923|variant=perm_seed1735,1,random_3sat_control_v32_c136_seed1923,perm_seed1735,1,1,SATISFIABLE,SATISFIABLE,True,True,14,14,6,6,0.000695,0.000742,4.700000000000006e-05,True,True,True,True,True,
repeat=1|base=random_3sat_control_v32_c136_seed1923|variant=perm_seed1736,1,random_3sat_control_v32_c136_seed1923,perm_seed1736,1,1,SATISFIABLE,SATISFIABLE,True,True,19,19,7,7,0.00077,0.000694,-7.6e-05,True,True,True,True,True,
repeat=1|base=random_3sat_control_v32_c136_seed1923|variant=perm_seed1737,1,random_3sat_control_v32_c136_seed1923,perm_seed1737,1,1,SATISFIABLE,SATISFIABLE,True,True,14,14,5,5,0.000649,0.000684,3.500000000000009e-05,True,True,True,True,True,
repeat=1|base=random_3sat_control_v32_c136_seed1923|variant=perm_seed1738,1,random_3sat_control_v32_c136_seed1923,perm_seed1738,1,1,SATISFIABLE,SATISFIABLE,True,True,29,29,18,18,0.00069,0.000659,-3.0999999999999995e-05,True,True,True,True,True,
repeat=1|base=random_3sat_control_v32_c136_seed1923|variant=perm_seed1739,1,random_3sat_control_v32_c136_seed1923,perm_seed1739,1,1,SATISFIABLE,SATISFIABLE,True,True,36,36,22,22,0.000633,0.000709,7.6e-05,True,True,True,True,True,
repeat=1|base=random_3sat_control_v32_c136_seed1923|variant=perm_seed1740,1,random_3sat_control_v32_c136_seed1923,perm_seed1740,1,1,SATISFIABLE,SATISFIABLE,True,True,28,28,16,16,0.000657,0.000715,5.8e-05,True,True,True,True,True,
repeat=1|base=random_3sat_control_v32_c136_seed1923|variant=perm_seed1741,1,random_3sat_control_v32_c136_seed1923,perm_seed1741,1,1,SATISFIABLE,SATISFIABLE,True,True,25,25,13,13,0.000726,0.00077,4.3999999999999985e-05,True,True,True,True,True,
repeat=1|base=random_3sat_control_v32_c136_seed1923|variant=perm_seed1742,1,random_3sat_control_v32_c136_seed1923,perm_seed1742,1,1,SATISFIABLE,SATISFIABLE,True,True,9,9,2,2,0.000763,0.000719,-4.3999999999999985e-05,True,True,True,True,True,
repeat=1|base=random_3sat_control_v32_c136_seed1923|variant=perm_seed1743,1,random_3sat_control_v32_c136_seed1923,perm_seed1743,1,1,SATISFIABLE,SATISFIABLE,True,True,24,24,11,11,0.000691,0.000684,-6.999999999999953e-06,True,True,True,True,True,
repeat=1|base=random_3sat_control_v32_c136_seed1923|variant=perm_seed1744,1,random_3sat_control_v32_c136_seed1923,perm_seed1744,1,1,SATISFIABLE,SATISFIABLE,True,True,23,23,15,15,0.000654,0.000707,5.299999999999999e-05,True,True,True,True,True,
repeat=1|base=random_3sat_control_v32_c136_seed1923|variant=perm_seed1745,1,random_3sat_control_v32_c136_seed1923,perm_seed1745,1,1,SATISFIABLE,SATISFIABLE,True,True,25,25,13,13,0.000649,0.000662,1.3000000000000099e-05,True,True,True,True,True,
repeat=1|base=random_3sat_control_v35_c149_seed1911|variant=base,1,random_3sat_control_v35_c149_seed1911,base,1,1,SATISFIABLE,SATISFIABLE,True,True,31,31,17,17,0.001291,0.001004,-0.00028700000000000015,True,True,True,True,True,
repeat=1|base=random_3sat_control_v35_c149_seed1911|variant=perm_seed1730,1,random_3sat_control_v35_c149_seed1911,perm_seed1730,1,1,SATISFIABLE,SATISFIABLE,True,True,36,36,25,25,0.001396,0.001169,-0.0002270000000000002,True,True,True,True,True,
repeat=1|base=random_3sat_control_v35_c149_seed1911|variant=perm_seed1731,1,random_3sat_control_v35_c149_seed1911,perm_seed1731,1,1,SATISFIABLE,SATISFIABLE,True,True,20,20,14,14,0.00081,0.001035,0.00022499999999999994,True,True,True,True,True,
repeat=1|base=random_3sat_control_v35_c149_seed1911|variant=perm_seed1732,1,random_3sat_control_v35_c149_seed1911,perm_seed1732,1,1,SATISFIABLE,SATISFIABLE,True,True,49,49,41,41,0.001314,0.001012,-0.00030199999999999997,True,True,True,True,True,
repeat=1|base=random_3sat_control_v35_c149_seed1911|variant=perm_seed1733,1,random_3sat_control_v35_c149_seed1911,perm_seed1733,1,1,SATISFIABLE,SATISFIABLE,True,True,47,47,40,40,0.001341,0.001364,2.3000000000000017e-05,True,True,True,True,True,
repeat=1|base=random_3sat_control_v35_c149_seed1911|variant=perm_seed1734,1,random_3sat_control_v35_c149_seed1911,perm_seed1734,1,1,SATISFIABLE,SATISFIABLE,True,True,33,33,24,24,0.001274,0.001276,2.0000000000000486e-06,True,True,True,True,True,
repeat=1|base=random_3sat_control_v35_c149_seed1911|variant=perm_seed1735,1,random_3sat_control_v35_c149_seed1911,perm_seed1735,1,1,SATISFIABLE,SATISFIABLE,True,True,24,24,13,13,0.000926,0.000852,-7.399999999999996e-05,True,True,True,True,True,
repeat=1|base=random_3sat_control_v35_c149_seed1911|variant=perm_seed1736,1,random_3sat_control_v35_c149_seed1911,perm_seed1736,1,1,SATISFIABLE,SATISFIABLE,True,True,42,42,33,33,0.000776,0.000828,5.199999999999996e-05,True,True,True,True,True,
repeat=1|base=random_3sat_control_v35_c149_seed1911|variant=perm_seed1737,1,random_3sat_control_v35_c149_seed1911,perm_seed1737,1,1,SATISFIABLE,SATISFIABLE,True,True,26,26,16,16,0.000835,0.00072,-0.00011499999999999998,True,True,True,True,True,
repeat=1|base=random_3sat_control_v35_c149_seed1911|variant=perm_seed1738,1,random_3sat_control_v35_c149_seed1911,perm_seed1738,1,1,SATISFIABLE,SATISFIABLE,True,True,28,28,21,21,0.000695,0.000747,5.200000000000007e-05,True,True,True,True,True,
repeat=1|base=random_3sat_control_v35_c149_seed1911|variant=perm_seed1739,1,random_3sat_control_v35_c149_seed1911,perm_seed1739,1,1,SATISFIABLE,SATISFIABLE,True,True,43,43,35,35,0.000687,0.000708,2.099999999999997e-05,True,True,True,True,True,
repeat=1|base=random_3sat_control_v35_c149_seed1911|variant=perm_seed1740,1,random_3sat_control_v35_c149_seed1911,perm_seed1740,1,1,SATISFIABLE,SATISFIABLE,True,True,34,34,25,25,0.00071,0.00069,-2.0000000000000052e-05,True,True,True,True,True,
repeat=1|base=random_3sat_control_v35_c149_seed1911|variant=perm_seed1741,1,random_3sat_control_v35_c149_seed1911,perm_seed1741,1,1,SATISFIABLE,SATISFIABLE,True,True,46,46,34,34,0.000813,0.000805,-7.999999999999978e-06,True,True,True,True,True,
repeat=1|base=random_3sat_control_v35_c149_seed1911|variant=perm_seed1742,1,random_3sat_control_v35_c149_seed1911,perm_seed1742,1,1,SATISFIABLE,SATISFIABLE,True,True,33,33,25,25,0.000769,0.000754,-1.500000000000004e-05,True,True,True,True,True,
repeat=1|base=random_3sat_control_v35_c149_seed1911|variant=perm_seed1743,1,random_3sat_control_v35_c149_seed1911,perm_seed1743,1,1,SATISFIABLE,SATISFIABLE,True,True,13,13,8,8,0.000675,0.000699,2.3999999999999933e-05,True,True,True,True,True,
repeat=1|base=random_3sat_control_v35_c149_seed1911|variant=perm_seed1744,1,random_3sat_control_v35_c149_seed1911,perm_seed1744,1,1,SATISFIABLE,SATISFIABLE,True,True,26,26,21,21,0.000636,0.000705,6.900000000000005e-05,True,True,True,True,True,
repeat=1|base=random_3sat_control_v35_c149_seed1911|variant=perm_seed1745,1,random_3sat_control_v35_c149_seed1911,perm_seed1745,1,1,SATISFIABLE,SATISFIABLE,True,True,11,11,5,5,0.000611,0.000639,2.800000000000003e-05,True,True,True,True,True,
repeat=1|base=random_3sat_control_v40_c170_seed1903|variant=base,1,random_3sat_control_v40_c170_seed1903,base,1,1,SATISFIABLE,SATISFIABLE,True,True,49,49,38,38,0.000668,0.00074,7.200000000000002e-05,True,True,True,True,True,
repeat=1|base=random_3sat_control_v40_c170_seed1903|variant=perm_seed1730,1,random_3sat_control_v40_c170_seed1903,perm_seed1730,1,1,SATISFIABLE,SATISFIABLE,True,True,59,59,45,45,0.000678,0.000739,6.0999999999999965e-05,True,True,True,True,True,
repeat=1|base=random_3sat_control_v40_c170_seed1903|variant=perm_seed1731,1,random_3sat_control_v40_c170_seed1903,perm_seed1731,1,1,SATISFIABLE,SATISFIABLE,True,True,20,20,10,10,0.000754,0.000729,-2.4999999999999957e-05,True,True,True,True,True,
repeat=1|base=random_3sat_control_v40_c170_seed1903|variant=perm_seed1732,1,random_3sat_control_v40_c170_seed1903,perm_seed1732,1,1,SATISFIABLE,SATISFIABLE,True,True,20,20,9,9,0.000663,0.000719,5.600000000000006e-05,True,True,True,True,True,
repeat=1|base=random_3sat_control_v40_c170_seed1903|variant=perm_seed1733,1,random_3sat_control_v40_c170_seed1903,perm_seed1733,1,1,SATISFIABLE,SATISFIABLE,True,True,12,12,2,2,0.000636,0.000647,1.100000000000005e-05,True,True,True,True,True,
repeat=1|base=random_3sat_control_v40_c170_seed1903|variant=perm_seed1734,1,random_3sat_control_v40_c170_seed1903,perm_seed1734,1,1,SATISFIABLE,SATISFIABLE,True,True,25,25,13,13,0.000672,0.000633,-3.899999999999997e-05,True,True,True,True,True,
repeat=1|base=random_3sat_control_v40_c170_seed1903|variant=perm_seed1735,1,random_3sat_control_v40_c170_seed1903,perm_seed1735,1,1,SATISFIABLE,SATISFIABLE,True,True,25,25,12,12,0.00062,0.000737,0.00011700000000000002,True,True,True,True,True,
repeat=1|base=random_3sat_control_v40_c170_seed1903|variant=perm_seed1736,1,random_3sat_control_v40_c170_seed1903,perm_seed1736,1,1,SATISFIABLE,SATISFIABLE,True,True,16,16,9,9,0.00071,0.000677,-3.300000000000004e-05,True,True,True,True,True,
repeat=1|base=random_3sat_control_v40_c170_seed1903|variant=perm_seed1737,1,random_3sat_control_v40_c170_seed1903,perm_seed1737,1,1,SATISFIABLE,SATISFIABLE,True,True,12,12,6,6,0.000758,0.000695,-6.300000000000001e-05,True,True,True,True,True,
repeat=1|base=random_3sat_control_v40_c170_seed1903|variant=perm_seed1738,1,random_3sat_control_v40_c170_seed1903,perm_seed1738,1,1,SATISFIABLE,SATISFIABLE,True,True,15,15,6,6,0.000654,0.000713,5.9000000000000025e-05,True,True,True,True,True,
repeat=1|base=random_3sat_control_v40_c170_seed1903|variant=perm_seed1739,1,random_3sat_control_v40_c170_seed1903,perm_seed1739,1,1,SATISFIABLE,SATISFIABLE,True,True,65,65,50,50,0.000768,0.001036,0.000268,True,True,True,True,True,
repeat=1|base=random_3sat_control_v40_c170_seed1903|variant=perm_seed1740,1,random_3sat_control_v40_c170_seed1903,perm_seed1740,1,1,SATISFIABLE,SATISFIABLE,True,True,8,8,2,2,0.000722,0.000726,3.999999999999989e-06,True,True,True,True,True,
repeat=1|base=random_3sat_control_v40_c170_seed1903|variant=perm_seed1741,1,random_3sat_control_v40_c170_seed1903,perm_seed1741,1,1,SATISFIABLE,SATISFIABLE,True,True,16,16,6,6,0.000737,0.000717,-2.0000000000000052e-05,True,True,True,True,True,
repeat=1|base=random_3sat_control_v40_c170_seed1903|variant=perm_seed1742,1,random_3sat_control_v40_c170_seed1903,perm_seed1742,1,1,SATISFIABLE,SATISFIABLE,True,True,21,21,8,8,0.000915,0.000752,-0.00016300000000000006,True,True,True,True,True,
repeat=1|base=random_3sat_control_v40_c170_seed1903|variant=perm_seed1743,1,random_3sat_control_v40_c170_seed1903,perm_seed1743,1,1,SATISFIABLE,SATISFIABLE,True,True,55,55,36,36,0.00088,0.00085,-3.000000000000008e-05,True,True,True,True,True,
repeat=1|base=random_3sat_control_v40_c170_seed1903|variant=perm_seed1744,1,random_3sat_control_v40_c170_seed1903,perm_seed1744,1,1,SATISFIABLE,SATISFIABLE,True,True,10,10,1,1,0.000652,0.000709,5.6999999999999976e-05,True,True,True,True,True,
repeat=1|base=random_3sat_control_v40_c170_seed1903|variant=perm_seed1745,1,random_3sat_control_v40_c170_seed1903,perm_seed1745,1,1,SATISFIABLE,SATISFIABLE,True,True,32,32,22,22,0.000725,0.000794,6.900000000000005e-05,True,True,True,True,True,
repeat=1|base=random_3sat_control_v45_c191_seed1924|variant=base,1,random_3sat_control_v45_c191_seed1924,base,1,1,SATISFIABLE,SATISFIABLE,True,True,49,49,35,35,0.000707,0.000749,4.2000000000000045e-05,True,True,True,True,True,
repeat=1|base=random_3sat_control_v45_c191_seed1924|variant=perm_seed1730,1,random_3sat_control_v45_c191_seed1924,perm_seed1730,1,1,SATISFIABLE,SATISFIABLE,True,True,40,40,22,22,0.000719,0.000741,2.1999999999999993e-05,True,True,True,True,True,
repeat=1|base=random_3sat_control_v45_c191_seed1924|variant=perm_seed1731,1,random_3sat_control_v45_c191_seed1924,perm_seed1731,1,1,SATISFIABLE,SATISFIABLE,True,True,33,33,25,25,0.00077,0.000715,-5.499999999999993e-05,True,True,True,True,True,
repeat=1|base=random_3sat_control_v45_c191_seed1924|variant=perm_seed1732,1,random_3sat_control_v45_c191_seed1924,perm_seed1732,1,1,SATISFIABLE,SATISFIABLE,True,True,32,32,27,27,0.00069,0.000807,0.00011700000000000002,True,True,True,True,True,
repeat=1|base=random_3sat_control_v45_c191_seed1924|variant=perm_seed1733,1,random_3sat_control_v45_c191_seed1924,perm_seed1733,1,1,SATISFIABLE,SATISFIABLE,True,True,34,34,22,22,0.000745,0.000817,7.200000000000002e-05,True,True,True,True,True,
repeat=1|base=random_3sat_control_v45_c191_seed1924|variant=perm_seed1734,1,random_3sat_control_v45_c191_seed1924,perm_seed1734,1,1,SATISFIABLE,SATISFIABLE,True,True,23,23,18,18,0.000882,0.000823,-5.9000000000000025e-05,True,True,True,True,True,
repeat=1|base=random_3sat_control_v45_c191_seed1924|variant=perm_seed1735,1,random_3sat_control_v45_c191_seed1924,perm_seed1735,1,1,SATISFIABLE,SATISFIABLE,True,True,26,26,16,16,0.000735,0.000773,3.8000000000000056e-05,True,True,True,True,True,
repeat=1|base=random_3sat_control_v45_c191_seed1924|variant=perm_seed1736,1,random_3sat_control_v45_c191_seed1924,perm_seed1736,1,1,SATISFIABLE,SATISFIABLE,True,True,17,17,6,6,0.00068,0.000895,0.0002149999999999999,True,True,True,True,True,
repeat=1|base=random_3sat_control_v45_c191_seed1924|variant=perm_seed1737,1,random_3sat_control_v45_c191_seed1924,perm_seed1737,1,1,SATISFIABLE,SATISFIABLE,True,True,45,45,32,32,0.000812,0.000802,-1.0000000000000026e-05,True,True,True,True,True,
repeat=1|base=random_3sat_control_v45_c191_seed1924|variant=perm_seed1738,1,random_3sat_control_v45_c191_seed1924,perm_seed1738,1,1,SATISFIABLE,SATISFIABLE,True,True,23,23,16,16,0.000736,0.000791,5.5000000000000036e-05,True,True,True,True,True,
repeat=1|base=random_3sat_control_v45_c191_seed1924|variant=perm_seed1739,1,random_3sat_control_v45_c191_seed1924,perm_seed1739,1,1,SATISFIABLE,SATISFIABLE,True,True,7,7,4,4,0.000888,0.000789,-9.900000000000002e-05,True,True,True,True,True,
repeat=1|base=random_3sat_control_v45_c191_seed1924|variant=perm_seed1740,1,random_3sat_control_v45_c191_seed1924,perm_seed1740,1,1,SATISFIABLE,SATISFIABLE,True,True,17,17,8,8,0.000779,0.000755,-2.3999999999999933e-05,True,True,True,True,True,
repeat=1|base=random_3sat_control_v45_c191_seed1924|variant=perm_seed1741,1,random_3sat_control_v45_c191_seed1924,perm_seed1741,1,1,SATISFIABLE,SATISFIABLE,True,True,43,43,31,31,0.000801,0.000731,-6.999999999999997e-05,True,True,True,True,True,
repeat=1|base=random_3sat_control_v45_c191_seed1924|variant=perm_seed1742,1,random_3sat_control_v45_c191_seed1924,perm_seed1742,1,1,SATISFIABLE,SATISFIABLE,True,True,62,62,53,53,0.000766,0.000853,8.700000000000005e-05,True,True,True,True,True,
repeat=1|base=random_3sat_control_v45_c191_seed1924|variant=perm_seed1743,1,random_3sat_control_v45_c191_seed1924,perm_seed1743,1,1,SATISFIABLE,SATISFIABLE,True,True,31,31,20,20,0.000702,0.000685,-1.7000000000000088e-05,True,True,True,True,True,
repeat=1|base=random_3sat_control_v45_c191_seed1924|variant=perm_seed1744,1,random_3sat_control_v45_c191_seed1924,perm_seed1744,1,1,SATISFIABLE,SATISFIABLE,True,True,35,35,21,21,0.000666,0.000754,8.799999999999997e-05,True,True,True,True,True,
repeat=1|base=random_3sat_control_v45_c191_seed1924|variant=perm_seed1745,1,random_3sat_control_v45_c191_seed1924,perm_seed1745,1,1,SATISFIABLE,SATISFIABLE,True,True,14,14,3,3,0.000812,0.000697,-0.00011499999999999998,True,True,True,True,True,
repeat=1|base=random_3sat_control_v50_c213_seed1925|variant=base,1,random_3sat_control_v50_c213_seed1925,base,1,1,SATISFIABLE,SATISFIABLE,True,True,20,20,4,4,0.000685,0.000678,-6.999999999999953e-06,True,True,True,True,True,
repeat=1|base=random_3sat_control_v50_c213_seed1925|variant=perm_seed1730,1,random_3sat_control_v50_c213_seed1925,perm_seed1730,1,1,SATISFIABLE,SATISFIABLE,True,True,61,61,47,47,0.00074,0.000889,0.00014900000000000004,True,True,True,True,True,
repeat=1|base=random_3sat_control_v50_c213_seed1925|variant=perm_seed1731,1,random_3sat_control_v50_c213_seed1925,perm_seed1731,1,1,SATISFIABLE,SATISFIABLE,True,True,64,64,45,45,0.000919,0.000822,-9.699999999999997e-05,True,True,True,True,True,
repeat=1|base=random_3sat_control_v50_c213_seed1925|variant=perm_seed1732,1,random_3sat_control_v50_c213_seed1925,perm_seed1732,1,1,SATISFIABLE,SATISFIABLE,True,True,47,47,35,35,0.00079,0.000876,8.600000000000003e-05,True,True,True,True,True,
repeat=1|base=random_3sat_control_v50_c213_seed1925|variant=perm_seed1733,1,random_3sat_control_v50_c213_seed1925,perm_seed1733,1,1,SATISFIABLE,SATISFIABLE,True,True,22,22,10,10,0.000776,0.000857,8.100000000000002e-05,True,True,True,True,True,
repeat=1|base=random_3sat_control_v50_c213_seed1925|variant=perm_seed1734,1,random_3sat_control_v50_c213_seed1925,perm_seed1734,1,1,SATISFIABLE,SATISFIABLE,True,True,91,91,78,78,0.000857,0.00081,-4.700000000000006e-05,True,True,True,True,True,
repeat=1|base=random_3sat_control_v50_c213_seed1925|variant=perm_seed1735,1,random_3sat_control_v50_c213_seed1925,perm_seed1735,1,1,SATISFIABLE,SATISFIABLE,True,True,26,26,12,12,0.000721,0.000739,1.8000000000000004e-05,True,True,True,True,True,
repeat=1|base=random_3sat_control_v50_c213_seed1925|variant=perm_seed1736,1,random_3sat_control_v50_c213_seed1925,perm_seed1736,1,1,SATISFIABLE,SATISFIABLE,True,True,38,38,24,24,0.000785,0.000718,-6.7e-05,True,True,True,True,True,
repeat=1|base=random_3sat_control_v50_c213_seed1925|variant=perm_seed1737,1,random_3sat_control_v50_c213_seed1925,perm_seed1737,1,1,SATISFIABLE,SATISFIABLE,True,True,33,33,21,21,0.000861,0.000706,-0.00015499999999999997,True,True,True,True,True,
repeat=1|base=random_3sat_control_v50_c213_seed1925|variant=perm_seed1738,1,random_3sat_control_v50_c213_seed1925,perm_seed1738,1,1,SATISFIABLE,SATISFIABLE,True,True,34,34,17,17,0.000712,0.000698,-1.3999999999999907e-05,True,True,True,True,True,
repeat=1|base=random_3sat_control_v50_c213_seed1925|variant=perm_seed1739,1,random_3sat_control_v50_c213_seed1925,perm_seed1739,1,1,SATISFIABLE,SATISFIABLE,True,True,57,57,46,46,0.000739,0.000807,6.800000000000003e-05,True,True,True,True,True,
repeat=1|base=random_3sat_control_v50_c213_seed1925|variant=perm_seed1740,1,random_3sat_control_v50_c213_seed1925,perm_seed1740,1,1,SATISFIABLE,SATISFIABLE,True,True,45,45,29,29,0.000733,0.000706,-2.7000000000000006e-05,True,True,True,True,True,
repeat=1|base=random_3sat_control_v50_c213_seed1925|variant=perm_seed1741,1,random_3sat_control_v50_c213_seed1925,perm_seed1741,1,1,SATISFIABLE,SATISFIABLE,True,True,47,47,26,26,0.000817,0.000792,-2.5000000000000066e-05,True,True,True,True,True,
repeat=1|base=random_3sat_control_v50_c213_seed1925|variant=perm_seed1742,1,random_3sat_control_v50_c213_seed1925,perm_seed1742,1,1,SATISFIABLE,SATISFIABLE,True,True,30,30,16,16,0.000693,0.000756,6.300000000000001e-05,True,True,True,True,True,
repeat=1|base=random_3sat_control_v50_c213_seed1925|variant=perm_seed1743,1,random_3sat_control_v50_c213_seed1925,perm_seed1743,1,1,SATISFIABLE,SATISFIABLE,True,True,49,49,22,22,0.000677,0.000689,1.2000000000000075e-05,True,True,True,True,True,
repeat=1|base=random_3sat_control_v50_c213_seed1925|variant=perm_seed1744,1,random_3sat_control_v50_c213_seed1925,perm_seed1744,1,1,SATISFIABLE,SATISFIABLE,True,True,118,118,95,95,0.000801,0.000807,6.000000000000037e-06,True,True,True,True,True,
repeat=1|base=random_3sat_control_v50_c213_seed1925|variant=perm_seed1745,1,random_3sat_control_v50_c213_seed1925,perm_seed1745,1,1,SATISFIABLE,SATISFIABLE,True,True,79,79,59,59,0.000729,0.000706,-2.3000000000000017e-05,True,True,True,True,True,
repeat=1|base=random_3sat_control_v55_c234_seed1926|variant=base,1,random_3sat_control_v55_c234_seed1926,base,1,1,SATISFIABLE,SATISFIABLE,True,True,88,88,64,64,0.00075,0.000838,8.799999999999997e-05,True,True,True,True,True,
repeat=1|base=random_3sat_control_v55_c234_seed1926|variant=perm_seed1730,1,random_3sat_control_v55_c234_seed1926,perm_seed1730,1,1,SATISFIABLE,SATISFIABLE,True,True,142,142,113,113,0.00081,0.000822,1.2000000000000075e-05,True,True,True,True,True,
repeat=1|base=random_3sat_control_v55_c234_seed1926|variant=perm_seed1731,1,random_3sat_control_v55_c234_seed1926,perm_seed1731,1,1,SATISFIABLE,SATISFIABLE,True,True,37,37,17,17,0.000685,0.000685,0.0,True,True,True,True,True,
repeat=1|base=random_3sat_control_v55_c234_seed1926|variant=perm_seed1732,1,random_3sat_control_v55_c234_seed1926,perm_seed1732,1,1,SATISFIABLE,SATISFIABLE,True,True,39,39,19,19,0.000681,0.000746,6.500000000000006e-05,True,True,True,True,True,
repeat=1|base=random_3sat_control_v55_c234_seed1926|variant=perm_seed1733,1,random_3sat_control_v55_c234_seed1926,perm_seed1733,1,1,SATISFIABLE,SATISFIABLE,True,True,66,66,46,46,0.000742,0.000755,1.299999999999999e-05,True,True,True,True,True,
repeat=1|base=random_3sat_control_v55_c234_seed1926|variant=perm_seed1734,1,random_3sat_control_v55_c234_seed1926,perm_seed1734,1,1,SATISFIABLE,SATISFIABLE,True,True,69,69,41,41,0.000727,0.00075,2.3000000000000017e-05,True,True,True,True,True,
repeat=1|base=random_3sat_control_v55_c234_seed1926|variant=perm_seed1735,1,random_3sat_control_v55_c234_seed1926,perm_seed1735,1,1,SATISFIABLE,SATISFIABLE,True,True,26,26,8,8,0.000643,0.000672,2.8999999999999946e-05,True,True,True,True,True,
repeat=1|base=random_3sat_control_v55_c234_seed1926|variant=perm_seed1736,1,random_3sat_control_v55_c234_seed1926,perm_seed1736,1,1,SATISFIABLE,SATISFIABLE,True,True,61,61,49,49,0.00074,0.000742,2.0000000000000486e-06,True,True,True,True,True,
repeat=1|base=random_3sat_control_v55_c234_seed1926|variant=perm_seed1737,1,random_3sat_control_v55_c234_seed1926,perm_seed1737,1,1,SATISFIABLE,SATISFIABLE,True,True,52,52,31,31,0.000682,0.000696,1.4000000000000015e-05,True,True,True,True,True,
repeat=1|base=random_3sat_control_v55_c234_seed1926|variant=perm_seed1738,1,random_3sat_control_v55_c234_seed1926,perm_seed1738,1,1,SATISFIABLE,SATISFIABLE,True,True,24,24,7,7,0.000675,0.000669,-6.000000000000037e-06,True,True,True,True,True,
repeat=1|base=random_3sat_control_v55_c234_seed1926|variant=perm_seed1739,1,random_3sat_control_v55_c234_seed1926,perm_seed1739,1,1,SATISFIABLE,SATISFIABLE,True,True,54,54,36,36,0.000678,0.000722,4.3999999999999985e-05,True,True,True,True,True,
repeat=1|base=random_3sat_control_v55_c234_seed1926|variant=perm_seed1740,1,random_3sat_control_v55_c234_seed1926,perm_seed1740,1,1,SATISFIABLE,SATISFIABLE,True,True,82,82,62,62,0.000778,0.00075,-2.800000000000003e-05,True,True,True,True,True,
repeat=1|base=random_3sat_control_v55_c234_seed1926|variant=perm_seed1741,1,random_3sat_control_v55_c234_seed1926,perm_seed1741,1,1,SATISFIABLE,SATISFIABLE,True,True,129,129,112,112,0.00081,0.000832,2.1999999999999993e-05,True,True,True,True,True,
repeat=1|base=random_3sat_control_v55_c234_seed1926|variant=perm_seed1742,1,random_3sat_control_v55_c234_seed1926,perm_seed1742,1,1,SATISFIABLE,SATISFIABLE,True,True,31,31,12,12,0.000704,0.000712,7.999999999999978e-06,True,True,True,True,True,
repeat=1|base=random_3sat_control_v55_c234_seed1926|variant=perm_seed1743,1,random_3sat_control_v55_c234_seed1926,perm_seed1743,1,1,SATISFIABLE,SATISFIABLE,True,True,30,30,11,11,0.000673,0.000674,1.0000000000000243e-06,True,True,True,True,True,
repeat=1|base=random_3sat_control_v55_c234_seed1926|variant=perm_seed1744,1,random_3sat_control_v55_c234_seed1926,perm_seed1744,1,1,SATISFIABLE,SATISFIABLE,True,True,52,52,37,37,0.000732,0.000753,2.099999999999997e-05,True,True,True,True,True,
repeat=1|base=random_3sat_control_v55_c234_seed1926|variant=perm_seed1745,1,random_3sat_control_v55_c234_seed1926,perm_seed1745,1,1,SATISFIABLE,SATISFIABLE,True,True,29,29,20,20,0.000669,0.000685,1.5999999999999955e-05,True,True,True,True,True,
repeat=1|base=random_3sat_control_v60_c180_seed1912|variant=base,1,random_3sat_control_v60_c180_seed1912,base,1,1,SATISFIABLE,SATISFIABLE,True,True,27,27,6,6,0.000692,0.000676,-1.6000000000000064e-05,True,True,True,True,True,
repeat=1|base=random_3sat_control_v60_c180_seed1912|variant=perm_seed1730,1,random_3sat_control_v60_c180_seed1912,perm_seed1730,1,1,SATISFIABLE,SATISFIABLE,True,True,21,21,3,3,0.000688,0.000661,-2.7000000000000006e-05,True,True,True,True,True,
repeat=1|base=random_3sat_control_v60_c180_seed1912|variant=perm_seed1731,1,random_3sat_control_v60_c180_seed1912,perm_seed1731,1,1,SATISFIABLE,SATISFIABLE,True,True,22,22,2,2,0.000665,0.000702,3.700000000000003e-05,True,True,True,True,True,
repeat=1|base=random_3sat_control_v60_c180_seed1912|variant=perm_seed1732,1,random_3sat_control_v60_c180_seed1912,perm_seed1732,1,1,SATISFIABLE,SATISFIABLE,True,True,23,23,6,6,0.000704,0.000727,2.3000000000000017e-05,True,True,True,True,True,
repeat=1|base=random_3sat_control_v60_c180_seed1912|variant=perm_seed1733,1,random_3sat_control_v60_c180_seed1912,perm_seed1733,1,1,SATISFIABLE,SATISFIABLE,True,True,22,22,5,5,0.000784,0.000702,-8.199999999999993e-05,True,True,True,True,True,
repeat=1|base=random_3sat_control_v60_c180_seed1912|variant=perm_seed1734,1,random_3sat_control_v60_c180_seed1912,perm_seed1734,1,1,SATISFIABLE,SATISFIABLE,True,True,23,23,2,2,0.00069,0.000688,-1.99999999999994e-06,True,True,True,True,True,
repeat=1|base=random_3sat_control_v60_c180_seed1912|variant=perm_seed1735,1,random_3sat_control_v60_c180_seed1912,perm_seed1735,1,1,SATISFIABLE,SATISFIABLE,True,True,27,27,7,7,0.000808,0.000734,-7.400000000000006e-05,True,True,True,True,True,
repeat=1|base=random_3sat_control_v60_c180_seed1912|variant=perm_seed1736,1,random_3sat_control_v60_c180_seed1912,perm_seed1736,1,1,SATISFIABLE,SATISFIABLE,True,True,26,26,2,2,0.000674,0.000648,-2.599999999999998e-05,True,True,True,True,True,
repeat=1|base=random_3sat_control_v60_c180_seed1912|variant=perm_seed1737,1,random_3sat_control_v60_c180_seed1912,perm_seed1737,1,1,SATISFIABLE,SATISFIABLE,True,True,21,21,1,1,0.000665,0.000685,1.9999999999999944e-05,True,True,True,True,True,
repeat=1|base=random_3sat_control_v60_c180_seed1912|variant=perm_seed1738,1,random_3sat_control_v60_c180_seed1912,perm_seed1738,1,1,SATISFIABLE,SATISFIABLE,True,True,20,20,1,1,0.000749,0.000813,6.400000000000004e-05,True,True,True,True,True,
repeat=1|base=random_3sat_control_v60_c180_seed1912|variant=perm_seed1739,1,random_3sat_control_v60_c180_seed1912,perm_seed1739,1,1,SATISFIABLE,SATISFIABLE,True,True,14,14,0,0,0.000701,0.000674,-2.7000000000000006e-05,True,True,True,True,True,
repeat=1|base=random_3sat_control_v60_c180_seed1912|variant=perm_seed1740,1,random_3sat_control_v60_c180_seed1912,perm_seed1740,1,1,SATISFIABLE,SATISFIABLE,True,True,17,17,0,0,0.000754,0.00075,-3.999999999999989e-06,True,True,True,True,True,
repeat=1|base=random_3sat_control_v60_c180_seed1912|variant=perm_seed1741,1,random_3sat_control_v60_c180_seed1912,perm_seed1741,1,1,SATISFIABLE,SATISFIABLE,True,True,19,19,0,0,0.000643,0.000702,5.9000000000000025e-05,True,True,True,True,True,
repeat=1|base=random_3sat_control_v60_c180_seed1912|variant=perm_seed1742,1,random_3sat_control_v60_c180_seed1912,perm_seed1742,1,1,SATISFIABLE,SATISFIABLE,True,True,26,26,8,8,0.000647,0.000676,2.8999999999999946e-05,True,True,True,True,True,
repeat=1|base=random_3sat_control_v60_c180_seed1912|variant=perm_seed1743,1,random_3sat_control_v60_c180_seed1912,perm_seed1743,1,1,SATISFIABLE,SATISFIABLE,True,True,22,22,6,6,0.000791,0.000825,3.399999999999996e-05,True,True,True,True,True,
repeat=1|base=random_3sat_control_v60_c180_seed1912|variant=perm_seed1744,1,random_3sat_control_v60_c180_seed1912,perm_seed1744,1,1,SATISFIABLE,SATISFIABLE,True,True,21,21,1,1,0.000759,0.000715,-4.3999999999999985e-05,True,True,True,True,True,
repeat=1|base=random_3sat_control_v60_c180_seed1912|variant=perm_seed1745,1,random_3sat_control_v60_c180_seed1912,perm_seed1745,1,1,SATISFIABLE,SATISFIABLE,True,True,18,18,0,0,0.000961,0.00069,-0.0002710000000000001,True,True,True,True,True,
repeat=1|base=random_3sat_control_v60_c255_seed1927|variant=base,1,random_3sat_control_v60_c255_seed1927,base,1,1,SATISFIABLE,SATISFIABLE,True,True,106,106,76,76,0.000967,0.000875,-9.199999999999996e-05,True,True,True,True,True,
repeat=1|base=random_3sat_control_v60_c255_seed1927|variant=perm_seed1730,1,random_3sat_control_v60_c255_seed1927,perm_seed1730,1,1,SATISFIABLE,SATISFIABLE,True,True,72,72,47,47,0.000748,0.000795,4.700000000000006e-05,True,True,True,True,True,
repeat=1|base=random_3sat_control_v60_c255_seed1927|variant=perm_seed1731,1,random_3sat_control_v60_c255_seed1927,perm_seed1731,1,1,SATISFIABLE,SATISFIABLE,True,True,31,31,15,15,0.000703,0.000712,9.000000000000002e-06,True,True,True,True,True,
repeat=1|base=random_3sat_control_v60_c255_seed1927|variant=perm_seed1732,1,random_3sat_control_v60_c255_seed1927,perm_seed1732,1,1,SATISFIABLE,SATISFIABLE,True,True,126,126,95,95,0.000845,0.000824,-2.1000000000000077e-05,True,True,True,True,True,
repeat=1|base=random_3sat_control_v60_c255_seed1927|variant=perm_seed1733,1,random_3sat_control_v60_c255_seed1927,perm_seed1733,1,1,SATISFIABLE,SATISFIABLE,True,True,71,71,50,50,0.000827,0.000785,-4.2000000000000045e-05,True,True,True,True,True,
repeat=1|base=random_3sat_control_v60_c255_seed1927|variant=perm_seed1734,1,random_3sat_control_v60_c255_seed1927,perm_seed1734,1,1,SATISFIABLE,SATISFIABLE,True,True,61,61,38,38,0.000765,0.000795,3.000000000000008e-05,True,True,True,True,True,
repeat=1|base=random_3sat_control_v60_c255_seed1927|variant=perm_seed1735,1,random_3sat_control_v60_c255_seed1927,perm_seed1735,1,1,SATISFIABLE,SATISFIABLE,True,True,150,150,128,128,0.000877,0.000896,1.9000000000000028e-05,True,True,True,True,True,
repeat=1|base=random_3sat_control_v60_c255_seed1927|variant=perm_seed1736,1,random_3sat_control_v60_c255_seed1927,perm_seed1736,1,1,SATISFIABLE,SATISFIABLE,True,True,132,132,112,112,0.000901,0.00087,-3.0999999999999995e-05,True,True,True,True,True,
repeat=1|base=random_3sat_control_v60_c255_seed1927|variant=perm_seed1737,1,random_3sat_control_v60_c255_seed1927,perm_seed1737,1,1,SATISFIABLE,SATISFIABLE,True,True,71,71,52,52,0.000812,0.000779,-3.300000000000004e-05,True,True,True,True,True,
repeat=1|base=random_3sat_control_v60_c255_seed1927|variant=perm_seed1738,1,random_3sat_control_v60_c255_seed1927,perm_seed1738,1,1,SATISFIABLE,SATISFIABLE,True,True,25,25,11,11,0.000717,0.000732,1.500000000000004e-05,True,True,True,True,True,
repeat=1|base=random_3sat_control_v60_c255_seed1927|variant=perm_seed1739,1,random_3sat_control_v60_c255_seed1927,perm_seed1739,1,1,SATISFIABLE,SATISFIABLE,True,True,101,101,74,74,0.000908,0.0008,-0.00010799999999999991,True,True,True,True,True,
repeat=1|base=random_3sat_control_v60_c255_seed1927|variant=perm_seed1740,1,random_3sat_control_v60_c255_seed1927,perm_seed1740,1,1,SATISFIABLE,SATISFIABLE,True,True,124,124,94,94,0.000868,0.00095,8.200000000000004e-05,True,True,True,True,True,
repeat=1|base=random_3sat_control_v60_c255_seed1927|variant=perm_seed1741,1,random_3sat_control_v60_c255_seed1927,perm_seed1741,1,1,SATISFIABLE,SATISFIABLE,True,True,33,33,20,20,0.000769,0.000776,6.999999999999953e-06,True,True,True,True,True,
repeat=1|base=random_3sat_control_v60_c255_seed1927|variant=perm_seed1742,1,random_3sat_control_v60_c255_seed1927,perm_seed1742,1,1,SATISFIABLE,SATISFIABLE,True,True,100,100,80,80,0.000901,0.000838,-6.300000000000001e-05,True,True,True,True,True,
repeat=1|base=random_3sat_control_v60_c255_seed1927|variant=perm_seed1743,1,random_3sat_control_v60_c255_seed1927,perm_seed1743,1,1,SATISFIABLE,SATISFIABLE,True,True,112,112,78,78,0.000855,0.000999,0.00014400000000000014,True,True,True,True,True,
repeat=1|base=random_3sat_control_v60_c255_seed1927|variant=perm_seed1744,1,random_3sat_control_v60_c255_seed1927,perm_seed1744,1,1,SATISFIABLE,SATISFIABLE,True,True,31,31,15,15,0.000921,0.000816,-0.00010500000000000006,True,True,True,True,True,
repeat=1|base=random_3sat_control_v60_c255_seed1927|variant=perm_seed1745,1,random_3sat_control_v60_c255_seed1927,perm_seed1745,1,1,SATISFIABLE,SATISFIABLE,True,True,74,74,51,51,0.000818,0.000794,-2.400000000000004e-05,True,True,True,True,True,
repeat=1|base=random_3sat_control_v70_c298_seed1928|variant=base,1,random_3sat_control_v70_c298_seed1928,base,1,1,SATISFIABLE,SATISFIABLE,True,True,148,148,116,116,0.000827,0.000874,4.699999999999995e-05,True,True,True,True,True,
repeat=1|base=random_3sat_control_v70_c298_seed1928|variant=perm_seed1730,1,random_3sat_control_v70_c298_seed1928,perm_seed1730,1,1,SATISFIABLE,SATISFIABLE,True,True,242,242,196,196,0.001001,0.000981,-1.9999999999999836e-05,True,True,True,True,True,
repeat=1|base=random_3sat_control_v70_c298_seed1928|variant=perm_seed1731,1,random_3sat_control_v70_c298_seed1928,perm_seed1731,1,1,SATISFIABLE,SATISFIABLE,True,True,146,146,116,116,0.00087,0.00086,-1.0000000000000026e-05,True,True,True,True,True,
repeat=1|base=random_3sat_control_v70_c298_seed1928|variant=perm_seed1732,1,random_3sat_control_v70_c298_seed1928,perm_seed1732,1,1,SATISFIABLE,SATISFIABLE,True,True,103,103,73,73,0.000824,0.000791,-3.2999999999999935e-05,True,True,True,True,True,
repeat=1|base=random_3sat_control_v70_c298_seed1928|variant=perm_seed1733,1,random_3sat_control_v70_c298_seed1928,perm_seed1733,1,1,SATISFIABLE,SATISFIABLE,True,True,134,134,106,106,0.000854,0.000928,7.399999999999996e-05,True,True,True,True,True,
repeat=1|base=random_3sat_control_v70_c298_seed1928|variant=perm_seed1734,1,random_3sat_control_v70_c298_seed1928,perm_seed1734,1,1,SATISFIABLE,SATISFIABLE,True,True,108,108,85,85,0.00083,0.000841,1.0999999999999942e-05,True,True,True,True,True,
repeat=1|base=random_3sat_control_v70_c298_seed1928|variant=perm_seed1735,1,random_3sat_control_v70_c298_seed1928,perm_seed1735,1,1,SATISFIABLE,SATISFIABLE,True,True,200,200,155,155,0.000957,0.000916,-4.099999999999991e-05,True,True,True,True,True,
repeat=1|base=random_3sat_control_v70_c298_seed1928|variant=perm_seed1736,1,random_3sat_control_v70_c298_seed1928,perm_seed1736,1,1,SATISFIABLE,SATISFIABLE,True,True,29,29,11,11,0.000676,0.000734,5.8e-05,True,True,True,True,True,
repeat=1|base=random_3sat_control_v70_c298_seed1928|variant=perm_seed1737,1,random_3sat_control_v70_c298_seed1928,perm_seed1737,1,1,SATISFIABLE,SATISFIABLE,True,True,39,39,17,17,0.000742,0.000792,4.9999999999999914e-05,True,True,True,True,True,
repeat=1|base=random_3sat_control_v70_c298_seed1928|variant=perm_seed1738,1,random_3sat_control_v70_c298_seed1928,perm_seed1738,1,1,SATISFIABLE,SATISFIABLE,True,True,43,43,25,25,0.000753,0.000785,3.200000000000002e-05,True,True,True,True,True,
repeat=1|base=random_3sat_control_v70_c298_seed1928|variant=perm_seed1739,1,random_3sat_control_v70_c298_seed1928,perm_seed1739,1,1,SATISFIABLE,SATISFIABLE,True,True,33,33,15,15,0.000821,0.00083,9.000000000000002e-06,True,True,True,True,True,
repeat=1|base=random_3sat_control_v70_c298_seed1928|variant=perm_seed1740,1,random_3sat_control_v70_c298_seed1928,perm_seed1740,1,1,SATISFIABLE,SATISFIABLE,True,True,58,58,36,36,0.000761,0.000793,3.200000000000002e-05,True,True,True,True,True,
repeat=1|base=random_3sat_control_v70_c298_seed1928|variant=perm_seed1741,1,random_3sat_control_v70_c298_seed1928,perm_seed1741,1,1,SATISFIABLE,SATISFIABLE,True,True,41,41,24,24,0.000778,0.000786,7.999999999999978e-06,True,True,True,True,True,
repeat=1|base=random_3sat_control_v70_c298_seed1928|variant=perm_seed1742,1,random_3sat_control_v70_c298_seed1928,perm_seed1742,1,1,SATISFIABLE,SATISFIABLE,True,True,39,39,23,23,0.000717,0.000786,6.900000000000005e-05,True,True,True,True,True,
repeat=1|base=random_3sat_control_v70_c298_seed1928|variant=perm_seed1743,1,random_3sat_control_v70_c298_seed1928,perm_seed1743,1,1,SATISFIABLE,SATISFIABLE,True,True,189,189,146,146,0.000937,0.00097,3.300000000000004e-05,True,True,True,True,True,
repeat=1|base=random_3sat_control_v70_c298_seed1928|variant=perm_seed1744,1,random_3sat_control_v70_c298_seed1928,perm_seed1744,1,1,SATISFIABLE,SATISFIABLE,True,True,49,49,22,22,0.000772,0.000749,-2.3000000000000017e-05,True,True,True,True,True,
repeat=1|base=random_3sat_control_v70_c298_seed1928|variant=perm_seed1745,1,random_3sat_control_v70_c298_seed1928,perm_seed1745,1,1,SATISFIABLE,SATISFIABLE,True,True,90,90,64,64,0.0008,0.000831,3.0999999999999995e-05,True,True,True,True,True,
repeat=1|base=random_3sat_control_v80_c260_seed1929|variant=base,1,random_3sat_control_v80_c260_seed1929,base,1,1,SATISFIABLE,SATISFIABLE,True,True,36,36,13,13,0.000842,0.000748,-9.400000000000001e-05,True,True,True,True,True,
repeat=1|base=random_3sat_control_v80_c260_seed1929|variant=perm_seed1730,1,random_3sat_control_v80_c260_seed1929,perm_seed1730,1,1,SATISFIABLE,SATISFIABLE,True,True,25,25,6,6,0.000725,0.000752,2.7000000000000006e-05,True,True,True,True,True,
repeat=1|base=random_3sat_control_v80_c260_seed1929|variant=perm_seed1731,1,random_3sat_control_v80_c260_seed1929,perm_seed1731,1,1,SATISFIABLE,SATISFIABLE,True,True,40,40,10,10,0.000869,0.00077,-9.900000000000002e-05,True,True,True,True,True,
repeat=1|base=random_3sat_control_v80_c260_seed1929|variant=perm_seed1732,1,random_3sat_control_v80_c260_seed1929,perm_seed1732,1,1,SATISFIABLE,SATISFIABLE,True,True,22,22,0,0,0.000775,0.000726,-4.9e-05,True,True,True,True,True,
repeat=1|base=random_3sat_control_v80_c260_seed1929|variant=perm_seed1733,1,random_3sat_control_v80_c260_seed1929,perm_seed1733,1,1,SATISFIABLE,SATISFIABLE,True,True,27,27,1,1,0.000733,0.000806,7.299999999999993e-05,True,True,True,True,True,
repeat=1|base=random_3sat_control_v80_c260_seed1929|variant=perm_seed1734,1,random_3sat_control_v80_c260_seed1929,perm_seed1734,1,1,SATISFIABLE,SATISFIABLE,True,True,50,50,12,12,0.000793,0.000749,-4.3999999999999985e-05,True,True,True,True,True,
repeat=1|base=random_3sat_control_v80_c260_seed1929|variant=perm_seed1735,1,random_3sat_control_v80_c260_seed1929,perm_seed1735,1,1,SATISFIABLE,SATISFIABLE,True,True,57,57,38,38,0.000863,0.000902,3.899999999999997e-05,True,True,True,True,True,
repeat=1|base=random_3sat_control_v80_c260_seed1929|variant=perm_seed1736,1,random_3sat_control_v80_c260_seed1929,perm_seed1736,1,1,SATISFIABLE,SATISFIABLE,True,True,22,22,1,1,0.00071,0.000708,-2.0000000000000486e-06,True,True,True,True,True,
repeat=1|base=random_3sat_control_v80_c260_seed1929|variant=perm_seed1737,1,random_3sat_control_v80_c260_seed1929,perm_seed1737,1,1,SATISFIABLE,SATISFIABLE,True,True,26,26,7,7,0.000728,0.000775,4.699999999999995e-05,True,True,True,True,True,
repeat=1|base=random_3sat_control_v80_c260_seed1929|variant=perm_seed1738,1,random_3sat_control_v80_c260_seed1929,perm_seed1738,1,1,SATISFIABLE,SATISFIABLE,True,True,35,35,14,14,0.000747,0.00075,2.9999999999999645e-06,True,True,True,True,True,
repeat=1|base=random_3sat_control_v80_c260_seed1929|variant=perm_seed1739,1,random_3sat_control_v80_c260_seed1929,perm_seed1739,1,1,SATISFIABLE,SATISFIABLE,True,True,55,55,25,25,0.00074,0.000879,0.00013900000000000002,True,True,True,True,True,
repeat=1|base=random_3sat_control_v80_c260_seed1929|variant=perm_seed1740,1,random_3sat_control_v80_c260_seed1929,perm_seed1740,1,1,SATISFIABLE,SATISFIABLE,True,True,30,30,4,4,0.000702,0.000761,5.8999999999999916e-05,True,True,True,True,True,
repeat=1|base=random_3sat_control_v80_c260_seed1929|variant=perm_seed1741,1,random_3sat_control_v80_c260_seed1929,perm_seed1741,1,1,SATISFIABLE,SATISFIABLE,True,True,23,23,0,0,0.00074,0.000729,-1.0999999999999942e-05,True,True,True,True,True,
repeat=1|base=random_3sat_control_v80_c260_seed1929|variant=perm_seed1742,1,random_3sat_control_v80_c260_seed1929,perm_seed1742,1,1,SATISFIABLE,SATISFIABLE,True,True,30,30,4,4,0.000695,0.000722,2.7000000000000006e-05,True,True,True,True,True,
repeat=1|base=random_3sat_control_v80_c260_seed1929|variant=perm_seed1743,1,random_3sat_control_v80_c260_seed1929,perm_seed1743,1,1,SATISFIABLE,SATISFIABLE,True,True,30,30,1,1,0.000789,0.000718,-7.099999999999999e-05,True,True,True,True,True,
repeat=1|base=random_3sat_control_v80_c260_seed1929|variant=perm_seed1744,1,random_3sat_control_v80_c260_seed1929,perm_seed1744,1,1,SATISFIABLE,SATISFIABLE,True,True,36,36,4,4,0.000772,0.000794,2.1999999999999993e-05,True,True,True,True,True,
repeat=1|base=random_3sat_control_v80_c260_seed1929|variant=perm_seed1745,1,random_3sat_control_v80_c260_seed1929,perm_seed1745,1,1,SATISFIABLE,SATISFIABLE,True,True,30,30,3,3,0.000734,0.000751,1.7000000000000088e-05,True,True,True,True,True,
repeat=1|base=random_3sat_control_v80_c340_seed1913|variant=base,1,random_3sat_control_v80_c340_seed1913,base,1,1,SATISFIABLE,SATISFIABLE,True,True,121,121,96,96,0.000905,0.000987,8.200000000000004e-05,True,True,True,True,True,
repeat=1|base=random_3sat_control_v80_c340_seed1913|variant=perm_seed1730,1,random_3sat_control_v80_c340_seed1913,perm_seed1730,1,1,SATISFIABLE,SATISFIABLE,True,True,380,380,310,310,0.001299,0.001355,5.600000000000006e-05,True,True,True,True,True,
repeat=1|base=random_3sat_control_v80_c340_seed1913|variant=perm_seed1731,1,random_3sat_control_v80_c340_seed1913,perm_seed1731,1,1,SATISFIABLE,SATISFIABLE,True,True,74,74,48,48,0.000812,0.000846,3.399999999999996e-05,True,True,True,True,True,
repeat=1|base=random_3sat_control_v80_c340_seed1913|variant=perm_seed1732,1,random_3sat_control_v80_c340_seed1913,perm_seed1732,1,1,SATISFIABLE,SATISFIABLE,True,True,54,54,32,32,0.000839,0.000793,-4.6000000000000034e-05,True,True,True,True,True,
repeat=1|base=random_3sat_control_v80_c340_seed1913|variant=perm_seed1733,1,random_3sat_control_v80_c340_seed1913,perm_seed1733,1,1,SATISFIABLE,SATISFIABLE,True,True,103,103,78,78,0.000926,0.000869,-5.6999999999999976e-05,True,True,True,True,True,
repeat=1|base=random_3sat_control_v80_c340_seed1913|variant=perm_seed1734,1,random_3sat_control_v80_c340_seed1913,perm_seed1734,1,1,SATISFIABLE,SATISFIABLE,True,True,222,222,172,172,0.00106,0.001066,6.000000000000146e-06,True,True,True,True,True,
repeat=1|base=random_3sat_control_v80_c340_seed1913|variant=perm_seed1735,1,random_3sat_control_v80_c340_seed1913,perm_seed1735,1,1,SATISFIABLE,SATISFIABLE,True,True,52,52,31,31,0.000811,0.000812,1.0000000000000243e-06,True,True,True,True,True,
repeat=1|base=random_3sat_control_v80_c340_seed1913|variant=perm_seed1736,1,random_3sat_control_v80_c340_seed1913,perm_seed1736,1,1,SATISFIABLE,SATISFIABLE,True,True,310,310,243,243,0.001138,0.001128,-9.99999999999981e-06,True,True,True,True,True,
repeat=1|base=random_3sat_control_v80_c340_seed1913|variant=perm_seed1737,1,random_3sat_control_v80_c340_seed1913,perm_seed1737,1,1,SATISFIABLE,SATISFIABLE,True,True,113,113,93,93,0.000846,0.000905,5.9000000000000025e-05,True,True,True,True,True,
repeat=1|base=random_3sat_control_v80_c340_seed1913|variant=perm_seed1738,1,random_3sat_control_v80_c340_seed1913,perm_seed1738,1,1,SATISFIABLE,SATISFIABLE,True,True,27,27,8,8,0.000716,0.00074,2.400000000000004e-05,True,True,True,True,True,
repeat=1|base=random_3sat_control_v80_c340_seed1913|variant=perm_seed1739,1,random_3sat_control_v80_c340_seed1913,perm_seed1739,1,1,SATISFIABLE,SATISFIABLE,True,True,399,399,328,328,0.001252,0.001434,0.00018199999999999987,True,True,True,True,True,
repeat=1|base=random_3sat_control_v80_c340_seed1913|variant=perm_seed1740,1,random_3sat_control_v80_c340_seed1913,perm_seed1740,1,1,SATISFIABLE,SATISFIABLE,True,True,63,63,37,37,0.000791,0.000809,1.8000000000000004e-05,True,True,True,True,True,
repeat=1|base=random_3sat_control_v80_c340_seed1913|variant=perm_seed1741,1,random_3sat_control_v80_c340_seed1913,perm_seed1741,1,1,SATISFIABLE,SATISFIABLE,True,True,162,162,128,128,0.000924,0.001118,0.00019400000000000005,True,True,True,True,True,
repeat=1|base=random_3sat_control_v80_c340_seed1913|variant=perm_seed1742,1,random_3sat_control_v80_c340_seed1913,perm_seed1742,1,1,SATISFIABLE,SATISFIABLE,True,True,80,80,63,63,0.000855,0.000878,2.3000000000000017e-05,True,True,True,True,True,
repeat=1|base=random_3sat_control_v80_c340_seed1913|variant=perm_seed1743,1,random_3sat_control_v80_c340_seed1913,perm_seed1743,1,1,SATISFIABLE,SATISFIABLE,True,True,193,193,159,159,0.001201,0.001083,-0.00011800000000000005,True,True,True,True,True,
repeat=1|base=random_3sat_control_v80_c340_seed1913|variant=perm_seed1744,1,random_3sat_control_v80_c340_seed1913,perm_seed1744,1,1,SATISFIABLE,SATISFIABLE,True,True,164,164,128,128,0.001068,0.000947,-0.0001209999999999999,True,True,True,True,True,
repeat=1|base=random_3sat_control_v80_c340_seed1913|variant=perm_seed1745,1,random_3sat_control_v80_c340_seed1913,perm_seed1745,1,1,SATISFIABLE,SATISFIABLE,True,True,300,300,236,236,0.001201,0.00126,5.9000000000000025e-05,True,True,True,True,True,
repeat=1|base=random_3sat_control_v90_c383_seed1930|variant=base,1,random_3sat_control_v90_c383_seed1930,base,1,1,UNSATISFIABLE,UNSATISFIABLE,True,True,286,286,256,256,0.001154,0.001251,9.699999999999986e-05,True,True,True,True,True,
repeat=1|base=random_3sat_control_v90_c383_seed1930|variant=perm_seed1730,1,random_3sat_control_v90_c383_seed1930,perm_seed1730,1,1,UNSATISFIABLE,UNSATISFIABLE,True,True,583,583,499,499,0.001751,0.001768,1.7000000000000088e-05,True,True,True,True,True,
repeat=1|base=random_3sat_control_v90_c383_seed1930|variant=perm_seed1731,1,random_3sat_control_v90_c383_seed1930,perm_seed1731,1,1,UNSATISFIABLE,UNSATISFIABLE,True,True,502,502,439,439,0.001561,0.001526,-3.500000000000009e-05,True,True,True,True,True,
repeat=1|base=random_3sat_control_v90_c383_seed1930|variant=perm_seed1732,1,random_3sat_control_v90_c383_seed1930,perm_seed1732,1,1,UNSATISFIABLE,UNSATISFIABLE,True,True,440,440,363,363,0.00142,0.001498,7.799999999999994e-05,True,True,True,True,True,
repeat=1|base=random_3sat_control_v90_c383_seed1930|variant=perm_seed1733,1,random_3sat_control_v90_c383_seed1930,perm_seed1733,1,1,UNSATISFIABLE,UNSATISFIABLE,True,True,508,508,440,440,0.001543,0.001751,0.00020799999999999985,True,True,True,True,True,
repeat=1|base=random_3sat_control_v90_c383_seed1930|variant=perm_seed1734,1,random_3sat_control_v90_c383_seed1930,perm_seed1734,1,1,UNSATISFIABLE,UNSATISFIABLE,True,True,487,487,421,421,0.001532,0.001587,5.5000000000000144e-05,True,True,True,True,True,
repeat=1|base=random_3sat_control_v90_c383_seed1930|variant=perm_seed1735,1,random_3sat_control_v90_c383_seed1930,perm_seed1735,1,1,UNSATISFIABLE,UNSATISFIABLE,True,True,481,481,420,420,0.001439,0.001473,3.399999999999996e-05,True,True,True,True,True,
repeat=1|base=random_3sat_control_v90_c383_seed1930|variant=perm_seed1736,1,random_3sat_control_v90_c383_seed1930,perm_seed1736,1,1,UNSATISFIABLE,UNSATISFIABLE,True,True,578,578,519,519,0.001765,0.001809,4.3999999999999985e-05,True,True,True,True,True,
repeat=1|base=random_3sat_control_v90_c383_seed1930|variant=perm_seed1737,1,random_3sat_control_v90_c383_seed1930,perm_seed1737,1,1,UNSATISFIABLE,UNSATISFIABLE,True,True,528,528,463,463,0.001771,0.001644,-0.00012699999999999994,True,True,True,True,True,
repeat=1|base=random_3sat_control_v90_c383_seed1930|variant=perm_seed1738,1,random_3sat_control_v90_c383_seed1930,perm_seed1738,1,1,UNSATISFIABLE,UNSATISFIABLE,True,True,385,385,333,333,0.001332,0.001283,-4.9e-05,True,True,True,True,True,
repeat=1|base=random_3sat_control_v90_c383_seed1930|variant=perm_seed1739,1,random_3sat_control_v90_c383_seed1930,perm_seed1739,1,1,UNSATISFIABLE,UNSATISFIABLE,True,True,713,713,606,606,0.001943,0.002058,0.00011499999999999987,True,True,True,True,True,
repeat=1|base=random_3sat_control_v90_c383_seed1930|variant=perm_seed1740,1,random_3sat_control_v90_c383_seed1930,perm_seed1740,1,1,UNSATISFIABLE,UNSATISFIABLE,True,True,547,547,479,479,0.001806,0.001685,-0.00012100000000000001,True,True,True,True,True,
repeat=1|base=random_3sat_control_v90_c383_seed1930|variant=perm_seed1741,1,random_3sat_control_v90_c383_seed1930,perm_seed1741,1,1,UNSATISFIABLE,UNSATISFIABLE,True,True,507,507,434,434,0.001475,0.001527,5.199999999999996e-05,True,True,True,True,True,
repeat=1|base=random_3sat_control_v90_c383_seed1930|variant=perm_seed1742,1,random_3sat_control_v90_c383_seed1930,perm_seed1742,1,1,UNSATISFIABLE,UNSATISFIABLE,True,True,656,656,578,578,0.001939,0.001962,2.3000000000000234e-05,True,True,True,True,True,
repeat=1|base=random_3sat_control_v90_c383_seed1930|variant=perm_seed1743,1,random_3sat_control_v90_c383_seed1930,perm_seed1743,1,1,UNSATISFIABLE,UNSATISFIABLE,True,True,377,377,327,327,0.001301,0.001376,7.499999999999998e-05,True,True,True,True,True,
repeat=1|base=random_3sat_control_v90_c383_seed1930|variant=perm_seed1744,1,random_3sat_control_v90_c383_seed1930,perm_seed1744,1,1,UNSATISFIABLE,UNSATISFIABLE,True,True,610,610,505,505,0.001696,0.001845,0.00014900000000000004,True,True,True,True,True,
repeat=1|base=random_3sat_control_v90_c383_seed1930|variant=perm_seed1745,1,random_3sat_control_v90_c383_seed1930,perm_seed1745,1,1,UNSATISFIABLE,UNSATISFIABLE,True,True,398,398,329,329,0.001414,0.001428,1.4000000000000123e-05,True,True,True,True,True,
repeat=1|base=subset_cardinality_bw10|variant=base,1,subset_cardinality_bw10,base,1,1,UNSATISFIABLE,UNSATISFIABLE,True,True,193,193,141,141,0.000877,0.000878,1.0000000000000243e-06,True,True,True,True,True,
repeat=1|base=subset_cardinality_bw10|variant=perm_seed1730,1,subset_cardinality_bw10,perm_seed1730,1,1,UNSATISFIABLE,UNSATISFIABLE,True,True,218,218,167,167,0.000826,0.000918,9.199999999999996e-05,True,True,True,True,True,
repeat=1|base=subset_cardinality_bw10|variant=perm_seed1731,1,subset_cardinality_bw10,perm_seed1731,1,1,UNSATISFIABLE,UNSATISFIABLE,True,True,202,202,147,147,0.000836,0.00078,-5.600000000000006e-05,True,True,True,True,True,
repeat=1|base=subset_cardinality_bw10|variant=perm_seed1732,1,subset_cardinality_bw10,perm_seed1732,1,1,UNSATISFIABLE,UNSATISFIABLE,True,True,217,217,149,149,0.000768,0.000844,7.6e-05,True,True,True,True,True,
repeat=1|base=subset_cardinality_bw10|variant=perm_seed1733,1,subset_cardinality_bw10,perm_seed1733,1,1,UNSATISFIABLE,UNSATISFIABLE,True,True,188,188,147,147,0.000769,0.000792,2.299999999999991e-05,True,True,True,True,True,
repeat=1|base=subset_cardinality_bw10|variant=perm_seed1734,1,subset_cardinality_bw10,perm_seed1734,1,1,UNSATISFIABLE,UNSATISFIABLE,True,True,249,249,170,170,0.000846,0.000849,3.000000000000073e-06,True,True,True,True,True,
repeat=1|base=subset_cardinality_bw10|variant=perm_seed1735,1,subset_cardinality_bw10,perm_seed1735,1,1,UNSATISFIABLE,UNSATISFIABLE,True,True,187,187,145,145,0.000834,0.000812,-2.1999999999999993e-05,True,True,True,True,True,
repeat=1|base=subset_cardinality_bw10|variant=perm_seed1736,1,subset_cardinality_bw10,perm_seed1736,1,1,UNSATISFIABLE,UNSATISFIABLE,True,True,218,218,175,175,0.000837,0.000861,2.400000000000004e-05,True,True,True,True,True,
repeat=1|base=subset_cardinality_bw10|variant=perm_seed1737,1,subset_cardinality_bw10,perm_seed1737,1,1,UNSATISFIABLE,UNSATISFIABLE,True,True,214,214,148,148,0.000868,0.000801,-6.7e-05,True,True,True,True,True,
repeat=1|base=subset_cardinality_bw10|variant=perm_seed1738,1,subset_cardinality_bw10,perm_seed1738,1,1,UNSATISFIABLE,UNSATISFIABLE,True,True,245,245,175,175,0.000798,0.00079,-7.999999999999978e-06,True,True,True,True,True,
repeat=1|base=subset_cardinality_bw10|variant=perm_seed1739,1,subset_cardinality_bw10,perm_seed1739,1,1,UNSATISFIABLE,UNSATISFIABLE,True,True,178,178,140,140,0.000767,0.000758,-9.000000000000002e-06,True,True,True,True,True,
repeat=1|base=subset_cardinality_bw10|variant=perm_seed1740,1,subset_cardinality_bw10,perm_seed1740,1,1,UNSATISFIABLE,UNSATISFIABLE,True,True,255,255,180,180,0.000817,0.000786,-3.0999999999999995e-05,True,True,True,True,True,
repeat=1|base=subset_cardinality_bw10|variant=perm_seed1741,1,subset_cardinality_bw10,perm_seed1741,1,1,UNSATISFIABLE,UNSATISFIABLE,True,True,200,200,162,162,0.000798,0.00079,-7.999999999999978e-06,True,True,True,True,True,
repeat=1|base=subset_cardinality_bw10|variant=perm_seed1742,1,subset_cardinality_bw10,perm_seed1742,1,1,UNSATISFIABLE,UNSATISFIABLE,True,True,200,200,151,151,0.000854,0.000848,-6.000000000000037e-06,True,True,True,True,True,
repeat=1|base=subset_cardinality_bw10|variant=perm_seed1743,1,subset_cardinality_bw10,perm_seed1743,1,1,UNSATISFIABLE,UNSATISFIABLE,True,True,216,216,154,154,0.000777,0.000903,0.00012600000000000003,True,True,True,True,True,
repeat=1|base=subset_cardinality_bw10|variant=perm_seed1744,1,subset_cardinality_bw10,perm_seed1744,1,1,UNSATISFIABLE,UNSATISFIABLE,True,True,206,206,157,157,0.000838,0.000819,-1.9000000000000028e-05,True,True,True,True,True,
repeat=1|base=subset_cardinality_bw10|variant=perm_seed1745,1,subset_cardinality_bw10,perm_seed1745,1,1,UNSATISFIABLE,UNSATISFIABLE,True,True,225,225,170,170,0.000869,0.00081,-5.9000000000000025e-05,True,True,True,True,True,
repeat=1|base=subset_cardinality_bw12|variant=base,1,subset_cardinality_bw12,base,1,1,UNSATISFIABLE,UNSATISFIABLE,True,True,442,442,342,342,0.001095,0.001113,1.8000000000000004e-05,True,True,True,True,True,
repeat=1|base=subset_cardinality_bw12|variant=perm_seed1730,1,subset_cardinality_bw12,perm_seed1730,1,1,UNSATISFIABLE,UNSATISFIABLE,True,True,440,440,329,329,0.001046,0.001021,-2.5000000000000066e-05,True,True,True,True,True,
repeat=1|base=subset_cardinality_bw12|variant=perm_seed1731,1,subset_cardinality_bw12,perm_seed1731,1,1,UNSATISFIABLE,UNSATISFIABLE,True,True,393,393,297,297,0.000961,0.000976,1.4999999999999931e-05,True,True,True,True,True,
repeat=1|base=subset_cardinality_bw12|variant=perm_seed1732,1,subset_cardinality_bw12,perm_seed1732,1,1,UNSATISFIABLE,UNSATISFIABLE,True,True,430,430,328,328,0.000999,0.000995,-4.000000000000097e-06,True,True,True,True,True,
repeat=1|base=subset_cardinality_bw12|variant=perm_seed1733,1,subset_cardinality_bw12,perm_seed1733,1,1,UNSATISFIABLE,UNSATISFIABLE,True,True,434,434,333,333,0.001031,0.001045,1.3999999999999907e-05,True,True,True,True,True,
repeat=1|base=subset_cardinality_bw12|variant=perm_seed1734,1,subset_cardinality_bw12,perm_seed1734,1,1,UNSATISFIABLE,UNSATISFIABLE,True,True,464,464,361,361,0.00102,0.001078,5.799999999999989e-05,True,True,True,True,True,
repeat=1|base=subset_cardinality_bw12|variant=perm_seed1735,1,subset_cardinality_bw12,perm_seed1735,1,1,UNSATISFIABLE,UNSATISFIABLE,True,True,394,394,340,340,0.00106,0.001035,-2.5000000000000066e-05,True,True,True,True,True,
repeat=1|base=subset_cardinality_bw12|variant=perm_seed1736,1,subset_cardinality_bw12,perm_seed1736,1,1,UNSATISFIABLE,UNSATISFIABLE,True,True,410,410,313,313,0.000999,0.001065,6.599999999999987e-05,True,True,True,True,True,
repeat=1|base=subset_cardinality_bw12|variant=perm_seed1737,1,subset_cardinality_bw12,perm_seed1737,1,1,UNSATISFIABLE,UNSATISFIABLE,True,True,411,411,323,323,0.001003,0.00102,1.7000000000000088e-05,True,True,True,True,True,
repeat=1|base=subset_cardinality_bw12|variant=perm_seed1738,1,subset_cardinality_bw12,perm_seed1738,1,1,UNSATISFIABLE,UNSATISFIABLE,True,True,411,411,317,317,0.001001,0.001009,7.999999999999978e-06,True,True,True,True,True,
repeat=1|base=subset_cardinality_bw12|variant=perm_seed1739,1,subset_cardinality_bw12,perm_seed1739,1,1,UNSATISFIABLE,UNSATISFIABLE,True,True,406,406,316,316,0.000987,0.001031,4.3999999999999985e-05,True,True,True,True,True,
repeat=1|base=subset_cardinality_bw12|variant=perm_seed1740,1,subset_cardinality_bw12,perm_seed1740,1,1,UNSATISFIABLE,UNSATISFIABLE,True,True,442,442,321,321,0.001063,0.001017,-4.6000000000000034e-05,True,True,True,True,True,
repeat=1|base=subset_cardinality_bw12|variant=perm_seed1741,1,subset_cardinality_bw12,perm_seed1741,1,1,UNSATISFIABLE,UNSATISFIABLE,True,True,417,417,333,333,0.001131,0.001063,-6.800000000000013e-05,True,True,True,True,True,
repeat=1|base=subset_cardinality_bw12|variant=perm_seed1742,1,subset_cardinality_bw12,perm_seed1742,1,1,UNSATISFIABLE,UNSATISFIABLE,True,True,443,443,346,346,0.001064,0.001105,4.100000000000002e-05,True,True,True,True,True,
repeat=1|base=subset_cardinality_bw12|variant=perm_seed1743,1,subset_cardinality_bw12,perm_seed1743,1,1,UNSATISFIABLE,UNSATISFIABLE,True,True,439,439,339,339,0.001012,0.001031,1.899999999999992e-05,True,True,True,True,True,
repeat=1|base=subset_cardinality_bw12|variant=perm_seed1744,1,subset_cardinality_bw12,perm_seed1744,1,1,UNSATISFIABLE,UNSATISFIABLE,True,True,430,430,339,339,0.000995,0.001048,5.3000000000000096e-05,True,True,True,True,True,
repeat=1|base=subset_cardinality_bw12|variant=perm_seed1745,1,subset_cardinality_bw12,perm_seed1745,1,1,UNSATISFIABLE,UNSATISFIABLE,True,True,408,408,323,323,0.001049,0.001026,-2.3000000000000017e-05,True,True,True,True,True,
repeat=1|base=subset_cardinality_bw14|variant=base,1,subset_cardinality_bw14,base,1,1,UNSATISFIABLE,UNSATISFIABLE,True,True,759,759,561,561,0.00138,0.001403,2.3000000000000017e-05,True,True,True,True,True,
repeat=1|base=subset_cardinality_bw14|variant=perm_seed1730,1,subset_cardinality_bw14,perm_seed1730,1,1,UNSATISFIABLE,UNSATISFIABLE,True,True,743,743,583,583,0.001358,0.001438,7.999999999999999e-05,True,True,True,True,True,
repeat=1|base=subset_cardinality_bw14|variant=perm_seed1731,1,subset_cardinality_bw14,perm_seed1731,1,1,UNSATISFIABLE,UNSATISFIABLE,True,True,775,775,591,591,0.001412,0.001491,7.899999999999986e-05,True,True,True,True,True,
repeat=1|base=subset_cardinality_bw14|variant=perm_seed1732,1,subset_cardinality_bw14,perm_seed1732,1,1,UNSATISFIABLE,UNSATISFIABLE,True,True,696,696,526,526,0.001278,0.001307,2.8999999999999946e-05,True,True,True,True,True,
repeat=1|base=subset_cardinality_bw14|variant=perm_seed1733,1,subset_cardinality_bw14,perm_seed1733,1,1,UNSATISFIABLE,UNSATISFIABLE,True,True,772,772,610,610,0.001429,0.001499,6.999999999999997e-05,True,True,True,True,True,
repeat=1|base=subset_cardinality_bw14|variant=perm_seed1734,1,subset_cardinality_bw14,perm_seed1734,1,1,UNSATISFIABLE,UNSATISFIABLE,True,True,692,692,568,568,0.001415,0.00137,-4.500000000000012e-05,True,True,True,True,True,
repeat=1|base=subset_cardinality_bw14|variant=perm_seed1735,1,subset_cardinality_bw14,perm_seed1735,1,1,UNSATISFIABLE,UNSATISFIABLE,True,True,736,736,603,603,0.001542,0.001678,0.00013600000000000005,True,True,True,True,True,
repeat=1|base=subset_cardinality_bw14|variant=perm_seed1736,1,subset_cardinality_bw14,perm_seed1736,1,1,UNSATISFIABLE,UNSATISFIABLE,True,True,725,725,580,580,0.001513,0.001515,2.0000000000000486e-06,True,True,True,True,True,
repeat=1|base=subset_cardinality_bw14|variant=perm_seed1737,1,subset_cardinality_bw14,perm_seed1737,1,1,UNSATISFIABLE,UNSATISFIABLE,True,True,709,709,503,503,0.001437,0.001429,-7.999999999999978e-06,True,True,True,True,True,
repeat=1|base=subset_cardinality_bw14|variant=perm_seed1738,1,subset_cardinality_bw14,perm_seed1738,1,1,UNSATISFIABLE,UNSATISFIABLE,True,True,687,687,549,549,0.002322,0.001795,-0.0005269999999999999,True,True,True,True,True,
repeat=1|base=subset_cardinality_bw14|variant=perm_seed1739,1,subset_cardinality_bw14,perm_seed1739,1,1,UNSATISFIABLE,UNSATISFIABLE,True,True,765,765,626,626,0.001882,0.001574,-0.0003079999999999999,True,True,True,True,True,
repeat=1|base=subset_cardinality_bw14|variant=perm_seed1740,1,subset_cardinality_bw14,perm_seed1740,1,1,UNSATISFIABLE,UNSATISFIABLE,True,True,681,681,539,539,0.001846,0.001365,-0.0004810000000000001,True,True,True,True,True,
repeat=1|base=subset_cardinality_bw14|variant=perm_seed1741,1,subset_cardinality_bw14,perm_seed1741,1,1,UNSATISFIABLE,UNSATISFIABLE,True,True,738,738,563,563,0.001395,0.001393,-2.0000000000000486e-06,True,True,True,True,True,
repeat=1|base=subset_cardinality_bw14|variant=perm_seed1742,1,subset_cardinality_bw14,perm_seed1742,1,1,UNSATISFIABLE,UNSATISFIABLE,True,True,647,647,497,497,0.001305,0.001265,-3.999999999999989e-05,True,True,True,True,True,
repeat=1|base=subset_cardinality_bw14|variant=perm_seed1743,1,subset_cardinality_bw14,perm_seed1743,1,1,UNSATISFIABLE,UNSATISFIABLE,True,True,800,800,653,653,0.001473,0.001492,1.9000000000000137e-05,True,True,True,True,True,
repeat=1|base=subset_cardinality_bw14|variant=perm_seed1744,1,subset_cardinality_bw14,perm_seed1744,1,1,UNSATISFIABLE,UNSATISFIABLE,True,True,702,702,576,576,0.001397,0.001425,2.800000000000003e-05,True,True,True,True,True,
repeat=1|base=subset_cardinality_bw14|variant=perm_seed1745,1,subset_cardinality_bw14,perm_seed1745,1,1,UNSATISFIABLE,UNSATISFIABLE,True,True,769,769,586,586,0.001406,0.001385,-2.099999999999997e-05,True,True,True,True,True,
repeat=1|base=subset_cardinality_bw16|variant=base,1,subset_cardinality_bw16,base,1,1,UNSATISFIABLE,UNSATISFIABLE,True,True,914,914,659,659,0.001488,0.001554,6.600000000000009e-05,True,True,True,True,True,
repeat=1|base=subset_cardinality_bw16|variant=perm_seed1730,1,subset_cardinality_bw16,perm_seed1730,1,1,UNSATISFIABLE,UNSATISFIABLE,True,True,1124,1124,863,863,0.001778,0.001829,5.099999999999983e-05,True,True,True,True,True,
repeat=1|base=subset_cardinality_bw16|variant=perm_seed1731,1,subset_cardinality_bw16,perm_seed1731,1,1,UNSATISFIABLE,UNSATISFIABLE,True,True,1165,1165,901,901,0.001932,0.001904,-2.7999999999999813e-05,True,True,True,True,True,
repeat=1|base=subset_cardinality_bw16|variant=perm_seed1732,1,subset_cardinality_bw16,perm_seed1732,1,1,UNSATISFIABLE,UNSATISFIABLE,True,True,1261,1261,971,971,0.00215,0.002043,-0.00010699999999999989,True,True,True,True,True,
repeat=1|base=subset_cardinality_bw16|variant=perm_seed1733,1,subset_cardinality_bw16,perm_seed1733,1,1,UNSATISFIABLE,UNSATISFIABLE,True,True,1256,1256,997,997,0.002277,0.002138,-0.0001389999999999998,True,True,True,True,True,
repeat=1|base=subset_cardinality_bw16|variant=perm_seed1734,1,subset_cardinality_bw16,perm_seed1734,1,1,UNSATISFIABLE,UNSATISFIABLE,True,True,1201,1201,874,874,0.001892,0.001897,5.000000000000013e-06,True,True,True,True,True,
repeat=1|base=subset_cardinality_bw16|variant=perm_seed1735,1,subset_cardinality_bw16,perm_seed1735,1,1,UNSATISFIABLE,UNSATISFIABLE,True,True,1156,1156,858,858,0.001853,0.00194,8.700000000000005e-05,True,True,True,True,True,
repeat=1|base=subset_cardinality_bw16|variant=perm_seed1736,1,subset_cardinality_bw16,perm_seed1736,1,1,UNSATISFIABLE,UNSATISFIABLE,True,True,1269,1269,990,990,0.002058,0.002078,2.0000000000000052e-05,True,True,True,True,True,
repeat=1|base=subset_cardinality_bw16|variant=perm_seed1737,1,subset_cardinality_bw16,perm_seed1737,1,1,UNSATISFIABLE,UNSATISFIABLE,True,True,1136,1136,881,881,0.001863,0.00181,-5.3000000000000096e-05,True,True,True,True,True,
repeat=1|base=subset_cardinality_bw16|variant=perm_seed1738,1,subset_cardinality_bw16,perm_seed1738,1,1,UNSATISFIABLE,UNSATISFIABLE,True,True,1155,1155,911,911,0.001844,0.001928,8.400000000000009e-05,True,True,True,True,True,
repeat=1|base=subset_cardinality_bw16|variant=perm_seed1739,1,subset_cardinality_bw16,perm_seed1739,1,1,UNSATISFIABLE,UNSATISFIABLE,True,True,1240,1240,926,926,0.00194,0.002092,0.000152,True,True,True,True,True,
repeat=1|base=subset_cardinality_bw16|variant=perm_seed1740,1,subset_cardinality_bw16,perm_seed1740,1,1,UNSATISFIABLE,UNSATISFIABLE,True,True,1144,1144,866,866,0.001907,0.001913,5.999999999999929e-06,True,True,True,True,True,
repeat=1|base=subset_cardinality_bw16|variant=perm_seed1741,1,subset_cardinality_bw16,perm_seed1741,1,1,UNSATISFIABLE,UNSATISFIABLE,True,True,1187,1187,895,895,0.00189,0.001845,-4.49999999999999e-05,True,True,True,True,True,
repeat=1|base=subset_cardinality_bw16|variant=perm_seed1742,1,subset_cardinality_bw16,perm_seed1742,1,1,UNSATISFIABLE,UNSATISFIABLE,True,True,1144,1144,845,845,0.001773,0.001865,9.199999999999985e-05,True,True,True,True,True,
repeat=1|base=subset_cardinality_bw16|variant=perm_seed1743,1,subset_cardinality_bw16,perm_seed1743,1,1,UNSATISFIABLE,UNSATISFIABLE,True,True,1340,1340,1021,1021,0.002136,0.002212,7.600000000000011e-05,True,True,True,True,True,
repeat=1|base=subset_cardinality_bw16|variant=perm_seed1744,1,subset_cardinality_bw16,perm_seed1744,1,1,UNSATISFIABLE,UNSATISFIABLE,True,True,1190,1190,952,952,0.002081,0.002064,-1.7000000000000088e-05,True,True,True,True,True,
repeat=1|base=subset_cardinality_bw16|variant=perm_seed1745,1,subset_cardinality_bw16,perm_seed1745,1,1,UNSATISFIABLE,UNSATISFIABLE,True,True,1275,1275,979,979,0.001987,0.002036,4.9e-05,True,True,True,True,True,
repeat=1|base=subset_cardinality_bw18|variant=base,1,subset_cardinality_bw18,base,1,1,UNSATISFIABLE,UNSATISFIABLE,True,True,1744,1744,1353,1353,0.00274,0.002769,2.900000000000038e-05,True,True,True,True,True,
repeat=1|base=subset_cardinality_bw18|variant=perm_seed1730,1,subset_cardinality_bw18,perm_seed1730,1,1,UNSATISFIABLE,UNSATISFIABLE,True,True,1692,1692,1238,1238,0.002509,0.002495,-1.4000000000000123e-05,True,True,True,True,True,
repeat=1|base=subset_cardinality_bw18|variant=perm_seed1731,1,subset_cardinality_bw18,perm_seed1731,1,1,UNSATISFIABLE,UNSATISFIABLE,True,True,1884,1884,1464,1464,0.003162,0.003005,-0.00015700000000000002,True,True,True,True,True,
repeat=1|base=subset_cardinality_bw18|variant=perm_seed1732,1,subset_cardinality_bw18,perm_seed1732,1,1,UNSATISFIABLE,UNSATISFIABLE,True,True,1456,1456,1049,1049,0.002097,0.002125,2.8000000000000247e-05,True,True,True,True,True,
repeat=1|base=subset_cardinality_bw18|variant=perm_seed1733,1,subset_cardinality_bw18,perm_seed1733,1,1,UNSATISFIABLE,UNSATISFIABLE,True,True,1993,1993,1604,1604,0.003233,0.003518,0.00028499999999999966,True,True,True,True,True,
repeat=1|base=subset_cardinality_bw18|variant=perm_seed1734,1,subset_cardinality_bw18,perm_seed1734,1,1,UNSATISFIABLE,UNSATISFIABLE,True,True,1814,1814,1305,1305,0.002536,0.002522,-1.4000000000000123e-05,True,True,True,True,True,
repeat=1|base=subset_cardinality_bw18|variant=perm_seed1735,1,subset_cardinality_bw18,perm_seed1735,1,1,UNSATISFIABLE,UNSATISFIABLE,True,True,1587,1587,1151,1151,0.002497,0.00252,2.3000000000000017e-05,True,True,True,True,True,
repeat=1|base=subset_cardinality_bw18|variant=perm_seed1736,1,subset_cardinality_bw18,perm_seed1736,1,1,UNSATISFIABLE,UNSATISFIABLE,True,True,1684,1684,1216,1216,0.002499,0.002437,-6.199999999999999e-05,True,True,True,True,True,
repeat=1|base=subset_cardinality_bw18|variant=perm_seed1737,1,subset_cardinality_bw18,perm_seed1737,1,1,UNSATISFIABLE,UNSATISFIABLE,True,True,1851,1851,1302,1302,0.002613,0.002713,0.00010000000000000026,True,True,True,True,True,
repeat=1|base=subset_cardinality_bw18|variant=perm_seed1738,1,subset_cardinality_bw18,perm_seed1738,1,1,UNSATISFIABLE,UNSATISFIABLE,True,True,1549,1549,1103,1103,0.00234,0.002203,-0.00013699999999999997,True,True,True,True,True,
repeat=1|base=subset_cardinality_bw18|variant=perm_seed1739,1,subset_cardinality_bw18,perm_seed1739,1,1,UNSATISFIABLE,UNSATISFIABLE,True,True,1933,1933,1461,1461,0.00308,0.003027,-5.299999999999966e-05,True,True,True,True,True,
repeat=1|base=subset_cardinality_bw18|variant=perm_seed1740,1,subset_cardinality_bw18,perm_seed1740,1,1,UNSATISFIABLE,UNSATISFIABLE,True,True,1755,1755,1289,1289,0.002788,0.002608,-0.00018000000000000004,True,True,True,True,True,
repeat=1|base=subset_cardinality_bw18|variant=perm_seed1741,1,subset_cardinality_bw18,perm_seed1741,1,1,UNSATISFIABLE,UNSATISFIABLE,True,True,1766,1766,1309,1309,0.002628,0.002785,0.00015700000000000002,True,True,True,True,True,
repeat=1|base=subset_cardinality_bw18|variant=perm_seed1742,1,subset_cardinality_bw18,perm_seed1742,1,1,UNSATISFIABLE,UNSATISFIABLE,True,True,1570,1570,1172,1172,0.002316,0.00231,-5.999999999999929e-06,True,True,True,True,True,
repeat=1|base=subset_cardinality_bw18|variant=perm_seed1743,1,subset_cardinality_bw18,perm_seed1743,1,1,UNSATISFIABLE,UNSATISFIABLE,True,True,1910,1910,1455,1455,0.002958,0.003273,0.00031499999999999974,True,True,True,True,True,
repeat=1|base=subset_cardinality_bw18|variant=perm_seed1744,1,subset_cardinality_bw18,perm_seed1744,1,1,UNSATISFIABLE,UNSATISFIABLE,True,True,1455,1455,1048,1048,0.002376,0.002273,-0.00010300000000000023,True,True,True,True,True,
repeat=1|base=subset_cardinality_bw18|variant=perm_seed1745,1,subset_cardinality_bw18,perm_seed1745,1,1,UNSATISFIABLE,UNSATISFIABLE,True,True,1653,1653,1237,1237,0.002518,0.002662,0.00014400000000000003,True,True,True,True,True,
repeat=1|base=subset_cardinality_bw8|variant=base,1,subset_cardinality_bw8,base,1,1,UNSATISFIABLE,UNSATISFIABLE,True,True,89,89,67,67,0.000646,0.000643,-2.9999999999999645e-06,True,True,True,True,True,
repeat=1|base=subset_cardinality_bw8|variant=perm_seed1730,1,subset_cardinality_bw8,perm_seed1730,1,1,UNSATISFIABLE,UNSATISFIABLE,True,True,110,110,76,76,0.000635,0.000718,8.299999999999996e-05,True,True,True,True,True,
repeat=1|base=subset_cardinality_bw8|variant=perm_seed1731,1,subset_cardinality_bw8,perm_seed1731,1,1,UNSATISFIABLE,UNSATISFIABLE,True,True,91,91,70,70,0.000652,0.000725,7.299999999999993e-05,True,True,True,True,True,
repeat=1|base=subset_cardinality_bw8|variant=perm_seed1732,1,subset_cardinality_bw8,perm_seed1732,1,1,UNSATISFIABLE,UNSATISFIABLE,True,True,84,84,67,67,0.00069,0.000669,-2.099999999999997e-05,True,True,True,True,True,
repeat=1|base=subset_cardinality_bw8|variant=perm_seed1733,1,subset_cardinality_bw8,perm_seed1733,1,1,UNSATISFIABLE,UNSATISFIABLE,True,True,109,109,86,86,0.000667,0.000672,5.000000000000013e-06,True,True,True,True,True,
repeat=1|base=subset_cardinality_bw8|variant=perm_seed1734,1,subset_cardinality_bw8,perm_seed1734,1,1,UNSATISFIABLE,UNSATISFIABLE,True,True,112,112,82,82,0.000677,0.000697,2.0000000000000052e-05,True,True,True,True,True,
repeat=1|base=subset_cardinality_bw8|variant=perm_seed1735,1,subset_cardinality_bw8,perm_seed1735,1,1,UNSATISFIABLE,UNSATISFIABLE,True,True,94,94,68,68,0.000717,0.00067,-4.699999999999995e-05,True,True,True,True,True,
repeat=1|base=subset_cardinality_bw8|variant=perm_seed1736,1,subset_cardinality_bw8,perm_seed1736,1,1,UNSATISFIABLE,UNSATISFIABLE,True,True,121,121,83,83,0.000656,0.000677,2.099999999999997e-05,True,True,True,True,True,
repeat=1|base=subset_cardinality_bw8|variant=perm_seed1737,1,subset_cardinality_bw8,perm_seed1737,1,1,UNSATISFIABLE,UNSATISFIABLE,True,True,87,87,66,66,0.000645,0.000661,1.6000000000000064e-05,True,True,True,True,True,
repeat=1|base=subset_cardinality_bw8|variant=perm_seed1738,1,subset_cardinality_bw8,perm_seed1738,1,1,UNSATISFIABLE,UNSATISFIABLE,True,True,80,80,66,66,0.000657,0.000665,7.999999999999978e-06,True,True,True,True,True,
repeat=1|base=subset_cardinality_bw8|variant=perm_seed1739,1,subset_cardinality_bw8,perm_seed1739,1,1,UNSATISFIABLE,UNSATISFIABLE,True,True,103,103,74,74,0.000628,0.000699,7.099999999999999e-05,True,True,True,True,True,
repeat=1|base=subset_cardinality_bw8|variant=perm_seed1740,1,subset_cardinality_bw8,perm_seed1740,1,1,UNSATISFIABLE,UNSATISFIABLE,True,True,98,98,64,64,0.000747,0.000755,7.999999999999978e-06,True,True,True,True,True,
repeat=1|base=subset_cardinality_bw8|variant=perm_seed1741,1,subset_cardinality_bw8,perm_seed1741,1,1,UNSATISFIABLE,UNSATISFIABLE,True,True,106,106,76,76,0.000735,0.000721,-1.4000000000000015e-05,True,True,True,True,True,
repeat=1|base=subset_cardinality_bw8|variant=perm_seed1742,1,subset_cardinality_bw8,perm_seed1742,1,1,UNSATISFIABLE,UNSATISFIABLE,True,True,107,107,72,72,0.000692,0.000705,1.299999999999999e-05,True,True,True,True,True,
repeat=1|base=subset_cardinality_bw8|variant=perm_seed1743,1,subset_cardinality_bw8,perm_seed1743,1,1,UNSATISFIABLE,UNSATISFIABLE,True,True,106,106,74,74,0.000664,0.000662,-1.99999999999994e-06,True,True,True,True,True,
repeat=1|base=subset_cardinality_bw8|variant=perm_seed1744,1,subset_cardinality_bw8,perm_seed1744,1,1,UNSATISFIABLE,UNSATISFIABLE,True,True,99,99,71,71,0.000647,0.000677,2.999999999999997e-05,True,True,True,True,True,
repeat=1|base=subset_cardinality_bw8|variant=perm_seed1745,1,subset_cardinality_bw8,perm_seed1745,1,1,UNSATISFIABLE,UNSATISFIABLE,True,True,102,102,71,71,0.000696,0.000656,-3.9999999999999996e-05,True,True,True,True,True,
repeat=1|base=tseitin_k5_even|variant=base,1,tseitin_k5_even,base,1,1,SATISFIABLE,SATISFIABLE,True,True,7,7,0,0,0.000667,0.000734,6.7e-05,True,True,True,True,True,
repeat=1|base=tseitin_k5_even|variant=perm_seed1730,1,tseitin_k5_even,perm_seed1730,1,1,SATISFIABLE,SATISFIABLE,True,True,7,7,0,0,0.000635,0.000648,1.299999999999999e-05,True,True,True,True,True,
repeat=1|base=tseitin_k5_even|variant=perm_seed1731,1,tseitin_k5_even,perm_seed1731,1,1,SATISFIABLE,SATISFIABLE,True,True,7,7,0,0,0.000637,0.000764,0.00012700000000000005,True,True,True,True,True,
repeat=1|base=tseitin_k5_even|variant=perm_seed1732,1,tseitin_k5_even,perm_seed1732,1,1,SATISFIABLE,SATISFIABLE,True,True,7,7,0,0,0.000613,0.00063,1.699999999999998e-05,True,True,True,True,True,
repeat=1|base=tseitin_k5_even|variant=perm_seed1733,1,tseitin_k5_even,perm_seed1733,1,1,SATISFIABLE,SATISFIABLE,True,True,7,7,0,0,0.000619,0.000595,-2.3999999999999933e-05,True,True,True,True,True,
repeat=1|base=tseitin_k5_even|variant=perm_seed1734,1,tseitin_k5_even,perm_seed1734,1,1,SATISFIABLE,SATISFIABLE,True,True,7,7,0,0,0.000577,0.00063,5.299999999999999e-05,True,True,True,True,True,
repeat=1|base=tseitin_k5_even|variant=perm_seed1735,1,tseitin_k5_even,perm_seed1735,1,1,SATISFIABLE,SATISFIABLE,True,True,7,7,0,0,0.000586,0.000602,1.5999999999999955e-05,True,True,True,True,True,
repeat=1|base=tseitin_k5_even|variant=perm_seed1736,1,tseitin_k5_even,perm_seed1736,1,1,SATISFIABLE,SATISFIABLE,True,True,7,7,0,0,0.000611,0.000651,3.9999999999999996e-05,True,True,True,True,True,
repeat=1|base=tseitin_k5_even|variant=perm_seed1737,1,tseitin_k5_even,perm_seed1737,1,1,SATISFIABLE,SATISFIABLE,True,True,7,7,0,0,0.000562,0.000609,4.699999999999995e-05,True,True,True,True,True,
repeat=1|base=tseitin_k5_even|variant=perm_seed1738,1,tseitin_k5_even,perm_seed1738,1,1,SATISFIABLE,SATISFIABLE,True,True,7,7,0,0,0.000615,0.000653,3.8000000000000056e-05,True,True,True,True,True,
repeat=1|base=tseitin_k5_even|variant=perm_seed1739,1,tseitin_k5_even,perm_seed1739,1,1,SATISFIABLE,SATISFIABLE,True,True,7,7,0,0,0.000594,0.000589,-5.000000000000013e-06,True,True,True,True,True,
repeat=1|base=tseitin_k5_even|variant=perm_seed1740,1,tseitin_k5_even,perm_seed1740,1,1,SATISFIABLE,SATISFIABLE,True,True,7,7,0,0,0.000579,0.000594,1.500000000000004e-05,True,True,True,True,True,
repeat=1|base=tseitin_k5_even|variant=perm_seed1741,1,tseitin_k5_even,perm_seed1741,1,1,SATISFIABLE,SATISFIABLE,True,True,7,7,0,0,0.000582,0.000589,6.999999999999953e-06,True,True,True,True,True,
repeat=1|base=tseitin_k5_even|variant=perm_seed1742,1,tseitin_k5_even,perm_seed1742,1,1,SATISFIABLE,SATISFIABLE,True,True,7,7,0,0,0.000611,0.0006,-1.100000000000005e-05,True,True,True,True,True,
repeat=1|base=tseitin_k5_even|variant=perm_seed1743,1,tseitin_k5_even,perm_seed1743,1,1,SATISFIABLE,SATISFIABLE,True,True,7,7,0,0,0.0006,0.000629,2.9000000000000054e-05,True,True,True,True,True,
repeat=1|base=tseitin_k5_even|variant=perm_seed1744,1,tseitin_k5_even,perm_seed1744,1,1,SATISFIABLE,SATISFIABLE,True,True,7,7,0,0,0.000591,0.000588,-3.000000000000073e-06,True,True,True,True,True,
repeat=1|base=tseitin_k5_even|variant=perm_seed1745,1,tseitin_k5_even,perm_seed1745,1,1,SATISFIABLE,SATISFIABLE,True,True,7,7,0,0,0.000602,0.000587,-1.500000000000004e-05,True,True,True,True,True,
repeat=1|base=tseitin_k5_odd|variant=base,1,tseitin_k5_odd,base,1,1,UNSATISFIABLE,UNSATISFIABLE,True,True,63,63,64,64,0.000618,0.000661,4.300000000000007e-05,True,True,True,True,True,
repeat=1|base=tseitin_k5_odd|variant=perm_seed1730,1,tseitin_k5_odd,perm_seed1730,1,1,UNSATISFIABLE,UNSATISFIABLE,True,True,63,63,64,64,0.000589,0.000604,1.500000000000004e-05,True,True,True,True,True,
repeat=1|base=tseitin_k5_odd|variant=perm_seed1731,1,tseitin_k5_odd,perm_seed1731,1,1,UNSATISFIABLE,UNSATISFIABLE,True,True,63,63,64,64,0.000618,0.000622,4.000000000000097e-06,True,True,True,True,True,
repeat=1|base=tseitin_k5_odd|variant=perm_seed1732,1,tseitin_k5_odd,perm_seed1732,1,1,UNSATISFIABLE,UNSATISFIABLE,True,True,63,63,64,64,0.000672,0.000626,-4.5999999999999925e-05,True,True,True,True,True,
repeat=1|base=tseitin_k5_odd|variant=perm_seed1733,1,tseitin_k5_odd,perm_seed1733,1,1,UNSATISFIABLE,UNSATISFIABLE,True,True,63,63,64,64,0.0006,0.00062,2.0000000000000052e-05,True,True,True,True,True,
repeat=1|base=tseitin_k5_odd|variant=perm_seed1734,1,tseitin_k5_odd,perm_seed1734,1,1,UNSATISFIABLE,UNSATISFIABLE,True,True,63,63,64,64,0.000646,0.000613,-3.2999999999999935e-05,True,True,True,True,True,
repeat=1|base=tseitin_k5_odd|variant=perm_seed1735,1,tseitin_k5_odd,perm_seed1735,1,1,UNSATISFIABLE,UNSATISFIABLE,True,True,63,63,64,64,0.000634,0.000671,3.700000000000003e-05,True,True,True,True,True,
repeat=1|base=tseitin_k5_odd|variant=perm_seed1736,1,tseitin_k5_odd,perm_seed1736,1,1,UNSATISFIABLE,UNSATISFIABLE,True,True,63,63,64,64,0.00066,0.000648,-1.1999999999999966e-05,True,True,True,True,True,
repeat=1|base=tseitin_k5_odd|variant=perm_seed1737,1,tseitin_k5_odd,perm_seed1737,1,1,UNSATISFIABLE,UNSATISFIABLE,True,True,63,63,64,64,0.000713,0.000645,-6.800000000000003e-05,True,True,True,True,True,
repeat=1|base=tseitin_k5_odd|variant=perm_seed1738,1,tseitin_k5_odd,perm_seed1738,1,1,UNSATISFIABLE,UNSATISFIABLE,True,True,63,63,64,64,0.000624,0.000704,7.999999999999999e-05,True,True,True,True,True,
repeat=1|base=tseitin_k5_odd|variant=perm_seed1739,1,tseitin_k5_odd,perm_seed1739,1,1,UNSATISFIABLE,UNSATISFIABLE,True,True,63,63,64,64,0.000631,0.000658,2.6999999999999897e-05,True,True,True,True,True,
repeat=1|base=tseitin_k5_odd|variant=perm_seed1740,1,tseitin_k5_odd,perm_seed1740,1,1,UNSATISFIABLE,UNSATISFIABLE,True,True,63,63,64,64,0.000698,0.000678,-2.0000000000000052e-05,True,True,True,True,True,
repeat=1|base=tseitin_k5_odd|variant=perm_seed1741,1,tseitin_k5_odd,perm_seed1741,1,1,UNSATISFIABLE,UNSATISFIABLE,True,True,63,63,64,64,0.000639,0.000631,-7.999999999999978e-06,True,True,True,True,True,
repeat=1|base=tseitin_k5_odd|variant=perm_seed1742,1,tseitin_k5_odd,perm_seed1742,1,1,UNSATISFIABLE,UNSATISFIABLE,True,True,63,63,64,64,0.000635,0.000634,-1.0000000000000243e-06,True,True,True,True,True,
repeat=1|base=tseitin_k5_odd|variant=perm_seed1743,1,tseitin_k5_odd,perm_seed1743,1,1,UNSATISFIABLE,UNSATISFIABLE,True,True,63,63,64,64,0.000642,0.00071,6.800000000000003e-05,True,True,True,True,True,
repeat=1|base=tseitin_k5_odd|variant=perm_seed1744,1,tseitin_k5_odd,perm_seed1744,1,1,UNSATISFIABLE,UNSATISFIABLE,True,True,63,63,64,64,0.000607,0.0007,9.299999999999998e-05,True,True,True,True,True,
repeat=1|base=tseitin_k5_odd|variant=perm_seed1745,1,tseitin_k5_odd,perm_seed1745,1,1,UNSATISFIABLE,UNSATISFIABLE,True,True,63,63,64,64,0.000628,0.000615,-1.299999999999999e-05,True,True,True,True,True,
repeat=1|base=tseitin_k6_even|variant=base,1,tseitin_k6_even,base,1,1,SATISFIABLE,SATISFIABLE,True,True,11,11,0,0,0.000625,0.000669,4.3999999999999985e-05,True,True,True,True,True,
repeat=1|base=tseitin_k6_even|variant=perm_seed1730,1,tseitin_k6_even,perm_seed1730,1,1,SATISFIABLE,SATISFIABLE,True,True,11,11,0,0,0.000626,0.000607,-1.9000000000000028e-05,True,True,True,True,True,
repeat=1|base=tseitin_k6_even|variant=perm_seed1731,1,tseitin_k6_even,perm_seed1731,1,1,SATISFIABLE,SATISFIABLE,True,True,11,11,0,0,0.000634,0.000627,-7.000000000000062e-06,True,True,True,True,True,
repeat=1|base=tseitin_k6_even|variant=perm_seed1732,1,tseitin_k6_even,perm_seed1732,1,1,SATISFIABLE,SATISFIABLE,True,True,11,11,0,0,0.000596,0.000627,3.0999999999999995e-05,True,True,True,True,True,
repeat=1|base=tseitin_k6_even|variant=perm_seed1733,1,tseitin_k6_even,perm_seed1733,1,1,SATISFIABLE,SATISFIABLE,True,True,11,11,0,0,0.0006,0.000627,2.7000000000000006e-05,True,True,True,True,True,
repeat=1|base=tseitin_k6_even|variant=perm_seed1734,1,tseitin_k6_even,perm_seed1734,1,1,SATISFIABLE,SATISFIABLE,True,True,11,11,0,0,0.000617,0.00062,2.9999999999999645e-06,True,True,True,True,True,
repeat=1|base=tseitin_k6_even|variant=perm_seed1735,1,tseitin_k6_even,perm_seed1735,1,1,SATISFIABLE,SATISFIABLE,True,True,11,11,0,0,0.000609,0.000601,-7.999999999999978e-06,True,True,True,True,True,
repeat=1|base=tseitin_k6_even|variant=perm_seed1736,1,tseitin_k6_even,perm_seed1736,1,1,SATISFIABLE,SATISFIABLE,True,True,11,11,0,0,0.000592,0.00062,2.800000000000003e-05,True,True,True,True,True,
repeat=1|base=tseitin_k6_even|variant=perm_seed1737,1,tseitin_k6_even,perm_seed1737,1,1,SATISFIABLE,SATISFIABLE,True,True,11,11,0,0,0.000603,0.000632,2.8999999999999946e-05,True,True,True,True,True,
repeat=1|base=tseitin_k6_even|variant=perm_seed1738,1,tseitin_k6_even,perm_seed1738,1,1,SATISFIABLE,SATISFIABLE,True,True,11,11,0,0,0.000632,0.000603,-2.8999999999999946e-05,True,True,True,True,True,
repeat=1|base=tseitin_k6_even|variant=perm_seed1739,1,tseitin_k6_even,perm_seed1739,1,1,SATISFIABLE,SATISFIABLE,True,True,11,11,0,0,0.000661,0.000589,-7.200000000000002e-05,True,True,True,True,True,
repeat=1|base=tseitin_k6_even|variant=perm_seed1740,1,tseitin_k6_even,perm_seed1740,1,1,SATISFIABLE,SATISFIABLE,True,True,11,11,0,0,0.000586,0.000575,-1.100000000000005e-05,True,True,True,True,True,
repeat=1|base=tseitin_k6_even|variant=perm_seed1741,1,tseitin_k6_even,perm_seed1741,1,1,SATISFIABLE,SATISFIABLE,True,True,11,11,0,0,0.000637,0.000651,1.4000000000000015e-05,True,True,True,True,True,
repeat=1|base=tseitin_k6_even|variant=perm_seed1742,1,tseitin_k6_even,perm_seed1742,1,1,SATISFIABLE,SATISFIABLE,True,True,11,11,0,0,0.000622,0.000637,1.4999999999999931e-05,True,True,True,True,True,
repeat=1|base=tseitin_k6_even|variant=perm_seed1743,1,tseitin_k6_even,perm_seed1743,1,1,SATISFIABLE,SATISFIABLE,True,True,11,11,0,0,0.000612,0.000615,2.9999999999999645e-06,True,True,True,True,True,
repeat=1|base=tseitin_k6_even|variant=perm_seed1744,1,tseitin_k6_even,perm_seed1744,1,1,SATISFIABLE,SATISFIABLE,True,True,11,11,0,0,0.000585,0.000611,2.599999999999998e-05,True,True,True,True,True,
repeat=1|base=tseitin_k6_even|variant=perm_seed1745,1,tseitin_k6_even,perm_seed1745,1,1,SATISFIABLE,SATISFIABLE,True,True,11,11,0,0,0.000584,0.000617,3.300000000000004e-05,True,True,True,True,True,
repeat=1|base=tseitin_k6_odd|variant=base,1,tseitin_k6_odd,base,1,1,UNSATISFIABLE,UNSATISFIABLE,True,True,1023,1023,1024,1024,0.001331,0.001374,4.300000000000007e-05,True,True,True,True,True,
repeat=1|base=tseitin_k6_odd|variant=perm_seed1730,1,tseitin_k6_odd,perm_seed1730,1,1,UNSATISFIABLE,UNSATISFIABLE,True,True,1387,1387,1025,1025,0.001382,0.001294,-8.799999999999997e-05,True,True,True,True,True,
repeat=1|base=tseitin_k6_odd|variant=perm_seed1731,1,tseitin_k6_odd,perm_seed1731,1,1,UNSATISFIABLE,UNSATISFIABLE,True,True,1230,1230,996,996,0.001417,0.001368,-4.9e-05,True,True,True,True,True,
repeat=1|base=tseitin_k6_odd|variant=perm_seed1732,1,tseitin_k6_odd,perm_seed1732,1,1,UNSATISFIABLE,UNSATISFIABLE,True,True,1240,1240,1026,1026,0.001292,0.001271,-2.099999999999997e-05,True,True,True,True,True,
repeat=1|base=tseitin_k6_odd|variant=perm_seed1733,1,tseitin_k6_odd,perm_seed1733,1,1,UNSATISFIABLE,UNSATISFIABLE,True,True,1471,1471,1024,1024,0.001265,0.001218,-4.700000000000017e-05,True,True,True,True,True,
repeat=1|base=tseitin_k6_odd|variant=perm_seed1734,1,tseitin_k6_odd,perm_seed1734,1,1,UNSATISFIABLE,UNSATISFIABLE,True,True,1369,1369,1022,1022,0.001263,0.001264,9.999999999999159e-07,True,True,True,True,True,
repeat=1|base=tseitin_k6_odd|variant=perm_seed1735,1,tseitin_k6_odd,perm_seed1735,1,1,UNSATISFIABLE,UNSATISFIABLE,True,True,1490,1490,1020,1020,0.001258,0.001298,3.999999999999989e-05,True,True,True,True,True,
repeat=1|base=tseitin_k6_odd|variant=perm_seed1736,1,tseitin_k6_odd,perm_seed1736,1,1,UNSATISFIABLE,UNSATISFIABLE,True,True,1491,1491,1023,1023,0.00128,0.001269,-1.1000000000000159e-05,True,True,True,True,True,
repeat=1|base=tseitin_k6_odd|variant=perm_seed1737,1,tseitin_k6_odd,perm_seed1737,1,1,UNSATISFIABLE,UNSATISFIABLE,True,True,1370,1370,1029,1029,0.001362,0.001295,-6.7e-05,True,True,True,True,True,
repeat=1|base=tseitin_k6_odd|variant=perm_seed1738,1,tseitin_k6_odd,perm_seed1738,1,1,UNSATISFIABLE,UNSATISFIABLE,True,True,1420,1420,1019,1019,0.00124,0.001239,-9.999999999999159e-07,True,True,True,True,True,
repeat=1|base=tseitin_k6_odd|variant=perm_seed1739,1,tseitin_k6_odd,perm_seed1739,1,1,UNSATISFIABLE,UNSATISFIABLE,True,True,1490,1490,1021,1021,0.001222,0.001266,4.3999999999999985e-05,True,True,True,True,True,
repeat=1|base=tseitin_k6_odd|variant=perm_seed1740,1,tseitin_k6_odd,perm_seed1740,1,1,UNSATISFIABLE,UNSATISFIABLE,True,True,1226,1226,1004,1004,0.00132,0.001343,2.3000000000000017e-05,True,True,True,True,True,
repeat=1|base=tseitin_k6_odd|variant=perm_seed1741,1,tseitin_k6_odd,perm_seed1741,1,1,UNSATISFIABLE,UNSATISFIABLE,True,True,1419,1419,1021,1021,0.001237,0.001301,6.400000000000004e-05,True,True,True,True,True,
repeat=1|base=tseitin_k6_odd|variant=perm_seed1742,1,tseitin_k6_odd,perm_seed1742,1,1,UNSATISFIABLE,UNSATISFIABLE,True,True,1514,1514,1019,1019,0.001235,0.001254,1.899999999999992e-05,True,True,True,True,True,
repeat=1|base=tseitin_k6_odd|variant=perm_seed1743,1,tseitin_k6_odd,perm_seed1743,1,1,UNSATISFIABLE,UNSATISFIABLE,True,True,1289,1289,1023,1023,0.001326,0.001298,-2.800000000000003e-05,True,True,True,True,True,
repeat=1|base=tseitin_k6_odd|variant=perm_seed1744,1,tseitin_k6_odd,perm_seed1744,1,1,UNSATISFIABLE,UNSATISFIABLE,True,True,1491,1491,1021,1021,0.001262,0.001264,1.9999999999998318e-06,True,True,True,True,True,
repeat=1|base=tseitin_k6_odd|variant=perm_seed1745,1,tseitin_k6_odd,perm_seed1745,1,1,UNSATISFIABLE,UNSATISFIABLE,True,True,1164,1164,1006,1006,0.00133,0.001354,2.3999999999999933e-05,True,True,True,True,True,
repeat=1|base=tseitin_k7_even|variant=base,1,tseitin_k7_even,base,1,1,SATISFIABLE,SATISFIABLE,True,True,16,16,0,0,0.000729,0.00074,1.0999999999999942e-05,True,True,True,True,True,
repeat=1|base=tseitin_k7_even|variant=perm_seed1730,1,tseitin_k7_even,perm_seed1730,1,1,SATISFIABLE,SATISFIABLE,True,True,16,16,0,0,0.00071,0.000786,7.6e-05,True,True,True,True,True,
repeat=1|base=tseitin_k7_even|variant=perm_seed1731,1,tseitin_k7_even,perm_seed1731,1,1,SATISFIABLE,SATISFIABLE,True,True,16,16,0,0,0.000724,0.000713,-1.100000000000005e-05,True,True,True,True,True,
repeat=1|base=tseitin_k7_even|variant=perm_seed1732,1,tseitin_k7_even,perm_seed1732,1,1,SATISFIABLE,SATISFIABLE,True,True,16,16,0,0,0.000715,0.000755,3.9999999999999996e-05,True,True,True,True,True,
repeat=1|base=tseitin_k7_even|variant=perm_seed1733,1,tseitin_k7_even,perm_seed1733,1,1,SATISFIABLE,SATISFIABLE,True,True,16,16,0,0,0.000707,0.000753,4.6000000000000034e-05,True,True,True,True,True,
repeat=1|base=tseitin_k7_even|variant=perm_seed1734,1,tseitin_k7_even,perm_seed1734,1,1,SATISFIABLE,SATISFIABLE,True,True,16,16,0,0,0.00071,0.000716,5.999999999999929e-06,True,True,True,True,True,
repeat=1|base=tseitin_k7_even|variant=perm_seed1735,1,tseitin_k7_even,perm_seed1735,1,1,SATISFIABLE,SATISFIABLE,True,True,16,16,0,0,0.000708,0.000735,2.7000000000000006e-05,True,True,True,True,True,
repeat=1|base=tseitin_k7_even|variant=perm_seed1736,1,tseitin_k7_even,perm_seed1736,1,1,SATISFIABLE,SATISFIABLE,True,True,16,16,0,0,0.00072,0.000744,2.3999999999999933e-05,True,True,True,True,True,
repeat=1|base=tseitin_k7_even|variant=perm_seed1737,1,tseitin_k7_even,perm_seed1737,1,1,SATISFIABLE,SATISFIABLE,True,True,16,16,0,0,0.000727,0.000752,2.4999999999999957e-05,True,True,True,True,True,
repeat=1|base=tseitin_k7_even|variant=perm_seed1738,1,tseitin_k7_even,perm_seed1738,1,1,SATISFIABLE,SATISFIABLE,True,True,16,16,0,0,0.000704,0.000721,1.699999999999998e-05,True,True,True,True,True,
repeat=1|base=tseitin_k7_even|variant=perm_seed1739,1,tseitin_k7_even,perm_seed1739,1,1,SATISFIABLE,SATISFIABLE,True,True,16,16,0,0,0.000701,0.000745,4.3999999999999985e-05,True,True,True,True,True,
repeat=1|base=tseitin_k7_even|variant=perm_seed1740,1,tseitin_k7_even,perm_seed1740,1,1,SATISFIABLE,SATISFIABLE,True,True,16,16,0,0,0.0007,0.00072,2.0000000000000052e-05,True,True,True,True,True,
repeat=1|base=tseitin_k7_even|variant=perm_seed1741,1,tseitin_k7_even,perm_seed1741,1,1,SATISFIABLE,SATISFIABLE,True,True,16,16,0,0,0.00072,0.000706,-1.4000000000000015e-05,True,True,True,True,True,
repeat=1|base=tseitin_k7_even|variant=perm_seed1742,1,tseitin_k7_even,perm_seed1742,1,1,SATISFIABLE,SATISFIABLE,True,True,16,16,0,0,0.000733,0.000757,2.3999999999999933e-05,True,True,True,True,True,
repeat=1|base=tseitin_k7_even|variant=perm_seed1743,1,tseitin_k7_even,perm_seed1743,1,1,SATISFIABLE,SATISFIABLE,True,True,16,16,0,0,0.000746,0.000709,-3.700000000000003e-05,True,True,True,True,True,
repeat=1|base=tseitin_k7_even|variant=perm_seed1744,1,tseitin_k7_even,perm_seed1744,1,1,SATISFIABLE,SATISFIABLE,True,True,16,16,0,0,0.000722,0.000739,1.699999999999998e-05,True,True,True,True,True,
repeat=1|base=tseitin_k7_even|variant=perm_seed1745,1,tseitin_k7_even,perm_seed1745,1,1,SATISFIABLE,SATISFIABLE,True,True,16,16,0,0,0.000716,0.000715,-9.999999999999159e-07,True,True,True,True,True,
repeat=1|base=tseitin_k7_odd|variant=base,1,tseitin_k7_odd,base,1,1,UNSATISFIABLE,UNSATISFIABLE,True,True,28961,28961,21460,21460,0.03334,0.031331,-0.002009000000000004,True,True,True,True,True,
repeat=1|base=tseitin_k7_odd|variant=perm_seed1730,1,tseitin_k7_odd,perm_seed1730,1,1,UNSATISFIABLE,UNSATISFIABLE,True,True,25967,25967,19927,19927,0.022824,0.022651,-0.00017299999999999954,True,True,True,True,True,
repeat=1|base=tseitin_k7_odd|variant=perm_seed1731,1,tseitin_k7_odd,perm_seed1731,1,1,UNSATISFIABLE,UNSATISFIABLE,True,True,27066,27066,20508,20508,0.022562,0.022536,-2.5999999999998247e-05,True,True,True,True,True,
repeat=1|base=tseitin_k7_odd|variant=perm_seed1732,1,tseitin_k7_odd,perm_seed1732,1,1,UNSATISFIABLE,UNSATISFIABLE,True,True,27517,27517,20715,20715,0.025176,0.023229,-0.0019470000000000008,True,True,True,True,True,
repeat=1|base=tseitin_k7_odd|variant=perm_seed1733,1,tseitin_k7_odd,perm_seed1733,1,1,UNSATISFIABLE,UNSATISFIABLE,True,True,26660,26660,20373,20373,0.024233,0.023655,-0.0005780000000000021,True,True,True,True,True,
repeat=1|base=tseitin_k7_odd|variant=perm_seed1734,1,tseitin_k7_odd,perm_seed1734,1,1,UNSATISFIABLE,UNSATISFIABLE,True,True,26703,26703,20334,20334,0.022945,0.022209,-0.0007360000000000005,True,True,True,True,True,
repeat=1|base=tseitin_k7_odd|variant=perm_seed1735,1,tseitin_k7_odd,perm_seed1735,1,1,UNSATISFIABLE,UNSATISFIABLE,True,True,26190,26190,19954,19954,0.022915,0.02223,-0.0006850000000000016,True,True,True,True,True,
repeat=1|base=tseitin_k7_odd|variant=perm_seed1736,1,tseitin_k7_odd,perm_seed1736,1,1,UNSATISFIABLE,UNSATISFIABLE,True,True,27763,27763,20789,20789,0.027793,0.027122,-0.0006710000000000015,True,True,True,True,True,
repeat=1|base=tseitin_k7_odd|variant=perm_seed1737,1,tseitin_k7_odd,perm_seed1737,1,1,UNSATISFIABLE,UNSATISFIABLE,True,True,28263,28263,20659,20659,0.027531,0.026625,-0.0009060000000000006,True,True,True,True,True,
repeat=1|base=tseitin_k7_odd|variant=perm_seed1738,1,tseitin_k7_odd,perm_seed1738,1,1,UNSATISFIABLE,UNSATISFIABLE,True,True,26168,26168,19584,19584,0.022127,0.02123,-0.000897000000000002,True,True,True,True,True,
repeat=1|base=tseitin_k7_odd|variant=perm_seed1739,1,tseitin_k7_odd,perm_seed1739,1,1,UNSATISFIABLE,UNSATISFIABLE,True,True,26892,26892,20027,20027,0.024951,0.026012,0.0010609999999999994,True,True,True,True,True,
repeat=1|base=tseitin_k7_odd|variant=perm_seed1740,1,tseitin_k7_odd,perm_seed1740,1,1,UNSATISFIABLE,UNSATISFIABLE,True,True,28372,28372,21578,21578,0.029183,0.027929,-0.0012540000000000016,True,True,True,True,True,
repeat=1|base=tseitin_k7_odd|variant=perm_seed1741,1,tseitin_k7_odd,perm_seed1741,1,1,UNSATISFIABLE,UNSATISFIABLE,True,True,28492,28492,20650,20650,0.027559,0.026567,-0.0009919999999999998,True,True,True,True,True,
repeat=1|base=tseitin_k7_odd|variant=perm_seed1742,1,tseitin_k7_odd,perm_seed1742,1,1,UNSATISFIABLE,UNSATISFIABLE,True,True,25945,25945,19833,19833,0.022551,0.024719,0.002168,True,True,True,True,True,
repeat=1|base=tseitin_k7_odd|variant=perm_seed1743,1,tseitin_k7_odd,perm_seed1743,1,1,UNSATISFIABLE,UNSATISFIABLE,True,True,26452,26452,19859,19859,0.02331,0.0253,0.0019899999999999987,True,True,True,True,True,
repeat=1|base=tseitin_k7_odd|variant=perm_seed1744,1,tseitin_k7_odd,perm_seed1744,1,1,UNSATISFIABLE,UNSATISFIABLE,True,True,26452,26452,19806,19806,0.025005,0.021508,-0.003497,True,True,True,True,True,
repeat=1|base=tseitin_k7_odd|variant=perm_seed1745,1,tseitin_k7_odd,perm_seed1745,1,1,UNSATISFIABLE,UNSATISFIABLE,True,True,27512,27512,20790,20790,0.025452,0.026389,0.0009370000000000003,True,True,True,True,True,
repeat=1|base=tseitin_k8_even|variant=base,1,tseitin_k8_even,base,1,1,SATISFIABLE,SATISFIABLE,True,True,22,22,0,0,0.001071,0.001036,-3.4999999999999875e-05,True,True,True,True,True,
repeat=1|base=tseitin_k8_even|variant=perm_seed1730,1,tseitin_k8_even,perm_seed1730,1,1,SATISFIABLE,SATISFIABLE,True,True,22,22,0,0,0.001137,0.001125,-1.2000000000000075e-05,True,True,True,True,True,
repeat=1|base=tseitin_k8_even|variant=perm_seed1731,1,tseitin_k8_even,perm_seed1731,1,1,SATISFIABLE,SATISFIABLE,True,True,22,22,0,0,0.001143,0.001129,-1.3999999999999907e-05,True,True,True,True,True,
repeat=1|base=tseitin_k8_even|variant=perm_seed1732,1,tseitin_k8_even,perm_seed1732,1,1,SATISFIABLE,SATISFIABLE,True,True,22,22,0,0,0.001202,0.001182,-1.9999999999999836e-05,True,True,True,True,True,
repeat=1|base=tseitin_k8_even|variant=perm_seed1733,1,tseitin_k8_even,perm_seed1733,1,1,SATISFIABLE,SATISFIABLE,True,True,22,22,0,0,0.001165,0.001043,-0.00012199999999999993,True,True,True,True,True,
repeat=1|base=tseitin_k8_even|variant=perm_seed1734,1,tseitin_k8_even,perm_seed1734,1,1,SATISFIABLE,SATISFIABLE,True,True,22,22,0,0,0.001081,0.001071,-1.0000000000000026e-05,True,True,True,True,True,
repeat=1|base=tseitin_k8_even|variant=perm_seed1735,1,tseitin_k8_even,perm_seed1735,1,1,SATISFIABLE,SATISFIABLE,True,True,22,22,0,0,0.001107,0.001027,-7.999999999999999e-05,True,True,True,True,True,
repeat=1|base=tseitin_k8_even|variant=perm_seed1736,1,tseitin_k8_even,perm_seed1736,1,1,SATISFIABLE,SATISFIABLE,True,True,22,22,0,0,0.001144,0.001051,-9.299999999999998e-05,True,True,True,True,True,
repeat=1|base=tseitin_k8_even|variant=perm_seed1737,1,tseitin_k8_even,perm_seed1737,1,1,SATISFIABLE,SATISFIABLE,True,True,22,22,0,0,0.001105,0.001126,2.099999999999997e-05,True,True,True,True,True,
repeat=1|base=tseitin_k8_even|variant=perm_seed1738,1,tseitin_k8_even,perm_seed1738,1,1,SATISFIABLE,SATISFIABLE,True,True,23,23,0,0,0.001142,0.001067,-7.499999999999998e-05,True,True,True,True,True,
repeat=1|base=tseitin_k8_even|variant=perm_seed1739,1,tseitin_k8_even,perm_seed1739,1,1,SATISFIABLE,SATISFIABLE,True,True,22,22,0,0,0.001097,0.001055,-4.2000000000000154e-05,True,True,True,True,True,
repeat=1|base=tseitin_k8_even|variant=perm_seed1740,1,tseitin_k8_even,perm_seed1740,1,1,SATISFIABLE,SATISFIABLE,True,True,22,22,0,0,0.00105,0.001028,-2.1999999999999884e-05,True,True,True,True,True,
repeat=1|base=tseitin_k8_even|variant=perm_seed1741,1,tseitin_k8_even,perm_seed1741,1,1,SATISFIABLE,SATISFIABLE,True,True,22,22,0,0,0.001075,0.001063,-1.2000000000000075e-05,True,True,True,True,True,
repeat=1|base=tseitin_k8_even|variant=perm_seed1742,1,tseitin_k8_even,perm_seed1742,1,1,SATISFIABLE,SATISFIABLE,True,True,22,22,0,0,0.0011,0.001071,-2.9000000000000163e-05,True,True,True,True,True,
repeat=1|base=tseitin_k8_even|variant=perm_seed1743,1,tseitin_k8_even,perm_seed1743,1,1,SATISFIABLE,SATISFIABLE,True,True,22,22,0,0,0.001033,0.001019,-1.4000000000000123e-05,True,True,True,True,True,
repeat=1|base=tseitin_k8_even|variant=perm_seed1744,1,tseitin_k8_even,perm_seed1744,1,1,SATISFIABLE,SATISFIABLE,True,True,22,22,0,0,0.001083,0.001068,-1.500000000000004e-05,True,True,True,True,True,
repeat=1|base=tseitin_k8_even|variant=perm_seed1745,1,tseitin_k8_even,perm_seed1745,1,1,SATISFIABLE,SATISFIABLE,True,True,22,22,0,0,0.001079,0.00112,4.0999999999999804e-05,True,True,True,True,True,
repeat=1|base=tseitin_k8_odd|variant=base,1,tseitin_k8_odd,base,1,1,INDETERMINATE,INDETERMINATE,False,False,138197,138197,100000,100000,0.352986,0.345258,-0.007728000000000013,True,True,True,True,True,
repeat=1|base=tseitin_k8_odd|variant=perm_seed1730,1,tseitin_k8_odd,perm_seed1730,1,1,INDETERMINATE,INDETERMINATE,False,False,152324,152324,100000,100000,0.308369,0.276737,-0.03163199999999999,True,True,True,True,True,
repeat=1|base=tseitin_k8_odd|variant=perm_seed1731,1,tseitin_k8_odd,perm_seed1731,1,1,INDETERMINATE,INDETERMINATE,False,False,148284,148284,100000,100000,0.299374,0.279632,-0.019741999999999982,True,True,True,True,True,
repeat=1|base=tseitin_k8_odd|variant=perm_seed1732,1,tseitin_k8_odd,perm_seed1732,1,1,INDETERMINATE,INDETERMINATE,False,False,138540,138540,100000,100000,0.362058,0.35211,-0.009948000000000012,True,True,True,True,True,
repeat=1|base=tseitin_k8_odd|variant=perm_seed1733,1,tseitin_k8_odd,perm_seed1733,1,1,INDETERMINATE,INDETERMINATE,False,False,145077,145077,100000,100000,0.300907,0.28668,-0.01422699999999999,True,True,True,True,True,
repeat=1|base=tseitin_k8_odd|variant=perm_seed1734,1,tseitin_k8_odd,perm_seed1734,1,1,INDETERMINATE,INDETERMINATE,False,False,144418,144418,100000,100000,0.302981,0.294201,-0.00878000000000001,True,True,True,True,True,
repeat=1|base=tseitin_k8_odd|variant=perm_seed1735,1,tseitin_k8_odd,perm_seed1735,1,1,INDETERMINATE,INDETERMINATE,False,False,139600,139600,100000,100000,0.321483,0.308527,-0.012956000000000023,True,True,True,True,True,
repeat=1|base=tseitin_k8_odd|variant=perm_seed1736,1,tseitin_k8_odd,perm_seed1736,1,1,INDETERMINATE,INDETERMINATE,False,False,137243,137243,100000,100000,0.344691,0.318473,-0.02621800000000002,True,True,True,True,True,
repeat=1|base=tseitin_k8_odd|variant=perm_seed1737,1,tseitin_k8_odd,perm_seed1737,1,1,INDETERMINATE,INDETERMINATE,False,False,137154,137154,100000,100000,0.347763,0.308926,-0.03883700000000001,True,True,True,True,True,
repeat=1|base=tseitin_k8_odd|variant=perm_seed1738,1,tseitin_k8_odd,perm_seed1738,1,1,INDETERMINATE,INDETERMINATE,False,False,137764,137764,100000,100000,0.363492,0.320678,-0.04281399999999996,True,True,True,True,True,
repeat=1|base=tseitin_k8_odd|variant=perm_seed1739,1,tseitin_k8_odd,perm_seed1739,1,1,INDETERMINATE,INDETERMINATE,False,False,146278,146278,100000,100000,0.297721,0.258203,-0.039518,True,True,True,True,True,
repeat=1|base=tseitin_k8_odd|variant=perm_seed1740,1,tseitin_k8_odd,perm_seed1740,1,1,INDETERMINATE,INDETERMINATE,False,False,139860,139860,100000,100000,0.320097,0.294674,-0.02542300000000003,True,True,True,True,True,
repeat=1|base=tseitin_k8_odd|variant=perm_seed1741,1,tseitin_k8_odd,perm_seed1741,1,1,INDETERMINATE,INDETERMINATE,False,False,144168,144168,100000,100000,0.296616,0.274736,-0.02188000000000001,True,True,True,True,True,
repeat=1|base=tseitin_k8_odd|variant=perm_seed1742,1,tseitin_k8_odd,perm_seed1742,1,1,INDETERMINATE,INDETERMINATE,False,False,143800,143800,100000,100000,0.30987,0.287508,-0.022361999999999993,True,True,True,True,True,
repeat=1|base=tseitin_k8_odd|variant=perm_seed1743,1,tseitin_k8_odd,perm_seed1743,1,1,INDETERMINATE,INDETERMINATE,False,False,134722,134722,100000,100000,0.315279,0.29634,-0.018938999999999984,True,True,True,True,True,
repeat=1|base=tseitin_k8_odd|variant=perm_seed1744,1,tseitin_k8_odd,perm_seed1744,1,1,INDETERMINATE,INDETERMINATE,False,False,145216,145216,100000,100000,0.289249,0.270095,-0.019154000000000004,True,True,True,True,True,
repeat=1|base=tseitin_k8_odd|variant=perm_seed1745,1,tseitin_k8_odd,perm_seed1745,1,1,INDETERMINATE,INDETERMINATE,False,False,145463,145463,100000,100000,0.277956,0.250999,-0.026956999999999953,True,True,True,True,True,
repeat=1|base=tseitin_k9_even|variant=base,1,tseitin_k9_even,base,1,1,SATISFIABLE,SATISFIABLE,True,True,29,29,0,0,0.002472,0.002415,-5.699999999999976e-05,True,True,True,True,True,
repeat=1|base=tseitin_k9_even|variant=perm_seed1730,1,tseitin_k9_even,perm_seed1730,1,1,SATISFIABLE,SATISFIABLE,True,True,29,29,0,0,0.002639,0.002448,-0.00019099999999999976,True,True,True,True,True,
repeat=1|base=tseitin_k9_even|variant=perm_seed1731,1,tseitin_k9_even,perm_seed1731,1,1,SATISFIABLE,SATISFIABLE,True,True,29,29,0,0,0.002569,0.002267,-0.0003020000000000002,True,True,True,True,True,
repeat=1|base=tseitin_k9_even|variant=perm_seed1732,1,tseitin_k9_even,perm_seed1732,1,1,SATISFIABLE,SATISFIABLE,True,True,29,29,0,0,0.002419,0.002196,-0.0002230000000000001,True,True,True,True,True,
repeat=1|base=tseitin_k9_even|variant=perm_seed1733,1,tseitin_k9_even,perm_seed1733,1,1,SATISFIABLE,SATISFIABLE,True,True,29,29,0,0,0.002404,0.002168,-0.0002360000000000001,True,True,True,True,True,
repeat=1|base=tseitin_k9_even|variant=perm_seed1734,1,tseitin_k9_even,perm_seed1734,1,1,SATISFIABLE,SATISFIABLE,True,True,29,29,0,0,0.002375,0.002231,-0.00014400000000000003,True,True,True,True,True,
repeat=1|base=tseitin_k9_even|variant=perm_seed1735,1,tseitin_k9_even,perm_seed1735,1,1,SATISFIABLE,SATISFIABLE,True,True,29,29,0,0,0.002557,0.002309,-0.00024799999999999996,True,True,True,True,True,
repeat=1|base=tseitin_k9_even|variant=perm_seed1736,1,tseitin_k9_even,perm_seed1736,1,1,SATISFIABLE,SATISFIABLE,True,True,29,29,0,0,0.002397,0.00234,-5.699999999999976e-05,True,True,True,True,True,
repeat=1|base=tseitin_k9_even|variant=perm_seed1737,1,tseitin_k9_even,perm_seed1737,1,1,SATISFIABLE,SATISFIABLE,True,True,29,29,0,0,0.002484,0.002613,0.00012899999999999977,True,True,True,True,True,
repeat=1|base=tseitin_k9_even|variant=perm_seed1738,1,tseitin_k9_even,perm_seed1738,1,1,SATISFIABLE,SATISFIABLE,True,True,29,29,0,0,0.002409,0.002389,-2.0000000000000052e-05,True,True,True,True,True,
repeat=1|base=tseitin_k9_even|variant=perm_seed1739,1,tseitin_k9_even,perm_seed1739,1,1,SATISFIABLE,SATISFIABLE,True,True,29,29,0,0,0.002438,0.002667,0.00022900000000000004,True,True,True,True,True,
repeat=1|base=tseitin_k9_even|variant=perm_seed1740,1,tseitin_k9_even,perm_seed1740,1,1,SATISFIABLE,SATISFIABLE,True,True,29,29,0,0,0.002329,0.002253,-7.600000000000011e-05,True,True,True,True,True,
repeat=1|base=tseitin_k9_even|variant=perm_seed1741,1,tseitin_k9_even,perm_seed1741,1,1,SATISFIABLE,SATISFIABLE,True,True,29,29,0,0,0.002445,0.002258,-0.0001870000000000001,True,True,True,True,True,
repeat=1|base=tseitin_k9_even|variant=perm_seed1742,1,tseitin_k9_even,perm_seed1742,1,1,SATISFIABLE,SATISFIABLE,True,True,29,29,0,0,0.002362,0.00248,0.00011800000000000005,True,True,True,True,True,
repeat=1|base=tseitin_k9_even|variant=perm_seed1743,1,tseitin_k9_even,perm_seed1743,1,1,SATISFIABLE,SATISFIABLE,True,True,29,29,0,0,0.002483,0.002535,5.199999999999996e-05,True,True,True,True,True,
repeat=1|base=tseitin_k9_even|variant=perm_seed1744,1,tseitin_k9_even,perm_seed1744,1,1,SATISFIABLE,SATISFIABLE,True,True,29,29,0,0,0.002445,0.002343,-0.0001020000000000001,True,True,True,True,True,
repeat=1|base=tseitin_k9_even|variant=perm_seed1745,1,tseitin_k9_even,perm_seed1745,1,1,SATISFIABLE,SATISFIABLE,True,True,29,29,0,0,0.002325,0.002296,-2.8999999999999946e-05,True,True,True,True,True,
repeat=1|base=tseitin_k9_odd|variant=base,1,tseitin_k9_odd,base,1,1,INDETERMINATE,INDETERMINATE,False,False,130173,130173,100000,100000,0.309076,0.30067,-0.008406000000000025,True,True,True,True,True,
repeat=1|base=tseitin_k9_odd|variant=perm_seed1730,1,tseitin_k9_odd,perm_seed1730,1,1,INDETERMINATE,INDETERMINATE,False,False,133302,133302,100000,100000,0.275381,0.268228,-0.007152999999999965,True,True,True,True,True,
repeat=1|base=tseitin_k9_odd|variant=perm_seed1731,1,tseitin_k9_odd,perm_seed1731,1,1,INDETERMINATE,INDETERMINATE,False,False,117270,117270,100000,100000,0.27876,0.274818,-0.003942000000000001,True,True,True,True,True,
repeat=1|base=tseitin_k9_odd|variant=perm_seed1732,1,tseitin_k9_odd,perm_seed1732,1,1,INDETERMINATE,INDETERMINATE,False,False,112707,112707,100000,100000,0.264575,0.258168,-0.006406999999999996,True,True,True,True,True,
repeat=1|base=tseitin_k9_odd|variant=perm_seed1733,1,tseitin_k9_odd,perm_seed1733,1,1,INDETERMINATE,INDETERMINATE,False,False,114960,114960,100000,100000,0.322277,0.313829,-0.008447999999999956,True,True,True,True,True,
repeat=1|base=tseitin_k9_odd|variant=perm_seed1734,1,tseitin_k9_odd,perm_seed1734,1,1,INDETERMINATE,INDETERMINATE,False,False,124076,124076,100000,100000,0.315987,0.307716,-0.008271000000000028,True,True,True,True,True,
repeat=1|base=tseitin_k9_odd|variant=perm_seed1735,1,tseitin_k9_odd,perm_seed1735,1,1,INDETERMINATE,INDETERMINATE,False,False,127697,127697,100000,100000,0.323295,0.313467,-0.009828000000000003,True,True,True,True,True,
repeat=1|base=tseitin_k9_odd|variant=perm_seed1736,1,tseitin_k9_odd,perm_seed1736,1,1,INDETERMINATE,INDETERMINATE,False,False,129050,129050,100000,100000,0.283608,0.274104,-0.009504000000000012,True,True,True,True,True,
repeat=1|base=tseitin_k9_odd|variant=perm_seed1737,1,tseitin_k9_odd,perm_seed1737,1,1,INDETERMINATE,INDETERMINATE,False,False,123258,123258,100000,100000,0.32329,0.307044,-0.016246000000000038,True,True,True,True,True,
repeat=1|base=tseitin_k9_odd|variant=perm_seed1738,1,tseitin_k9_odd,perm_seed1738,1,1,INDETERMINATE,INDETERMINATE,False,False,137652,137652,100000,100000,0.287931,0.271415,-0.016515999999999975,True,True,True,True,True,
repeat=1|base=tseitin_k9_odd|variant=perm_seed1739,1,tseitin_k9_odd,perm_seed1739,1,1,INDETERMINATE,INDETERMINATE,False,False,116469,116469,100000,100000,0.304734,0.289926,-0.014807999999999988,True,True,True,True,True,
repeat=1|base=tseitin_k9_odd|variant=perm_seed1740,1,tseitin_k9_odd,perm_seed1740,1,1,INDETERMINATE,INDETERMINATE,False,False,131463,131463,100000,100000,0.292102,0.278053,-0.014048999999999978,True,True,True,True,True,
repeat=1|base=tseitin_k9_odd|variant=perm_seed1741,1,tseitin_k9_odd,perm_seed1741,1,1,INDETERMINATE,INDETERMINATE,False,False,120676,120676,100000,100000,0.336667,0.314038,-0.02262900000000001,True,True,True,True,True,
repeat=1|base=tseitin_k9_odd|variant=perm_seed1742,1,tseitin_k9_odd,perm_seed1742,1,1,INDETERMINATE,INDETERMINATE,False,False,122217,122217,100000,100000,0.314999,0.299857,-0.015141999999999989,True,True,True,True,True,
repeat=1|base=tseitin_k9_odd|variant=perm_seed1743,1,tseitin_k9_odd,perm_seed1743,1,1,INDETERMINATE,INDETERMINATE,False,False,126113,126113,100000,100000,0.293112,0.267945,-0.025166999999999995,True,True,True,True,True,
repeat=1|base=tseitin_k9_odd|variant=perm_seed1744,1,tseitin_k9_odd,perm_seed1744,1,1,INDETERMINATE,INDETERMINATE,False,False,128003,128003,100000,100000,0.34681,0.319568,-0.02724199999999999,True,True,True,True,True,
repeat=1|base=tseitin_k9_odd|variant=perm_seed1745,1,tseitin_k9_odd,perm_seed1745,1,1,INDETERMINATE,INDETERMINATE,False,False,132656,132656,100000,100000,0.315101,0.304424,-0.010677000000000048,True,True,True,True,True,
repeat=1|base=vertex_cover_torus_3x4_k4_event|variant=base,1,vertex_cover_torus_3x4_k4_event,base,1,1,UNSATISFIABLE,UNSATISFIABLE,True,True,4,4,5,5,0.001074,0.001085,1.0999999999999942e-05,True,True,True,True,True,
repeat=1|base=vertex_cover_torus_3x4_k4_event|variant=perm_seed1730,1,vertex_cover_torus_3x4_k4_event,perm_seed1730,1,1,UNSATISFIABLE,UNSATISFIABLE,True,True,4,4,5,5,0.001067,0.000964,-0.00010300000000000001,True,True,True,True,True,
repeat=1|base=vertex_cover_torus_3x4_k4_event|variant=perm_seed1731,1,vertex_cover_torus_3x4_k4_event,perm_seed1731,1,1,UNSATISFIABLE,UNSATISFIABLE,True,True,4,4,5,5,0.001091,0.001117,2.599999999999998e-05,True,True,True,True,True,
repeat=1|base=vertex_cover_torus_3x4_k4_event|variant=perm_seed1732,1,vertex_cover_torus_3x4_k4_event,perm_seed1732,1,1,UNSATISFIABLE,UNSATISFIABLE,True,True,4,4,5,5,0.001004,0.001,-3.99999999999988e-06,True,True,True,True,True,
repeat=1|base=vertex_cover_torus_3x4_k4_event|variant=perm_seed1733,1,vertex_cover_torus_3x4_k4_event,perm_seed1733,1,1,UNSATISFIABLE,UNSATISFIABLE,True,True,4,4,5,5,0.001064,0.000957,-0.00010700000000000011,True,True,True,True,True,
repeat=1|base=vertex_cover_torus_3x4_k4_event|variant=perm_seed1734,1,vertex_cover_torus_3x4_k4_event,perm_seed1734,1,1,UNSATISFIABLE,UNSATISFIABLE,True,True,4,4,5,5,0.000987,0.000918,-6.900000000000005e-05,True,True,True,True,True,
repeat=1|base=vertex_cover_torus_3x4_k4_event|variant=perm_seed1735,1,vertex_cover_torus_3x4_k4_event,perm_seed1735,1,1,UNSATISFIABLE,UNSATISFIABLE,True,True,4,4,5,5,0.001045,0.000981,-6.399999999999982e-05,True,True,True,True,True,
repeat=1|base=vertex_cover_torus_3x4_k4_event|variant=perm_seed1736,1,vertex_cover_torus_3x4_k4_event,perm_seed1736,1,1,UNSATISFIABLE,UNSATISFIABLE,True,True,4,4,5,5,0.000995,0.000993,-2.0000000000000486e-06,True,True,True,True,True,
repeat=1|base=vertex_cover_torus_3x4_k4_event|variant=perm_seed1737,1,vertex_cover_torus_3x4_k4_event,perm_seed1737,1,1,UNSATISFIABLE,UNSATISFIABLE,True,True,4,4,5,5,0.001018,0.000943,-7.499999999999998e-05,True,True,True,True,True,
repeat=1|base=vertex_cover_torus_3x4_k4_event|variant=perm_seed1738,1,vertex_cover_torus_3x4_k4_event,perm_seed1738,1,1,UNSATISFIABLE,UNSATISFIABLE,True,True,4,4,5,5,0.000974,0.000919,-5.5000000000000036e-05,True,True,True,True,True,
repeat=1|base=vertex_cover_torus_3x4_k4_event|variant=perm_seed1739,1,vertex_cover_torus_3x4_k4_event,perm_seed1739,1,1,UNSATISFIABLE,UNSATISFIABLE,True,True,4,4,5,5,0.000938,0.000923,-1.500000000000004e-05,True,True,True,True,True,
repeat=1|base=vertex_cover_torus_3x4_k4_event|variant=perm_seed1740,1,vertex_cover_torus_3x4_k4_event,perm_seed1740,1,1,UNSATISFIABLE,UNSATISFIABLE,True,True,4,4,5,5,0.000948,0.000881,-6.7e-05,True,True,True,True,True,
repeat=1|base=vertex_cover_torus_3x4_k4_event|variant=perm_seed1741,1,vertex_cover_torus_3x4_k4_event,perm_seed1741,1,1,UNSATISFIABLE,UNSATISFIABLE,True,True,4,4,5,5,0.00089,0.000998,0.00010800000000000002,True,True,True,True,True,
repeat=1|base=vertex_cover_torus_3x4_k4_event|variant=perm_seed1742,1,vertex_cover_torus_3x4_k4_event,perm_seed1742,1,1,UNSATISFIABLE,UNSATISFIABLE,True,True,4,4,5,5,0.000995,0.001032,3.6999999999999924e-05,True,True,True,True,True,
repeat=1|base=vertex_cover_torus_3x4_k4_event|variant=perm_seed1743,1,vertex_cover_torus_3x4_k4_event,perm_seed1743,1,1,UNSATISFIABLE,UNSATISFIABLE,True,True,4,4,5,5,0.000927,0.000993,6.599999999999998e-05,True,True,True,True,True,
repeat=1|base=vertex_cover_torus_3x4_k4_event|variant=perm_seed1744,1,vertex_cover_torus_3x4_k4_event,perm_seed1744,1,1,UNSATISFIABLE,UNSATISFIABLE,True,True,4,4,5,5,0.000902,0.000964,6.199999999999999e-05,True,True,True,True,True,
repeat=1|base=vertex_cover_torus_3x4_k4_event|variant=perm_seed1745,1,vertex_cover_torus_3x4_k4_event,perm_seed1745,1,1,UNSATISFIABLE,UNSATISFIABLE,True,True,4,4,5,5,0.000917,0.000943,2.600000000000009e-05,True,True,True,True,True,
repeat=1|base=vertex_cover_torus_3x4_k5_event|variant=base,1,vertex_cover_torus_3x4_k5_event,base,1,1,UNSATISFIABLE,UNSATISFIABLE,True,True,6,6,7,7,0.00106,0.001211,0.0001510000000000001,True,True,True,True,True,
repeat=1|base=vertex_cover_torus_3x4_k5_event|variant=perm_seed1730,1,vertex_cover_torus_3x4_k5_event,perm_seed1730,1,1,UNSATISFIABLE,UNSATISFIABLE,True,True,6,6,7,7,0.001158,0.00111,-4.7999999999999866e-05,True,True,True,True,True,
repeat=1|base=vertex_cover_torus_3x4_k5_event|variant=perm_seed1731,1,vertex_cover_torus_3x4_k5_event,perm_seed1731,1,1,UNSATISFIABLE,UNSATISFIABLE,True,True,7,7,8,8,0.001099,0.001125,2.599999999999998e-05,True,True,True,True,True,
repeat=1|base=vertex_cover_torus_3x4_k5_event|variant=perm_seed1732,1,vertex_cover_torus_3x4_k5_event,perm_seed1732,1,1,UNSATISFIABLE,UNSATISFIABLE,True,True,9,9,9,9,0.001141,0.001111,-3.000000000000008e-05,True,True,True,True,True,
repeat=1|base=vertex_cover_torus_3x4_k5_event|variant=perm_seed1733,1,vertex_cover_torus_3x4_k5_event,perm_seed1733,1,1,UNSATISFIABLE,UNSATISFIABLE,True,True,6,6,7,7,0.001152,0.001087,-6.499999999999995e-05,True,True,True,True,True,
repeat=1|base=vertex_cover_torus_3x4_k5_event|variant=perm_seed1734,1,vertex_cover_torus_3x4_k5_event,perm_seed1734,1,1,UNSATISFIABLE,UNSATISFIABLE,True,True,7,7,8,8,0.001135,0.001273,0.0001380000000000001,True,True,True,True,True,
repeat=1|base=vertex_cover_torus_3x4_k5_event|variant=perm_seed1735,1,vertex_cover_torus_3x4_k5_event,perm_seed1735,1,1,UNSATISFIABLE,UNSATISFIABLE,True,True,6,6,7,7,0.001232,0.001287,5.499999999999993e-05,True,True,True,True,True,
repeat=1|base=vertex_cover_torus_3x4_k5_event|variant=perm_seed1736,1,vertex_cover_torus_3x4_k5_event,perm_seed1736,1,1,UNSATISFIABLE,UNSATISFIABLE,True,True,7,7,8,8,0.00116,0.001411,0.0002509999999999999,True,True,True,True,True,
repeat=1|base=vertex_cover_torus_3x4_k5_event|variant=perm_seed1737,1,vertex_cover_torus_3x4_k5_event,perm_seed1737,1,1,UNSATISFIABLE,UNSATISFIABLE,True,True,6,6,7,7,0.001278,0.001125,-0.00015300000000000014,True,True,True,True,True,
repeat=1|base=vertex_cover_torus_3x4_k5_event|variant=perm_seed1738,1,vertex_cover_torus_3x4_k5_event,perm_seed1738,1,1,UNSATISFIABLE,UNSATISFIABLE,True,True,7,7,8,8,0.001208,0.001205,-3.0000000000001813e-06,True,True,True,True,True,
repeat=1|base=vertex_cover_torus_3x4_k5_event|variant=perm_seed1739,1,vertex_cover_torus_3x4_k5_event,perm_seed1739,1,1,UNSATISFIABLE,UNSATISFIABLE,True,True,7,7,8,8,0.001169,0.001307,0.0001380000000000001,True,True,True,True,True,
repeat=1|base=vertex_cover_torus_3x4_k5_event|variant=perm_seed1740,1,vertex_cover_torus_3x4_k5_event,perm_seed1740,1,1,UNSATISFIABLE,UNSATISFIABLE,True,True,7,7,8,8,0.001362,0.001162,-0.00019999999999999987,True,True,True,True,True,
repeat=1|base=vertex_cover_torus_3x4_k5_event|variant=perm_seed1741,1,vertex_cover_torus_3x4_k5_event,perm_seed1741,1,1,UNSATISFIABLE,UNSATISFIABLE,True,True,8,8,8,8,0.001164,0.001335,0.00017099999999999993,True,True,True,True,True,
repeat=1|base=vertex_cover_torus_3x4_k5_event|variant=perm_seed1742,1,vertex_cover_torus_3x4_k5_event,perm_seed1742,1,1,UNSATISFIABLE,UNSATISFIABLE,True,True,6,6,7,7,0.001316,0.001206,-0.00010999999999999985,True,True,True,True,True,
repeat=1|base=vertex_cover_torus_3x4_k5_event|variant=perm_seed1743,1,vertex_cover_torus_3x4_k5_event,perm_seed1743,1,1,UNSATISFIABLE,UNSATISFIABLE,True,True,6,6,7,7,0.00118,0.001148,-3.200000000000013e-05,True,True,True,True,True,
repeat=1|base=vertex_cover_torus_3x4_k5_event|variant=perm_seed1744,1,vertex_cover_torus_3x4_k5_event,perm_seed1744,1,1,UNSATISFIABLE,UNSATISFIABLE,True,True,6,6,7,7,0.001154,0.00128,0.00012600000000000003,True,True,True,True,True,
repeat=1|base=vertex_cover_torus_3x4_k5_event|variant=perm_seed1745,1,vertex_cover_torus_3x4_k5_event,perm_seed1745,1,1,UNSATISFIABLE,UNSATISFIABLE,True,True,7,7,8,8,0.001177,0.001281,0.00010399999999999993,True,True,True,True,True,
repeat=1|base=vertex_cover_torus_3x5_k5_event|variant=base,1,vertex_cover_torus_3x5_k5_event,base,1,1,UNSATISFIABLE,UNSATISFIABLE,True,True,8,8,8,8,0.009748,0.009312,-0.0004359999999999989,True,True,True,True,True,
repeat=1|base=vertex_cover_torus_3x5_k5_event|variant=perm_seed1730,1,vertex_cover_torus_3x5_k5_event,perm_seed1730,1,1,UNSATISFIABLE,UNSATISFIABLE,True,True,6,6,7,7,0.00971,0.00954,-0.00017,True,True,True,True,True,
repeat=1|base=vertex_cover_torus_3x5_k5_event|variant=perm_seed1731,1,vertex_cover_torus_3x5_k5_event,perm_seed1731,1,1,UNSATISFIABLE,UNSATISFIABLE,True,True,6,6,7,7,0.009623,0.008908,-0.0007150000000000004,True,True,True,True,True,
repeat=1|base=vertex_cover_torus_3x5_k5_event|variant=perm_seed1732,1,vertex_cover_torus_3x5_k5_event,perm_seed1732,1,1,UNSATISFIABLE,UNSATISFIABLE,True,True,8,8,8,8,0.009835,0.00981,-2.5000000000000716e-05,True,True,True,True,True,
repeat=1|base=vertex_cover_torus_3x5_k5_event|variant=perm_seed1733,1,vertex_cover_torus_3x5_k5_event,perm_seed1733,1,1,UNSATISFIABLE,UNSATISFIABLE,True,True,6,6,7,7,0.009045,0.013125,0.00408,True,True,True,True,True,
repeat=1|base=vertex_cover_torus_3x5_k5_event|variant=perm_seed1734,1,vertex_cover_torus_3x5_k5_event,perm_seed1734,1,1,UNSATISFIABLE,UNSATISFIABLE,True,True,6,6,7,7,0.008877,0.009547,0.0006700000000000005,True,True,True,True,True,
repeat=1|base=vertex_cover_torus_3x5_k5_event|variant=perm_seed1735,1,vertex_cover_torus_3x5_k5_event,perm_seed1735,1,1,UNSATISFIABLE,UNSATISFIABLE,True,True,6,6,7,7,0.008699,0.013799,0.0051,True,True,True,True,True,
repeat=1|base=vertex_cover_torus_3x5_k5_event|variant=perm_seed1736,1,vertex_cover_torus_3x5_k5_event,perm_seed1736,1,1,UNSATISFIABLE,UNSATISFIABLE,True,True,7,7,8,8,0.009049,0.012497,0.0034479999999999997,True,True,True,True,True,
repeat=1|base=vertex_cover_torus_3x5_k5_event|variant=perm_seed1737,1,vertex_cover_torus_3x5_k5_event,perm_seed1737,1,1,UNSATISFIABLE,UNSATISFIABLE,True,True,6,6,7,7,0.008813,0.009216,0.0004030000000000006,True,True,True,True,True,
repeat=1|base=vertex_cover_torus_3x5_k5_event|variant=perm_seed1738,1,vertex_cover_torus_3x5_k5_event,perm_seed1738,1,1,UNSATISFIABLE,UNSATISFIABLE,True,True,5,5,6,6,0.008917,0.008257,-0.0006599999999999991,True,True,True,True,True,
repeat=1|base=vertex_cover_torus_3x5_k5_event|variant=perm_seed1739,1,vertex_cover_torus_3x5_k5_event,perm_seed1739,1,1,UNSATISFIABLE,UNSATISFIABLE,True,True,6,6,7,7,0.00888,0.009009,0.0001289999999999989,True,True,True,True,True,
repeat=1|base=vertex_cover_torus_3x5_k5_event|variant=perm_seed1740,1,vertex_cover_torus_3x5_k5_event,perm_seed1740,1,1,UNSATISFIABLE,UNSATISFIABLE,True,True,6,6,7,7,0.008831,0.008749,-8.200000000000048e-05,True,True,True,True,True,
repeat=1|base=vertex_cover_torus_3x5_k5_event|variant=perm_seed1741,1,vertex_cover_torus_3x5_k5_event,perm_seed1741,1,1,UNSATISFIABLE,UNSATISFIABLE,True,True,6,6,7,7,0.009113,0.008413,-0.0006999999999999992,True,True,True,True,True,
repeat=1|base=vertex_cover_torus_3x5_k5_event|variant=perm_seed1742,1,vertex_cover_torus_3x5_k5_event,perm_seed1742,1,1,UNSATISFIABLE,UNSATISFIABLE,True,True,6,6,7,7,0.009081,0.008466,-0.000615000000000001,True,True,True,True,True,
repeat=1|base=vertex_cover_torus_3x5_k5_event|variant=perm_seed1743,1,vertex_cover_torus_3x5_k5_event,perm_seed1743,1,1,UNSATISFIABLE,UNSATISFIABLE,True,True,6,6,7,7,0.00881,0.00858,-0.0002299999999999993,True,True,True,True,True,
repeat=1|base=vertex_cover_torus_3x5_k5_event|variant=perm_seed1744,1,vertex_cover_torus_3x5_k5_event,perm_seed1744,1,1,UNSATISFIABLE,UNSATISFIABLE,True,True,7,7,8,8,0.008881,0.008367,-0.0005140000000000006,True,True,True,True,True,
repeat=1|base=vertex_cover_torus_3x5_k5_event|variant=perm_seed1745,1,vertex_cover_torus_3x5_k5_event,perm_seed1745,1,1,UNSATISFIABLE,UNSATISFIABLE,True,True,7,7,8,8,0.009011,0.008987,-2.3999999999999716e-05,True,True,True,True,True,
repeat=1|base=vertex_cover_torus_3x5_k6_event|variant=base,1,vertex_cover_torus_3x5_k6_event,base,1,1,UNSATISFIABLE,UNSATISFIABLE,True,True,10,10,11,11,0.016223,0.016418,0.00019499999999999726,True,True,True,True,True,
repeat=1|base=vertex_cover_torus_3x5_k6_event|variant=perm_seed1730,1,vertex_cover_torus_3x5_k6_event,perm_seed1730,1,1,UNSATISFIABLE,UNSATISFIABLE,True,True,10,10,11,11,0.016224,0.017551,0.0013270000000000018,True,True,True,True,True,
repeat=1|base=vertex_cover_torus_3x5_k6_event|variant=perm_seed1731,1,vertex_cover_torus_3x5_k6_event,perm_seed1731,1,1,UNSATISFIABLE,UNSATISFIABLE,True,True,12,12,12,12,0.015808,0.016695,0.0008870000000000024,True,True,True,True,True,
repeat=1|base=vertex_cover_torus_3x5_k6_event|variant=perm_seed1732,1,vertex_cover_torus_3x5_k6_event,perm_seed1732,1,1,UNSATISFIABLE,UNSATISFIABLE,True,True,10,10,11,11,0.017521,0.017521,0.0,True,True,True,True,True,
repeat=1|base=vertex_cover_torus_3x5_k6_event|variant=perm_seed1733,1,vertex_cover_torus_3x5_k6_event,perm_seed1733,1,1,UNSATISFIABLE,UNSATISFIABLE,True,True,10,10,11,11,0.017351,0.018244,0.0008930000000000014,True,True,True,True,True,
repeat=1|base=vertex_cover_torus_3x5_k6_event|variant=perm_seed1734,1,vertex_cover_torus_3x5_k6_event,perm_seed1734,1,1,UNSATISFIABLE,UNSATISFIABLE,True,True,11,11,12,12,0.016977,0.018268,0.0012910000000000005,True,True,True,True,True,
repeat=1|base=vertex_cover_torus_3x5_k6_event|variant=perm_seed1735,1,vertex_cover_torus_3x5_k6_event,perm_seed1735,1,1,UNSATISFIABLE,UNSATISFIABLE,True,True,11,11,12,12,0.017583,0.017385,-0.00019800000000000026,True,True,True,True,True,
repeat=1|base=vertex_cover_torus_3x5_k6_event|variant=perm_seed1736,1,vertex_cover_torus_3x5_k6_event,perm_seed1736,1,1,UNSATISFIABLE,UNSATISFIABLE,True,True,10,10,11,11,0.017391,0.017125,-0.0002659999999999989,True,True,True,True,True,
repeat=1|base=vertex_cover_torus_3x5_k6_event|variant=perm_seed1737,1,vertex_cover_torus_3x5_k6_event,perm_seed1737,1,1,UNSATISFIABLE,UNSATISFIABLE,True,True,9,9,10,10,0.017196,0.017716,0.0005199999999999996,True,True,True,True,True,
repeat=1|base=vertex_cover_torus_3x5_k6_event|variant=perm_seed1738,1,vertex_cover_torus_3x5_k6_event,perm_seed1738,1,1,UNSATISFIABLE,UNSATISFIABLE,True,True,9,9,10,10,0.017273,0.017711,0.0004380000000000009,True,True,True,True,True,
repeat=1|base=vertex_cover_torus_3x5_k6_event|variant=perm_seed1739,1,vertex_cover_torus_3x5_k6_event,perm_seed1739,1,1,UNSATISFIABLE,UNSATISFIABLE,True,True,10,10,11,11,0.017327,0.017701,0.0003740000000000028,True,True,True,True,True,
repeat=1|base=vertex_cover_torus_3x5_k6_event|variant=perm_seed1740,1,vertex_cover_torus_3x5_k6_event,perm_seed1740,1,1,UNSATISFIABLE,UNSATISFIABLE,True,True,11,11,11,11,0.016063,0.017195,0.0011319999999999976,True,True,True,True,True,
repeat=1|base=vertex_cover_torus_3x5_k6_event|variant=perm_seed1741,1,vertex_cover_torus_3x5_k6_event,perm_seed1741,1,1,UNSATISFIABLE,UNSATISFIABLE,True,True,10,10,11,11,0.017386,0.017148,-0.00023799999999999863,True,True,True,True,True,
repeat=1|base=vertex_cover_torus_3x5_k6_event|variant=perm_seed1742,1,vertex_cover_torus_3x5_k6_event,perm_seed1742,1,1,UNSATISFIABLE,UNSATISFIABLE,True,True,10,10,11,11,0.016459,0.017762,0.0013029999999999986,True,True,True,True,True,
repeat=1|base=vertex_cover_torus_3x5_k6_event|variant=perm_seed1743,1,vertex_cover_torus_3x5_k6_event,perm_seed1743,1,1,UNSATISFIABLE,UNSATISFIABLE,True,True,11,11,12,12,0.016132,0.016421,0.00028900000000000106,True,True,True,True,True,
repeat=1|base=vertex_cover_torus_3x5_k6_event|variant=perm_seed1744,1,vertex_cover_torus_3x5_k6_event,perm_seed1744,1,1,UNSATISFIABLE,UNSATISFIABLE,True,True,11,11,12,12,0.016568,0.016629,6.1000000000002025e-05,True,True,True,True,True,
repeat=1|base=vertex_cover_torus_3x5_k6_event|variant=perm_seed1745,1,vertex_cover_torus_3x5_k6_event,perm_seed1745,1,1,UNSATISFIABLE,UNSATISFIABLE,True,True,14,14,13,13,0.016442,0.016455,1.3000000000002593e-05,True,True,True,True,True,
repeat=1|base=vertex_cover_torus_4x4_k5_event|variant=base,1,vertex_cover_torus_4x4_k5_event,base,1,1,UNSATISFIABLE,UNSATISFIABLE,True,True,6,6,7,7,0.019679,0.020307,0.0006280000000000001,True,True,True,True,True,
repeat=1|base=vertex_cover_torus_4x4_k5_event|variant=perm_seed1730,1,vertex_cover_torus_4x4_k5_event,perm_seed1730,1,1,UNSATISFIABLE,UNSATISFIABLE,True,True,6,6,7,7,0.019534,0.021038,0.0015040000000000019,True,True,True,True,True,
repeat=1|base=vertex_cover_torus_4x4_k5_event|variant=perm_seed1731,1,vertex_cover_torus_4x4_k5_event,perm_seed1731,1,1,UNSATISFIABLE,UNSATISFIABLE,True,True,6,6,7,7,0.021243,0.019729,-0.0015140000000000015,True,True,True,True,True,
repeat=1|base=vertex_cover_torus_4x4_k5_event|variant=perm_seed1732,1,vertex_cover_torus_4x4_k5_event,perm_seed1732,1,1,UNSATISFIABLE,UNSATISFIABLE,True,True,7,7,8,8,0.021783,0.020726,-0.001056999999999999,True,True,True,True,True,
repeat=1|base=vertex_cover_torus_4x4_k5_event|variant=perm_seed1733,1,vertex_cover_torus_4x4_k5_event,perm_seed1733,1,1,UNSATISFIABLE,UNSATISFIABLE,True,True,6,6,7,7,0.020675,0.019703,-0.0009720000000000006,True,True,True,True,True,
repeat=1|base=vertex_cover_torus_4x4_k5_event|variant=perm_seed1734,1,vertex_cover_torus_4x4_k5_event,perm_seed1734,1,1,UNSATISFIABLE,UNSATISFIABLE,True,True,8,8,7,7,0.020218,0.020141,-7.700000000000068e-05,True,True,True,True,True,
repeat=1|base=vertex_cover_torus_4x4_k5_event|variant=perm_seed1735,1,vertex_cover_torus_4x4_k5_event,perm_seed1735,1,1,UNSATISFIABLE,UNSATISFIABLE,True,True,6,6,7,7,0.020929,0.020481,-0.0004480000000000005,True,True,True,True,True,
repeat=1|base=vertex_cover_torus_4x4_k5_event|variant=perm_seed1736,1,vertex_cover_torus_4x4_k5_event,perm_seed1736,1,1,UNSATISFIABLE,UNSATISFIABLE,True,True,7,7,7,7,0.020984,0.024098,0.003114000000000002,True,True,True,True,True,
repeat=1|base=vertex_cover_torus_4x4_k5_event|variant=perm_seed1737,1,vertex_cover_torus_4x4_k5_event,perm_seed1737,1,1,UNSATISFIABLE,UNSATISFIABLE,True,True,6,6,7,7,0.023563,0.019709,-0.003854,True,True,True,True,True,
repeat=1|base=vertex_cover_torus_4x4_k5_event|variant=perm_seed1738,1,vertex_cover_torus_4x4_k5_event,perm_seed1738,1,1,UNSATISFIABLE,UNSATISFIABLE,True,True,6,6,7,7,0.023748,0.020917,-0.0028309999999999967,True,True,True,True,True,
repeat=1|base=vertex_cover_torus_4x4_k5_event|variant=perm_seed1739,1,vertex_cover_torus_4x4_k5_event,perm_seed1739,1,1,UNSATISFIABLE,UNSATISFIABLE,True,True,6,6,7,7,0.023852,0.020669,-0.003183000000000002,True,True,True,True,True,
repeat=1|base=vertex_cover_torus_4x4_k5_event|variant=perm_seed1740,1,vertex_cover_torus_4x4_k5_event,perm_seed1740,1,1,UNSATISFIABLE,UNSATISFIABLE,True,True,6,6,7,7,0.01953,0.020889,0.0013590000000000026,True,True,True,True,True,
repeat=1|base=vertex_cover_torus_4x4_k5_event|variant=perm_seed1741,1,vertex_cover_torus_4x4_k5_event,perm_seed1741,1,1,UNSATISFIABLE,UNSATISFIABLE,True,True,7,7,8,8,0.021128,0.019962,-0.0011660000000000004,True,True,True,True,True,
repeat=1|base=vertex_cover_torus_4x4_k5_event|variant=perm_seed1742,1,vertex_cover_torus_4x4_k5_event,perm_seed1742,1,1,UNSATISFIABLE,UNSATISFIABLE,True,True,8,8,8,8,0.020061,0.020283,0.00022199999999999998,True,True,True,True,True,
repeat=1|base=vertex_cover_torus_4x4_k5_event|variant=perm_seed1743,1,vertex_cover_torus_4x4_k5_event,perm_seed1743,1,1,UNSATISFIABLE,UNSATISFIABLE,True,True,6,6,7,7,0.020924,0.019142,-0.0017820000000000023,True,True,True,True,True,
repeat=1|base=vertex_cover_torus_4x4_k5_event|variant=perm_seed1744,1,vertex_cover_torus_4x4_k5_event,perm_seed1744,1,1,UNSATISFIABLE,UNSATISFIABLE,True,True,6,6,7,7,0.020022,0.019302,-0.0007200000000000019,True,True,True,True,True,
repeat=1|base=vertex_cover_torus_4x4_k5_event|variant=perm_seed1745,1,vertex_cover_torus_4x4_k5_event,perm_seed1745,1,1,UNSATISFIABLE,UNSATISFIABLE,True,True,6,6,7,7,0.019731,0.020179,0.0004480000000000005,True,True,True,True,True,
repeat=2|base=dominating_set_hex_3x5_s3|variant=base,2,dominating_set_hex_3x5_s3,base,1,1,SATISFIABLE,SATISFIABLE,True,True,6,6,0,0,0.002377,0.002261,-0.00011600000000000022,True,True,True,True,True,
repeat=2|base=dominating_set_hex_3x5_s3|variant=perm_seed1730,2,dominating_set_hex_3x5_s3,perm_seed1730,1,1,SATISFIABLE,SATISFIABLE,True,True,1,1,0,0,0.002224,0.002141,-8.299999999999974e-05,True,True,True,True,True,
repeat=2|base=dominating_set_hex_3x5_s3|variant=perm_seed1731,2,dominating_set_hex_3x5_s3,perm_seed1731,1,1,SATISFIABLE,SATISFIABLE,True,True,5,5,0,0,0.002419,0.002363,-5.600000000000006e-05,True,True,True,True,True,
repeat=2|base=dominating_set_hex_3x5_s3|variant=perm_seed1732,2,dominating_set_hex_3x5_s3,perm_seed1732,1,1,SATISFIABLE,SATISFIABLE,True,True,1,1,0,0,0.002379,0.002436,5.699999999999976e-05,True,True,True,True,True,
repeat=2|base=dominating_set_hex_3x5_s3|variant=perm_seed1733,2,dominating_set_hex_3x5_s3,perm_seed1733,1,1,SATISFIABLE,SATISFIABLE,True,True,1,1,0,0,0.002267,0.00233,6.300000000000012e-05,True,True,True,True,True,
repeat=2|base=dominating_set_hex_3x5_s3|variant=perm_seed1734,2,dominating_set_hex_3x5_s3,perm_seed1734,1,1,SATISFIABLE,SATISFIABLE,True,True,5,5,1,1,0.002362,0.002601,0.00023900000000000006,True,True,True,True,True,
repeat=2|base=dominating_set_hex_3x5_s3|variant=perm_seed1735,2,dominating_set_hex_3x5_s3,perm_seed1735,1,1,SATISFIABLE,SATISFIABLE,True,True,1,1,0,0,0.002313,0.002363,5.000000000000013e-05,True,True,True,True,True,
repeat=2|base=dominating_set_hex_3x5_s3|variant=perm_seed1736,2,dominating_set_hex_3x5_s3,perm_seed1736,1,1,SATISFIABLE,SATISFIABLE,True,True,1,1,0,0,0.002174,0.002216,4.199999999999994e-05,True,True,True,True,True,
repeat=2|base=dominating_set_hex_3x5_s3|variant=perm_seed1737,2,dominating_set_hex_3x5_s3,perm_seed1737,1,1,SATISFIABLE,SATISFIABLE,True,True,1,1,0,0,0.002412,0.002352,-6.000000000000016e-05,True,True,True,True,True,
repeat=2|base=dominating_set_hex_3x5_s3|variant=perm_seed1738,2,dominating_set_hex_3x5_s3,perm_seed1738,1,1,SATISFIABLE,SATISFIABLE,True,True,1,1,0,0,0.002239,0.002303,6.399999999999982e-05,True,True,True,True,True,
repeat=2|base=dominating_set_hex_3x5_s3|variant=perm_seed1739,2,dominating_set_hex_3x5_s3,perm_seed1739,1,1,SATISFIABLE,SATISFIABLE,True,True,10,10,2,2,0.002255,0.002309,5.3999999999999795e-05,True,True,True,True,True,
repeat=2|base=dominating_set_hex_3x5_s3|variant=perm_seed1740,2,dominating_set_hex_3x5_s3,perm_seed1740,1,1,SATISFIABLE,SATISFIABLE,True,True,2,2,0,0,0.002264,0.002327,6.300000000000012e-05,True,True,True,True,True,
repeat=2|base=dominating_set_hex_3x5_s3|variant=perm_seed1741,2,dominating_set_hex_3x5_s3,perm_seed1741,1,1,SATISFIABLE,SATISFIABLE,True,True,1,1,0,0,0.002137,0.002415,0.00027800000000000004,True,True,True,True,True,
repeat=2|base=dominating_set_hex_3x5_s3|variant=perm_seed1742,2,dominating_set_hex_3x5_s3,perm_seed1742,1,1,SATISFIABLE,SATISFIABLE,True,True,1,1,0,0,0.002382,0.002314,-6.799999999999992e-05,True,True,True,True,True,
repeat=2|base=dominating_set_hex_3x5_s3|variant=perm_seed1743,2,dominating_set_hex_3x5_s3,perm_seed1743,1,1,SATISFIABLE,SATISFIABLE,True,True,6,6,0,0,0.002333,0.002427,9.39999999999999e-05,True,True,True,True,True,
repeat=2|base=dominating_set_hex_3x5_s3|variant=perm_seed1744,2,dominating_set_hex_3x5_s3,perm_seed1744,1,1,SATISFIABLE,SATISFIABLE,True,True,1,1,0,0,0.002266,0.002284,1.800000000000022e-05,True,True,True,True,True,
repeat=2|base=dominating_set_hex_3x5_s3|variant=perm_seed1745,2,dominating_set_hex_3x5_s3,perm_seed1745,1,1,SATISFIABLE,SATISFIABLE,True,True,5,5,1,1,0.002584,0.002335,-0.0002490000000000001,True,True,True,True,True,
repeat=2|base=dominating_set_hex_3x6_s4|variant=base,2,dominating_set_hex_3x6_s4,base,1,1,SATISFIABLE,SATISFIABLE,True,True,8,8,0,0,0.039906,0.038991,-0.0009149999999999991,True,True,True,True,True,
repeat=2|base=dominating_set_hex_3x6_s4|variant=perm_seed1730,2,dominating_set_hex_3x6_s4,perm_seed1730,1,1,SATISFIABLE,SATISFIABLE,True,True,7,7,0,0,0.041559,0.042079,0.0005199999999999996,True,True,True,True,True,
repeat=2|base=dominating_set_hex_3x6_s4|variant=perm_seed1731,2,dominating_set_hex_3x6_s4,perm_seed1731,1,1,SATISFIABLE,SATISFIABLE,True,True,13,13,2,2,0.044234,0.038862,-0.005372000000000002,True,True,True,True,True,
repeat=2|base=dominating_set_hex_3x6_s4|variant=perm_seed1732,2,dominating_set_hex_3x6_s4,perm_seed1732,1,1,SATISFIABLE,SATISFIABLE,True,True,11,11,1,1,0.041076,0.036906,-0.00417,True,True,True,True,True,
repeat=2|base=dominating_set_hex_3x6_s4|variant=perm_seed1733,2,dominating_set_hex_3x6_s4,perm_seed1733,1,1,SATISFIABLE,SATISFIABLE,True,True,7,7,0,0,0.039742,0.03984,9.800000000000086e-05,True,True,True,True,True,
repeat=2|base=dominating_set_hex_3x6_s4|variant=perm_seed1734,2,dominating_set_hex_3x6_s4,perm_seed1734,1,1,SATISFIABLE,SATISFIABLE,True,True,10,10,1,1,0.038779,0.038979,0.0001999999999999988,True,True,True,True,True,
repeat=2|base=dominating_set_hex_3x6_s4|variant=perm_seed1735,2,dominating_set_hex_3x6_s4,perm_seed1735,1,1,SATISFIABLE,SATISFIABLE,True,True,5,5,0,0,0.040822,0.04125,0.00042800000000000477,True,True,True,True,True,
repeat=2|base=dominating_set_hex_3x6_s4|variant=perm_seed1736,2,dominating_set_hex_3x6_s4,perm_seed1736,1,1,SATISFIABLE,SATISFIABLE,True,True,12,12,0,0,0.039008,0.040412,0.0014039999999999955,True,True,True,True,True,
repeat=2|base=dominating_set_hex_3x6_s4|variant=perm_seed1737,2,dominating_set_hex_3x6_s4,perm_seed1737,1,1,SATISFIABLE,SATISFIABLE,True,True,8,8,1,1,0.04142,0.042748,0.0013280000000000028,True,True,True,True,True,
repeat=2|base=dominating_set_hex_3x6_s4|variant=perm_seed1738,2,dominating_set_hex_3x6_s4,perm_seed1738,1,1,SATISFIABLE,SATISFIABLE,True,True,11,11,1,1,0.041452,0.040101,-0.001351000000000005,True,True,True,True,True,
repeat=2|base=dominating_set_hex_3x6_s4|variant=perm_seed1739,2,dominating_set_hex_3x6_s4,perm_seed1739,1,1,SATISFIABLE,SATISFIABLE,True,True,11,11,2,2,0.039842,0.040797,0.0009549999999999975,True,True,True,True,True,
repeat=2|base=dominating_set_hex_3x6_s4|variant=perm_seed1740,2,dominating_set_hex_3x6_s4,perm_seed1740,1,1,SATISFIABLE,SATISFIABLE,True,True,8,8,0,0,0.038633,0.038666,3.299999999999831e-05,True,True,True,True,True,
repeat=2|base=dominating_set_hex_3x6_s4|variant=perm_seed1741,2,dominating_set_hex_3x6_s4,perm_seed1741,1,1,SATISFIABLE,SATISFIABLE,True,True,11,11,2,2,0.040651,0.039607,-0.0010439999999999963,True,True,True,True,True,
repeat=2|base=dominating_set_hex_3x6_s4|variant=perm_seed1742,2,dominating_set_hex_3x6_s4,perm_seed1742,1,1,SATISFIABLE,SATISFIABLE,True,True,9,9,1,1,0.038167,0.039757,0.0015900000000000011,True,True,True,True,True,
repeat=2|base=dominating_set_hex_3x6_s4|variant=perm_seed1743,2,dominating_set_hex_3x6_s4,perm_seed1743,1,1,SATISFIABLE,SATISFIABLE,True,True,11,11,3,3,0.042311,0.042053,-0.0002580000000000013,True,True,True,True,True,
repeat=2|base=dominating_set_hex_3x6_s4|variant=perm_seed1744,2,dominating_set_hex_3x6_s4,perm_seed1744,1,1,SATISFIABLE,SATISFIABLE,True,True,11,11,1,1,0.037312,0.038835,0.0015230000000000035,True,True,True,True,True,
repeat=2|base=dominating_set_hex_3x6_s4|variant=perm_seed1745,2,dominating_set_hex_3x6_s4,perm_seed1745,1,1,SATISFIABLE,SATISFIABLE,True,True,5,5,0,0,0.038766,0.055583,0.016817,True,True,True,True,True,
repeat=2|base=even_colouring_torus_4x5_split|variant=base,2,even_colouring_torus_4x5_split,base,1,1,SATISFIABLE,SATISFIABLE,True,True,22,22,0,0,0.000763,0.000826,6.300000000000001e-05,True,True,True,True,True,
repeat=2|base=even_colouring_torus_4x5_split|variant=perm_seed1730,2,even_colouring_torus_4x5_split,perm_seed1730,1,1,SATISFIABLE,SATISFIABLE,True,True,22,22,0,0,0.0009,0.000813,-8.699999999999995e-05,True,True,True,True,True,
repeat=2|base=even_colouring_torus_4x5_split|variant=perm_seed1731,2,even_colouring_torus_4x5_split,perm_seed1731,1,1,SATISFIABLE,SATISFIABLE,True,True,23,23,0,0,0.000712,0.00069,-2.1999999999999993e-05,True,True,True,True,True,
repeat=2|base=even_colouring_torus_4x5_split|variant=perm_seed1732,2,even_colouring_torus_4x5_split,perm_seed1732,1,1,SATISFIABLE,SATISFIABLE,True,True,22,22,0,0,0.000659,0.000715,5.600000000000006e-05,True,True,True,True,True,
repeat=2|base=even_colouring_torus_4x5_split|variant=perm_seed1733,2,even_colouring_torus_4x5_split,perm_seed1733,1,1,SATISFIABLE,SATISFIABLE,True,True,22,22,0,0,0.000682,0.000715,3.300000000000004e-05,True,True,True,True,True,
repeat=2|base=even_colouring_torus_4x5_split|variant=perm_seed1734,2,even_colouring_torus_4x5_split,perm_seed1734,1,1,SATISFIABLE,SATISFIABLE,True,True,22,22,0,0,0.00066,0.000685,2.4999999999999957e-05,True,True,True,True,True,
repeat=2|base=even_colouring_torus_4x5_split|variant=perm_seed1735,2,even_colouring_torus_4x5_split,perm_seed1735,1,1,SATISFIABLE,SATISFIABLE,True,True,22,22,0,0,0.00072,0.00072,0.0,True,True,True,True,True,
repeat=2|base=even_colouring_torus_4x5_split|variant=perm_seed1736,2,even_colouring_torus_4x5_split,perm_seed1736,1,1,SATISFIABLE,SATISFIABLE,True,True,23,23,0,0,0.00066,0.000665,5.000000000000013e-06,True,True,True,True,True,
repeat=2|base=even_colouring_torus_4x5_split|variant=perm_seed1737,2,even_colouring_torus_4x5_split,perm_seed1737,1,1,SATISFIABLE,SATISFIABLE,True,True,22,22,0,0,0.000704,0.000679,-2.4999999999999957e-05,True,True,True,True,True,
repeat=2|base=even_colouring_torus_4x5_split|variant=perm_seed1738,2,even_colouring_torus_4x5_split,perm_seed1738,1,1,SATISFIABLE,SATISFIABLE,True,True,23,23,0,0,0.000672,0.000696,2.400000000000004e-05,True,True,True,True,True,
repeat=2|base=even_colouring_torus_4x5_split|variant=perm_seed1739,2,even_colouring_torus_4x5_split,perm_seed1739,1,1,SATISFIABLE,SATISFIABLE,True,True,22,22,0,0,0.00071,0.000681,-2.9000000000000054e-05,True,True,True,True,True,
repeat=2|base=even_colouring_torus_4x5_split|variant=perm_seed1740,2,even_colouring_torus_4x5_split,perm_seed1740,1,1,SATISFIABLE,SATISFIABLE,True,True,22,22,0,0,0.000637,0.000669,3.200000000000002e-05,True,True,True,True,True,
repeat=2|base=even_colouring_torus_4x5_split|variant=perm_seed1741,2,even_colouring_torus_4x5_split,perm_seed1741,1,1,SATISFIABLE,SATISFIABLE,True,True,22,22,0,0,0.000749,0.000643,-0.00010599999999999997,True,True,True,True,True,
repeat=2|base=even_colouring_torus_4x5_split|variant=perm_seed1742,2,even_colouring_torus_4x5_split,perm_seed1742,1,1,SATISFIABLE,SATISFIABLE,True,True,22,22,0,0,0.000688,0.000685,-3.000000000000073e-06,True,True,True,True,True,
repeat=2|base=even_colouring_torus_4x5_split|variant=perm_seed1743,2,even_colouring_torus_4x5_split,perm_seed1743,1,1,SATISFIABLE,SATISFIABLE,True,True,22,22,0,0,0.000624,0.000665,4.100000000000002e-05,True,True,True,True,True,
repeat=2|base=even_colouring_torus_4x5_split|variant=perm_seed1744,2,even_colouring_torus_4x5_split,perm_seed1744,1,1,SATISFIABLE,SATISFIABLE,True,True,22,22,0,0,0.000676,0.000624,-5.199999999999996e-05,True,True,True,True,True,
repeat=2|base=even_colouring_torus_4x5_split|variant=perm_seed1745,2,even_colouring_torus_4x5_split,perm_seed1745,1,1,SATISFIABLE,SATISFIABLE,True,True,22,22,0,0,0.000645,0.000656,1.100000000000005e-05,True,True,True,True,True,
repeat=2|base=even_colouring_torus_4x6_split|variant=base,2,even_colouring_torus_4x6_split,base,1,1,SATISFIABLE,SATISFIABLE,True,True,26,26,0,0,0.000758,0.000701,-5.6999999999999976e-05,True,True,True,True,True,
repeat=2|base=even_colouring_torus_4x6_split|variant=perm_seed1730,2,even_colouring_torus_4x6_split,perm_seed1730,1,1,SATISFIABLE,SATISFIABLE,True,True,26,26,0,0,0.000717,0.000673,-4.3999999999999985e-05,True,True,True,True,True,
repeat=2|base=even_colouring_torus_4x6_split|variant=perm_seed1731,2,even_colouring_torus_4x6_split,perm_seed1731,1,1,SATISFIABLE,SATISFIABLE,True,True,26,26,0,0,0.000751,0.000695,-5.600000000000006e-05,True,True,True,True,True,
repeat=2|base=even_colouring_torus_4x6_split|variant=perm_seed1732,2,even_colouring_torus_4x6_split,perm_seed1732,1,1,SATISFIABLE,SATISFIABLE,True,True,26,26,0,0,0.00071,0.000719,9.000000000000002e-06,True,True,True,True,True,
repeat=2|base=even_colouring_torus_4x6_split|variant=perm_seed1733,2,even_colouring_torus_4x6_split,perm_seed1733,1,1,SATISFIABLE,SATISFIABLE,True,True,27,27,0,0,0.000679,0.000838,0.00015899999999999996,True,True,True,True,True,
repeat=2|base=even_colouring_torus_4x6_split|variant=perm_seed1734,2,even_colouring_torus_4x6_split,perm_seed1734,1,1,SATISFIABLE,SATISFIABLE,True,True,26,26,0,0,0.000715,0.000699,-1.6000000000000064e-05,True,True,True,True,True,
repeat=2|base=even_colouring_torus_4x6_split|variant=perm_seed1735,2,even_colouring_torus_4x6_split,perm_seed1735,1,1,SATISFIABLE,SATISFIABLE,True,True,26,26,0,0,0.000718,0.000771,5.299999999999999e-05,True,True,True,True,True,
repeat=2|base=even_colouring_torus_4x6_split|variant=perm_seed1736,2,even_colouring_torus_4x6_split,perm_seed1736,1,1,SATISFIABLE,SATISFIABLE,True,True,26,26,0,0,0.000688,0.000701,1.299999999999999e-05,True,True,True,True,True,
repeat=2|base=even_colouring_torus_4x6_split|variant=perm_seed1737,2,even_colouring_torus_4x6_split,perm_seed1737,1,1,SATISFIABLE,SATISFIABLE,True,True,26,26,0,0,0.000695,0.000678,-1.699999999999998e-05,True,True,True,True,True,
repeat=2|base=even_colouring_torus_4x6_split|variant=perm_seed1738,2,even_colouring_torus_4x6_split,perm_seed1738,1,1,SATISFIABLE,SATISFIABLE,True,True,26,26,0,0,0.000707,0.000708,1.0000000000000243e-06,True,True,True,True,True,
repeat=2|base=even_colouring_torus_4x6_split|variant=perm_seed1739,2,even_colouring_torus_4x6_split,perm_seed1739,1,1,SATISFIABLE,SATISFIABLE,True,True,26,26,0,0,0.000692,0.000678,-1.4000000000000015e-05,True,True,True,True,True,
repeat=2|base=even_colouring_torus_4x6_split|variant=perm_seed1740,2,even_colouring_torus_4x6_split,perm_seed1740,1,1,SATISFIABLE,SATISFIABLE,True,True,26,26,0,0,0.000673,0.000687,1.4000000000000015e-05,True,True,True,True,True,
repeat=2|base=even_colouring_torus_4x6_split|variant=perm_seed1741,2,even_colouring_torus_4x6_split,perm_seed1741,1,1,SATISFIABLE,SATISFIABLE,True,True,26,26,0,0,0.000673,0.000748,7.499999999999998e-05,True,True,True,True,True,
repeat=2|base=even_colouring_torus_4x6_split|variant=perm_seed1742,2,even_colouring_torus_4x6_split,perm_seed1742,1,1,SATISFIABLE,SATISFIABLE,True,True,26,26,0,0,0.000725,0.000787,6.20000000000001e-05,True,True,True,True,True,
repeat=2|base=even_colouring_torus_4x6_split|variant=perm_seed1743,2,even_colouring_torus_4x6_split,perm_seed1743,1,1,SATISFIABLE,SATISFIABLE,True,True,26,26,0,0,0.000661,0.000678,1.699999999999998e-05,True,True,True,True,True,
repeat=2|base=even_colouring_torus_4x6_split|variant=perm_seed1744,2,even_colouring_torus_4x6_split,perm_seed1744,1,1,SATISFIABLE,SATISFIABLE,True,True,27,27,0,0,0.000643,0.000724,8.100000000000002e-05,True,True,True,True,True,
repeat=2|base=even_colouring_torus_4x6_split|variant=perm_seed1745,2,even_colouring_torus_4x6_split,perm_seed1745,1,1,SATISFIABLE,SATISFIABLE,True,True,26,26,0,0,0.000698,0.00075,5.199999999999996e-05,True,True,True,True,True,
repeat=2|base=even_colouring_torus_5x5_split|variant=base,2,even_colouring_torus_5x5_split,base,1,1,SATISFIABLE,SATISFIABLE,True,True,27,27,0,0,0.000629,0.000687,5.8e-05,True,True,True,True,True,
repeat=2|base=even_colouring_torus_5x5_split|variant=perm_seed1730,2,even_colouring_torus_5x5_split,perm_seed1730,1,1,SATISFIABLE,SATISFIABLE,True,True,27,27,0,0,0.000631,0.000633,1.99999999999994e-06,True,True,True,True,True,
repeat=2|base=even_colouring_torus_5x5_split|variant=perm_seed1731,2,even_colouring_torus_5x5_split,perm_seed1731,1,1,SATISFIABLE,SATISFIABLE,True,True,27,27,0,0,0.000622,0.000657,3.499999999999998e-05,True,True,True,True,True,
repeat=2|base=even_colouring_torus_5x5_split|variant=perm_seed1732,2,even_colouring_torus_5x5_split,perm_seed1732,1,1,SATISFIABLE,SATISFIABLE,True,True,27,27,0,0,0.00068,0.00066,-2.0000000000000052e-05,True,True,True,True,True,
repeat=2|base=even_colouring_torus_5x5_split|variant=perm_seed1733,2,even_colouring_torus_5x5_split,perm_seed1733,1,1,SATISFIABLE,SATISFIABLE,True,True,27,27,0,0,0.000722,0.000693,-2.8999999999999946e-05,True,True,True,True,True,
repeat=2|base=even_colouring_torus_5x5_split|variant=perm_seed1734,2,even_colouring_torus_5x5_split,perm_seed1734,1,1,SATISFIABLE,SATISFIABLE,True,True,27,27,0,0,0.000654,0.000679,2.5000000000000066e-05,True,True,True,True,True,
repeat=2|base=even_colouring_torus_5x5_split|variant=perm_seed1735,2,even_colouring_torus_5x5_split,perm_seed1735,1,1,SATISFIABLE,SATISFIABLE,True,True,27,27,0,0,0.00066,0.000641,-1.9000000000000028e-05,True,True,True,True,True,
repeat=2|base=even_colouring_torus_5x5_split|variant=perm_seed1736,2,even_colouring_torus_5x5_split,perm_seed1736,1,1,SATISFIABLE,SATISFIABLE,True,True,27,27,0,0,0.000693,0.000649,-4.4000000000000094e-05,True,True,True,True,True,
repeat=2|base=even_colouring_torus_5x5_split|variant=perm_seed1737,2,even_colouring_torus_5x5_split,perm_seed1737,1,1,SATISFIABLE,SATISFIABLE,True,True,27,27,0,0,0.000656,0.000644,-1.1999999999999966e-05,True,True,True,True,True,
repeat=2|base=even_colouring_torus_5x5_split|variant=perm_seed1738,2,even_colouring_torus_5x5_split,perm_seed1738,1,1,SATISFIABLE,SATISFIABLE,True,True,28,28,0,0,0.000653,0.000656,2.9999999999999645e-06,True,True,True,True,True,
repeat=2|base=even_colouring_torus_5x5_split|variant=perm_seed1739,2,even_colouring_torus_5x5_split,perm_seed1739,1,1,SATISFIABLE,SATISFIABLE,True,True,27,27,0,0,0.000653,0.000666,1.299999999999999e-05,True,True,True,True,True,
repeat=2|base=even_colouring_torus_5x5_split|variant=perm_seed1740,2,even_colouring_torus_5x5_split,perm_seed1740,1,1,SATISFIABLE,SATISFIABLE,True,True,27,27,0,0,0.000687,0.00067,-1.699999999999998e-05,True,True,True,True,True,
repeat=2|base=even_colouring_torus_5x5_split|variant=perm_seed1741,2,even_colouring_torus_5x5_split,perm_seed1741,1,1,SATISFIABLE,SATISFIABLE,True,True,28,28,0,0,0.000725,0.000682,-4.299999999999996e-05,True,True,True,True,True,
repeat=2|base=even_colouring_torus_5x5_split|variant=perm_seed1742,2,even_colouring_torus_5x5_split,perm_seed1742,1,1,SATISFIABLE,SATISFIABLE,True,True,27,27,0,0,0.000668,0.000659,-9.000000000000002e-06,True,True,True,True,True,
repeat=2|base=even_colouring_torus_5x5_split|variant=perm_seed1743,2,even_colouring_torus_5x5_split,perm_seed1743,1,1,SATISFIABLE,SATISFIABLE,True,True,27,27,0,0,0.000617,0.000647,2.999999999999997e-05,True,True,True,True,True,
repeat=2|base=even_colouring_torus_5x5_split|variant=perm_seed1744,2,even_colouring_torus_5x5_split,perm_seed1744,1,1,SATISFIABLE,SATISFIABLE,True,True,27,27,0,0,0.000676,0.000634,-4.199999999999994e-05,True,True,True,True,True,
repeat=2|base=even_colouring_torus_5x5_split|variant=perm_seed1745,2,even_colouring_torus_5x5_split,perm_seed1745,1,1,SATISFIABLE,SATISFIABLE,True,True,27,27,0,0,0.00064,0.000797,0.0001569999999999999,True,True,True,True,True,
repeat=2|base=even_colouring_torus_5x6_split|variant=base,2,even_colouring_torus_5x6_split,base,1,1,SATISFIABLE,SATISFIABLE,True,True,32,32,0,0,0.000634,0.000661,2.7000000000000006e-05,True,True,True,True,True,
repeat=2|base=even_colouring_torus_5x6_split|variant=perm_seed1730,2,even_colouring_torus_5x6_split,perm_seed1730,1,1,SATISFIABLE,SATISFIABLE,True,True,33,33,0,0,0.000739,0.000742,3.000000000000073e-06,True,True,True,True,True,
repeat=2|base=even_colouring_torus_5x6_split|variant=perm_seed1731,2,even_colouring_torus_5x6_split,perm_seed1731,1,1,SATISFIABLE,SATISFIABLE,True,True,32,32,0,0,0.000707,0.000687,-1.9999999999999944e-05,True,True,True,True,True,
repeat=2|base=even_colouring_torus_5x6_split|variant=perm_seed1732,2,even_colouring_torus_5x6_split,perm_seed1732,1,1,SATISFIABLE,SATISFIABLE,True,True,32,32,0,0,0.000666,0.00066,-6.000000000000037e-06,True,True,True,True,True,
repeat=2|base=even_colouring_torus_5x6_split|variant=perm_seed1733,2,even_colouring_torus_5x6_split,perm_seed1733,1,1,SATISFIABLE,SATISFIABLE,True,True,32,32,0,0,0.000651,0.000666,1.500000000000004e-05,True,True,True,True,True,
repeat=2|base=even_colouring_torus_5x6_split|variant=perm_seed1734,2,even_colouring_torus_5x6_split,perm_seed1734,1,1,SATISFIABLE,SATISFIABLE,True,True,33,33,0,0,0.000655,0.000662,7.000000000000062e-06,True,True,True,True,True,
repeat=2|base=even_colouring_torus_5x6_split|variant=perm_seed1735,2,even_colouring_torus_5x6_split,perm_seed1735,1,1,SATISFIABLE,SATISFIABLE,True,True,32,32,0,0,0.000705,0.000672,-3.300000000000004e-05,True,True,True,True,True,
repeat=2|base=even_colouring_torus_5x6_split|variant=perm_seed1736,2,even_colouring_torus_5x6_split,perm_seed1736,1,1,SATISFIABLE,SATISFIABLE,True,True,32,32,0,0,0.000812,0.000752,-6.000000000000005e-05,True,True,True,True,True,
repeat=2|base=even_colouring_torus_5x6_split|variant=perm_seed1737,2,even_colouring_torus_5x6_split,perm_seed1737,1,1,SATISFIABLE,SATISFIABLE,True,True,33,33,0,0,0.000649,0.000689,4.0000000000000105e-05,True,True,True,True,True,
repeat=2|base=even_colouring_torus_5x6_split|variant=perm_seed1738,2,even_colouring_torus_5x6_split,perm_seed1738,1,1,SATISFIABLE,SATISFIABLE,True,True,32,32,0,0,0.000728,0.000729,1.0000000000000243e-06,True,True,True,True,True,
repeat=2|base=even_colouring_torus_5x6_split|variant=perm_seed1739,2,even_colouring_torus_5x6_split,perm_seed1739,1,1,SATISFIABLE,SATISFIABLE,True,True,32,32,0,0,0.000685,0.000689,4.000000000000097e-06,True,True,True,True,True,
repeat=2|base=even_colouring_torus_5x6_split|variant=perm_seed1740,2,even_colouring_torus_5x6_split,perm_seed1740,1,1,SATISFIABLE,SATISFIABLE,True,True,33,33,0,0,0.000654,0.000696,4.2000000000000045e-05,True,True,True,True,True,
repeat=2|base=even_colouring_torus_5x6_split|variant=perm_seed1741,2,even_colouring_torus_5x6_split,perm_seed1741,1,1,SATISFIABLE,SATISFIABLE,True,True,33,33,0,0,0.000689,0.000645,-4.4000000000000094e-05,True,True,True,True,True,
repeat=2|base=even_colouring_torus_5x6_split|variant=perm_seed1742,2,even_colouring_torus_5x6_split,perm_seed1742,1,1,SATISFIABLE,SATISFIABLE,True,True,32,32,0,0,0.000645,0.000683,3.8000000000000056e-05,True,True,True,True,True,
repeat=2|base=even_colouring_torus_5x6_split|variant=perm_seed1743,2,even_colouring_torus_5x6_split,perm_seed1743,1,1,SATISFIABLE,SATISFIABLE,True,True,33,33,0,0,0.000708,0.000697,-1.0999999999999942e-05,True,True,True,True,True,
repeat=2|base=even_colouring_torus_5x6_split|variant=perm_seed1744,2,even_colouring_torus_5x6_split,perm_seed1744,1,1,SATISFIABLE,SATISFIABLE,True,True,32,32,0,0,0.000734,0.000751,1.7000000000000088e-05,True,True,True,True,True,
repeat=2|base=even_colouring_torus_5x6_split|variant=perm_seed1745,2,even_colouring_torus_5x6_split,perm_seed1745,1,1,SATISFIABLE,SATISFIABLE,True,True,32,32,0,0,0.000672,0.000674,2.0000000000000486e-06,True,True,True,True,True,
repeat=2|base=even_colouring_torus_6x6_split|variant=base,2,even_colouring_torus_6x6_split,base,1,1,SATISFIABLE,SATISFIABLE,True,True,38,38,0,0,0.000708,0.000694,-1.4000000000000015e-05,True,True,True,True,True,
repeat=2|base=even_colouring_torus_6x6_split|variant=perm_seed1730,2,even_colouring_torus_6x6_split,perm_seed1730,1,1,SATISFIABLE,SATISFIABLE,True,True,38,38,0,0,0.000667,0.00083,0.00016300000000000006,True,True,True,True,True,
repeat=2|base=even_colouring_torus_6x6_split|variant=perm_seed1731,2,even_colouring_torus_6x6_split,perm_seed1731,1,1,SATISFIABLE,SATISFIABLE,True,True,39,39,0,0,0.000648,0.000686,3.799999999999995e-05,True,True,True,True,True,
repeat=2|base=even_colouring_torus_6x6_split|variant=perm_seed1732,2,even_colouring_torus_6x6_split,perm_seed1732,1,1,SATISFIABLE,SATISFIABLE,True,True,39,39,0,0,0.000748,0.00077,2.1999999999999993e-05,True,True,True,True,True,
repeat=2|base=even_colouring_torus_6x6_split|variant=perm_seed1733,2,even_colouring_torus_6x6_split,perm_seed1733,1,1,SATISFIABLE,SATISFIABLE,True,True,38,38,0,0,0.000748,0.000697,-5.099999999999994e-05,True,True,True,True,True,
repeat=2|base=even_colouring_torus_6x6_split|variant=perm_seed1734,2,even_colouring_torus_6x6_split,perm_seed1734,1,1,SATISFIABLE,SATISFIABLE,True,True,39,39,0,0,0.000733,0.000691,-4.2000000000000045e-05,True,True,True,True,True,
repeat=2|base=even_colouring_torus_6x6_split|variant=perm_seed1735,2,even_colouring_torus_6x6_split,perm_seed1735,1,1,SATISFIABLE,SATISFIABLE,True,True,38,38,0,0,0.000677,0.000697,2.0000000000000052e-05,True,True,True,True,True,
repeat=2|base=even_colouring_torus_6x6_split|variant=perm_seed1736,2,even_colouring_torus_6x6_split,perm_seed1736,1,1,SATISFIABLE,SATISFIABLE,True,True,38,38,0,0,0.000658,0.000741,8.300000000000007e-05,True,True,True,True,True,
repeat=2|base=even_colouring_torus_6x6_split|variant=perm_seed1737,2,even_colouring_torus_6x6_split,perm_seed1737,1,1,SATISFIABLE,SATISFIABLE,True,True,38,38,0,0,0.000689,0.000721,3.199999999999991e-05,True,True,True,True,True,
repeat=2|base=even_colouring_torus_6x6_split|variant=perm_seed1738,2,even_colouring_torus_6x6_split,perm_seed1738,1,1,SATISFIABLE,SATISFIABLE,True,True,38,38,0,0,0.000716,0.000683,-3.2999999999999935e-05,True,True,True,True,True,
repeat=2|base=even_colouring_torus_6x6_split|variant=perm_seed1739,2,even_colouring_torus_6x6_split,perm_seed1739,1,1,SATISFIABLE,SATISFIABLE,True,True,39,39,0,0,0.000761,0.000701,-5.999999999999994e-05,True,True,True,True,True,
repeat=2|base=even_colouring_torus_6x6_split|variant=perm_seed1740,2,even_colouring_torus_6x6_split,perm_seed1740,1,1,SATISFIABLE,SATISFIABLE,True,True,38,38,0,0,0.000673,0.000685,1.1999999999999966e-05,True,True,True,True,True,
repeat=2|base=even_colouring_torus_6x6_split|variant=perm_seed1741,2,even_colouring_torus_6x6_split,perm_seed1741,1,1,SATISFIABLE,SATISFIABLE,True,True,38,38,0,0,0.000688,0.000687,-1.0000000000000243e-06,True,True,True,True,True,
repeat=2|base=even_colouring_torus_6x6_split|variant=perm_seed1742,2,even_colouring_torus_6x6_split,perm_seed1742,1,1,SATISFIABLE,SATISFIABLE,True,True,38,38,0,0,0.000704,0.000714,1.0000000000000026e-05,True,True,True,True,True,
repeat=2|base=even_colouring_torus_6x6_split|variant=perm_seed1743,2,even_colouring_torus_6x6_split,perm_seed1743,1,1,SATISFIABLE,SATISFIABLE,True,True,38,38,0,0,0.00071,0.000717,6.999999999999953e-06,True,True,True,True,True,
repeat=2|base=even_colouring_torus_6x6_split|variant=perm_seed1744,2,even_colouring_torus_6x6_split,perm_seed1744,1,1,SATISFIABLE,SATISFIABLE,True,True,39,39,0,0,0.000673,0.000715,4.2000000000000045e-05,True,True,True,True,True,
repeat=2|base=even_colouring_torus_6x6_split|variant=perm_seed1745,2,even_colouring_torus_6x6_split,perm_seed1745,1,1,SATISFIABLE,SATISFIABLE,True,True,38,38,0,0,0.000757,0.000676,-8.100000000000002e-05,True,True,True,True,True,
repeat=2|base=k10_color9|variant=base,2,k10_color9,base,1,1,INDETERMINATE,INDETERMINATE,False,False,106998,106998,100000,100000,0.671591,0.68609,0.014498999999999929,True,True,True,True,True,
repeat=2|base=k10_color9|variant=perm_seed1730,2,k10_color9,perm_seed1730,1,1,INDETERMINATE,INDETERMINATE,False,False,108712,108712,100000,100000,0.722331,0.740169,0.01783800000000002,True,True,True,True,True,
repeat=2|base=k10_color9|variant=perm_seed1731,2,k10_color9,perm_seed1731,1,1,INDETERMINATE,INDETERMINATE,False,False,108604,108604,100000,100000,0.726441,0.753187,0.026746000000000048,True,True,True,True,True,
repeat=2|base=k4_color3|variant=base,2,k4_color3,base,1,1,UNSATISFIABLE,UNSATISFIABLE,True,True,0,0,0,0,0.000773,0.000663,-0.00011000000000000007,True,True,True,True,True,
repeat=2|base=k4_color3|variant=perm_seed1730,2,k4_color3,perm_seed1730,1,1,UNSATISFIABLE,UNSATISFIABLE,True,True,0,0,0,0,0.000625,0.000622,-2.9999999999999645e-06,True,True,True,True,True,
repeat=2|base=k4_color3|variant=perm_seed1731,2,k4_color3,perm_seed1731,1,1,UNSATISFIABLE,UNSATISFIABLE,True,True,0,0,0,0,0.000657,0.000634,-2.3000000000000017e-05,True,True,True,True,True,
repeat=2|base=k4_color3|variant=perm_seed1732,2,k4_color3,perm_seed1732,1,1,UNSATISFIABLE,UNSATISFIABLE,True,True,0,0,0,0,0.000613,0.000614,9.999999999999159e-07,True,True,True,True,True,
repeat=2|base=k4_color3|variant=perm_seed1733,2,k4_color3,perm_seed1733,1,1,UNSATISFIABLE,UNSATISFIABLE,True,True,0,0,0,0,0.000659,0.00066,1.0000000000000243e-06,True,True,True,True,True,
repeat=2|base=k4_color3|variant=perm_seed1734,2,k4_color3,perm_seed1734,1,1,UNSATISFIABLE,UNSATISFIABLE,True,True,0,0,0,0,0.000621,0.000599,-2.1999999999999993e-05,True,True,True,True,True,
repeat=2|base=k4_color3|variant=perm_seed1735,2,k4_color3,perm_seed1735,1,1,UNSATISFIABLE,UNSATISFIABLE,True,True,0,0,0,0,0.000592,0.00064,4.800000000000008e-05,True,True,True,True,True,
repeat=2|base=k4_color3|variant=perm_seed1736,2,k4_color3,perm_seed1736,1,1,UNSATISFIABLE,UNSATISFIABLE,True,True,0,0,0,0,0.000608,0.000659,5.099999999999994e-05,True,True,True,True,True,
repeat=2|base=k4_color3|variant=perm_seed1737,2,k4_color3,perm_seed1737,1,1,UNSATISFIABLE,UNSATISFIABLE,True,True,0,0,0,0,0.000632,0.000651,1.9000000000000028e-05,True,True,True,True,True,
repeat=2|base=k4_color3|variant=perm_seed1738,2,k4_color3,perm_seed1738,1,1,UNSATISFIABLE,UNSATISFIABLE,True,True,0,0,0,0,0.000686,0.000617,-6.899999999999994e-05,True,True,True,True,True,
repeat=2|base=k4_color3|variant=perm_seed1739,2,k4_color3,perm_seed1739,1,1,UNSATISFIABLE,UNSATISFIABLE,True,True,0,0,0,0,0.000598,0.000659,6.0999999999999965e-05,True,True,True,True,True,
repeat=2|base=k4_color3|variant=perm_seed1740,2,k4_color3,perm_seed1740,1,1,UNSATISFIABLE,UNSATISFIABLE,True,True,0,0,0,0,0.000628,0.000632,3.999999999999989e-06,True,True,True,True,True,
repeat=2|base=k4_color3|variant=perm_seed1741,2,k4_color3,perm_seed1741,1,1,UNSATISFIABLE,UNSATISFIABLE,True,True,0,0,0,0,0.00065,0.000627,-2.3000000000000017e-05,True,True,True,True,True,
repeat=2|base=k4_color3|variant=perm_seed1742,2,k4_color3,perm_seed1742,1,1,UNSATISFIABLE,UNSATISFIABLE,True,True,0,0,0,0,0.000637,0.000666,2.9000000000000054e-05,True,True,True,True,True,
repeat=2|base=k4_color3|variant=perm_seed1743,2,k4_color3,perm_seed1743,1,1,UNSATISFIABLE,UNSATISFIABLE,True,True,0,0,0,0,0.000614,0.000647,3.300000000000004e-05,True,True,True,True,True,
repeat=2|base=k4_color3|variant=perm_seed1744,2,k4_color3,perm_seed1744,1,1,UNSATISFIABLE,UNSATISFIABLE,True,True,0,0,0,0,0.000612,0.000608,-3.999999999999989e-06,True,True,True,True,True,
repeat=2|base=k4_color3|variant=perm_seed1745,2,k4_color3,perm_seed1745,1,1,UNSATISFIABLE,UNSATISFIABLE,True,True,0,0,0,0,0.000644,0.000657,1.299999999999999e-05,True,True,True,True,True,
repeat=2|base=k4_color4|variant=base,2,k4_color4,base,1,1,SATISFIABLE,SATISFIABLE,True,True,1,1,0,0,0.000628,0.000673,4.500000000000001e-05,True,True,True,True,True,
repeat=2|base=k4_color4|variant=perm_seed1730,2,k4_color4,perm_seed1730,1,1,SATISFIABLE,SATISFIABLE,True,True,1,1,0,0,0.000597,0.00063,3.300000000000004e-05,True,True,True,True,True,
repeat=2|base=k4_color4|variant=perm_seed1731,2,k4_color4,perm_seed1731,1,1,SATISFIABLE,SATISFIABLE,True,True,1,1,0,0,0.00061,0.000615,5.000000000000013e-06,True,True,True,True,True,
repeat=2|base=k4_color4|variant=perm_seed1732,2,k4_color4,perm_seed1732,1,1,SATISFIABLE,SATISFIABLE,True,True,1,1,0,0,0.000595,0.000708,0.00011299999999999993,True,True,True,True,True,
repeat=2|base=k4_color4|variant=perm_seed1733,2,k4_color4,perm_seed1733,1,1,SATISFIABLE,SATISFIABLE,True,True,1,1,0,0,0.000597,0.000807,0.00021,True,True,True,True,True,
repeat=2|base=k4_color4|variant=perm_seed1734,2,k4_color4,perm_seed1734,1,1,SATISFIABLE,SATISFIABLE,True,True,1,1,0,0,0.000671,0.000762,9.099999999999994e-05,True,True,True,True,True,
repeat=2|base=k4_color4|variant=perm_seed1735,2,k4_color4,perm_seed1735,1,1,SATISFIABLE,SATISFIABLE,True,True,1,1,0,0,0.000628,0.000638,1.0000000000000026e-05,True,True,True,True,True,
repeat=2|base=k4_color4|variant=perm_seed1736,2,k4_color4,perm_seed1736,1,1,SATISFIABLE,SATISFIABLE,True,True,1,1,0,0,0.000669,0.000633,-3.600000000000001e-05,True,True,True,True,True,
repeat=2|base=k4_color4|variant=perm_seed1737,2,k4_color4,perm_seed1737,1,1,SATISFIABLE,SATISFIABLE,True,True,1,1,0,0,0.000611,0.000626,1.500000000000004e-05,True,True,True,True,True,
repeat=2|base=k4_color4|variant=perm_seed1738,2,k4_color4,perm_seed1738,1,1,SATISFIABLE,SATISFIABLE,True,True,1,1,0,0,0.000711,0.000668,-4.300000000000007e-05,True,True,True,True,True,
repeat=2|base=k4_color4|variant=perm_seed1739,2,k4_color4,perm_seed1739,1,1,SATISFIABLE,SATISFIABLE,True,True,1,1,0,0,0.000631,0.000611,-2.0000000000000052e-05,True,True,True,True,True,
repeat=2|base=k4_color4|variant=perm_seed1740,2,k4_color4,perm_seed1740,1,1,SATISFIABLE,SATISFIABLE,True,True,1,1,0,0,0.000605,0.000671,6.600000000000009e-05,True,True,True,True,True,
repeat=2|base=k4_color4|variant=perm_seed1741,2,k4_color4,perm_seed1741,1,1,SATISFIABLE,SATISFIABLE,True,True,1,1,0,0,0.000598,0.000737,0.00013900000000000002,True,True,True,True,True,
repeat=2|base=k4_color4|variant=perm_seed1742,2,k4_color4,perm_seed1742,1,1,SATISFIABLE,SATISFIABLE,True,True,1,1,0,0,0.000624,0.00068,5.600000000000006e-05,True,True,True,True,True,
repeat=2|base=k4_color4|variant=perm_seed1743,2,k4_color4,perm_seed1743,1,1,SATISFIABLE,SATISFIABLE,True,True,1,1,0,0,0.000631,0.000662,3.0999999999999995e-05,True,True,True,True,True,
repeat=2|base=k4_color4|variant=perm_seed1744,2,k4_color4,perm_seed1744,1,1,SATISFIABLE,SATISFIABLE,True,True,1,1,0,0,0.000643,0.000622,-2.099999999999997e-05,True,True,True,True,True,
repeat=2|base=k4_color4|variant=perm_seed1745,2,k4_color4,perm_seed1745,1,1,SATISFIABLE,SATISFIABLE,True,True,1,1,0,0,0.000621,0.00065,2.8999999999999946e-05,True,True,True,True,True,
repeat=2|base=k5_color4|variant=base,2,k5_color4,base,1,1,UNSATISFIABLE,UNSATISFIABLE,True,True,32,32,27,27,0.000645,0.000661,1.6000000000000064e-05,True,True,True,True,True,
repeat=2|base=k5_color4|variant=perm_seed1730,2,k5_color4,perm_seed1730,1,1,UNSATISFIABLE,UNSATISFIABLE,True,True,31,31,28,28,0.000626,0.000626,0.0,True,True,True,True,True,
repeat=2|base=k5_color4|variant=perm_seed1731,2,k5_color4,perm_seed1731,1,1,UNSATISFIABLE,UNSATISFIABLE,True,True,32,32,31,31,0.000638,0.000627,-1.100000000000005e-05,True,True,True,True,True,
repeat=2|base=k5_color4|variant=perm_seed1732,2,k5_color4,perm_seed1732,1,1,UNSATISFIABLE,UNSATISFIABLE,True,True,31,31,30,30,0.000674,0.000642,-3.200000000000002e-05,True,True,True,True,True,
repeat=2|base=k5_color4|variant=perm_seed1733,2,k5_color4,perm_seed1733,1,1,UNSATISFIABLE,UNSATISFIABLE,True,True,31,31,27,27,0.000594,0.000611,1.699999999999998e-05,True,True,True,True,True,
repeat=2|base=k5_color4|variant=perm_seed1734,2,k5_color4,perm_seed1734,1,1,UNSATISFIABLE,UNSATISFIABLE,True,True,27,27,25,25,0.000623,0.000636,1.299999999999999e-05,True,True,True,True,True,
repeat=2|base=k5_color4|variant=perm_seed1735,2,k5_color4,perm_seed1735,1,1,UNSATISFIABLE,UNSATISFIABLE,True,True,30,30,27,27,0.000614,0.000635,2.1000000000000077e-05,True,True,True,True,True,
repeat=2|base=k5_color4|variant=perm_seed1736,2,k5_color4,perm_seed1736,1,1,UNSATISFIABLE,UNSATISFIABLE,True,True,27,27,25,25,0.000614,0.000651,3.700000000000003e-05,True,True,True,True,True,
repeat=2|base=k5_color4|variant=perm_seed1737,2,k5_color4,perm_seed1737,1,1,UNSATISFIABLE,UNSATISFIABLE,True,True,31,31,30,30,0.000616,0.000656,3.9999999999999996e-05,True,True,True,True,True,
repeat=2|base=k5_color4|variant=perm_seed1738,2,k5_color4,perm_seed1738,1,1,UNSATISFIABLE,UNSATISFIABLE,True,True,33,33,27,27,0.000613,0.000608,-5.000000000000013e-06,True,True,True,True,True,
repeat=2|base=k5_color4|variant=perm_seed1739,2,k5_color4,perm_seed1739,1,1,UNSATISFIABLE,UNSATISFIABLE,True,True,33,33,29,29,0.000638,0.000614,-2.400000000000004e-05,True,True,True,True,True,
repeat=2|base=k5_color4|variant=perm_seed1740,2,k5_color4,perm_seed1740,1,1,UNSATISFIABLE,UNSATISFIABLE,True,True,27,27,26,26,0.000638,0.000638,0.0,True,True,True,True,True,
repeat=2|base=k5_color4|variant=perm_seed1741,2,k5_color4,perm_seed1741,1,1,UNSATISFIABLE,UNSATISFIABLE,True,True,30,30,27,27,0.000619,0.000624,5.000000000000013e-06,True,True,True,True,True,
repeat=2|base=k5_color4|variant=perm_seed1742,2,k5_color4,perm_seed1742,1,1,UNSATISFIABLE,UNSATISFIABLE,True,True,38,38,31,31,0.00065,0.000642,-7.999999999999978e-06,True,True,True,True,True,
repeat=2|base=k5_color4|variant=perm_seed1743,2,k5_color4,perm_seed1743,1,1,UNSATISFIABLE,UNSATISFIABLE,True,True,24,24,25,25,0.000591,0.000687,9.599999999999995e-05,True,True,True,True,True,
repeat=2|base=k5_color4|variant=perm_seed1744,2,k5_color4,perm_seed1744,1,1,UNSATISFIABLE,UNSATISFIABLE,True,True,28,28,26,26,0.000598,0.000701,0.00010300000000000001,True,True,True,True,True,
repeat=2|base=k5_color4|variant=perm_seed1745,2,k5_color4,perm_seed1745,1,1,UNSATISFIABLE,UNSATISFIABLE,True,True,31,31,28,28,0.000606,0.000717,0.00011099999999999999,True,True,True,True,True,
repeat=2|base=k5_color5|variant=base,2,k5_color5,base,1,1,SATISFIABLE,SATISFIABLE,True,True,12,12,0,0,0.000606,0.00059,-1.5999999999999955e-05,True,True,True,True,True,
repeat=2|base=k5_color5|variant=perm_seed1730,2,k5_color5,perm_seed1730,1,1,SATISFIABLE,SATISFIABLE,True,True,16,16,0,0,0.00062,0.0007,7.999999999999999e-05,True,True,True,True,True,
repeat=2|base=k5_color5|variant=perm_seed1731,2,k5_color5,perm_seed1731,1,1,SATISFIABLE,SATISFIABLE,True,True,17,17,0,0,0.000605,0.000649,4.3999999999999985e-05,True,True,True,True,True,
repeat=2|base=k5_color5|variant=perm_seed1732,2,k5_color5,perm_seed1732,1,1,SATISFIABLE,SATISFIABLE,True,True,14,14,0,0,0.000581,0.000632,5.099999999999994e-05,True,True,True,True,True,
repeat=2|base=k5_color5|variant=perm_seed1733,2,k5_color5,perm_seed1733,1,1,SATISFIABLE,SATISFIABLE,True,True,16,16,0,0,0.000618,0.000626,8.000000000000086e-06,True,True,True,True,True,
repeat=2|base=k5_color5|variant=perm_seed1734,2,k5_color5,perm_seed1734,1,1,SATISFIABLE,SATISFIABLE,True,True,14,14,0,0,0.000608,0.000635,2.7000000000000006e-05,True,True,True,True,True,
repeat=2|base=k5_color5|variant=perm_seed1735,2,k5_color5,perm_seed1735,1,1,SATISFIABLE,SATISFIABLE,True,True,16,16,0,0,0.000599,0.000635,3.600000000000001e-05,True,True,True,True,True,
repeat=2|base=k5_color5|variant=perm_seed1736,2,k5_color5,perm_seed1736,1,1,SATISFIABLE,SATISFIABLE,True,True,17,17,0,0,0.000659,0.000634,-2.4999999999999957e-05,True,True,True,True,True,
repeat=2|base=k5_color5|variant=perm_seed1737,2,k5_color5,perm_seed1737,1,1,SATISFIABLE,SATISFIABLE,True,True,15,15,1,1,0.000625,0.000631,6.000000000000037e-06,True,True,True,True,True,
repeat=2|base=k5_color5|variant=perm_seed1738,2,k5_color5,perm_seed1738,1,1,SATISFIABLE,SATISFIABLE,True,True,18,18,0,0,0.000603,0.00061,6.999999999999953e-06,True,True,True,True,True,
repeat=2|base=k5_color5|variant=perm_seed1739,2,k5_color5,perm_seed1739,1,1,SATISFIABLE,SATISFIABLE,True,True,15,15,0,0,0.000604,0.000629,2.4999999999999957e-05,True,True,True,True,True,
repeat=2|base=k5_color5|variant=perm_seed1740,2,k5_color5,perm_seed1740,1,1,SATISFIABLE,SATISFIABLE,True,True,17,17,1,1,0.000647,0.000623,-2.400000000000004e-05,True,True,True,True,True,
repeat=2|base=k5_color5|variant=perm_seed1741,2,k5_color5,perm_seed1741,1,1,SATISFIABLE,SATISFIABLE,True,True,17,17,0,0,0.000594,0.000593,-1.0000000000000243e-06,True,True,True,True,True,
repeat=2|base=k5_color5|variant=perm_seed1742,2,k5_color5,perm_seed1742,1,1,SATISFIABLE,SATISFIABLE,True,True,14,14,0,0,0.000587,0.0006,1.299999999999999e-05,True,True,True,True,True,
repeat=2|base=k5_color5|variant=perm_seed1743,2,k5_color5,perm_seed1743,1,1,SATISFIABLE,SATISFIABLE,True,True,15,15,0,0,0.000646,0.000689,4.300000000000007e-05,True,True,True,True,True,
repeat=2|base=k5_color5|variant=perm_seed1744,2,k5_color5,perm_seed1744,1,1,SATISFIABLE,SATISFIABLE,True,True,15,15,0,0,0.000645,0.000645,0.0,True,True,True,True,True,
repeat=2|base=k5_color5|variant=perm_seed1745,2,k5_color5,perm_seed1745,1,1,SATISFIABLE,SATISFIABLE,True,True,17,17,0,0,0.000655,0.000616,-3.899999999999997e-05,True,True,True,True,True,
repeat=2|base=k6_color5|variant=base,2,k6_color5,base,1,1,UNSATISFIABLE,UNSATISFIABLE,True,True,157,157,139,139,0.000851,0.000781,-6.999999999999997e-05,True,True,True,True,True,
repeat=2|base=k6_color5|variant=perm_seed1730,2,k6_color5,perm_seed1730,1,1,UNSATISFIABLE,UNSATISFIABLE,True,True,161,161,142,142,0.000784,0.000808,2.400000000000004e-05,True,True,True,True,True,
repeat=2|base=k6_color5|variant=perm_seed1731,2,k6_color5,perm_seed1731,1,1,UNSATISFIABLE,UNSATISFIABLE,True,True,160,160,141,141,0.000788,0.000825,3.700000000000003e-05,True,True,True,True,True,
repeat=2|base=k6_color5|variant=perm_seed1732,2,k6_color5,perm_seed1732,1,1,UNSATISFIABLE,UNSATISFIABLE,True,True,157,157,137,137,0.000862,0.000828,-3.400000000000007e-05,True,True,True,True,True,
repeat=2|base=k6_color5|variant=perm_seed1733,2,k6_color5,perm_seed1733,1,1,UNSATISFIABLE,UNSATISFIABLE,True,True,158,158,142,142,0.000791,0.00082,2.8999999999999946e-05,True,True,True,True,True,
repeat=2|base=k6_color5|variant=perm_seed1734,2,k6_color5,perm_seed1734,1,1,UNSATISFIABLE,UNSATISFIABLE,True,True,171,171,146,146,0.000834,0.000835,1.0000000000000243e-06,True,True,True,True,True,
repeat=2|base=k6_color5|variant=perm_seed1735,2,k6_color5,perm_seed1735,1,1,UNSATISFIABLE,UNSATISFIABLE,True,True,174,174,155,155,0.000854,0.000827,-2.7000000000000006e-05,True,True,True,True,True,
repeat=2|base=k6_color5|variant=perm_seed1736,2,k6_color5,perm_seed1736,1,1,UNSATISFIABLE,UNSATISFIABLE,True,True,158,158,145,145,0.000872,0.00092,4.7999999999999974e-05,True,True,True,True,True,
repeat=2|base=k6_color5|variant=perm_seed1737,2,k6_color5,perm_seed1737,1,1,UNSATISFIABLE,UNSATISFIABLE,True,True,163,163,145,145,0.000865,0.000857,-7.999999999999978e-06,True,True,True,True,True,
repeat=2|base=k6_color5|variant=perm_seed1738,2,k6_color5,perm_seed1738,1,1,UNSATISFIABLE,UNSATISFIABLE,True,True,140,140,130,130,0.00081,0.00078,-2.999999999999997e-05,True,True,True,True,True,
repeat=2|base=k6_color5|variant=perm_seed1739,2,k6_color5,perm_seed1739,1,1,UNSATISFIABLE,UNSATISFIABLE,True,True,157,157,143,143,0.000769,0.000875,0.00010599999999999997,True,True,True,True,True,
repeat=2|base=k6_color5|variant=perm_seed1740,2,k6_color5,perm_seed1740,1,1,UNSATISFIABLE,UNSATISFIABLE,True,True,163,163,138,138,0.000814,0.000818,3.999999999999989e-06,True,True,True,True,True,
repeat=2|base=k6_color5|variant=perm_seed1741,2,k6_color5,perm_seed1741,1,1,UNSATISFIABLE,UNSATISFIABLE,True,True,158,158,140,140,0.000828,0.000896,6.800000000000003e-05,True,True,True,True,True,
repeat=2|base=k6_color5|variant=perm_seed1742,2,k6_color5,perm_seed1742,1,1,UNSATISFIABLE,UNSATISFIABLE,True,True,155,155,137,137,0.000936,0.000836,-9.999999999999994e-05,True,True,True,True,True,
repeat=2|base=k6_color5|variant=perm_seed1743,2,k6_color5,perm_seed1743,1,1,UNSATISFIABLE,UNSATISFIABLE,True,True,147,147,135,135,0.000825,0.000823,-2.0000000000000486e-06,True,True,True,True,True,
repeat=2|base=k6_color5|variant=perm_seed1744,2,k6_color5,perm_seed1744,1,1,UNSATISFIABLE,UNSATISFIABLE,True,True,147,147,133,133,0.00084,0.000836,-3.999999999999989e-06,True,True,True,True,True,
repeat=2|base=k6_color5|variant=perm_seed1745,2,k6_color5,perm_seed1745,1,1,UNSATISFIABLE,UNSATISFIABLE,True,True,156,156,137,137,0.000848,0.000829,-1.9000000000000028e-05,True,True,True,True,True,
repeat=2|base=k6_color6|variant=base,2,k6_color6,base,1,1,SATISFIABLE,SATISFIABLE,True,True,17,17,0,0,0.000661,0.000702,4.100000000000002e-05,True,True,True,True,True,
repeat=2|base=k6_color6|variant=perm_seed1730,2,k6_color6,perm_seed1730,1,1,SATISFIABLE,SATISFIABLE,True,True,25,25,4,4,0.000668,0.000718,5.000000000000002e-05,True,True,True,True,True,
repeat=2|base=k6_color6|variant=perm_seed1731,2,k6_color6,perm_seed1731,1,1,SATISFIABLE,SATISFIABLE,True,True,22,22,0,0,0.000685,0.000681,-3.999999999999989e-06,True,True,True,True,True,
repeat=2|base=k6_color6|variant=perm_seed1732,2,k6_color6,perm_seed1732,1,1,SATISFIABLE,SATISFIABLE,True,True,33,33,10,10,0.000688,0.000687,-1.0000000000000243e-06,True,True,True,True,True,
repeat=2|base=k6_color6|variant=perm_seed1733,2,k6_color6,perm_seed1733,1,1,SATISFIABLE,SATISFIABLE,True,True,46,46,24,24,0.000829,0.000743,-8.600000000000003e-05,True,True,True,True,True,
repeat=2|base=k6_color6|variant=perm_seed1734,2,k6_color6,perm_seed1734,1,1,SATISFIABLE,SATISFIABLE,True,True,26,26,1,1,0.000733,0.000686,-4.700000000000006e-05,True,True,True,True,True,
repeat=2|base=k6_color6|variant=perm_seed1735,2,k6_color6,perm_seed1735,1,1,SATISFIABLE,SATISFIABLE,True,True,25,25,0,0,0.00076,0.000708,-5.200000000000007e-05,True,True,True,True,True,
repeat=2|base=k6_color6|variant=perm_seed1736,2,k6_color6,perm_seed1736,1,1,SATISFIABLE,SATISFIABLE,True,True,23,23,0,0,0.000678,0.000697,1.9000000000000028e-05,True,True,True,True,True,
repeat=2|base=k6_color6|variant=perm_seed1737,2,k6_color6,perm_seed1737,1,1,SATISFIABLE,SATISFIABLE,True,True,25,25,0,0,0.000734,0.000669,-6.499999999999995e-05,True,True,True,True,True,
repeat=2|base=k6_color6|variant=perm_seed1738,2,k6_color6,perm_seed1738,1,1,SATISFIABLE,SATISFIABLE,True,True,28,28,1,1,0.000736,0.000704,-3.200000000000002e-05,True,True,True,True,True,
repeat=2|base=k6_color6|variant=perm_seed1739,2,k6_color6,perm_seed1739,1,1,SATISFIABLE,SATISFIABLE,True,True,23,23,1,1,0.000685,0.000683,-1.99999999999994e-06,True,True,True,True,True,
repeat=2|base=k6_color6|variant=perm_seed1740,2,k6_color6,perm_seed1740,1,1,SATISFIABLE,SATISFIABLE,True,True,27,27,1,1,0.000669,0.000709,3.9999999999999996e-05,True,True,True,True,True,
repeat=2|base=k6_color6|variant=perm_seed1741,2,k6_color6,perm_seed1741,1,1,SATISFIABLE,SATISFIABLE,True,True,23,23,0,0,0.000641,0.000685,4.3999999999999985e-05,True,True,True,True,True,
repeat=2|base=k6_color6|variant=perm_seed1742,2,k6_color6,perm_seed1742,1,1,SATISFIABLE,SATISFIABLE,True,True,30,30,2,2,0.000634,0.000649,1.4999999999999931e-05,True,True,True,True,True,
repeat=2|base=k6_color6|variant=perm_seed1743,2,k6_color6,perm_seed1743,1,1,SATISFIABLE,SATISFIABLE,True,True,22,22,1,1,0.000643,0.000657,1.4000000000000015e-05,True,True,True,True,True,
repeat=2|base=k6_color6|variant=perm_seed1744,2,k6_color6,perm_seed1744,1,1,SATISFIABLE,SATISFIABLE,True,True,27,27,0,0,0.000633,0.000669,3.600000000000001e-05,True,True,True,True,True,
repeat=2|base=k6_color6|variant=perm_seed1745,2,k6_color6,perm_seed1745,1,1,SATISFIABLE,SATISFIABLE,True,True,23,23,0,0,0.000668,0.000675,7.000000000000062e-06,True,True,True,True,True,
repeat=2|base=k7_color6|variant=base,2,k7_color6,base,1,1,UNSATISFIABLE,UNSATISFIABLE,True,True,970,970,845,845,0.002244,0.002142,-0.0001020000000000001,True,True,True,True,True,
repeat=2|base=k7_color6|variant=perm_seed1730,2,k7_color6,perm_seed1730,1,1,UNSATISFIABLE,UNSATISFIABLE,True,True,913,913,812,812,0.002257,0.00224,-1.7000000000000088e-05,True,True,True,True,True,
repeat=2|base=k7_color6|variant=perm_seed1731,2,k7_color6,perm_seed1731,1,1,UNSATISFIABLE,UNSATISFIABLE,True,True,1013,1013,877,877,0.00204,0.001985,-5.500000000000036e-05,True,True,True,True,True,
repeat=2|base=k7_color6|variant=perm_seed1732,2,k7_color6,perm_seed1732,1,1,UNSATISFIABLE,UNSATISFIABLE,True,True,949,949,839,839,0.002229,0.002077,-0.00015200000000000023,True,True,True,True,True,
repeat=2|base=k7_color6|variant=perm_seed1733,2,k7_color6,perm_seed1733,1,1,UNSATISFIABLE,UNSATISFIABLE,True,True,937,937,837,837,0.002096,0.002095,-1.0000000000001327e-06,True,True,True,True,True,
repeat=2|base=k7_color6|variant=perm_seed1734,2,k7_color6,perm_seed1734,1,1,UNSATISFIABLE,UNSATISFIABLE,True,True,893,893,821,821,0.002321,0.002284,-3.700000000000014e-05,True,True,True,True,True,
repeat=2|base=k7_color6|variant=perm_seed1735,2,k7_color6,perm_seed1735,1,1,UNSATISFIABLE,UNSATISFIABLE,True,True,967,967,866,866,0.002297,0.002197,-9.999999999999983e-05,True,True,True,True,True,
repeat=2|base=k7_color6|variant=perm_seed1736,2,k7_color6,perm_seed1736,1,1,UNSATISFIABLE,UNSATISFIABLE,True,True,891,891,832,832,0.002256,0.002244,-1.2000000000000292e-05,True,True,True,True,True,
repeat=2|base=k7_color6|variant=perm_seed1737,2,k7_color6,perm_seed1737,1,1,UNSATISFIABLE,UNSATISFIABLE,True,True,935,935,832,832,0.002275,0.002213,-6.199999999999999e-05,True,True,True,True,True,
repeat=2|base=k7_color6|variant=perm_seed1738,2,k7_color6,perm_seed1738,1,1,UNSATISFIABLE,UNSATISFIABLE,True,True,959,959,852,852,0.002232,0.002243,1.1000000000000159e-05,True,True,True,True,True,
repeat=2|base=k7_color6|variant=perm_seed1739,2,k7_color6,perm_seed1739,1,1,UNSATISFIABLE,UNSATISFIABLE,True,True,889,889,813,813,0.002275,0.002365,8.99999999999998e-05,True,True,True,True,True,
repeat=2|base=k7_color6|variant=perm_seed1740,2,k7_color6,perm_seed1740,1,1,UNSATISFIABLE,UNSATISFIABLE,True,True,938,938,850,850,0.002381,0.002307,-7.399999999999985e-05,True,True,True,True,True,
repeat=2|base=k7_color6|variant=perm_seed1741,2,k7_color6,perm_seed1741,1,1,UNSATISFIABLE,UNSATISFIABLE,True,True,998,998,873,873,0.002357,0.002424,6.699999999999979e-05,True,True,True,True,True,
repeat=2|base=k7_color6|variant=perm_seed1742,2,k7_color6,perm_seed1742,1,1,UNSATISFIABLE,UNSATISFIABLE,True,True,975,975,865,865,0.002172,0.002059,-0.00011299999999999982,True,True,True,True,True,
repeat=2|base=k7_color6|variant=perm_seed1743,2,k7_color6,perm_seed1743,1,1,UNSATISFIABLE,UNSATISFIABLE,True,True,971,971,852,852,0.002073,0.002183,0.00010999999999999985,True,True,True,True,True,
repeat=2|base=k7_color6|variant=perm_seed1744,2,k7_color6,perm_seed1744,1,1,UNSATISFIABLE,UNSATISFIABLE,True,True,912,912,833,833,0.002321,0.002193,-0.00012800000000000008,True,True,True,True,True,
repeat=2|base=k7_color6|variant=perm_seed1745,2,k7_color6,perm_seed1745,1,1,UNSATISFIABLE,UNSATISFIABLE,True,True,967,967,854,854,0.002113,0.002122,9.000000000000327e-06,True,True,True,True,True,
repeat=2|base=k7_color7|variant=base,2,k7_color7,base,1,1,SATISFIABLE,SATISFIABLE,True,True,23,23,0,0,0.000679,0.00067,-9.000000000000002e-06,True,True,True,True,True,
repeat=2|base=k7_color7|variant=perm_seed1730,2,k7_color7,perm_seed1730,1,1,SATISFIABLE,SATISFIABLE,True,True,35,35,1,1,0.000734,0.000712,-2.1999999999999993e-05,True,True,True,True,True,
repeat=2|base=k7_color7|variant=perm_seed1731,2,k7_color7,perm_seed1731,1,1,SATISFIABLE,SATISFIABLE,True,True,36,36,0,0,0.00069,0.0007,1.0000000000000026e-05,True,True,True,True,True,
repeat=2|base=k7_color7|variant=perm_seed1732,2,k7_color7,perm_seed1732,1,1,SATISFIABLE,SATISFIABLE,True,True,30,30,0,0,0.000685,0.000763,7.800000000000005e-05,True,True,True,True,True,
repeat=2|base=k7_color7|variant=perm_seed1733,2,k7_color7,perm_seed1733,1,1,SATISFIABLE,SATISFIABLE,True,True,39,39,0,0,0.000695,0.000709,1.4000000000000015e-05,True,True,True,True,True,
repeat=2|base=k7_color7|variant=perm_seed1734,2,k7_color7,perm_seed1734,1,1,SATISFIABLE,SATISFIABLE,True,True,38,38,0,0,0.000726,0.000707,-1.9000000000000028e-05,True,True,True,True,True,
repeat=2|base=k7_color7|variant=perm_seed1735,2,k7_color7,perm_seed1735,1,1,SATISFIABLE,SATISFIABLE,True,True,43,43,14,14,0.000698,0.0007,1.99999999999994e-06,True,True,True,True,True,
repeat=2|base=k7_color7|variant=perm_seed1736,2,k7_color7,perm_seed1736,1,1,SATISFIABLE,SATISFIABLE,True,True,38,38,5,5,0.000698,0.000699,9.999999999999159e-07,True,True,True,True,True,
repeat=2|base=k7_color7|variant=perm_seed1737,2,k7_color7,perm_seed1737,1,1,SATISFIABLE,SATISFIABLE,True,True,32,32,0,0,0.000679,0.000713,3.399999999999996e-05,True,True,True,True,True,
repeat=2|base=k7_color7|variant=perm_seed1738,2,k7_color7,perm_seed1738,1,1,SATISFIABLE,SATISFIABLE,True,True,33,33,0,0,0.000761,0.000747,-1.3999999999999907e-05,True,True,True,True,True,
repeat=2|base=k7_color7|variant=perm_seed1739,2,k7_color7,perm_seed1739,1,1,SATISFIABLE,SATISFIABLE,True,True,36,36,0,0,0.00068,0.000729,4.9e-05,True,True,True,True,True,
repeat=2|base=k7_color7|variant=perm_seed1740,2,k7_color7,perm_seed1740,1,1,SATISFIABLE,SATISFIABLE,True,True,32,32,0,0,0.000735,0.000707,-2.800000000000003e-05,True,True,True,True,True,
repeat=2|base=k7_color7|variant=perm_seed1741,2,k7_color7,perm_seed1741,1,1,SATISFIABLE,SATISFIABLE,True,True,36,36,1,1,0.000699,0.000763,6.400000000000004e-05,True,True,True,True,True,
repeat=2|base=k7_color7|variant=perm_seed1742,2,k7_color7,perm_seed1742,1,1,SATISFIABLE,SATISFIABLE,True,True,39,39,3,3,0.000741,0.000731,-1.0000000000000026e-05,True,True,True,True,True,
repeat=2|base=k7_color7|variant=perm_seed1743,2,k7_color7,perm_seed1743,1,1,SATISFIABLE,SATISFIABLE,True,True,43,43,9,9,0.000756,0.000716,-4.0000000000000105e-05,True,True,True,True,True,
repeat=2|base=k7_color7|variant=perm_seed1744,2,k7_color7,perm_seed1744,1,1,SATISFIABLE,SATISFIABLE,True,True,38,38,0,0,0.000702,0.000709,6.999999999999953e-06,True,True,True,True,True,
repeat=2|base=k7_color7|variant=perm_seed1745,2,k7_color7,perm_seed1745,1,1,SATISFIABLE,SATISFIABLE,True,True,35,35,2,2,0.000718,0.000677,-4.100000000000002e-05,True,True,True,True,True,
repeat=2|base=k8_color7|variant=base,2,k8_color7,base,1,1,UNSATISFIABLE,UNSATISFIABLE,True,True,6158,6158,5600,5600,0.019661,0.01967,8.999999999998592e-06,True,True,True,True,True,
repeat=2|base=k8_color7|variant=perm_seed1730,2,k8_color7,perm_seed1730,1,1,UNSATISFIABLE,UNSATISFIABLE,True,True,6138,6138,5624,5624,0.018742,0.018645,-9.700000000000333e-05,True,True,True,True,True,
repeat=2|base=k8_color7|variant=perm_seed1731,2,k8_color7,perm_seed1731,1,1,UNSATISFIABLE,UNSATISFIABLE,True,True,5800,5800,5271,5271,0.014543,0.014295,-0.00024799999999999996,True,True,True,True,True,
repeat=2|base=k8_color7|variant=perm_seed1732,2,k8_color7,perm_seed1732,1,1,UNSATISFIABLE,UNSATISFIABLE,True,True,5924,5924,5469,5469,0.020721,0.018517,-0.002204000000000001,True,True,True,True,True,
repeat=2|base=k8_color7|variant=perm_seed1733,2,k8_color7,perm_seed1733,1,1,UNSATISFIABLE,UNSATISFIABLE,True,True,5998,5998,5468,5468,0.016621,0.017059,0.0004380000000000009,True,True,True,True,True,
repeat=2|base=k8_color7|variant=perm_seed1734,2,k8_color7,perm_seed1734,1,1,UNSATISFIABLE,UNSATISFIABLE,True,True,6065,6065,5514,5514,0.016472,0.017224,0.0007519999999999992,True,True,True,True,True,
repeat=2|base=k8_color7|variant=perm_seed1735,2,k8_color7,perm_seed1735,1,1,UNSATISFIABLE,UNSATISFIABLE,True,True,6386,6386,5811,5811,0.017379,0.01759,0.00021100000000000285,True,True,True,True,True,
repeat=2|base=k8_color7|variant=perm_seed1736,2,k8_color7,perm_seed1736,1,1,UNSATISFIABLE,UNSATISFIABLE,True,True,6265,6265,5729,5729,0.018316,0.017429,-0.0008869999999999989,True,True,True,True,True,
repeat=2|base=k8_color7|variant=perm_seed1737,2,k8_color7,perm_seed1737,1,1,UNSATISFIABLE,UNSATISFIABLE,True,True,5646,5646,5224,5224,0.017975,0.01867,0.0006949999999999977,True,True,True,True,True,
repeat=2|base=k8_color7|variant=perm_seed1738,2,k8_color7,perm_seed1738,1,1,UNSATISFIABLE,UNSATISFIABLE,True,True,5875,5875,5336,5336,0.016062,0.016133,7.100000000000162e-05,True,True,True,True,True,
repeat=2|base=k8_color7|variant=perm_seed1739,2,k8_color7,perm_seed1739,1,1,UNSATISFIABLE,UNSATISFIABLE,True,True,6199,6199,5714,5714,0.019324,0.019591,0.0002669999999999999,True,True,True,True,True,
repeat=2|base=k8_color7|variant=perm_seed1740,2,k8_color7,perm_seed1740,1,1,UNSATISFIABLE,UNSATISFIABLE,True,True,5664,5664,5199,5199,0.017367,0.018196,0.0008289999999999999,True,True,True,True,True,
repeat=2|base=k8_color7|variant=perm_seed1741,2,k8_color7,perm_seed1741,1,1,UNSATISFIABLE,UNSATISFIABLE,True,True,6125,6125,5545,5545,0.018969,0.019625,0.0006560000000000003,True,True,True,True,True,
repeat=2|base=k8_color7|variant=perm_seed1742,2,k8_color7,perm_seed1742,1,1,UNSATISFIABLE,UNSATISFIABLE,True,True,5850,5850,5407,5407,0.018828,0.023431,0.0046029999999999995,True,True,True,True,True,
repeat=2|base=k8_color7|variant=perm_seed1743,2,k8_color7,perm_seed1743,1,1,UNSATISFIABLE,UNSATISFIABLE,True,True,6238,6238,5695,5695,0.020265,0.018389,-0.0018759999999999992,True,True,True,True,True,
repeat=2|base=k8_color7|variant=perm_seed1744,2,k8_color7,perm_seed1744,1,1,UNSATISFIABLE,UNSATISFIABLE,True,True,6140,6140,5609,5609,0.018415,0.018562,0.00014699999999999783,True,True,True,True,True,
repeat=2|base=k8_color7|variant=perm_seed1745,2,k8_color7,perm_seed1745,1,1,UNSATISFIABLE,UNSATISFIABLE,True,True,5774,5774,5262,5262,0.021188,0.018636,-0.0025519999999999987,True,True,True,True,True,
repeat=2|base=k9_color8|variant=base,2,k9_color8,base,1,1,UNSATISFIABLE,UNSATISFIABLE,True,True,46557,46557,43529,43529,0.261447,0.255147,-0.006299999999999972,True,True,True,True,True,
repeat=2|base=k9_color8|variant=perm_seed1730,2,k9_color8,perm_seed1730,1,1,UNSATISFIABLE,UNSATISFIABLE,True,True,39708,39708,36681,36681,0.179645,0.179541,-0.00010399999999999299,True,True,True,True,True,
repeat=2|base=k9_color8|variant=perm_seed1731,2,k9_color8,perm_seed1731,1,1,UNSATISFIABLE,UNSATISFIABLE,True,True,47177,47177,43763,43763,0.252001,0.234355,-0.017645999999999967,True,True,True,True,True,
repeat=2|base=php_exit_all_p10_h9|variant=base,2,php_exit_all_p10_h9,base,1,1,SATISFIABLE,SATISFIABLE,True,True,47,47,0,0,0.00092,0.001533,0.000613,True,True,True,True,True,
repeat=2|base=php_exit_all_p10_h9|variant=perm_seed1730,2,php_exit_all_p10_h9,perm_seed1730,1,1,SATISFIABLE,SATISFIABLE,True,True,82,82,5,5,0.000989,0.001077,8.799999999999997e-05,True,True,True,True,True,
repeat=2|base=php_exit_all_p10_h9|variant=perm_seed1731,2,php_exit_all_p10_h9,perm_seed1731,1,1,SATISFIABLE,SATISFIABLE,True,True,70,70,1,1,0.00131,0.001202,-0.00010800000000000002,True,True,True,True,True,
repeat=2|base=php_exit_all_p10_h9|variant=perm_seed1732,2,php_exit_all_p10_h9,perm_seed1732,1,1,SATISFIABLE,SATISFIABLE,True,True,77,77,2,2,0.001007,0.001047,3.999999999999989e-05,True,True,True,True,True,
repeat=2|base=php_exit_all_p10_h9|variant=perm_seed1733,2,php_exit_all_p10_h9,perm_seed1733,1,1,SATISFIABLE,SATISFIABLE,True,True,75,75,1,1,0.00101,0.001129,0.00011899999999999997,True,True,True,True,True,
repeat=2|base=php_exit_all_p10_h9|variant=perm_seed1734,2,php_exit_all_p10_h9,perm_seed1734,1,1,SATISFIABLE,SATISFIABLE,True,True,77,77,7,7,0.00108,0.000991,-8.90000000000001e-05,True,True,True,True,True,
repeat=2|base=php_exit_all_p10_h9|variant=perm_seed1735,2,php_exit_all_p10_h9,perm_seed1735,1,1,SATISFIABLE,SATISFIABLE,True,True,91,91,17,17,0.000997,0.001006,8.999999999999894e-06,True,True,True,True,True,
repeat=2|base=php_exit_all_p10_h9|variant=perm_seed1736,2,php_exit_all_p10_h9,perm_seed1736,1,1,SATISFIABLE,SATISFIABLE,True,True,71,71,1,1,0.000941,0.000958,1.699999999999998e-05,True,True,True,True,True,
repeat=2|base=php_exit_all_p10_h9|variant=perm_seed1737,2,php_exit_all_p10_h9,perm_seed1737,1,1,SATISFIABLE,SATISFIABLE,True,True,79,79,1,1,0.000994,0.00103,3.600000000000001e-05,True,True,True,True,True,
repeat=2|base=php_exit_all_p10_h9|variant=perm_seed1738,2,php_exit_all_p10_h9,perm_seed1738,1,1,SATISFIABLE,SATISFIABLE,True,True,144,144,62,62,0.001089,0.001065,-2.3999999999999933e-05,True,True,True,True,True,
repeat=2|base=php_exit_all_p10_h9|variant=perm_seed1739,2,php_exit_all_p10_h9,perm_seed1739,1,1,SATISFIABLE,SATISFIABLE,True,True,71,71,1,1,0.000978,0.001251,0.000273,True,True,True,True,True,
repeat=2|base=php_exit_all_p10_h9|variant=perm_seed1740,2,php_exit_all_p10_h9,perm_seed1740,1,1,SATISFIABLE,SATISFIABLE,True,True,64,64,0,0,0.000956,0.001028,7.200000000000002e-05,True,True,True,True,True,
repeat=2|base=php_exit_all_p10_h9|variant=perm_seed1741,2,php_exit_all_p10_h9,perm_seed1741,1,1,SATISFIABLE,SATISFIABLE,True,True,69,69,0,0,0.000967,0.000987,2.0000000000000052e-05,True,True,True,True,True,
repeat=2|base=php_exit_all_p10_h9|variant=perm_seed1742,2,php_exit_all_p10_h9,perm_seed1742,1,1,SATISFIABLE,SATISFIABLE,True,True,89,89,17,17,0.000957,0.001039,8.200000000000004e-05,True,True,True,True,True,
repeat=2|base=php_exit_all_p10_h9|variant=perm_seed1743,2,php_exit_all_p10_h9,perm_seed1743,1,1,SATISFIABLE,SATISFIABLE,True,True,211,211,131,131,0.001263,0.001378,0.00011500000000000008,True,True,True,True,True,
repeat=2|base=php_exit_all_p10_h9|variant=perm_seed1744,2,php_exit_all_p10_h9,perm_seed1744,1,1,SATISFIABLE,SATISFIABLE,True,True,123,123,48,48,0.001113,0.001179,6.599999999999987e-05,True,True,True,True,True,
repeat=2|base=php_exit_all_p10_h9|variant=perm_seed1745,2,php_exit_all_p10_h9,perm_seed1745,1,1,SATISFIABLE,SATISFIABLE,True,True,146,146,71,71,0.001118,0.001204,8.599999999999992e-05,True,True,True,True,True,
repeat=2|base=php_exit_all_p5_h4|variant=base,2,php_exit_all_p5_h4,base,1,1,SATISFIABLE,SATISFIABLE,True,True,12,12,0,0,0.000672,0.000687,1.500000000000004e-05,True,True,True,True,True,
repeat=2|base=php_exit_all_p5_h4|variant=perm_seed1730,2,php_exit_all_p5_h4,perm_seed1730,1,1,SATISFIABLE,SATISFIABLE,True,True,12,12,0,0,0.000645,0.000648,3.000000000000073e-06,True,True,True,True,True,
repeat=2|base=php_exit_all_p5_h4|variant=perm_seed1731,2,php_exit_all_p5_h4,perm_seed1731,1,1,SATISFIABLE,SATISFIABLE,True,True,16,16,1,1,0.000635,0.000642,6.999999999999953e-06,True,True,True,True,True,
repeat=2|base=php_exit_all_p6_h5|variant=base,2,php_exit_all_p6_h5,base,1,1,SATISFIABLE,SATISFIABLE,True,True,17,17,0,0,0.000706,0.000688,-1.8000000000000004e-05,True,True,True,True,True,
repeat=2|base=php_exit_all_p6_h5|variant=perm_seed1730,2,php_exit_all_p6_h5,perm_seed1730,1,1,SATISFIABLE,SATISFIABLE,True,True,23,23,0,0,0.000624,0.000651,2.7000000000000006e-05,True,True,True,True,True,
repeat=2|base=php_exit_all_p6_h5|variant=perm_seed1731,2,php_exit_all_p6_h5,perm_seed1731,1,1,SATISFIABLE,SATISFIABLE,True,True,21,21,0,0,0.000668,0.000673,5.000000000000013e-06,True,True,True,True,True,
repeat=2|base=php_exit_all_p6_h5|variant=perm_seed1732,2,php_exit_all_p6_h5,perm_seed1732,1,1,SATISFIABLE,SATISFIABLE,True,True,26,26,3,3,0.000648,0.000681,3.2999999999999935e-05,True,True,True,True,True,
repeat=2|base=php_exit_all_p6_h5|variant=perm_seed1733,2,php_exit_all_p6_h5,perm_seed1733,1,1,SATISFIABLE,SATISFIABLE,True,True,22,22,0,0,0.00067,0.000845,0.00017500000000000003,True,True,True,True,True,
repeat=2|base=php_exit_all_p6_h5|variant=perm_seed1734,2,php_exit_all_p6_h5,perm_seed1734,1,1,SATISFIABLE,SATISFIABLE,True,True,21,21,1,1,0.000619,0.000733,0.00011400000000000006,True,True,True,True,True,
repeat=2|base=php_exit_all_p6_h5|variant=perm_seed1735,2,php_exit_all_p6_h5,perm_seed1735,1,1,SATISFIABLE,SATISFIABLE,True,True,24,24,1,1,0.000718,0.000708,-1.0000000000000026e-05,True,True,True,True,True,
repeat=2|base=php_exit_all_p6_h5|variant=perm_seed1736,2,php_exit_all_p6_h5,perm_seed1736,1,1,SATISFIABLE,SATISFIABLE,True,True,26,26,2,2,0.000651,0.000669,1.8000000000000004e-05,True,True,True,True,True,
repeat=2|base=php_exit_all_p6_h5|variant=perm_seed1737,2,php_exit_all_p6_h5,perm_seed1737,1,1,SATISFIABLE,SATISFIABLE,True,True,21,21,0,0,0.000627,0.000641,1.4000000000000015e-05,True,True,True,True,True,
repeat=2|base=php_exit_all_p6_h5|variant=perm_seed1738,2,php_exit_all_p6_h5,perm_seed1738,1,1,SATISFIABLE,SATISFIABLE,True,True,22,22,2,2,0.000675,0.000671,-3.999999999999989e-06,True,True,True,True,True,
repeat=2|base=php_exit_all_p6_h5|variant=perm_seed1739,2,php_exit_all_p6_h5,perm_seed1739,1,1,SATISFIABLE,SATISFIABLE,True,True,21,21,0,0,0.000632,0.000687,5.5000000000000036e-05,True,True,True,True,True,
repeat=2|base=php_exit_all_p6_h5|variant=perm_seed1740,2,php_exit_all_p6_h5,perm_seed1740,1,1,SATISFIABLE,SATISFIABLE,True,True,21,21,0,0,0.000649,0.000794,0.00014500000000000006,True,True,True,True,True,
repeat=2|base=php_exit_all_p6_h5|variant=perm_seed1741,2,php_exit_all_p6_h5,perm_seed1741,1,1,SATISFIABLE,SATISFIABLE,True,True,25,25,3,3,0.000643,0.0007,5.6999999999999976e-05,True,True,True,True,True,
repeat=2|base=php_exit_all_p6_h5|variant=perm_seed1742,2,php_exit_all_p6_h5,perm_seed1742,1,1,SATISFIABLE,SATISFIABLE,True,True,25,25,1,1,0.000673,0.000648,-2.4999999999999957e-05,True,True,True,True,True,
repeat=2|base=php_exit_all_p6_h5|variant=perm_seed1743,2,php_exit_all_p6_h5,perm_seed1743,1,1,SATISFIABLE,SATISFIABLE,True,True,61,61,37,37,0.000714,0.000677,-3.700000000000003e-05,True,True,True,True,True,
repeat=2|base=php_exit_all_p6_h5|variant=perm_seed1744,2,php_exit_all_p6_h5,perm_seed1744,1,1,SATISFIABLE,SATISFIABLE,True,True,22,22,0,0,0.000634,0.000665,3.0999999999999995e-05,True,True,True,True,True,
repeat=2|base=php_exit_all_p6_h5|variant=perm_seed1745,2,php_exit_all_p6_h5,perm_seed1745,1,1,SATISFIABLE,SATISFIABLE,True,True,20,20,0,0,0.000622,0.000654,3.199999999999991e-05,True,True,True,True,True,
repeat=2|base=php_exit_all_p7_h6|variant=base,2,php_exit_all_p7_h6,base,1,1,SATISFIABLE,SATISFIABLE,True,True,23,23,0,0,0.000662,0.000799,0.00013699999999999997,True,True,True,True,True,
repeat=2|base=php_exit_all_p7_h6|variant=perm_seed1730,2,php_exit_all_p7_h6,perm_seed1730,1,1,SATISFIABLE,SATISFIABLE,True,True,39,39,12,12,0.000782,0.000733,-4.9e-05,True,True,True,True,True,
repeat=2|base=php_exit_all_p7_h6|variant=perm_seed1731,2,php_exit_all_p7_h6,perm_seed1731,1,1,SATISFIABLE,SATISFIABLE,True,True,37,37,2,2,0.000699,0.000708,9.000000000000002e-06,True,True,True,True,True,
repeat=2|base=php_exit_all_p7_h6|variant=perm_seed1732,2,php_exit_all_p7_h6,perm_seed1732,1,1,SATISFIABLE,SATISFIABLE,True,True,41,41,8,8,0.000729,0.000747,1.8000000000000004e-05,True,True,True,True,True,
repeat=2|base=php_exit_all_p7_h6|variant=perm_seed1733,2,php_exit_all_p7_h6,perm_seed1733,1,1,SATISFIABLE,SATISFIABLE,True,True,35,35,1,1,0.000671,0.0007,2.8999999999999946e-05,True,True,True,True,True,
repeat=2|base=php_exit_all_p7_h6|variant=perm_seed1734,2,php_exit_all_p7_h6,perm_seed1734,1,1,SATISFIABLE,SATISFIABLE,True,True,41,41,6,6,0.000701,0.000729,2.800000000000003e-05,True,True,True,True,True,
repeat=2|base=php_exit_all_p7_h6|variant=perm_seed1735,2,php_exit_all_p7_h6,perm_seed1735,1,1,SATISFIABLE,SATISFIABLE,True,True,32,32,0,0,0.00067,0.000706,3.600000000000001e-05,True,True,True,True,True,
repeat=2|base=php_exit_all_p7_h6|variant=perm_seed1736,2,php_exit_all_p7_h6,perm_seed1736,1,1,SATISFIABLE,SATISFIABLE,True,True,33,33,1,1,0.000692,0.00069,-2.0000000000000486e-06,True,True,True,True,True,
repeat=2|base=php_exit_all_p7_h6|variant=perm_seed1737,2,php_exit_all_p7_h6,perm_seed1737,1,1,SATISFIABLE,SATISFIABLE,True,True,37,37,1,1,0.00069,0.000715,2.5000000000000066e-05,True,True,True,True,True,
repeat=2|base=php_exit_all_p7_h6|variant=perm_seed1738,2,php_exit_all_p7_h6,perm_seed1738,1,1,SATISFIABLE,SATISFIABLE,True,True,66,66,41,41,0.000713,0.000743,2.999999999999997e-05,True,True,True,True,True,
repeat=2|base=php_exit_all_p7_h6|variant=perm_seed1739,2,php_exit_all_p7_h6,perm_seed1739,1,1,SATISFIABLE,SATISFIABLE,True,True,34,34,1,1,0.00071,0.000699,-1.100000000000005e-05,True,True,True,True,True,
repeat=2|base=php_exit_all_p7_h6|variant=perm_seed1740,2,php_exit_all_p7_h6,perm_seed1740,1,1,SATISFIABLE,SATISFIABLE,True,True,29,29,0,0,0.000667,0.000709,4.2000000000000045e-05,True,True,True,True,True,
repeat=2|base=php_exit_all_p7_h6|variant=perm_seed1741,2,php_exit_all_p7_h6,perm_seed1741,1,1,SATISFIABLE,SATISFIABLE,True,True,32,32,0,0,0.000686,0.0007,1.4000000000000015e-05,True,True,True,True,True,
repeat=2|base=php_exit_all_p7_h6|variant=perm_seed1742,2,php_exit_all_p7_h6,perm_seed1742,1,1,SATISFIABLE,SATISFIABLE,True,True,35,35,3,3,0.000677,0.000808,0.00013100000000000004,True,True,True,True,True,
repeat=2|base=php_exit_all_p7_h6|variant=perm_seed1743,2,php_exit_all_p7_h6,perm_seed1743,1,1,SATISFIABLE,SATISFIABLE,True,True,33,33,0,0,0.000684,0.000723,3.899999999999997e-05,True,True,True,True,True,
repeat=2|base=php_exit_all_p7_h6|variant=perm_seed1744,2,php_exit_all_p7_h6,perm_seed1744,1,1,SATISFIABLE,SATISFIABLE,True,True,36,36,4,4,0.000755,0.000828,7.299999999999993e-05,True,True,True,True,True,
repeat=2|base=php_exit_all_p7_h6|variant=perm_seed1745,2,php_exit_all_p7_h6,perm_seed1745,1,1,SATISFIABLE,SATISFIABLE,True,True,29,29,0,0,0.000751,0.000746,-5.000000000000013e-06,True,True,True,True,True,
repeat=2|base=php_exit_all_p8_h7|variant=base,2,php_exit_all_p8_h7,base,1,1,SATISFIABLE,SATISFIABLE,True,True,30,30,0,0,0.000777,0.000832,5.499999999999993e-05,True,True,True,True,True,
repeat=2|base=php_exit_all_p8_h7|variant=perm_seed1730,2,php_exit_all_p8_h7,perm_seed1730,1,1,SATISFIABLE,SATISFIABLE,True,True,39,39,0,0,0.000781,0.000885,0.00010400000000000003,True,True,True,True,True,
repeat=2|base=php_exit_all_p8_h7|variant=perm_seed1731,2,php_exit_all_p8_h7,perm_seed1731,1,1,SATISFIABLE,SATISFIABLE,True,True,56,56,7,7,0.000833,0.000851,1.8000000000000004e-05,True,True,True,True,True,
repeat=2|base=php_exit_all_p8_h7|variant=perm_seed1732,2,php_exit_all_p8_h7,perm_seed1732,1,1,SATISFIABLE,SATISFIABLE,True,True,38,38,0,0,0.00092,0.00103,0.00011000000000000007,True,True,True,True,True,
repeat=2|base=php_exit_all_p8_h7|variant=perm_seed1733,2,php_exit_all_p8_h7,perm_seed1733,1,1,SATISFIABLE,SATISFIABLE,True,True,44,44,3,3,0.000865,0.000838,-2.7000000000000006e-05,True,True,True,True,True,
repeat=2|base=php_exit_all_p8_h7|variant=perm_seed1734,2,php_exit_all_p8_h7,perm_seed1734,1,1,SATISFIABLE,SATISFIABLE,True,True,37,37,1,1,0.000778,0.000782,3.999999999999989e-06,True,True,True,True,True,
repeat=2|base=php_exit_all_p8_h7|variant=perm_seed1735,2,php_exit_all_p8_h7,perm_seed1735,1,1,SATISFIABLE,SATISFIABLE,True,True,65,65,23,23,0.00088,0.000857,-2.3000000000000017e-05,True,True,True,True,True,
repeat=2|base=php_exit_all_p8_h7|variant=perm_seed1736,2,php_exit_all_p8_h7,perm_seed1736,1,1,SATISFIABLE,SATISFIABLE,True,True,42,42,0,0,0.000984,0.000912,-7.200000000000002e-05,True,True,True,True,True,
repeat=2|base=php_exit_all_p8_h7|variant=perm_seed1737,2,php_exit_all_p8_h7,perm_seed1737,1,1,SATISFIABLE,SATISFIABLE,True,True,46,46,1,1,0.000886,0.000879,-6.999999999999953e-06,True,True,True,True,True,
repeat=2|base=php_exit_all_p8_h7|variant=perm_seed1738,2,php_exit_all_p8_h7,perm_seed1738,1,1,SATISFIABLE,SATISFIABLE,True,True,44,44,3,3,0.000825,0.000809,-1.5999999999999955e-05,True,True,True,True,True,
repeat=2|base=php_exit_all_p8_h7|variant=perm_seed1739,2,php_exit_all_p8_h7,perm_seed1739,1,1,SATISFIABLE,SATISFIABLE,True,True,95,95,60,60,0.00089,0.00095,6.000000000000005e-05,True,True,True,True,True,
repeat=2|base=php_exit_all_p8_h7|variant=perm_seed1740,2,php_exit_all_p8_h7,perm_seed1740,1,1,SATISFIABLE,SATISFIABLE,True,True,47,47,1,1,0.000798,0.000848,5.000000000000002e-05,True,True,True,True,True,
repeat=2|base=php_exit_all_p8_h7|variant=perm_seed1741,2,php_exit_all_p8_h7,perm_seed1741,1,1,SATISFIABLE,SATISFIABLE,True,True,226,226,173,173,0.001099,0.001215,0.000116,True,True,True,True,True,
repeat=2|base=php_exit_all_p8_h7|variant=perm_seed1742,2,php_exit_all_p8_h7,perm_seed1742,1,1,SATISFIABLE,SATISFIABLE,True,True,49,49,1,1,0.000876,0.000891,1.4999999999999931e-05,True,True,True,True,True,
repeat=2|base=php_exit_all_p8_h7|variant=perm_seed1743,2,php_exit_all_p8_h7,perm_seed1743,1,1,SATISFIABLE,SATISFIABLE,True,True,70,70,26,26,0.000834,0.00084,6.000000000000037e-06,True,True,True,True,True,
repeat=2|base=php_exit_all_p8_h7|variant=perm_seed1744,2,php_exit_all_p8_h7,perm_seed1744,1,1,SATISFIABLE,SATISFIABLE,True,True,40,40,0,0,0.000811,0.000763,-4.7999999999999974e-05,True,True,True,True,True,
repeat=2|base=php_exit_all_p8_h7|variant=perm_seed1745,2,php_exit_all_p8_h7,perm_seed1745,1,1,SATISFIABLE,SATISFIABLE,True,True,41,41,0,0,0.000769,0.000792,2.299999999999991e-05,True,True,True,True,True,
repeat=2|base=php_exit_all_p9_h8|variant=base,2,php_exit_all_p9_h8,base,1,1,SATISFIABLE,SATISFIABLE,True,True,38,38,0,0,0.000838,0.000878,3.9999999999999996e-05,True,True,True,True,True,
repeat=2|base=php_exit_all_p9_h8|variant=perm_seed1730,2,php_exit_all_p9_h8,perm_seed1730,1,1,SATISFIABLE,SATISFIABLE,True,True,50,50,0,0,0.000856,0.000931,7.499999999999998e-05,True,True,True,True,True,
repeat=2|base=php_exit_all_p9_h8|variant=perm_seed1731,2,php_exit_all_p9_h8,perm_seed1731,1,1,SATISFIABLE,SATISFIABLE,True,True,58,58,1,1,0.000868,0.000951,8.300000000000007e-05,True,True,True,True,True,
repeat=2|base=php_exit_all_p9_h8|variant=perm_seed1732,2,php_exit_all_p9_h8,perm_seed1732,1,1,SATISFIABLE,SATISFIABLE,True,True,283,283,217,217,0.001293,0.001414,0.0001209999999999998,True,True,True,True,True,
repeat=2|base=php_exit_all_p9_h8|variant=perm_seed1733,2,php_exit_all_p9_h8,perm_seed1733,1,1,SATISFIABLE,SATISFIABLE,True,True,136,136,79,79,0.001016,0.001016,0.0,True,True,True,True,True,
repeat=2|base=php_exit_all_p9_h8|variant=perm_seed1734,2,php_exit_all_p9_h8,perm_seed1734,1,1,SATISFIABLE,SATISFIABLE,True,True,61,61,1,1,0.000836,0.000841,4.999999999999905e-06,True,True,True,True,True,
repeat=2|base=php_exit_all_p9_h8|variant=perm_seed1735,2,php_exit_all_p9_h8,perm_seed1735,1,1,SATISFIABLE,SATISFIABLE,True,True,79,79,18,18,0.000875,0.000881,5.999999999999929e-06,True,True,True,True,True,
repeat=2|base=php_exit_all_p9_h8|variant=perm_seed1736,2,php_exit_all_p9_h8,perm_seed1736,1,1,SATISFIABLE,SATISFIABLE,True,True,54,54,0,0,0.000861,0.000848,-1.299999999999999e-05,True,True,True,True,True,
repeat=2|base=php_exit_all_p9_h8|variant=perm_seed1737,2,php_exit_all_p9_h8,perm_seed1737,1,1,SATISFIABLE,SATISFIABLE,True,True,82,82,20,20,0.000911,0.000961,5.000000000000002e-05,True,True,True,True,True,
repeat=2|base=php_exit_all_p9_h8|variant=perm_seed1738,2,php_exit_all_p9_h8,perm_seed1738,1,1,SATISFIABLE,SATISFIABLE,True,True,356,356,279,279,0.001407,0.001465,5.799999999999989e-05,True,True,True,True,True,
repeat=2|base=php_exit_all_p9_h8|variant=perm_seed1739,2,php_exit_all_p9_h8,perm_seed1739,1,1,SATISFIABLE,SATISFIABLE,True,True,61,61,4,4,0.000915,0.000994,7.900000000000008e-05,True,True,True,True,True,
repeat=2|base=php_exit_all_p9_h8|variant=perm_seed1740,2,php_exit_all_p9_h8,perm_seed1740,1,1,SATISFIABLE,SATISFIABLE,True,True,60,60,2,2,0.000862,0.000914,5.199999999999996e-05,True,True,True,True,True,
repeat=2|base=php_exit_all_p9_h8|variant=perm_seed1741,2,php_exit_all_p9_h8,perm_seed1741,1,1,SATISFIABLE,SATISFIABLE,True,True,63,63,6,6,0.000837,0.00092,8.300000000000007e-05,True,True,True,True,True,
repeat=2|base=php_exit_all_p9_h8|variant=perm_seed1742,2,php_exit_all_p9_h8,perm_seed1742,1,1,SATISFIABLE,SATISFIABLE,True,True,57,57,1,1,0.00084,0.000958,0.00011799999999999994,True,True,True,True,True,
repeat=2|base=php_exit_all_p9_h8|variant=perm_seed1743,2,php_exit_all_p9_h8,perm_seed1743,1,1,SATISFIABLE,SATISFIABLE,True,True,60,60,2,2,0.000902,0.000915,1.299999999999999e-05,True,True,True,True,True,
repeat=2|base=php_exit_all_p9_h8|variant=perm_seed1744,2,php_exit_all_p9_h8,perm_seed1744,1,1,SATISFIABLE,SATISFIABLE,True,True,55,55,0,0,0.000878,0.000892,1.4000000000000015e-05,True,True,True,True,True,
repeat=2|base=php_exit_all_p9_h8|variant=perm_seed1745,2,php_exit_all_p9_h8,perm_seed1745,1,1,SATISFIABLE,SATISFIABLE,True,True,59,59,1,1,0.000876,0.000887,1.0999999999999942e-05,True,True,True,True,True,
repeat=2|base=php_exit_single_p10_h9|variant=base,2,php_exit_single_p10_h9,base,1,1,SATISFIABLE,SATISFIABLE,True,True,38,38,0,0,0.000853,0.000942,8.9e-05,True,True,True,True,True,
repeat=2|base=php_exit_single_p10_h9|variant=perm_seed1730,2,php_exit_single_p10_h9,perm_seed1730,1,1,SATISFIABLE,SATISFIABLE,True,True,63,63,0,0,0.000835,0.000901,6.599999999999998e-05,True,True,True,True,True,
repeat=2|base=php_exit_single_p10_h9|variant=perm_seed1731,2,php_exit_single_p10_h9,perm_seed1731,1,1,SATISFIABLE,SATISFIABLE,True,True,64,64,0,0,0.000833,0.000874,4.100000000000002e-05,True,True,True,True,True,
repeat=2|base=php_exit_single_p10_h9|variant=perm_seed1732,2,php_exit_single_p10_h9,perm_seed1732,1,1,SATISFIABLE,SATISFIABLE,True,True,82,82,22,22,0.0009,0.000944,4.3999999999999985e-05,True,True,True,True,True,
repeat=2|base=php_exit_single_p10_h9|variant=perm_seed1733,2,php_exit_single_p10_h9,perm_seed1733,1,1,SATISFIABLE,SATISFIABLE,True,True,59,59,1,1,0.000912,0.0009,-1.2000000000000075e-05,True,True,True,True,True,
repeat=2|base=php_exit_single_p10_h9|variant=perm_seed1734,2,php_exit_single_p10_h9,perm_seed1734,1,1,SATISFIABLE,SATISFIABLE,True,True,65,65,1,1,0.000886,0.000886,0.0,True,True,True,True,True,
repeat=2|base=php_exit_single_p10_h9|variant=perm_seed1735,2,php_exit_single_p10_h9,perm_seed1735,1,1,SATISFIABLE,SATISFIABLE,True,True,181,181,104,104,0.001049,0.001068,1.899999999999992e-05,True,True,True,True,True,
repeat=2|base=php_exit_single_p10_h9|variant=perm_seed1736,2,php_exit_single_p10_h9,perm_seed1736,1,1,SATISFIABLE,SATISFIABLE,True,True,62,62,0,0,0.000871,0.000934,6.300000000000001e-05,True,True,True,True,True,
repeat=2|base=php_exit_single_p10_h9|variant=perm_seed1737,2,php_exit_single_p10_h9,perm_seed1737,1,1,SATISFIABLE,SATISFIABLE,True,True,107,107,39,39,0.001016,0.000954,-6.199999999999999e-05,True,True,True,True,True,
repeat=2|base=php_exit_single_p10_h9|variant=perm_seed1738,2,php_exit_single_p10_h9,perm_seed1738,1,1,SATISFIABLE,SATISFIABLE,True,True,67,67,7,7,0.000899,0.000871,-2.799999999999992e-05,True,True,True,True,True,
repeat=2|base=php_exit_single_p10_h9|variant=perm_seed1739,2,php_exit_single_p10_h9,perm_seed1739,1,1,SATISFIABLE,SATISFIABLE,True,True,59,59,0,0,0.000831,0.000852,2.099999999999997e-05,True,True,True,True,True,
repeat=2|base=php_exit_single_p10_h9|variant=perm_seed1740,2,php_exit_single_p10_h9,perm_seed1740,1,1,SATISFIABLE,SATISFIABLE,True,True,60,60,6,6,0.000909,0.000895,-1.4000000000000015e-05,True,True,True,True,True,
repeat=2|base=php_exit_single_p10_h9|variant=perm_seed1741,2,php_exit_single_p10_h9,perm_seed1741,1,1,SATISFIABLE,SATISFIABLE,True,True,59,59,1,1,0.000877,0.000935,5.8e-05,True,True,True,True,True,
repeat=2|base=php_exit_single_p10_h9|variant=perm_seed1742,2,php_exit_single_p10_h9,perm_seed1742,1,1,SATISFIABLE,SATISFIABLE,True,True,64,64,2,2,0.000851,0.000898,4.700000000000006e-05,True,True,True,True,True,
repeat=2|base=php_exit_single_p10_h9|variant=perm_seed1743,2,php_exit_single_p10_h9,perm_seed1743,1,1,SATISFIABLE,SATISFIABLE,True,True,57,57,0,0,0.000825,0.000879,5.400000000000001e-05,True,True,True,True,True,
repeat=2|base=php_exit_single_p10_h9|variant=perm_seed1744,2,php_exit_single_p10_h9,perm_seed1744,1,1,SATISFIABLE,SATISFIABLE,True,True,54,54,0,0,0.000876,0.000856,-2.0000000000000052e-05,True,True,True,True,True,
repeat=2|base=php_exit_single_p10_h9|variant=perm_seed1745,2,php_exit_single_p10_h9,perm_seed1745,1,1,SATISFIABLE,SATISFIABLE,True,True,69,69,9,9,0.000949,0.000884,-6.499999999999995e-05,True,True,True,True,True,
repeat=2|base=php_exit_single_p11_h10|variant=base,2,php_exit_single_p11_h10,base,1,1,SATISFIABLE,SATISFIABLE,True,True,47,47,0,0,0.000899,0.001103,0.00020400000000000008,True,True,True,True,True,
repeat=2|base=php_exit_single_p11_h10|variant=perm_seed1730,2,php_exit_single_p11_h10,perm_seed1730,1,1,SATISFIABLE,SATISFIABLE,True,True,79,79,0,0,0.000939,0.000995,5.600000000000006e-05,True,True,True,True,True,
repeat=2|base=php_exit_single_p11_h10|variant=perm_seed1731,2,php_exit_single_p11_h10,perm_seed1731,1,1,SATISFIABLE,SATISFIABLE,True,True,77,77,0,0,0.00102,0.001011,-9.00000000000011e-06,True,True,True,True,True,
repeat=2|base=php_exit_single_p11_h10|variant=perm_seed1732,2,php_exit_single_p11_h10,perm_seed1732,1,1,SATISFIABLE,SATISFIABLE,True,True,89,89,12,12,0.001009,0.001003,-5.999999999999929e-06,True,True,True,True,True,
repeat=2|base=php_exit_single_p11_h10|variant=perm_seed1733,2,php_exit_single_p11_h10,perm_seed1733,1,1,SATISFIABLE,SATISFIABLE,True,True,79,79,0,0,0.001076,0.000952,-0.00012399999999999987,True,True,True,True,True,
repeat=2|base=php_exit_single_p11_h10|variant=perm_seed1734,2,php_exit_single_p11_h10,perm_seed1734,1,1,SATISFIABLE,SATISFIABLE,True,True,161,161,85,85,0.00114,0.001169,2.8999999999999946e-05,True,True,True,True,True,
repeat=2|base=php_exit_single_p11_h10|variant=perm_seed1735,2,php_exit_single_p11_h10,perm_seed1735,1,1,SATISFIABLE,SATISFIABLE,True,True,77,77,0,0,0.000963,0.001023,6.000000000000005e-05,True,True,True,True,True,
repeat=2|base=php_exit_single_p11_h10|variant=perm_seed1736,2,php_exit_single_p11_h10,perm_seed1736,1,1,SATISFIABLE,SATISFIABLE,True,True,87,87,9,9,0.000997,0.001009,1.1999999999999858e-05,True,True,True,True,True,
repeat=2|base=php_exit_single_p11_h10|variant=perm_seed1737,2,php_exit_single_p11_h10,perm_seed1737,1,1,SATISFIABLE,SATISFIABLE,True,True,72,72,0,0,0.001022,0.00107,4.800000000000008e-05,True,True,True,True,True,
repeat=2|base=php_exit_single_p11_h10|variant=perm_seed1738,2,php_exit_single_p11_h10,perm_seed1738,1,1,SATISFIABLE,SATISFIABLE,True,True,72,72,0,0,0.001013,0.001005,-7.999999999999978e-06,True,True,True,True,True,
repeat=2|base=php_exit_single_p11_h10|variant=perm_seed1739,2,php_exit_single_p11_h10,perm_seed1739,1,1,SATISFIABLE,SATISFIABLE,True,True,77,77,4,4,0.000986,0.00104,5.400000000000001e-05,True,True,True,True,True,
repeat=2|base=php_exit_single_p11_h10|variant=perm_seed1740,2,php_exit_single_p11_h10,perm_seed1740,1,1,SATISFIABLE,SATISFIABLE,True,True,92,92,15,15,0.000956,0.001077,0.00012100000000000001,True,True,True,True,True,
repeat=2|base=php_exit_single_p11_h10|variant=perm_seed1741,2,php_exit_single_p11_h10,perm_seed1741,1,1,SATISFIABLE,SATISFIABLE,True,True,78,78,2,2,0.001035,0.001055,2.0000000000000052e-05,True,True,True,True,True,
repeat=2|base=php_exit_single_p11_h10|variant=perm_seed1742,2,php_exit_single_p11_h10,perm_seed1742,1,1,SATISFIABLE,SATISFIABLE,True,True,72,72,0,0,0.000982,0.001017,3.4999999999999875e-05,True,True,True,True,True,
repeat=2|base=php_exit_single_p11_h10|variant=perm_seed1743,2,php_exit_single_p11_h10,perm_seed1743,1,1,SATISFIABLE,SATISFIABLE,True,True,77,77,0,0,0.001009,0.001034,2.5000000000000066e-05,True,True,True,True,True,
repeat=2|base=php_exit_single_p11_h10|variant=perm_seed1744,2,php_exit_single_p11_h10,perm_seed1744,1,1,SATISFIABLE,SATISFIABLE,True,True,73,73,0,0,0.001019,0.00112,0.00010099999999999996,True,True,True,True,True,
repeat=2|base=php_exit_single_p11_h10|variant=perm_seed1745,2,php_exit_single_p11_h10,perm_seed1745,1,1,SATISFIABLE,SATISFIABLE,True,True,81,81,2,2,0.000988,0.001057,6.900000000000005e-05,True,True,True,True,True,
repeat=2|base=php_exit_single_p12_h11|variant=base,2,php_exit_single_p12_h11,base,1,1,SATISFIABLE,SATISFIABLE,True,True,57,57,0,0,0.001055,0.001151,9.599999999999995e-05,True,True,True,True,True,
repeat=2|base=php_exit_single_p12_h11|variant=perm_seed1730,2,php_exit_single_p12_h11,perm_seed1730,1,1,SATISFIABLE,SATISFIABLE,True,True,101,101,1,1,0.001207,0.001131,-7.59999999999999e-05,True,True,True,True,True,
repeat=2|base=php_exit_single_p12_h11|variant=perm_seed1731,2,php_exit_single_p12_h11,perm_seed1731,1,1,SATISFIABLE,SATISFIABLE,True,True,98,98,1,1,0.001147,0.001167,2.0000000000000052e-05,True,True,True,True,True,
repeat=2|base=php_exit_single_p12_h11|variant=perm_seed1732,2,php_exit_single_p12_h11,perm_seed1732,1,1,SATISFIABLE,SATISFIABLE,True,True,112,112,22,22,0.001258,0.001234,-2.3999999999999933e-05,True,True,True,True,True,
repeat=2|base=php_exit_single_p12_h11|variant=perm_seed1733,2,php_exit_single_p12_h11,perm_seed1733,1,1,SATISFIABLE,SATISFIABLE,True,True,96,96,1,1,0.001281,0.001188,-9.299999999999998e-05,True,True,True,True,True,
repeat=2|base=php_exit_single_p12_h11|variant=perm_seed1734,2,php_exit_single_p12_h11,perm_seed1734,1,1,SATISFIABLE,SATISFIABLE,True,True,113,113,19,19,0.001194,0.001128,-6.599999999999987e-05,True,True,True,True,True,
repeat=2|base=php_exit_single_p12_h11|variant=perm_seed1735,2,php_exit_single_p12_h11,perm_seed1735,1,1,SATISFIABLE,SATISFIABLE,True,True,107,107,12,12,0.001146,0.001183,3.6999999999999924e-05,True,True,True,True,True,
repeat=2|base=php_exit_single_p12_h11|variant=perm_seed1736,2,php_exit_single_p12_h11,perm_seed1736,1,1,SATISFIABLE,SATISFIABLE,True,True,95,95,0,0,0.001076,0.001196,0.0001200000000000001,True,True,True,True,True,
repeat=2|base=php_exit_single_p12_h11|variant=perm_seed1737,2,php_exit_single_p12_h11,perm_seed1737,1,1,SATISFIABLE,SATISFIABLE,True,True,101,101,2,2,0.00119,0.001139,-5.100000000000005e-05,True,True,True,True,True,
repeat=2|base=php_exit_single_p12_h11|variant=perm_seed1738,2,php_exit_single_p12_h11,perm_seed1738,1,1,SATISFIABLE,SATISFIABLE,True,True,129,129,38,38,0.001222,0.001203,-1.899999999999992e-05,True,True,True,True,True,
repeat=2|base=php_exit_single_p12_h11|variant=perm_seed1739,2,php_exit_single_p12_h11,perm_seed1739,1,1,SATISFIABLE,SATISFIABLE,True,True,91,91,0,0,0.001151,0.001207,5.600000000000006e-05,True,True,True,True,True,
repeat=2|base=php_exit_single_p12_h11|variant=perm_seed1740,2,php_exit_single_p12_h11,perm_seed1740,1,1,SATISFIABLE,SATISFIABLE,True,True,97,97,0,0,0.00126,0.001177,-8.299999999999996e-05,True,True,True,True,True,
repeat=2|base=php_exit_single_p12_h11|variant=perm_seed1741,2,php_exit_single_p12_h11,perm_seed1741,1,1,SATISFIABLE,SATISFIABLE,True,True,89,89,0,0,0.001144,0.001246,0.00010199999999999988,True,True,True,True,True,
repeat=2|base=php_exit_single_p12_h11|variant=perm_seed1742,2,php_exit_single_p12_h11,perm_seed1742,1,1,SATISFIABLE,SATISFIABLE,True,True,96,96,9,9,0.001156,0.001182,2.6000000000000198e-05,True,True,True,True,True,
repeat=2|base=php_exit_single_p12_h11|variant=perm_seed1743,2,php_exit_single_p12_h11,perm_seed1743,1,1,SATISFIABLE,SATISFIABLE,True,True,94,94,1,1,0.001141,0.001255,0.00011399999999999995,True,True,True,True,True,
repeat=2|base=php_exit_single_p12_h11|variant=perm_seed1744,2,php_exit_single_p12_h11,perm_seed1744,1,1,SATISFIABLE,SATISFIABLE,True,True,95,95,1,1,0.001225,0.00123,5.000000000000013e-06,True,True,True,True,True,
repeat=2|base=php_exit_single_p12_h11|variant=perm_seed1745,2,php_exit_single_p12_h11,perm_seed1745,1,1,SATISFIABLE,SATISFIABLE,True,True,92,92,1,1,0.001155,0.001124,-3.0999999999999995e-05,True,True,True,True,True,
repeat=2|base=php_exit_single_p5_h4|variant=base,2,php_exit_single_p5_h4,base,1,1,SATISFIABLE,SATISFIABLE,True,True,1,1,0,0,0.0007,0.000641,-5.9000000000000025e-05,True,True,True,True,True,
repeat=2|base=php_exit_single_p5_h4|variant=perm_seed1730,2,php_exit_single_p5_h4,perm_seed1730,1,1,SATISFIABLE,SATISFIABLE,True,True,1,1,0,0,0.00077,0.000737,-3.2999999999999935e-05,True,True,True,True,True,
repeat=2|base=php_exit_single_p5_h4|variant=perm_seed1731,2,php_exit_single_p5_h4,perm_seed1731,1,1,SATISFIABLE,SATISFIABLE,True,True,1,1,0,0,0.000679,0.000679,0.0,True,True,True,True,True,
repeat=2|base=php_exit_single_p6_h5|variant=base,2,php_exit_single_p6_h5,base,1,1,SATISFIABLE,SATISFIABLE,True,True,12,12,0,0,0.000686,0.000682,-3.999999999999989e-06,True,True,True,True,True,
repeat=2|base=php_exit_single_p6_h5|variant=perm_seed1730,2,php_exit_single_p6_h5,perm_seed1730,1,1,SATISFIABLE,SATISFIABLE,True,True,18,18,0,0,0.000675,0.000684,9.000000000000002e-06,True,True,True,True,True,
repeat=2|base=php_exit_single_p6_h5|variant=perm_seed1731,2,php_exit_single_p6_h5,perm_seed1731,1,1,SATISFIABLE,SATISFIABLE,True,True,16,16,0,0,0.000624,0.000804,0.00018000000000000004,True,True,True,True,True,
repeat=2|base=php_exit_single_p6_h5|variant=perm_seed1732,2,php_exit_single_p6_h5,perm_seed1732,1,1,SATISFIABLE,SATISFIABLE,True,True,16,16,1,1,0.000658,0.000678,2.0000000000000052e-05,True,True,True,True,True,
repeat=2|base=php_exit_single_p6_h5|variant=perm_seed1733,2,php_exit_single_p6_h5,perm_seed1733,1,1,SATISFIABLE,SATISFIABLE,True,True,14,14,0,0,0.000654,0.000607,-4.699999999999995e-05,True,True,True,True,True,
repeat=2|base=php_exit_single_p6_h5|variant=perm_seed1734,2,php_exit_single_p6_h5,perm_seed1734,1,1,SATISFIABLE,SATISFIABLE,True,True,14,14,0,0,0.000628,0.00063,2.0000000000000486e-06,True,True,True,True,True,
repeat=2|base=php_exit_single_p6_h5|variant=perm_seed1735,2,php_exit_single_p6_h5,perm_seed1735,1,1,SATISFIABLE,SATISFIABLE,True,True,17,17,2,2,0.000651,0.000648,-2.9999999999999645e-06,True,True,True,True,True,
repeat=2|base=php_exit_single_p6_h5|variant=perm_seed1736,2,php_exit_single_p6_h5,perm_seed1736,1,1,SATISFIABLE,SATISFIABLE,True,True,18,18,2,2,0.000606,0.00064,3.400000000000007e-05,True,True,True,True,True,
repeat=2|base=php_exit_single_p6_h5|variant=perm_seed1737,2,php_exit_single_p6_h5,perm_seed1737,1,1,SATISFIABLE,SATISFIABLE,True,True,17,17,1,1,0.000625,0.000623,-2.0000000000000486e-06,True,True,True,True,True,
repeat=2|base=php_exit_single_p6_h5|variant=perm_seed1738,2,php_exit_single_p6_h5,perm_seed1738,1,1,SATISFIABLE,SATISFIABLE,True,True,16,16,0,0,0.000633,0.000621,-1.1999999999999966e-05,True,True,True,True,True,
repeat=2|base=php_exit_single_p6_h5|variant=perm_seed1739,2,php_exit_single_p6_h5,perm_seed1739,1,1,SATISFIABLE,SATISFIABLE,True,True,13,13,0,0,0.000588,0.00063,4.2000000000000045e-05,True,True,True,True,True,
repeat=2|base=php_exit_single_p6_h5|variant=perm_seed1740,2,php_exit_single_p6_h5,perm_seed1740,1,1,SATISFIABLE,SATISFIABLE,True,True,14,14,0,0,0.000648,0.00065,1.99999999999994e-06,True,True,True,True,True,
repeat=2|base=php_exit_single_p6_h5|variant=perm_seed1741,2,php_exit_single_p6_h5,perm_seed1741,1,1,SATISFIABLE,SATISFIABLE,True,True,18,18,2,2,0.000626,0.000622,-3.999999999999989e-06,True,True,True,True,True,
repeat=2|base=php_exit_single_p6_h5|variant=perm_seed1742,2,php_exit_single_p6_h5,perm_seed1742,1,1,SATISFIABLE,SATISFIABLE,True,True,14,14,0,0,0.000622,0.000622,0.0,True,True,True,True,True,
repeat=2|base=php_exit_single_p6_h5|variant=perm_seed1743,2,php_exit_single_p6_h5,perm_seed1743,1,1,SATISFIABLE,SATISFIABLE,True,True,17,17,1,1,0.000608,0.00062,1.1999999999999966e-05,True,True,True,True,True,
repeat=2|base=php_exit_single_p6_h5|variant=perm_seed1744,2,php_exit_single_p6_h5,perm_seed1744,1,1,SATISFIABLE,SATISFIABLE,True,True,16,16,0,0,0.000594,0.000615,2.099999999999997e-05,True,True,True,True,True,
repeat=2|base=php_exit_single_p6_h5|variant=perm_seed1745,2,php_exit_single_p6_h5,perm_seed1745,1,1,SATISFIABLE,SATISFIABLE,True,True,19,19,3,3,0.000614,0.000634,2.0000000000000052e-05,True,True,True,True,True,
repeat=2|base=php_exit_single_p7_h6|variant=base,2,php_exit_single_p7_h6,base,1,1,SATISFIABLE,SATISFIABLE,True,True,17,17,0,0,0.000656,0.000695,3.899999999999997e-05,True,True,True,True,True,
repeat=2|base=php_exit_single_p7_h6|variant=perm_seed1730,2,php_exit_single_p7_h6,perm_seed1730,1,1,SATISFIABLE,SATISFIABLE,True,True,22,22,0,0,0.000636,0.000665,2.9000000000000054e-05,True,True,True,True,True,
repeat=2|base=php_exit_single_p7_h6|variant=perm_seed1731,2,php_exit_single_p7_h6,perm_seed1731,1,1,SATISFIABLE,SATISFIABLE,True,True,28,28,5,5,0.000675,0.000657,-1.8000000000000004e-05,True,True,True,True,True,
repeat=2|base=php_exit_single_p7_h6|variant=perm_seed1732,2,php_exit_single_p7_h6,perm_seed1732,1,1,SATISFIABLE,SATISFIABLE,True,True,24,24,0,0,0.000663,0.000703,3.9999999999999996e-05,True,True,True,True,True,
repeat=2|base=php_exit_single_p7_h6|variant=perm_seed1733,2,php_exit_single_p7_h6,perm_seed1733,1,1,SATISFIABLE,SATISFIABLE,True,True,32,32,11,11,0.000764,0.00068,-8.399999999999998e-05,True,True,True,True,True,
repeat=2|base=php_exit_single_p7_h6|variant=perm_seed1734,2,php_exit_single_p7_h6,perm_seed1734,1,1,SATISFIABLE,SATISFIABLE,True,True,25,25,0,0,0.000697,0.000719,2.1999999999999993e-05,True,True,True,True,True,
repeat=2|base=php_exit_single_p7_h6|variant=perm_seed1735,2,php_exit_single_p7_h6,perm_seed1735,1,1,SATISFIABLE,SATISFIABLE,True,True,23,23,3,3,0.000716,0.000714,-1.99999999999994e-06,True,True,True,True,True,
repeat=2|base=php_exit_single_p7_h6|variant=perm_seed1736,2,php_exit_single_p7_h6,perm_seed1736,1,1,SATISFIABLE,SATISFIABLE,True,True,21,21,0,0,0.000647,0.00068,3.300000000000004e-05,True,True,True,True,True,
repeat=2|base=php_exit_single_p7_h6|variant=perm_seed1737,2,php_exit_single_p7_h6,perm_seed1737,1,1,SATISFIABLE,SATISFIABLE,True,True,21,21,0,0,0.000709,0.000656,-5.299999999999999e-05,True,True,True,True,True,
repeat=2|base=php_exit_single_p7_h6|variant=perm_seed1738,2,php_exit_single_p7_h6,perm_seed1738,1,1,SATISFIABLE,SATISFIABLE,True,True,25,25,0,0,0.000621,0.000679,5.8e-05,True,True,True,True,True,
repeat=2|base=php_exit_single_p7_h6|variant=perm_seed1739,2,php_exit_single_p7_h6,perm_seed1739,1,1,SATISFIABLE,SATISFIABLE,True,True,27,27,1,1,0.000659,0.000719,6.000000000000005e-05,True,True,True,True,True,
repeat=2|base=php_exit_single_p7_h6|variant=perm_seed1740,2,php_exit_single_p7_h6,perm_seed1740,1,1,SATISFIABLE,SATISFIABLE,True,True,25,25,0,0,0.000697,0.000774,7.699999999999992e-05,True,True,True,True,True,
repeat=2|base=php_exit_single_p7_h6|variant=perm_seed1741,2,php_exit_single_p7_h6,perm_seed1741,1,1,SATISFIABLE,SATISFIABLE,True,True,24,24,1,1,0.000649,0.000669,2.0000000000000052e-05,True,True,True,True,True,
repeat=2|base=php_exit_single_p7_h6|variant=perm_seed1742,2,php_exit_single_p7_h6,perm_seed1742,1,1,SATISFIABLE,SATISFIABLE,True,True,26,26,1,1,0.000671,0.000658,-1.3000000000000099e-05,True,True,True,True,True,
repeat=2|base=php_exit_single_p7_h6|variant=perm_seed1743,2,php_exit_single_p7_h6,perm_seed1743,1,1,SATISFIABLE,SATISFIABLE,True,True,23,23,0,0,0.000669,0.000704,3.499999999999998e-05,True,True,True,True,True,
repeat=2|base=php_exit_single_p7_h6|variant=perm_seed1744,2,php_exit_single_p7_h6,perm_seed1744,1,1,SATISFIABLE,SATISFIABLE,True,True,23,23,0,0,0.000662,0.000681,1.899999999999992e-05,True,True,True,True,True,
repeat=2|base=php_exit_single_p7_h6|variant=perm_seed1745,2,php_exit_single_p7_h6,perm_seed1745,1,1,SATISFIABLE,SATISFIABLE,True,True,20,20,0,0,0.000636,0.000674,3.8000000000000056e-05,True,True,True,True,True,
repeat=2|base=php_exit_single_p8_h7|variant=base,2,php_exit_single_p8_h7,base,1,1,SATISFIABLE,SATISFIABLE,True,True,23,23,0,0,0.00069,0.000737,4.700000000000006e-05,True,True,True,True,True,
repeat=2|base=php_exit_single_p8_h7|variant=perm_seed1730,2,php_exit_single_p8_h7,perm_seed1730,1,1,SATISFIABLE,SATISFIABLE,True,True,35,35,1,1,0.000682,0.000683,1.0000000000000243e-06,True,True,True,True,True,
repeat=2|base=php_exit_single_p8_h7|variant=perm_seed1731,2,php_exit_single_p8_h7,perm_seed1731,1,1,SATISFIABLE,SATISFIABLE,True,True,33,33,0,0,0.000713,0.000703,-1.0000000000000026e-05,True,True,True,True,True,
repeat=2|base=php_exit_single_p8_h7|variant=perm_seed1732,2,php_exit_single_p8_h7,perm_seed1732,1,1,SATISFIABLE,SATISFIABLE,True,True,31,31,0,0,0.000698,0.000691,-7.000000000000062e-06,True,True,True,True,True,
repeat=2|base=php_exit_single_p8_h7|variant=perm_seed1733,2,php_exit_single_p8_h7,perm_seed1733,1,1,SATISFIABLE,SATISFIABLE,True,True,37,37,5,5,0.000706,0.000688,-1.8000000000000004e-05,True,True,True,True,True,
repeat=2|base=php_exit_single_p8_h7|variant=perm_seed1734,2,php_exit_single_p8_h7,perm_seed1734,1,1,SATISFIABLE,SATISFIABLE,True,True,35,35,0,0,0.000698,0.00072,2.1999999999999993e-05,True,True,True,True,True,
repeat=2|base=php_exit_single_p8_h7|variant=perm_seed1735,2,php_exit_single_p8_h7,perm_seed1735,1,1,SATISFIABLE,SATISFIABLE,True,True,30,30,0,0,0.000691,0.000756,6.500000000000006e-05,True,True,True,True,True,
repeat=2|base=php_exit_single_p8_h7|variant=perm_seed1736,2,php_exit_single_p8_h7,perm_seed1736,1,1,SATISFIABLE,SATISFIABLE,True,True,36,36,1,1,0.000711,0.000701,-1.0000000000000026e-05,True,True,True,True,True,
repeat=2|base=php_exit_single_p8_h7|variant=perm_seed1737,2,php_exit_single_p8_h7,perm_seed1737,1,1,SATISFIABLE,SATISFIABLE,True,True,36,36,2,2,0.0007,0.00069,-1.0000000000000026e-05,True,True,True,True,True,
repeat=2|base=php_exit_single_p8_h7|variant=perm_seed1738,2,php_exit_single_p8_h7,perm_seed1738,1,1,SATISFIABLE,SATISFIABLE,True,True,35,35,0,0,0.000663,0.000687,2.400000000000004e-05,True,True,True,True,True,
repeat=2|base=php_exit_single_p8_h7|variant=perm_seed1739,2,php_exit_single_p8_h7,perm_seed1739,1,1,SATISFIABLE,SATISFIABLE,True,True,36,36,2,2,0.000702,0.000745,4.299999999999996e-05,True,True,True,True,True,
repeat=2|base=php_exit_single_p8_h7|variant=perm_seed1740,2,php_exit_single_p8_h7,perm_seed1740,1,1,SATISFIABLE,SATISFIABLE,True,True,34,34,1,1,0.000684,0.000688,3.999999999999989e-06,True,True,True,True,True,
repeat=2|base=php_exit_single_p8_h7|variant=perm_seed1741,2,php_exit_single_p8_h7,perm_seed1741,1,1,SATISFIABLE,SATISFIABLE,True,True,38,38,2,2,0.000719,0.000729,1.0000000000000026e-05,True,True,True,True,True,
repeat=2|base=php_exit_single_p8_h7|variant=perm_seed1742,2,php_exit_single_p8_h7,perm_seed1742,1,1,SATISFIABLE,SATISFIABLE,True,True,32,32,0,0,0.000691,0.000689,-1.99999999999994e-06,True,True,True,True,True,
repeat=2|base=php_exit_single_p8_h7|variant=perm_seed1743,2,php_exit_single_p8_h7,perm_seed1743,1,1,SATISFIABLE,SATISFIABLE,True,True,37,37,0,0,0.000678,0.000732,5.400000000000001e-05,True,True,True,True,True,
repeat=2|base=php_exit_single_p8_h7|variant=perm_seed1744,2,php_exit_single_p8_h7,perm_seed1744,1,1,SATISFIABLE,SATISFIABLE,True,True,33,33,0,0,0.000686,0.000711,2.5000000000000066e-05,True,True,True,True,True,
repeat=2|base=php_exit_single_p8_h7|variant=perm_seed1745,2,php_exit_single_p8_h7,perm_seed1745,1,1,SATISFIABLE,SATISFIABLE,True,True,36,36,0,0,0.000808,0.000743,-6.500000000000006e-05,True,True,True,True,True,
repeat=2|base=php_exit_single_p9_h8|variant=base,2,php_exit_single_p9_h8,base,1,1,SATISFIABLE,SATISFIABLE,True,True,30,30,0,0,0.000769,0.000959,0.00018999999999999996,True,True,True,True,True,
repeat=2|base=php_exit_single_p9_h8|variant=perm_seed1730,2,php_exit_single_p9_h8,perm_seed1730,1,1,SATISFIABLE,SATISFIABLE,True,True,47,47,0,0,0.00096,0.000987,2.7000000000000006e-05,True,True,True,True,True,
repeat=2|base=php_exit_single_p9_h8|variant=perm_seed1731,2,php_exit_single_p9_h8,perm_seed1731,1,1,SATISFIABLE,SATISFIABLE,True,True,41,41,0,0,0.001253,0.00177,0.0005170000000000001,True,True,True,True,True,
repeat=2|base=php_exit_single_p9_h8|variant=perm_seed1732,2,php_exit_single_p9_h8,perm_seed1732,1,1,SATISFIABLE,SATISFIABLE,True,True,42,42,0,0,0.000889,0.000844,-4.500000000000001e-05,True,True,True,True,True,
repeat=2|base=php_exit_single_p9_h8|variant=perm_seed1733,2,php_exit_single_p9_h8,perm_seed1733,1,1,SATISFIABLE,SATISFIABLE,True,True,51,51,6,6,0.000801,0.000819,1.8000000000000004e-05,True,True,True,True,True,
repeat=2|base=php_exit_single_p9_h8|variant=perm_seed1734,2,php_exit_single_p9_h8,perm_seed1734,1,1,SATISFIABLE,SATISFIABLE,True,True,51,51,3,3,0.000863,0.000832,-3.10000000000001e-05,True,True,True,True,True,
repeat=2|base=php_exit_single_p9_h8|variant=perm_seed1735,2,php_exit_single_p9_h8,perm_seed1735,1,1,SATISFIABLE,SATISFIABLE,True,True,46,46,0,0,0.000784,0.000968,0.00018400000000000003,True,True,True,True,True,
repeat=2|base=php_exit_single_p9_h8|variant=perm_seed1736,2,php_exit_single_p9_h8,perm_seed1736,1,1,SATISFIABLE,SATISFIABLE,True,True,56,56,7,7,0.000777,0.000835,5.8e-05,True,True,True,True,True,
repeat=2|base=php_exit_single_p9_h8|variant=perm_seed1737,2,php_exit_single_p9_h8,perm_seed1737,1,1,SATISFIABLE,SATISFIABLE,True,True,51,51,1,1,0.000876,0.000807,-6.900000000000005e-05,True,True,True,True,True,
repeat=2|base=php_exit_single_p9_h8|variant=perm_seed1738,2,php_exit_single_p9_h8,perm_seed1738,1,1,SATISFIABLE,SATISFIABLE,True,True,47,47,0,0,0.000843,0.000814,-2.8999999999999946e-05,True,True,True,True,True,
repeat=2|base=php_exit_single_p9_h8|variant=perm_seed1739,2,php_exit_single_p9_h8,perm_seed1739,1,1,SATISFIABLE,SATISFIABLE,True,True,45,45,0,0,0.000826,0.000822,-3.999999999999989e-06,True,True,True,True,True,
repeat=2|base=php_exit_single_p9_h8|variant=perm_seed1740,2,php_exit_single_p9_h8,perm_seed1740,1,1,SATISFIABLE,SATISFIABLE,True,True,50,50,1,1,0.00078,0.000842,6.199999999999999e-05,True,True,True,True,True,
repeat=2|base=php_exit_single_p9_h8|variant=perm_seed1741,2,php_exit_single_p9_h8,perm_seed1741,1,1,SATISFIABLE,SATISFIABLE,True,True,48,48,0,0,0.000726,0.000905,0.00017900000000000001,True,True,True,True,True,
repeat=2|base=php_exit_single_p9_h8|variant=perm_seed1742,2,php_exit_single_p9_h8,perm_seed1742,1,1,SATISFIABLE,SATISFIABLE,True,True,44,44,0,0,0.000751,0.000824,7.299999999999993e-05,True,True,True,True,True,
repeat=2|base=php_exit_single_p9_h8|variant=perm_seed1743,2,php_exit_single_p9_h8,perm_seed1743,1,1,SATISFIABLE,SATISFIABLE,True,True,48,48,4,4,0.000869,0.00081,-5.9000000000000025e-05,True,True,True,True,True,
repeat=2|base=php_exit_single_p9_h8|variant=perm_seed1744,2,php_exit_single_p9_h8,perm_seed1744,1,1,SATISFIABLE,SATISFIABLE,True,True,43,43,0,0,0.000779,0.000787,8.000000000000086e-06,True,True,True,True,True,
repeat=2|base=php_exit_single_p9_h8|variant=perm_seed1745,2,php_exit_single_p9_h8,perm_seed1745,1,1,SATISFIABLE,SATISFIABLE,True,True,38,38,0,0,0.000771,0.000812,4.100000000000002e-05,True,True,True,True,True,
repeat=2|base=php_p10_h9|variant=base,2,php_p10_h9,base,1,1,INDETERMINATE,INDETERMINATE,False,False,106998,106998,100000,100000,0.734545,0.715247,-0.019298000000000037,True,True,True,True,True,
repeat=2|base=php_p10_h9|variant=perm_seed1730,2,php_p10_h9,perm_seed1730,1,1,INDETERMINATE,INDETERMINATE,False,False,108712,108712,100000,100000,0.790437,0.776337,-0.01409999999999989,True,True,True,True,True,
repeat=2|base=php_p10_h9|variant=perm_seed1731,2,php_p10_h9,perm_seed1731,1,1,INDETERMINATE,INDETERMINATE,False,False,108604,108604,100000,100000,0.794371,0.776376,-0.017995000000000094,True,True,True,True,True,
repeat=2|base=php_p10_h9|variant=perm_seed1732,2,php_p10_h9,perm_seed1732,1,1,INDETERMINATE,INDETERMINATE,False,False,107346,107346,100000,100000,0.804723,0.802326,-0.0023969999999999825,True,True,True,True,True,
repeat=2|base=php_p10_h9|variant=perm_seed1733,2,php_p10_h9,perm_seed1733,1,1,INDETERMINATE,INDETERMINATE,False,False,107344,107344,100000,100000,0.813324,0.785948,-0.027376000000000067,True,True,True,True,True,
repeat=2|base=php_p10_h9|variant=perm_seed1734,2,php_p10_h9,perm_seed1734,1,1,INDETERMINATE,INDETERMINATE,False,False,107511,107511,100000,100000,0.783931,0.762562,-0.021369000000000082,True,True,True,True,True,
repeat=2|base=php_p10_h9|variant=perm_seed1735,2,php_p10_h9,perm_seed1735,1,1,INDETERMINATE,INDETERMINATE,False,False,107093,107093,100000,100000,0.813097,0.794631,-0.018465999999999982,True,True,True,True,True,
repeat=2|base=php_p10_h9|variant=perm_seed1736,2,php_p10_h9,perm_seed1736,1,1,INDETERMINATE,INDETERMINATE,False,False,107229,107229,100000,100000,0.798574,0.785266,-0.013307999999999987,True,True,True,True,True,
repeat=2|base=php_p10_h9|variant=perm_seed1737,2,php_p10_h9,perm_seed1737,1,1,INDETERMINATE,INDETERMINATE,False,False,107325,107325,100000,100000,0.72579,0.719136,-0.006654000000000049,True,True,True,True,True,
repeat=2|base=php_p10_h9|variant=perm_seed1738,2,php_p10_h9,perm_seed1738,1,1,INDETERMINATE,INDETERMINATE,False,False,107855,107855,100000,100000,0.817033,0.812649,-0.0043840000000000545,True,True,True,True,True,
repeat=2|base=php_p10_h9|variant=perm_seed1739,2,php_p10_h9,perm_seed1739,1,1,INDETERMINATE,INDETERMINATE,False,False,106975,106975,100000,100000,0.835831,0.829317,-0.00651400000000002,True,True,True,True,True,
repeat=2|base=php_p10_h9|variant=perm_seed1740,2,php_p10_h9,perm_seed1740,1,1,INDETERMINATE,INDETERMINATE,False,False,107594,107594,100000,100000,0.703526,0.695347,-0.008178999999999936,True,True,True,True,True,
repeat=2|base=php_p10_h9|variant=perm_seed1741,2,php_p10_h9,perm_seed1741,1,1,INDETERMINATE,INDETERMINATE,False,False,106975,106975,100000,100000,0.870316,0.851362,-0.018954000000000026,True,True,True,True,True,
repeat=2|base=php_p10_h9|variant=perm_seed1742,2,php_p10_h9,perm_seed1742,1,1,INDETERMINATE,INDETERMINATE,False,False,107320,107320,100000,100000,0.769098,0.753026,-0.016071999999999975,True,True,True,True,True,
repeat=2|base=php_p10_h9|variant=perm_seed1743,2,php_p10_h9,perm_seed1743,1,1,INDETERMINATE,INDETERMINATE,False,False,108021,108021,100000,100000,0.740874,0.727948,-0.012925999999999993,True,True,True,True,True,
repeat=2|base=php_p10_h9|variant=perm_seed1744,2,php_p10_h9,perm_seed1744,1,1,INDETERMINATE,INDETERMINATE,False,False,107975,107975,100000,100000,0.77837,0.767079,-0.011291000000000051,True,True,True,True,True,
repeat=2|base=php_p10_h9|variant=perm_seed1745,2,php_p10_h9,perm_seed1745,1,1,INDETERMINATE,INDETERMINATE,False,False,108365,108365,100000,100000,0.807123,0.764676,-0.04244700000000001,True,True,True,True,True,
repeat=2|base=php_p11_h10|variant=base,2,php_p11_h10,base,1,1,INDETERMINATE,INDETERMINATE,False,False,107295,107295,100000,100000,0.768053,0.757641,-0.010411999999999977,True,True,True,True,True,
repeat=2|base=php_p11_h10|variant=perm_seed1730,2,php_p11_h10,perm_seed1730,1,1,INDETERMINATE,INDETERMINATE,False,False,108118,108118,100000,100000,0.816977,0.799005,-0.017971999999999988,True,True,True,True,True,
repeat=2|base=php_p11_h10|variant=perm_seed1731,2,php_p11_h10,perm_seed1731,1,1,INDETERMINATE,INDETERMINATE,False,False,108317,108317,100000,100000,0.800393,0.776181,-0.02421200000000001,True,True,True,True,True,
repeat=2|base=php_p11_h10|variant=perm_seed1732,2,php_p11_h10,perm_seed1732,1,1,INDETERMINATE,INDETERMINATE,False,False,108287,108287,100000,100000,0.915108,0.887059,-0.02804899999999999,True,True,True,True,True,
repeat=2|base=php_p11_h10|variant=perm_seed1733,2,php_p11_h10,perm_seed1733,1,1,INDETERMINATE,INDETERMINATE,False,False,108348,108348,100000,100000,0.830548,0.825928,-0.0046199999999999575,True,True,True,True,True,
repeat=2|base=php_p11_h10|variant=perm_seed1734,2,php_p11_h10,perm_seed1734,1,1,INDETERMINATE,INDETERMINATE,False,False,108435,108435,100000,100000,0.909196,0.9051,-0.0040959999999999885,True,True,True,True,True,
repeat=2|base=php_p11_h10|variant=perm_seed1735,2,php_p11_h10,perm_seed1735,1,1,INDETERMINATE,INDETERMINATE,False,False,108526,108526,100000,100000,0.790107,0.782947,-0.007160000000000055,True,True,True,True,True,
repeat=2|base=php_p11_h10|variant=perm_seed1736,2,php_p11_h10,perm_seed1736,1,1,INDETERMINATE,INDETERMINATE,False,False,109355,109355,100000,100000,0.879799,0.877948,-0.001851000000000047,True,True,True,True,True,
repeat=2|base=php_p11_h10|variant=perm_seed1737,2,php_p11_h10,perm_seed1737,1,1,INDETERMINATE,INDETERMINATE,False,False,109231,109231,100000,100000,0.715044,0.730478,0.015433999999999948,True,True,True,True,True,
repeat=2|base=php_p11_h10|variant=perm_seed1738,2,php_p11_h10,perm_seed1738,1,1,INDETERMINATE,INDETERMINATE,False,False,108531,108531,100000,100000,0.722971,0.680559,-0.042412000000000005,True,True,True,True,True,
repeat=2|base=php_p11_h10|variant=perm_seed1739,2,php_p11_h10,perm_seed1739,1,1,INDETERMINATE,INDETERMINATE,False,False,107705,107705,100000,100000,0.771903,0.747208,-0.024695000000000022,True,True,True,True,True,
repeat=2|base=php_p11_h10|variant=perm_seed1740,2,php_p11_h10,perm_seed1740,1,1,INDETERMINATE,INDETERMINATE,False,False,108987,108987,100000,100000,0.805448,0.770483,-0.034965000000000024,True,True,True,True,True,
repeat=2|base=php_p11_h10|variant=perm_seed1741,2,php_p11_h10,perm_seed1741,1,1,INDETERMINATE,INDETERMINATE,False,False,108655,108655,100000,100000,0.766531,0.754128,-0.012402999999999942,True,True,True,True,True,
repeat=2|base=php_p11_h10|variant=perm_seed1742,2,php_p11_h10,perm_seed1742,1,1,INDETERMINATE,INDETERMINATE,False,False,108058,108058,100000,100000,0.822341,0.824349,0.0020080000000000098,True,True,True,True,True,
repeat=2|base=php_p11_h10|variant=perm_seed1743,2,php_p11_h10,perm_seed1743,1,1,INDETERMINATE,INDETERMINATE,False,False,110183,110183,100000,100000,0.81572,0.813584,-0.0021360000000000268,True,True,True,True,True,
repeat=2|base=php_p11_h10|variant=perm_seed1744,2,php_p11_h10,perm_seed1744,1,1,INDETERMINATE,INDETERMINATE,False,False,108986,108986,100000,100000,0.832974,0.820267,-0.012707000000000024,True,True,True,True,True,
repeat=2|base=php_p11_h10|variant=perm_seed1745,2,php_p11_h10,perm_seed1745,1,1,INDETERMINATE,INDETERMINATE,False,False,109438,109438,100000,100000,0.738281,0.727431,-0.010849999999999915,True,True,True,True,True,
repeat=2|base=php_p12_h11|variant=base,2,php_p12_h11,base,1,1,INDETERMINATE,INDETERMINATE,False,False,107140,107140,100000,100000,0.944875,0.925895,-0.018979999999999997,True,True,True,True,True,
repeat=2|base=php_p12_h11|variant=perm_seed1730,2,php_p12_h11,perm_seed1730,1,1,INDETERMINATE,INDETERMINATE,False,False,109473,109473,100000,100000,0.705954,0.689816,-0.016137999999999986,True,True,True,True,True,
repeat=2|base=php_p12_h11|variant=perm_seed1731,2,php_p12_h11,perm_seed1731,1,1,INDETERMINATE,INDETERMINATE,False,False,109822,109822,100000,100000,0.742223,0.729792,-0.01243099999999997,True,True,True,True,True,
repeat=2|base=php_p12_h11|variant=perm_seed1732,2,php_p12_h11,perm_seed1732,1,1,INDETERMINATE,INDETERMINATE,False,False,111198,111198,100000,100000,0.68457,0.680454,-0.0041160000000000085,True,True,True,True,True,
repeat=2|base=php_p12_h11|variant=perm_seed1733,2,php_p12_h11,perm_seed1733,1,1,INDETERMINATE,INDETERMINATE,False,False,110823,110823,100000,100000,0.951352,0.949754,-0.0015979999999999883,True,True,True,True,True,
repeat=2|base=php_p12_h11|variant=perm_seed1734,2,php_p12_h11,perm_seed1734,1,1,INDETERMINATE,INDETERMINATE,False,False,109424,109424,100000,100000,0.855566,0.849522,-0.006044000000000049,True,True,True,True,True,
repeat=2|base=php_p12_h11|variant=perm_seed1735,2,php_p12_h11,perm_seed1735,1,1,INDETERMINATE,INDETERMINATE,False,False,112838,112838,100000,100000,0.640699,0.642068,0.0013689999999999536,True,True,True,True,True,
repeat=2|base=php_p12_h11|variant=perm_seed1736,2,php_p12_h11,perm_seed1736,1,1,INDETERMINATE,INDETERMINATE,False,False,108906,108906,100000,100000,0.786494,0.778441,-0.008052999999999977,True,True,True,True,True,
repeat=2|base=php_p12_h11|variant=perm_seed1737,2,php_p12_h11,perm_seed1737,1,1,INDETERMINATE,INDETERMINATE,False,False,109485,109485,100000,100000,0.706898,0.69833,-0.00856800000000002,True,True,True,True,True,
repeat=2|base=php_p12_h11|variant=perm_seed1738,2,php_p12_h11,perm_seed1738,1,1,INDETERMINATE,INDETERMINATE,False,False,110631,110631,100000,100000,0.650124,0.679931,0.029806999999999917,True,True,True,True,True,
repeat=2|base=php_p12_h11|variant=perm_seed1739,2,php_p12_h11,perm_seed1739,1,1,INDETERMINATE,INDETERMINATE,False,False,111060,111060,100000,100000,0.688626,0.762155,0.07352900000000007,True,True,True,True,True,
repeat=2|base=php_p12_h11|variant=perm_seed1740,2,php_p12_h11,perm_seed1740,1,1,INDETERMINATE,INDETERMINATE,False,False,109383,109383,100000,100000,0.705036,0.800351,0.09531500000000004,True,True,True,True,True,
repeat=2|base=php_p12_h11|variant=perm_seed1741,2,php_p12_h11,perm_seed1741,1,1,INDETERMINATE,INDETERMINATE,False,False,109124,109124,100000,100000,0.804008,0.697282,-0.10672599999999999,True,True,True,True,True,
repeat=2|base=php_p12_h11|variant=perm_seed1742,2,php_p12_h11,perm_seed1742,1,1,INDETERMINATE,INDETERMINATE,False,False,108813,108813,100000,100000,0.866364,0.813254,-0.05310999999999999,True,True,True,True,True,
repeat=2|base=php_p12_h11|variant=perm_seed1743,2,php_p12_h11,perm_seed1743,1,1,INDETERMINATE,INDETERMINATE,False,False,111576,111576,100000,100000,0.738328,0.69379,-0.044537999999999967,True,True,True,True,True,
repeat=2|base=php_p12_h11|variant=perm_seed1744,2,php_p12_h11,perm_seed1744,1,1,INDETERMINATE,INDETERMINATE,False,False,109975,109975,100000,100000,0.713776,0.707299,-0.006476999999999955,True,True,True,True,True,
repeat=2|base=php_p12_h11|variant=perm_seed1745,2,php_p12_h11,perm_seed1745,1,1,INDETERMINATE,INDETERMINATE,False,False,109826,109826,100000,100000,0.664503,0.677313,0.012810000000000099,True,True,True,True,True,
repeat=2|base=php_p4_h3|variant=base,2,php_p4_h3,base,1,1,UNSATISFIABLE,UNSATISFIABLE,True,True,0,0,0,0,0.000843,0.000745,-9.8e-05,True,True,True,True,True,
repeat=2|base=php_p4_h3|variant=perm_seed1730,2,php_p4_h3,perm_seed1730,1,1,UNSATISFIABLE,UNSATISFIABLE,True,True,0,0,0,0,0.000755,0.00069,-6.500000000000006e-05,True,True,True,True,True,
repeat=2|base=php_p4_h3|variant=perm_seed1731,2,php_p4_h3,perm_seed1731,1,1,UNSATISFIABLE,UNSATISFIABLE,True,True,0,0,0,0,0.00078,0.000711,-6.899999999999994e-05,True,True,True,True,True,
repeat=2|base=php_p5_h4|variant=base,2,php_p5_h4,base,1,1,UNSATISFIABLE,UNSATISFIABLE,True,True,32,32,27,27,0.000857,0.000762,-9.500000000000003e-05,True,True,True,True,True,
repeat=2|base=php_p5_h4|variant=perm_seed1730,2,php_p5_h4,perm_seed1730,1,1,UNSATISFIABLE,UNSATISFIABLE,True,True,31,31,28,28,0.000714,0.000796,8.200000000000004e-05,True,True,True,True,True,
repeat=2|base=php_p5_h4|variant=perm_seed1731,2,php_p5_h4,perm_seed1731,1,1,UNSATISFIABLE,UNSATISFIABLE,True,True,32,32,31,31,0.000734,0.000683,-5.099999999999994e-05,True,True,True,True,True,
repeat=2|base=php_p6_h5|variant=base,2,php_p6_h5,base,1,1,UNSATISFIABLE,UNSATISFIABLE,True,True,157,157,139,139,0.000895,0.000882,-1.299999999999999e-05,True,True,True,True,True,
repeat=2|base=php_p6_h5|variant=perm_seed1730,2,php_p6_h5,perm_seed1730,1,1,UNSATISFIABLE,UNSATISFIABLE,True,True,161,161,142,142,0.000826,0.000891,6.499999999999995e-05,True,True,True,True,True,
repeat=2|base=php_p6_h5|variant=perm_seed1731,2,php_p6_h5,perm_seed1731,1,1,UNSATISFIABLE,UNSATISFIABLE,True,True,160,160,141,141,0.000857,0.000959,0.00010199999999999999,True,True,True,True,True,
repeat=2|base=php_p6_h5|variant=perm_seed1732,2,php_p6_h5,perm_seed1732,1,1,UNSATISFIABLE,UNSATISFIABLE,True,True,157,157,137,137,0.000968,0.00096,-7.999999999999978e-06,True,True,True,True,True,
repeat=2|base=php_p6_h5|variant=perm_seed1733,2,php_p6_h5,perm_seed1733,1,1,UNSATISFIABLE,UNSATISFIABLE,True,True,158,158,142,142,0.000929,0.000943,1.4000000000000015e-05,True,True,True,True,True,
repeat=2|base=php_p6_h5|variant=perm_seed1734,2,php_p6_h5,perm_seed1734,1,1,UNSATISFIABLE,UNSATISFIABLE,True,True,171,171,146,146,0.000844,0.000882,3.799999999999995e-05,True,True,True,True,True,
repeat=2|base=php_p6_h5|variant=perm_seed1735,2,php_p6_h5,perm_seed1735,1,1,UNSATISFIABLE,UNSATISFIABLE,True,True,174,174,155,155,0.000875,0.000864,-1.100000000000005e-05,True,True,True,True,True,
repeat=2|base=php_p6_h5|variant=perm_seed1736,2,php_p6_h5,perm_seed1736,1,1,UNSATISFIABLE,UNSATISFIABLE,True,True,158,158,145,145,0.000806,0.000837,3.0999999999999995e-05,True,True,True,True,True,
repeat=2|base=php_p6_h5|variant=perm_seed1737,2,php_p6_h5,perm_seed1737,1,1,UNSATISFIABLE,UNSATISFIABLE,True,True,163,163,145,145,0.00098,0.001083,0.00010300000000000001,True,True,True,True,True,
repeat=2|base=php_p6_h5|variant=perm_seed1738,2,php_p6_h5,perm_seed1738,1,1,UNSATISFIABLE,UNSATISFIABLE,True,True,140,140,130,130,0.000941,0.000874,-6.7e-05,True,True,True,True,True,
repeat=2|base=php_p6_h5|variant=perm_seed1739,2,php_p6_h5,perm_seed1739,1,1,UNSATISFIABLE,UNSATISFIABLE,True,True,157,157,143,143,0.000891,0.000923,3.200000000000002e-05,True,True,True,True,True,
repeat=2|base=php_p6_h5|variant=perm_seed1740,2,php_p6_h5,perm_seed1740,1,1,UNSATISFIABLE,UNSATISFIABLE,True,True,163,163,138,138,0.000826,0.000869,4.299999999999996e-05,True,True,True,True,True,
repeat=2|base=php_p6_h5|variant=perm_seed1741,2,php_p6_h5,perm_seed1741,1,1,UNSATISFIABLE,UNSATISFIABLE,True,True,158,158,140,140,0.00083,0.000842,1.1999999999999966e-05,True,True,True,True,True,
repeat=2|base=php_p6_h5|variant=perm_seed1742,2,php_p6_h5,perm_seed1742,1,1,UNSATISFIABLE,UNSATISFIABLE,True,True,155,155,137,137,0.000822,0.000812,-1.0000000000000026e-05,True,True,True,True,True,
repeat=2|base=php_p6_h5|variant=perm_seed1743,2,php_p6_h5,perm_seed1743,1,1,UNSATISFIABLE,UNSATISFIABLE,True,True,147,147,135,135,0.000787,0.00092,0.00013299999999999998,True,True,True,True,True,
repeat=2|base=php_p6_h5|variant=perm_seed1744,2,php_p6_h5,perm_seed1744,1,1,UNSATISFIABLE,UNSATISFIABLE,True,True,147,147,133,133,0.000838,0.000852,1.4000000000000015e-05,True,True,True,True,True,
repeat=2|base=php_p6_h5|variant=perm_seed1745,2,php_p6_h5,perm_seed1745,1,1,UNSATISFIABLE,UNSATISFIABLE,True,True,156,156,137,137,0.000904,0.00091,6.000000000000037e-06,True,True,True,True,True,
repeat=2|base=php_p7_h6|variant=base,2,php_p7_h6,base,1,1,UNSATISFIABLE,UNSATISFIABLE,True,True,970,970,845,845,0.002293,0.002252,-4.0999999999999804e-05,True,True,True,True,True,
repeat=2|base=php_p7_h6|variant=perm_seed1730,2,php_p7_h6,perm_seed1730,1,1,UNSATISFIABLE,UNSATISFIABLE,True,True,913,913,812,812,0.00225,0.00253,0.0002800000000000003,True,True,True,True,True,
repeat=2|base=php_p7_h6|variant=perm_seed1731,2,php_p7_h6,perm_seed1731,1,1,UNSATISFIABLE,UNSATISFIABLE,True,True,1013,1013,877,877,0.002038,0.002105,6.700000000000022e-05,True,True,True,True,True,
repeat=2|base=php_p7_h6|variant=perm_seed1732,2,php_p7_h6,perm_seed1732,1,1,UNSATISFIABLE,UNSATISFIABLE,True,True,949,949,839,839,0.002231,0.002187,-4.399999999999977e-05,True,True,True,True,True,
repeat=2|base=php_p7_h6|variant=perm_seed1733,2,php_p7_h6,perm_seed1733,1,1,UNSATISFIABLE,UNSATISFIABLE,True,True,937,937,837,837,0.002181,0.002127,-5.400000000000023e-05,True,True,True,True,True,
repeat=2|base=php_p7_h6|variant=perm_seed1734,2,php_p7_h6,perm_seed1734,1,1,UNSATISFIABLE,UNSATISFIABLE,True,True,893,893,821,821,0.002211,0.002443,0.000232,True,True,True,True,True,
repeat=2|base=php_p7_h6|variant=perm_seed1735,2,php_p7_h6,perm_seed1735,1,1,UNSATISFIABLE,UNSATISFIABLE,True,True,967,967,866,866,0.002448,0.002277,-0.00017100000000000014,True,True,True,True,True,
repeat=2|base=php_p7_h6|variant=perm_seed1736,2,php_p7_h6,perm_seed1736,1,1,UNSATISFIABLE,UNSATISFIABLE,True,True,891,891,832,832,0.002293,0.002302,8.999999999999894e-06,True,True,True,True,True,
repeat=2|base=php_p7_h6|variant=perm_seed1737,2,php_p7_h6,perm_seed1737,1,1,UNSATISFIABLE,UNSATISFIABLE,True,True,935,935,832,832,0.002223,0.002561,0.00033799999999999976,True,True,True,True,True,
repeat=2|base=php_p7_h6|variant=perm_seed1738,2,php_p7_h6,perm_seed1738,1,1,UNSATISFIABLE,UNSATISFIABLE,True,True,959,959,852,852,0.002411,0.002383,-2.7999999999999813e-05,True,True,True,True,True,
repeat=2|base=php_p7_h6|variant=perm_seed1739,2,php_p7_h6,perm_seed1739,1,1,UNSATISFIABLE,UNSATISFIABLE,True,True,889,889,813,813,0.002408,0.002368,-4.0000000000000105e-05,True,True,True,True,True,
repeat=2|base=php_p7_h6|variant=perm_seed1740,2,php_p7_h6,perm_seed1740,1,1,UNSATISFIABLE,UNSATISFIABLE,True,True,938,938,850,850,0.002422,0.002336,-8.600000000000014e-05,True,True,True,True,True,
repeat=2|base=php_p7_h6|variant=perm_seed1741,2,php_p7_h6,perm_seed1741,1,1,UNSATISFIABLE,UNSATISFIABLE,True,True,998,998,873,873,0.002428,0.002282,-0.00014599999999999986,True,True,True,True,True,
repeat=2|base=php_p7_h6|variant=perm_seed1742,2,php_p7_h6,perm_seed1742,1,1,UNSATISFIABLE,UNSATISFIABLE,True,True,975,975,865,865,0.002036,0.002732,0.000696,True,True,True,True,True,
repeat=2|base=php_p7_h6|variant=perm_seed1743,2,php_p7_h6,perm_seed1743,1,1,UNSATISFIABLE,UNSATISFIABLE,True,True,971,971,852,852,0.002071,0.002115,4.40000000000002e-05,True,True,True,True,True,
repeat=2|base=php_p7_h6|variant=perm_seed1744,2,php_p7_h6,perm_seed1744,1,1,UNSATISFIABLE,UNSATISFIABLE,True,True,912,912,833,833,0.002178,0.002404,0.00022600000000000007,True,True,True,True,True,
repeat=2|base=php_p7_h6|variant=perm_seed1745,2,php_p7_h6,perm_seed1745,1,1,UNSATISFIABLE,UNSATISFIABLE,True,True,967,967,854,854,0.002221,0.002151,-6.999999999999975e-05,True,True,True,True,True,
repeat=2|base=php_p8_h7|variant=base,2,php_p8_h7,base,1,1,UNSATISFIABLE,UNSATISFIABLE,True,True,6158,6158,5600,5600,0.020965,0.020148,-0.0008170000000000018,True,True,True,True,True,
repeat=2|base=php_p8_h7|variant=perm_seed1730,2,php_p8_h7,perm_seed1730,1,1,UNSATISFIABLE,UNSATISFIABLE,True,True,6138,6138,5624,5624,0.020753,0.018726,-0.002027000000000001,True,True,True,True,True,
repeat=2|base=php_p8_h7|variant=perm_seed1731,2,php_p8_h7,perm_seed1731,1,1,UNSATISFIABLE,UNSATISFIABLE,True,True,5800,5800,5271,5271,0.015197,0.014414,-0.0007830000000000007,True,True,True,True,True,
repeat=2|base=php_p8_h7|variant=perm_seed1732,2,php_p8_h7,perm_seed1732,1,1,UNSATISFIABLE,UNSATISFIABLE,True,True,5924,5924,5469,5469,0.018845,0.017997,-0.0008480000000000015,True,True,True,True,True,
repeat=2|base=php_p8_h7|variant=perm_seed1733,2,php_p8_h7,perm_seed1733,1,1,UNSATISFIABLE,UNSATISFIABLE,True,True,5998,5998,5468,5468,0.016681,0.016478,-0.0002030000000000018,True,True,True,True,True,
repeat=2|base=php_p8_h7|variant=perm_seed1734,2,php_p8_h7,perm_seed1734,1,1,UNSATISFIABLE,UNSATISFIABLE,True,True,6065,6065,5514,5514,0.016306,0.016211,-9.500000000000133e-05,True,True,True,True,True,
repeat=2|base=php_p8_h7|variant=perm_seed1735,2,php_p8_h7,perm_seed1735,1,1,UNSATISFIABLE,UNSATISFIABLE,True,True,6386,6386,5811,5811,0.016638,0.016477,-0.00016100000000000142,True,True,True,True,True,
repeat=2|base=php_p8_h7|variant=perm_seed1736,2,php_p8_h7,perm_seed1736,1,1,UNSATISFIABLE,UNSATISFIABLE,True,True,6265,6265,5729,5729,0.017585,0.017531,-5.3999999999998494e-05,True,True,True,True,True,
repeat=2|base=php_p8_h7|variant=perm_seed1737,2,php_p8_h7,perm_seed1737,1,1,UNSATISFIABLE,UNSATISFIABLE,True,True,5646,5646,5224,5224,0.01724,0.01655,-0.0006899999999999996,True,True,True,True,True,
repeat=2|base=php_p8_h7|variant=perm_seed1738,2,php_p8_h7,perm_seed1738,1,1,UNSATISFIABLE,UNSATISFIABLE,True,True,5875,5875,5336,5336,0.016475,0.016706,0.00023099999999999857,True,True,True,True,True,
repeat=2|base=php_p8_h7|variant=perm_seed1739,2,php_p8_h7,perm_seed1739,1,1,UNSATISFIABLE,UNSATISFIABLE,True,True,6199,6199,5714,5714,0.019794,0.019035,-0.0007589999999999993,True,True,True,True,True,
repeat=2|base=php_p8_h7|variant=perm_seed1740,2,php_p8_h7,perm_seed1740,1,1,UNSATISFIABLE,UNSATISFIABLE,True,True,5664,5664,5199,5199,0.01721,0.016955,-0.0002549999999999983,True,True,True,True,True,
repeat=2|base=php_p8_h7|variant=perm_seed1741,2,php_p8_h7,perm_seed1741,1,1,UNSATISFIABLE,UNSATISFIABLE,True,True,6125,6125,5545,5545,0.018781,0.019374,0.0005929999999999998,True,True,True,True,True,
repeat=2|base=php_p8_h7|variant=perm_seed1742,2,php_p8_h7,perm_seed1742,1,1,UNSATISFIABLE,UNSATISFIABLE,True,True,5850,5850,5407,5407,0.019303,0.018436,-0.0008669999999999997,True,True,True,True,True,
repeat=2|base=php_p8_h7|variant=perm_seed1743,2,php_p8_h7,perm_seed1743,1,1,UNSATISFIABLE,UNSATISFIABLE,True,True,6238,6238,5695,5695,0.018985,0.018174,-0.0008109999999999992,True,True,True,True,True,
repeat=2|base=php_p8_h7|variant=perm_seed1744,2,php_p8_h7,perm_seed1744,1,1,UNSATISFIABLE,UNSATISFIABLE,True,True,6140,6140,5609,5609,0.017061,0.017288,0.0002270000000000015,True,True,True,True,True,
repeat=2|base=php_p8_h7|variant=perm_seed1745,2,php_p8_h7,perm_seed1745,1,1,UNSATISFIABLE,UNSATISFIABLE,True,True,5774,5774,5262,5262,0.018478,0.018251,-0.0002270000000000015,True,True,True,True,True,
repeat=2|base=php_p9_h8|variant=base,2,php_p9_h8,base,1,1,UNSATISFIABLE,UNSATISFIABLE,True,True,46557,46557,43529,43529,0.265266,0.268212,0.002946000000000004,True,True,True,True,True,
repeat=2|base=php_p9_h8|variant=perm_seed1730,2,php_p9_h8,perm_seed1730,1,1,UNSATISFIABLE,UNSATISFIABLE,True,True,39708,39708,36681,36681,0.181909,0.179487,-0.0024219999999999797,True,True,True,True,True,
repeat=2|base=php_p9_h8|variant=perm_seed1731,2,php_p9_h8,perm_seed1731,1,1,UNSATISFIABLE,UNSATISFIABLE,True,True,47177,47177,43763,43763,0.23756,0.251811,0.014251000000000014,True,True,True,True,True,
repeat=2|base=php_p9_h8|variant=perm_seed1732,2,php_p9_h8,perm_seed1732,1,1,UNSATISFIABLE,UNSATISFIABLE,True,True,42631,42631,39886,39886,0.262431,0.240034,-0.022397000000000028,True,True,True,True,True,
repeat=2|base=php_p9_h8|variant=perm_seed1733,2,php_p9_h8,perm_seed1733,1,1,UNSATISFIABLE,UNSATISFIABLE,True,True,40549,40549,37474,37474,0.212317,0.201767,-0.010550000000000004,True,True,True,True,True,
repeat=2|base=php_p9_h8|variant=perm_seed1734,2,php_p9_h8,perm_seed1734,1,1,UNSATISFIABLE,UNSATISFIABLE,True,True,38155,38155,35575,35575,0.199346,0.195867,-0.003478999999999982,True,True,True,True,True,
repeat=2|base=php_p9_h8|variant=perm_seed1735,2,php_p9_h8,perm_seed1735,1,1,UNSATISFIABLE,UNSATISFIABLE,True,True,38038,38038,34825,34825,0.171573,0.169604,-0.0019689999999999985,True,True,True,True,True,
repeat=2|base=php_p9_h8|variant=perm_seed1736,2,php_p9_h8,perm_seed1736,1,1,UNSATISFIABLE,UNSATISFIABLE,True,True,37635,37635,34827,34827,0.181653,0.178813,-0.002840000000000009,True,True,True,True,True,
repeat=2|base=php_p9_h8|variant=perm_seed1737,2,php_p9_h8,perm_seed1737,1,1,UNSATISFIABLE,UNSATISFIABLE,True,True,34889,34889,32493,32493,0.188515,0.185062,-0.003452999999999984,True,True,True,True,True,
repeat=2|base=php_p9_h8|variant=perm_seed1738,2,php_p9_h8,perm_seed1738,1,1,UNSATISFIABLE,UNSATISFIABLE,True,True,44410,44410,41150,41150,0.20681,0.204723,-0.0020870000000000055,True,True,True,True,True,
repeat=2|base=php_p9_h8|variant=perm_seed1739,2,php_p9_h8,perm_seed1739,1,1,UNSATISFIABLE,UNSATISFIABLE,True,True,38390,38390,35458,35458,0.202082,0.198054,-0.004028000000000004,True,True,True,True,True,
repeat=2|base=php_p9_h8|variant=perm_seed1740,2,php_p9_h8,perm_seed1740,1,1,UNSATISFIABLE,UNSATISFIABLE,True,True,45308,45308,42027,42027,0.241902,0.239071,-0.002831,True,True,True,True,True,
repeat=2|base=php_p9_h8|variant=perm_seed1741,2,php_p9_h8,perm_seed1741,1,1,UNSATISFIABLE,UNSATISFIABLE,True,True,44335,44335,41422,41422,0.2557,0.255055,-0.0006450000000000067,True,True,True,True,True,
repeat=2|base=php_p9_h8|variant=perm_seed1742,2,php_p9_h8,perm_seed1742,1,1,UNSATISFIABLE,UNSATISFIABLE,True,True,35433,35433,33046,33046,0.185573,0.183485,-0.0020879999999999788,True,True,True,True,True,
repeat=2|base=php_p9_h8|variant=perm_seed1743,2,php_p9_h8,perm_seed1743,1,1,UNSATISFIABLE,UNSATISFIABLE,True,True,42142,42142,39194,39194,0.212211,0.209801,-0.0024100000000000232,True,True,True,True,True,
repeat=2|base=php_p9_h8|variant=perm_seed1744,2,php_p9_h8,perm_seed1744,1,1,UNSATISFIABLE,UNSATISFIABLE,True,True,38390,38390,35980,35980,0.229166,0.226344,-0.002822000000000019,True,True,True,True,True,
repeat=2|base=php_p9_h8|variant=perm_seed1745,2,php_p9_h8,perm_seed1745,1,1,UNSATISFIABLE,UNSATISFIABLE,True,True,39580,39580,36681,36681,0.210058,0.206728,-0.0033299999999999996,True,True,True,True,True,
repeat=2|base=random_3sat_control_v100_c360_seed1931|variant=base,2,random_3sat_control_v100_c360_seed1931,base,1,1,SATISFIABLE,SATISFIABLE,True,True,39,39,9,9,0.00074,0.000829,8.9e-05,True,True,True,True,True,
repeat=2|base=random_3sat_control_v100_c360_seed1931|variant=perm_seed1730,2,random_3sat_control_v100_c360_seed1931,perm_seed1730,1,1,SATISFIABLE,SATISFIABLE,True,True,60,60,27,27,0.000779,0.00081,3.0999999999999995e-05,True,True,True,True,True,
repeat=2|base=random_3sat_control_v100_c360_seed1931|variant=perm_seed1731,2,random_3sat_control_v100_c360_seed1931,perm_seed1731,1,1,SATISFIABLE,SATISFIABLE,True,True,120,120,81,81,0.000888,0.000954,6.599999999999998e-05,True,True,True,True,True,
repeat=2|base=random_3sat_control_v100_c360_seed1931|variant=perm_seed1732,2,random_3sat_control_v100_c360_seed1931,perm_seed1732,1,1,SATISFIABLE,SATISFIABLE,True,True,183,183,148,148,0.001083,0.00107,-1.299999999999999e-05,True,True,True,True,True,
repeat=2|base=random_3sat_control_v100_c360_seed1931|variant=perm_seed1733,2,random_3sat_control_v100_c360_seed1931,perm_seed1733,1,1,SATISFIABLE,SATISFIABLE,True,True,114,114,79,79,0.000881,0.000894,1.3000000000000099e-05,True,True,True,True,True,
repeat=2|base=random_3sat_control_v100_c360_seed1931|variant=perm_seed1734,2,random_3sat_control_v100_c360_seed1931,perm_seed1734,1,1,SATISFIABLE,SATISFIABLE,True,True,72,72,38,38,0.000843,0.000841,-2.0000000000000486e-06,True,True,True,True,True,
repeat=2|base=random_3sat_control_v100_c360_seed1931|variant=perm_seed1735,2,random_3sat_control_v100_c360_seed1931,perm_seed1735,1,1,SATISFIABLE,SATISFIABLE,True,True,42,42,5,5,0.00075,0.000788,3.799999999999995e-05,True,True,True,True,True,
repeat=2|base=random_3sat_control_v100_c360_seed1931|variant=perm_seed1736,2,random_3sat_control_v100_c360_seed1931,perm_seed1736,1,1,SATISFIABLE,SATISFIABLE,True,True,34,34,6,6,0.000729,0.000732,2.9999999999999645e-06,True,True,True,True,True,
repeat=2|base=random_3sat_control_v100_c360_seed1931|variant=perm_seed1737,2,random_3sat_control_v100_c360_seed1931,perm_seed1737,1,1,SATISFIABLE,SATISFIABLE,True,True,29,29,2,2,0.000718,0.000735,1.699999999999998e-05,True,True,True,True,True,
repeat=2|base=random_3sat_control_v100_c360_seed1931|variant=perm_seed1738,2,random_3sat_control_v100_c360_seed1931,perm_seed1738,1,1,SATISFIABLE,SATISFIABLE,True,True,47,47,21,21,0.000855,0.000802,-5.299999999999999e-05,True,True,True,True,True,
repeat=2|base=random_3sat_control_v100_c360_seed1931|variant=perm_seed1739,2,random_3sat_control_v100_c360_seed1931,perm_seed1739,1,1,SATISFIABLE,SATISFIABLE,True,True,30,30,2,2,0.000705,0.000755,5.000000000000002e-05,True,True,True,True,True,
repeat=2|base=random_3sat_control_v100_c360_seed1931|variant=perm_seed1740,2,random_3sat_control_v100_c360_seed1931,perm_seed1740,1,1,SATISFIABLE,SATISFIABLE,True,True,89,89,56,56,0.000918,0.00085,-6.800000000000003e-05,True,True,True,True,True,
repeat=2|base=random_3sat_control_v100_c360_seed1931|variant=perm_seed1741,2,random_3sat_control_v100_c360_seed1931,perm_seed1741,1,1,SATISFIABLE,SATISFIABLE,True,True,48,48,16,16,0.000759,0.000797,3.799999999999995e-05,True,True,True,True,True,
repeat=2|base=random_3sat_control_v100_c360_seed1931|variant=perm_seed1742,2,random_3sat_control_v100_c360_seed1931,perm_seed1742,1,1,SATISFIABLE,SATISFIABLE,True,True,30,30,5,5,0.000754,0.00076,6.000000000000037e-06,True,True,True,True,True,
repeat=2|base=random_3sat_control_v100_c360_seed1931|variant=perm_seed1743,2,random_3sat_control_v100_c360_seed1931,perm_seed1743,1,1,SATISFIABLE,SATISFIABLE,True,True,49,49,16,16,0.000743,0.000775,3.200000000000002e-05,True,True,True,True,True,
repeat=2|base=random_3sat_control_v100_c360_seed1931|variant=perm_seed1744,2,random_3sat_control_v100_c360_seed1931,perm_seed1744,1,1,SATISFIABLE,SATISFIABLE,True,True,72,72,32,32,0.000796,0.000838,4.199999999999994e-05,True,True,True,True,True,
repeat=2|base=random_3sat_control_v100_c360_seed1931|variant=perm_seed1745,2,random_3sat_control_v100_c360_seed1931,perm_seed1745,1,1,SATISFIABLE,SATISFIABLE,True,True,39,39,19,19,0.000817,0.00083,1.299999999999999e-05,True,True,True,True,True,
repeat=2|base=random_3sat_control_v100_c425_seed1932|variant=base,2,random_3sat_control_v100_c425_seed1932,base,1,1,UNSATISFIABLE,UNSATISFIABLE,True,True,1295,1295,1100,1100,0.003441,0.003345,-9.600000000000017e-05,True,True,True,True,True,
repeat=2|base=random_3sat_control_v100_c425_seed1932|variant=perm_seed1730,2,random_3sat_control_v100_c425_seed1932,perm_seed1730,1,1,UNSATISFIABLE,UNSATISFIABLE,True,True,924,924,801,801,0.002528,0.002425,-0.00010299999999999979,True,True,True,True,True,
repeat=2|base=random_3sat_control_v100_c425_seed1932|variant=perm_seed1731,2,random_3sat_control_v100_c425_seed1932,perm_seed1731,1,1,UNSATISFIABLE,UNSATISFIABLE,True,True,1368,1368,1209,1209,0.003683,0.003698,1.4999999999999823e-05,True,True,True,True,True,
repeat=2|base=random_3sat_control_v100_c425_seed1932|variant=perm_seed1732,2,random_3sat_control_v100_c425_seed1932,perm_seed1732,1,1,UNSATISFIABLE,UNSATISFIABLE,True,True,889,889,751,751,0.002315,0.00225,-6.499999999999995e-05,True,True,True,True,True,
repeat=2|base=random_3sat_control_v100_c425_seed1932|variant=perm_seed1733,2,random_3sat_control_v100_c425_seed1932,perm_seed1733,1,1,UNSATISFIABLE,UNSATISFIABLE,True,True,1248,1248,1070,1070,0.003156,0.003139,-1.7000000000000088e-05,True,True,True,True,True,
repeat=2|base=random_3sat_control_v100_c425_seed1932|variant=perm_seed1734,2,random_3sat_control_v100_c425_seed1932,perm_seed1734,1,1,UNSATISFIABLE,UNSATISFIABLE,True,True,815,815,686,686,0.002323,0.002167,-0.0001559999999999999,True,True,True,True,True,
repeat=2|base=random_3sat_control_v100_c425_seed1932|variant=perm_seed1735,2,random_3sat_control_v100_c425_seed1932,perm_seed1735,1,1,UNSATISFIABLE,UNSATISFIABLE,True,True,1114,1114,958,958,0.00291,0.002884,-2.599999999999998e-05,True,True,True,True,True,
repeat=2|base=random_3sat_control_v100_c425_seed1932|variant=perm_seed1736,2,random_3sat_control_v100_c425_seed1932,perm_seed1736,1,1,UNSATISFIABLE,UNSATISFIABLE,True,True,1068,1068,936,936,0.003038,0.003151,0.00011300000000000025,True,True,True,True,True,
repeat=2|base=random_3sat_control_v100_c425_seed1932|variant=perm_seed1737,2,random_3sat_control_v100_c425_seed1932,perm_seed1737,1,1,UNSATISFIABLE,UNSATISFIABLE,True,True,1265,1265,1083,1083,0.003378,0.003211,-0.00016700000000000005,True,True,True,True,True,
repeat=2|base=random_3sat_control_v100_c425_seed1932|variant=perm_seed1738,2,random_3sat_control_v100_c425_seed1932,perm_seed1738,1,1,UNSATISFIABLE,UNSATISFIABLE,True,True,995,995,860,860,0.002616,0.002866,0.0002500000000000002,True,True,True,True,True,
repeat=2|base=random_3sat_control_v100_c425_seed1932|variant=perm_seed1739,2,random_3sat_control_v100_c425_seed1932,perm_seed1739,1,1,UNSATISFIABLE,UNSATISFIABLE,True,True,1222,1222,1057,1057,0.003163,0.003102,-6.0999999999999856e-05,True,True,True,True,True,
repeat=2|base=random_3sat_control_v100_c425_seed1932|variant=perm_seed1740,2,random_3sat_control_v100_c425_seed1932,perm_seed1740,1,1,UNSATISFIABLE,UNSATISFIABLE,True,True,1232,1232,1053,1053,0.003345,0.00332,-2.499999999999985e-05,True,True,True,True,True,
repeat=2|base=random_3sat_control_v100_c425_seed1932|variant=perm_seed1741,2,random_3sat_control_v100_c425_seed1932,perm_seed1741,1,1,UNSATISFIABLE,UNSATISFIABLE,True,True,1256,1256,1113,1113,0.003535,0.003554,1.899999999999992e-05,True,True,True,True,True,
repeat=2|base=random_3sat_control_v100_c425_seed1932|variant=perm_seed1742,2,random_3sat_control_v100_c425_seed1932,perm_seed1742,1,1,UNSATISFIABLE,UNSATISFIABLE,True,True,1404,1404,1195,1195,0.003573,0.003639,6.600000000000009e-05,True,True,True,True,True,
repeat=2|base=random_3sat_control_v100_c425_seed1932|variant=perm_seed1743,2,random_3sat_control_v100_c425_seed1932,perm_seed1743,1,1,UNSATISFIABLE,UNSATISFIABLE,True,True,1514,1514,1318,1318,0.004051,0.004047,-3.9999999999996635e-06,True,True,True,True,True,
repeat=2|base=random_3sat_control_v100_c425_seed1932|variant=perm_seed1744,2,random_3sat_control_v100_c425_seed1932,perm_seed1744,1,1,UNSATISFIABLE,UNSATISFIABLE,True,True,865,865,716,716,0.002442,0.002489,4.699999999999973e-05,True,True,True,True,True,
repeat=2|base=random_3sat_control_v100_c425_seed1932|variant=perm_seed1745,2,random_3sat_control_v100_c425_seed1932,perm_seed1745,1,1,UNSATISFIABLE,UNSATISFIABLE,True,True,805,805,716,716,0.002299,0.002264,-3.4999999999999875e-05,True,True,True,True,True,
repeat=2|base=random_3sat_control_v100_c600_seed1914|variant=base,2,random_3sat_control_v100_c600_seed1914,base,1,1,UNSATISFIABLE,UNSATISFIABLE,True,True,178,178,148,148,0.001011,0.001014,2.9999999999999645e-06,True,True,True,True,True,
repeat=2|base=random_3sat_control_v100_c600_seed1914|variant=perm_seed1730,2,random_3sat_control_v100_c600_seed1914,perm_seed1730,1,1,UNSATISFIABLE,UNSATISFIABLE,True,True,327,327,284,284,0.0013,0.001338,3.8000000000000056e-05,True,True,True,True,True,
repeat=2|base=random_3sat_control_v100_c600_seed1914|variant=perm_seed1731,2,random_3sat_control_v100_c600_seed1914,perm_seed1731,1,1,UNSATISFIABLE,UNSATISFIABLE,True,True,250,250,203,203,0.00107,0.001127,5.6999999999999976e-05,True,True,True,True,True,
repeat=2|base=random_3sat_control_v100_c600_seed1914|variant=perm_seed1732,2,random_3sat_control_v100_c600_seed1914,perm_seed1732,1,1,UNSATISFIABLE,UNSATISFIABLE,True,True,176,176,152,152,0.001085,0.001059,-2.599999999999998e-05,True,True,True,True,True,
repeat=2|base=random_3sat_control_v100_c600_seed1914|variant=perm_seed1733,2,random_3sat_control_v100_c600_seed1914,perm_seed1733,1,1,UNSATISFIABLE,UNSATISFIABLE,True,True,283,283,255,255,0.001238,0.001295,5.6999999999999976e-05,True,True,True,True,True,
repeat=2|base=random_3sat_control_v100_c600_seed1914|variant=perm_seed1734,2,random_3sat_control_v100_c600_seed1914,perm_seed1734,1,1,UNSATISFIABLE,UNSATISFIABLE,True,True,197,197,171,171,0.001124,0.00111,-1.3999999999999907e-05,True,True,True,True,True,
repeat=2|base=random_3sat_control_v100_c600_seed1914|variant=perm_seed1735,2,random_3sat_control_v100_c600_seed1914,perm_seed1735,1,1,UNSATISFIABLE,UNSATISFIABLE,True,True,124,124,110,110,0.000963,0.000989,2.600000000000009e-05,True,True,True,True,True,
repeat=2|base=random_3sat_control_v100_c600_seed1914|variant=perm_seed1736,2,random_3sat_control_v100_c600_seed1914,perm_seed1736,1,1,UNSATISFIABLE,UNSATISFIABLE,True,True,194,194,166,166,0.001047,0.001113,6.600000000000009e-05,True,True,True,True,True,
repeat=2|base=random_3sat_control_v100_c600_seed1914|variant=perm_seed1737,2,random_3sat_control_v100_c600_seed1914,perm_seed1737,1,1,UNSATISFIABLE,UNSATISFIABLE,True,True,172,172,150,150,0.001024,0.001004,-2.0000000000000052e-05,True,True,True,True,True,
repeat=2|base=random_3sat_control_v100_c600_seed1914|variant=perm_seed1738,2,random_3sat_control_v100_c600_seed1914,perm_seed1738,1,1,UNSATISFIABLE,UNSATISFIABLE,True,True,189,189,173,173,0.001035,0.001103,6.800000000000013e-05,True,True,True,True,True,
repeat=2|base=random_3sat_control_v100_c600_seed1914|variant=perm_seed1739,2,random_3sat_control_v100_c600_seed1914,perm_seed1739,1,1,UNSATISFIABLE,UNSATISFIABLE,True,True,190,190,161,161,0.001091,0.001119,2.800000000000003e-05,True,True,True,True,True,
repeat=2|base=random_3sat_control_v100_c600_seed1914|variant=perm_seed1740,2,random_3sat_control_v100_c600_seed1914,perm_seed1740,1,1,UNSATISFIABLE,UNSATISFIABLE,True,True,231,231,201,201,0.001186,0.001156,-3.000000000000008e-05,True,True,True,True,True,
repeat=2|base=random_3sat_control_v100_c600_seed1914|variant=perm_seed1741,2,random_3sat_control_v100_c600_seed1914,perm_seed1741,1,1,UNSATISFIABLE,UNSATISFIABLE,True,True,193,193,168,168,0.001037,0.001116,7.900000000000008e-05,True,True,True,True,True,
repeat=2|base=random_3sat_control_v100_c600_seed1914|variant=perm_seed1742,2,random_3sat_control_v100_c600_seed1914,perm_seed1742,1,1,UNSATISFIABLE,UNSATISFIABLE,True,True,182,182,157,157,0.001073,0.00111,3.700000000000014e-05,True,True,True,True,True,
repeat=2|base=random_3sat_control_v100_c600_seed1914|variant=perm_seed1743,2,random_3sat_control_v100_c600_seed1914,perm_seed1743,1,1,UNSATISFIABLE,UNSATISFIABLE,True,True,130,130,109,109,0.000969,0.001018,4.9e-05,True,True,True,True,True,
repeat=2|base=random_3sat_control_v100_c600_seed1914|variant=perm_seed1744,2,random_3sat_control_v100_c600_seed1914,perm_seed1744,1,1,UNSATISFIABLE,UNSATISFIABLE,True,True,215,215,193,193,0.001094,0.001106,1.2000000000000075e-05,True,True,True,True,True,
repeat=2|base=random_3sat_control_v100_c600_seed1914|variant=perm_seed1745,2,random_3sat_control_v100_c600_seed1914,perm_seed1745,1,1,UNSATISFIABLE,UNSATISFIABLE,True,True,153,153,133,133,0.001137,0.001031,-0.00010599999999999997,True,True,True,True,True,
repeat=2|base=random_3sat_control_v120_c420_seed1933|variant=base,2,random_3sat_control_v120_c420_seed1933,base,1,1,SATISFIABLE,SATISFIABLE,True,True,135,135,79,79,0.000904,0.000944,3.9999999999999996e-05,True,True,True,True,True,
repeat=2|base=random_3sat_control_v120_c420_seed1933|variant=perm_seed1730,2,random_3sat_control_v120_c420_seed1933,perm_seed1730,1,1,SATISFIABLE,SATISFIABLE,True,True,52,52,12,12,0.000812,0.000928,0.000116,True,True,True,True,True,
repeat=2|base=random_3sat_control_v120_c420_seed1933|variant=perm_seed1731,2,random_3sat_control_v120_c420_seed1933,perm_seed1731,1,1,SATISFIABLE,SATISFIABLE,True,True,192,192,126,126,0.001084,0.001151,6.7e-05,True,True,True,True,True,
repeat=2|base=random_3sat_control_v120_c420_seed1933|variant=perm_seed1732,2,random_3sat_control_v120_c420_seed1933,perm_seed1732,1,1,SATISFIABLE,SATISFIABLE,True,True,36,36,0,0,0.0008,0.000783,-1.7000000000000088e-05,True,True,True,True,True,
repeat=2|base=random_3sat_control_v120_c420_seed1933|variant=perm_seed1733,2,random_3sat_control_v120_c420_seed1933,perm_seed1733,1,1,SATISFIABLE,SATISFIABLE,True,True,38,38,5,5,0.000847,0.000787,-5.999999999999994e-05,True,True,True,True,True,
repeat=2|base=random_3sat_control_v120_c420_seed1933|variant=perm_seed1734,2,random_3sat_control_v120_c420_seed1933,perm_seed1734,1,1,SATISFIABLE,SATISFIABLE,True,True,138,138,90,90,0.00098,0.000955,-2.4999999999999957e-05,True,True,True,True,True,
repeat=2|base=random_3sat_control_v120_c420_seed1933|variant=perm_seed1735,2,random_3sat_control_v120_c420_seed1933,perm_seed1735,1,1,SATISFIABLE,SATISFIABLE,True,True,32,32,0,0,0.000753,0.000771,1.8000000000000004e-05,True,True,True,True,True,
repeat=2|base=random_3sat_control_v120_c420_seed1933|variant=perm_seed1736,2,random_3sat_control_v120_c420_seed1933,perm_seed1736,1,1,SATISFIABLE,SATISFIABLE,True,True,30,30,6,6,0.000767,0.000786,1.9000000000000028e-05,True,True,True,True,True,
repeat=2|base=random_3sat_control_v120_c420_seed1933|variant=perm_seed1737,2,random_3sat_control_v120_c420_seed1933,perm_seed1737,1,1,SATISFIABLE,SATISFIABLE,True,True,56,56,24,24,0.000822,0.000848,2.599999999999998e-05,True,True,True,True,True,
repeat=2|base=random_3sat_control_v120_c420_seed1933|variant=perm_seed1738,2,random_3sat_control_v120_c420_seed1933,perm_seed1738,1,1,SATISFIABLE,SATISFIABLE,True,True,37,37,0,0,0.000765,0.000818,5.3000000000000096e-05,True,True,True,True,True,
repeat=2|base=random_3sat_control_v120_c420_seed1933|variant=perm_seed1739,2,random_3sat_control_v120_c420_seed1933,perm_seed1739,1,1,SATISFIABLE,SATISFIABLE,True,True,39,39,1,1,0.000762,0.000791,2.9000000000000054e-05,True,True,True,True,True,
repeat=2|base=random_3sat_control_v120_c420_seed1933|variant=perm_seed1740,2,random_3sat_control_v120_c420_seed1933,perm_seed1740,1,1,SATISFIABLE,SATISFIABLE,True,True,31,31,1,1,0.000742,0.000798,5.599999999999995e-05,True,True,True,True,True,
repeat=2|base=random_3sat_control_v120_c420_seed1933|variant=perm_seed1741,2,random_3sat_control_v120_c420_seed1933,perm_seed1741,1,1,SATISFIABLE,SATISFIABLE,True,True,111,111,57,57,0.00101,0.001128,0.00011800000000000005,True,True,True,True,True,
repeat=2|base=random_3sat_control_v120_c420_seed1933|variant=perm_seed1742,2,random_3sat_control_v120_c420_seed1933,perm_seed1742,1,1,SATISFIABLE,SATISFIABLE,True,True,33,33,10,10,0.000793,0.00095,0.00015700000000000002,True,True,True,True,True,
repeat=2|base=random_3sat_control_v120_c420_seed1933|variant=perm_seed1743,2,random_3sat_control_v120_c420_seed1933,perm_seed1743,1,1,SATISFIABLE,SATISFIABLE,True,True,72,72,25,25,0.000824,0.001061,0.00023700000000000012,True,True,True,True,True,
repeat=2|base=random_3sat_control_v120_c420_seed1933|variant=perm_seed1744,2,random_3sat_control_v120_c420_seed1933,perm_seed1744,1,1,SATISFIABLE,SATISFIABLE,True,True,86,86,33,33,0.000948,0.000969,2.1000000000000077e-05,True,True,True,True,True,
repeat=2|base=random_3sat_control_v120_c420_seed1933|variant=perm_seed1745,2,random_3sat_control_v120_c420_seed1933,perm_seed1745,1,1,SATISFIABLE,SATISFIABLE,True,True,42,42,4,4,0.000823,0.000868,4.500000000000001e-05,True,True,True,True,True,
repeat=2|base=random_3sat_control_v120_c510_seed1934|variant=base,2,random_3sat_control_v120_c510_seed1934,base,1,1,SATISFIABLE,SATISFIABLE,True,True,243,243,196,196,0.001388,0.00127,-0.00011799999999999983,True,True,True,True,True,
repeat=2|base=random_3sat_control_v120_c510_seed1934|variant=perm_seed1730,2,random_3sat_control_v120_c510_seed1934,perm_seed1730,1,1,SATISFIABLE,SATISFIABLE,True,True,780,780,644,644,0.002495,0.002774,0.00027900000000000017,True,True,True,True,True,
repeat=2|base=random_3sat_control_v120_c510_seed1934|variant=perm_seed1731,2,random_3sat_control_v120_c510_seed1934,perm_seed1731,1,1,SATISFIABLE,SATISFIABLE,True,True,758,758,654,654,0.002543,0.002474,-6.900000000000005e-05,True,True,True,True,True,
repeat=2|base=random_3sat_control_v120_c510_seed1934|variant=perm_seed1732,2,random_3sat_control_v120_c510_seed1934,perm_seed1732,1,1,SATISFIABLE,SATISFIABLE,True,True,1356,1356,1182,1182,0.003913,0.003805,-0.00010800000000000002,True,True,True,True,True,
repeat=2|base=random_3sat_control_v120_c510_seed1934|variant=perm_seed1733,2,random_3sat_control_v120_c510_seed1934,perm_seed1733,1,1,SATISFIABLE,SATISFIABLE,True,True,613,613,519,519,0.002325,0.002778,0.0004530000000000003,True,True,True,True,True,
repeat=2|base=random_3sat_control_v120_c510_seed1934|variant=perm_seed1734,2,random_3sat_control_v120_c510_seed1934,perm_seed1734,1,1,SATISFIABLE,SATISFIABLE,True,True,1348,1348,1164,1164,0.003956,0.003862,-9.400000000000033e-05,True,True,True,True,True,
repeat=2|base=random_3sat_control_v120_c510_seed1934|variant=perm_seed1735,2,random_3sat_control_v120_c510_seed1934,perm_seed1735,1,1,SATISFIABLE,SATISFIABLE,True,True,923,923,763,763,0.002696,0.002779,8.299999999999974e-05,True,True,True,True,True,
repeat=2|base=random_3sat_control_v120_c510_seed1934|variant=perm_seed1736,2,random_3sat_control_v120_c510_seed1934,perm_seed1736,1,1,SATISFIABLE,SATISFIABLE,True,True,316,316,239,239,0.001336,0.00137,3.399999999999996e-05,True,True,True,True,True,
repeat=2|base=random_3sat_control_v120_c510_seed1934|variant=perm_seed1737,2,random_3sat_control_v120_c510_seed1934,perm_seed1737,1,1,SATISFIABLE,SATISFIABLE,True,True,1069,1069,900,900,0.003054,0.003123,6.900000000000005e-05,True,True,True,True,True,
repeat=2|base=random_3sat_control_v120_c510_seed1934|variant=perm_seed1738,2,random_3sat_control_v120_c510_seed1934,perm_seed1738,1,1,SATISFIABLE,SATISFIABLE,True,True,1313,1313,1140,1140,0.003729,0.003645,-8.400000000000031e-05,True,True,True,True,True,
repeat=2|base=random_3sat_control_v120_c510_seed1934|variant=perm_seed1739,2,random_3sat_control_v120_c510_seed1934,perm_seed1739,1,1,SATISFIABLE,SATISFIABLE,True,True,1230,1230,1051,1051,0.004198,0.003734,-0.00046400000000000044,True,True,True,True,True,
repeat=2|base=random_3sat_control_v120_c510_seed1934|variant=perm_seed1740,2,random_3sat_control_v120_c510_seed1934,perm_seed1740,1,1,SATISFIABLE,SATISFIABLE,True,True,741,741,619,619,0.002889,0.002473,-0.00041600000000000014,True,True,True,True,True,
repeat=2|base=random_3sat_control_v120_c510_seed1934|variant=perm_seed1741,2,random_3sat_control_v120_c510_seed1934,perm_seed1741,1,1,SATISFIABLE,SATISFIABLE,True,True,854,854,708,708,0.003427,0.002581,-0.000846,True,True,True,True,True,
repeat=2|base=random_3sat_control_v120_c510_seed1934|variant=perm_seed1742,2,random_3sat_control_v120_c510_seed1934,perm_seed1742,1,1,SATISFIABLE,SATISFIABLE,True,True,807,807,686,686,0.002502,0.00244,-6.199999999999999e-05,True,True,True,True,True,
repeat=2|base=random_3sat_control_v120_c510_seed1934|variant=perm_seed1743,2,random_3sat_control_v120_c510_seed1934,perm_seed1743,1,1,SATISFIABLE,SATISFIABLE,True,True,1021,1021,858,858,0.003034,0.002994,-3.999999999999967e-05,True,True,True,True,True,
repeat=2|base=random_3sat_control_v120_c510_seed1934|variant=perm_seed1744,2,random_3sat_control_v120_c510_seed1934,perm_seed1744,1,1,SATISFIABLE,SATISFIABLE,True,True,440,440,352,352,0.001671,0.001659,-1.1999999999999858e-05,True,True,True,True,True,
repeat=2|base=random_3sat_control_v120_c510_seed1934|variant=perm_seed1745,2,random_3sat_control_v120_c510_seed1934,perm_seed1745,1,1,SATISFIABLE,SATISFIABLE,True,True,682,682,589,589,0.002192,0.002172,-2.0000000000000052e-05,True,True,True,True,True,
repeat=2|base=random_3sat_control_v140_c595_seed1935|variant=base,2,random_3sat_control_v140_c595_seed1935,base,1,1,UNSATISFIABLE,UNSATISFIABLE,True,True,3075,3075,2591,2591,0.009039,0.008884,-0.00015500000000000062,True,True,True,True,True,
repeat=2|base=random_3sat_control_v140_c595_seed1935|variant=perm_seed1730,2,random_3sat_control_v140_c595_seed1935,perm_seed1730,1,1,UNSATISFIABLE,UNSATISFIABLE,True,True,4309,4309,3607,3607,0.013894,0.01475,0.0008559999999999991,True,True,True,True,True,
repeat=2|base=random_3sat_control_v140_c595_seed1935|variant=perm_seed1731,2,random_3sat_control_v140_c595_seed1935,perm_seed1731,1,1,UNSATISFIABLE,UNSATISFIABLE,True,True,4589,4589,3950,3950,0.014805,0.014681,-0.00012400000000000085,True,True,True,True,True,
repeat=2|base=random_3sat_control_v140_c595_seed1935|variant=perm_seed1732,2,random_3sat_control_v140_c595_seed1935,perm_seed1732,1,1,UNSATISFIABLE,UNSATISFIABLE,True,True,3477,3477,2986,2986,0.010473,0.010803,0.00033000000000000043,True,True,True,True,True,
repeat=2|base=random_3sat_control_v140_c595_seed1935|variant=perm_seed1733,2,random_3sat_control_v140_c595_seed1935,perm_seed1733,1,1,UNSATISFIABLE,UNSATISFIABLE,True,True,3288,3288,2769,2769,0.008542,0.008614,7.200000000000088e-05,True,True,True,True,True,
repeat=2|base=random_3sat_control_v140_c595_seed1935|variant=perm_seed1734,2,random_3sat_control_v140_c595_seed1935,perm_seed1734,1,1,UNSATISFIABLE,UNSATISFIABLE,True,True,3521,3521,2997,2997,0.009922,0.009823,-9.900000000000013e-05,True,True,True,True,True,
repeat=2|base=random_3sat_control_v140_c595_seed1935|variant=perm_seed1735,2,random_3sat_control_v140_c595_seed1935,perm_seed1735,1,1,UNSATISFIABLE,UNSATISFIABLE,True,True,3414,3414,2941,2941,0.01022,0.009933,-0.00028699999999999906,True,True,True,True,True,
repeat=2|base=random_3sat_control_v140_c595_seed1935|variant=perm_seed1736,2,random_3sat_control_v140_c595_seed1935,perm_seed1736,1,1,UNSATISFIABLE,UNSATISFIABLE,True,True,3531,3531,3024,3024,0.010302,0.011007,0.000704999999999999,True,True,True,True,True,
repeat=2|base=random_3sat_control_v140_c595_seed1935|variant=perm_seed1737,2,random_3sat_control_v140_c595_seed1935,perm_seed1737,1,1,UNSATISFIABLE,UNSATISFIABLE,True,True,3490,3490,2973,2973,0.012992,0.010999,-0.001993,True,True,True,True,True,
repeat=2|base=random_3sat_control_v140_c595_seed1935|variant=perm_seed1738,2,random_3sat_control_v140_c595_seed1935,perm_seed1738,1,1,UNSATISFIABLE,UNSATISFIABLE,True,True,3180,3180,2682,2682,0.010305,0.009703,-0.0006020000000000001,True,True,True,True,True,
repeat=2|base=random_3sat_control_v140_c595_seed1935|variant=perm_seed1739,2,random_3sat_control_v140_c595_seed1935,perm_seed1739,1,1,UNSATISFIABLE,UNSATISFIABLE,True,True,3928,3928,3329,3329,0.011115,0.012278,0.0011630000000000008,True,True,True,True,True,
repeat=2|base=random_3sat_control_v140_c595_seed1935|variant=perm_seed1740,2,random_3sat_control_v140_c595_seed1935,perm_seed1740,1,1,UNSATISFIABLE,UNSATISFIABLE,True,True,2789,2789,2362,2362,0.00887,0.008475,-0.0003949999999999995,True,True,True,True,True,
repeat=2|base=random_3sat_control_v140_c595_seed1935|variant=perm_seed1741,2,random_3sat_control_v140_c595_seed1935,perm_seed1741,1,1,UNSATISFIABLE,UNSATISFIABLE,True,True,3699,3699,3145,3145,0.011488,0.011135,-0.00035299999999999915,True,True,True,True,True,
repeat=2|base=random_3sat_control_v140_c595_seed1935|variant=perm_seed1742,2,random_3sat_control_v140_c595_seed1935,perm_seed1742,1,1,UNSATISFIABLE,UNSATISFIABLE,True,True,2994,2994,2540,2540,0.010106,0.009205,-0.0009010000000000008,True,True,True,True,True,
repeat=2|base=random_3sat_control_v140_c595_seed1935|variant=perm_seed1743,2,random_3sat_control_v140_c595_seed1935,perm_seed1743,1,1,UNSATISFIABLE,UNSATISFIABLE,True,True,3045,3045,2579,2579,0.008935,0.00926,0.0003249999999999989,True,True,True,True,True,
repeat=2|base=random_3sat_control_v140_c595_seed1935|variant=perm_seed1744,2,random_3sat_control_v140_c595_seed1935,perm_seed1744,1,1,UNSATISFIABLE,UNSATISFIABLE,True,True,3721,3721,3205,3205,0.011012,0.011116,0.00010399999999999993,True,True,True,True,True,
repeat=2|base=random_3sat_control_v140_c595_seed1935|variant=perm_seed1745,2,random_3sat_control_v140_c595_seed1935,perm_seed1745,1,1,UNSATISFIABLE,UNSATISFIABLE,True,True,3463,3463,2976,2976,0.011451,0.010696,-0.0007549999999999987,True,True,True,True,True,
repeat=2|base=random_3sat_control_v150_c525_seed1936|variant=base,2,random_3sat_control_v150_c525_seed1936,base,1,1,SATISFIABLE,SATISFIABLE,True,True,52,52,3,3,0.000876,0.000919,4.299999999999996e-05,True,True,True,True,True,
repeat=2|base=random_3sat_control_v150_c525_seed1936|variant=perm_seed1730,2,random_3sat_control_v150_c525_seed1936,perm_seed1730,1,1,SATISFIABLE,SATISFIABLE,True,True,36,36,1,1,0.000972,0.000906,-6.599999999999998e-05,True,True,True,True,True,
repeat=2|base=random_3sat_control_v150_c525_seed1936|variant=perm_seed1731,2,random_3sat_control_v150_c525_seed1936,perm_seed1731,1,1,SATISFIABLE,SATISFIABLE,True,True,64,64,17,17,0.000875,0.000863,-1.1999999999999966e-05,True,True,True,True,True,
repeat=2|base=random_3sat_control_v150_c525_seed1936|variant=perm_seed1732,2,random_3sat_control_v150_c525_seed1936,perm_seed1732,1,1,SATISFIABLE,SATISFIABLE,True,True,66,66,17,17,0.000824,0.001006,0.00018199999999999998,True,True,True,True,True,
repeat=2|base=random_3sat_control_v150_c525_seed1936|variant=perm_seed1733,2,random_3sat_control_v150_c525_seed1936,perm_seed1733,1,1,SATISFIABLE,SATISFIABLE,True,True,89,89,36,36,0.000899,0.000971,7.200000000000002e-05,True,True,True,True,True,
repeat=2|base=random_3sat_control_v150_c525_seed1936|variant=perm_seed1734,2,random_3sat_control_v150_c525_seed1936,perm_seed1734,1,1,SATISFIABLE,SATISFIABLE,True,True,40,40,5,5,0.000815,0.000856,4.100000000000002e-05,True,True,True,True,True,
repeat=2|base=random_3sat_control_v150_c525_seed1936|variant=perm_seed1735,2,random_3sat_control_v150_c525_seed1936,perm_seed1735,1,1,SATISFIABLE,SATISFIABLE,True,True,177,177,116,116,0.001104,0.001137,3.300000000000004e-05,True,True,True,True,True,
repeat=2|base=random_3sat_control_v150_c525_seed1936|variant=perm_seed1736,2,random_3sat_control_v150_c525_seed1936,perm_seed1736,1,1,SATISFIABLE,SATISFIABLE,True,True,71,71,22,22,0.000836,0.000886,4.9999999999999914e-05,True,True,True,True,True,
repeat=2|base=random_3sat_control_v150_c525_seed1936|variant=perm_seed1737,2,random_3sat_control_v150_c525_seed1936,perm_seed1737,1,1,SATISFIABLE,SATISFIABLE,True,True,116,116,61,61,0.001052,0.001001,-5.100000000000005e-05,True,True,True,True,True,
repeat=2|base=random_3sat_control_v150_c525_seed1936|variant=perm_seed1738,2,random_3sat_control_v150_c525_seed1936,perm_seed1738,1,1,SATISFIABLE,SATISFIABLE,True,True,72,72,26,26,0.00094,0.0009,-3.9999999999999996e-05,True,True,True,True,True,
repeat=2|base=random_3sat_control_v150_c525_seed1936|variant=perm_seed1739,2,random_3sat_control_v150_c525_seed1936,perm_seed1739,1,1,SATISFIABLE,SATISFIABLE,True,True,184,184,126,126,0.001172,0.001189,1.699999999999987e-05,True,True,True,True,True,
repeat=2|base=random_3sat_control_v150_c525_seed1936|variant=perm_seed1740,2,random_3sat_control_v150_c525_seed1936,perm_seed1740,1,1,SATISFIABLE,SATISFIABLE,True,True,81,81,31,31,0.000867,0.000925,5.8e-05,True,True,True,True,True,
repeat=2|base=random_3sat_control_v150_c525_seed1936|variant=perm_seed1741,2,random_3sat_control_v150_c525_seed1936,perm_seed1741,1,1,SATISFIABLE,SATISFIABLE,True,True,135,135,71,71,0.000995,0.001046,5.100000000000005e-05,True,True,True,True,True,
repeat=2|base=random_3sat_control_v150_c525_seed1936|variant=perm_seed1742,2,random_3sat_control_v150_c525_seed1936,perm_seed1742,1,1,SATISFIABLE,SATISFIABLE,True,True,60,60,14,14,0.000818,0.000884,6.599999999999998e-05,True,True,True,True,True,
repeat=2|base=random_3sat_control_v150_c525_seed1936|variant=perm_seed1743,2,random_3sat_control_v150_c525_seed1936,perm_seed1743,1,1,SATISFIABLE,SATISFIABLE,True,True,179,179,124,124,0.00105,0.001171,0.00012100000000000001,True,True,True,True,True,
repeat=2|base=random_3sat_control_v150_c525_seed1936|variant=perm_seed1744,2,random_3sat_control_v150_c525_seed1936,perm_seed1744,1,1,SATISFIABLE,SATISFIABLE,True,True,141,141,98,98,0.001068,0.001053,-1.500000000000004e-05,True,True,True,True,True,
repeat=2|base=random_3sat_control_v150_c525_seed1936|variant=perm_seed1745,2,random_3sat_control_v150_c525_seed1936,perm_seed1745,1,1,SATISFIABLE,SATISFIABLE,True,True,53,53,11,11,0.000847,0.000823,-2.400000000000004e-05,True,True,True,True,True,
repeat=2|base=random_3sat_control_v150_c638_seed1937|variant=base,2,random_3sat_control_v150_c638_seed1937,base,1,1,SATISFIABLE,SATISFIABLE,True,True,4053,4053,3484,3484,0.012562,0.012672,0.00010999999999999899,True,True,True,True,True,
repeat=2|base=random_3sat_control_v150_c638_seed1937|variant=perm_seed1730,2,random_3sat_control_v150_c638_seed1937,perm_seed1730,1,1,SATISFIABLE,SATISFIABLE,True,True,4404,4404,3807,3807,0.014323,0.01399,-0.00033299999999999996,True,True,True,True,True,
repeat=2|base=random_3sat_control_v150_c638_seed1937|variant=perm_seed1731,2,random_3sat_control_v150_c638_seed1937,perm_seed1731,1,1,SATISFIABLE,SATISFIABLE,True,True,4759,4759,4083,4083,0.01638,0.015982,-0.00039799999999999905,True,True,True,True,True,
repeat=2|base=random_3sat_control_v150_c638_seed1937|variant=perm_seed1732,2,random_3sat_control_v150_c638_seed1937,perm_seed1732,1,1,SATISFIABLE,SATISFIABLE,True,True,771,771,634,634,0.002601,0.0027,9.900000000000013e-05,True,True,True,True,True,
repeat=2|base=random_3sat_control_v150_c638_seed1937|variant=perm_seed1733,2,random_3sat_control_v150_c638_seed1937,perm_seed1733,1,1,SATISFIABLE,SATISFIABLE,True,True,1063,1063,885,885,0.003486,0.003343,-0.0001429999999999999,True,True,True,True,True,
repeat=2|base=random_3sat_control_v150_c638_seed1937|variant=perm_seed1734,2,random_3sat_control_v150_c638_seed1937,perm_seed1734,1,1,SATISFIABLE,SATISFIABLE,True,True,1176,1176,977,977,0.003518,0.003558,4.0000000000000105e-05,True,True,True,True,True,
repeat=2|base=random_3sat_control_v150_c638_seed1937|variant=perm_seed1735,2,random_3sat_control_v150_c638_seed1937,perm_seed1735,1,1,SATISFIABLE,SATISFIABLE,True,True,1229,1229,1039,1039,0.00403,0.003961,-6.899999999999962e-05,True,True,True,True,True,
repeat=2|base=random_3sat_control_v150_c638_seed1937|variant=perm_seed1736,2,random_3sat_control_v150_c638_seed1937,perm_seed1736,1,1,SATISFIABLE,SATISFIABLE,True,True,5506,5506,4760,4760,0.019531,0.019407,-0.0001239999999999991,True,True,True,True,True,
repeat=2|base=random_3sat_control_v150_c638_seed1937|variant=perm_seed1737,2,random_3sat_control_v150_c638_seed1937,perm_seed1737,1,1,SATISFIABLE,SATISFIABLE,True,True,3490,3490,3007,3007,0.011516,0.0116,8.3999999999999e-05,True,True,True,True,True,
repeat=2|base=random_3sat_control_v150_c638_seed1937|variant=perm_seed1738,2,random_3sat_control_v150_c638_seed1937,perm_seed1738,1,1,SATISFIABLE,SATISFIABLE,True,True,3456,3456,2946,2946,0.011263,0.011556,0.00029299999999999986,True,True,True,True,True,
repeat=2|base=random_3sat_control_v150_c638_seed1937|variant=perm_seed1739,2,random_3sat_control_v150_c638_seed1937,perm_seed1739,1,1,SATISFIABLE,SATISFIABLE,True,True,6287,6287,5476,5476,0.025086,0.02499,-9.600000000000233e-05,True,True,True,True,True,
repeat=2|base=random_3sat_control_v150_c638_seed1937|variant=perm_seed1740,2,random_3sat_control_v150_c638_seed1937,perm_seed1740,1,1,SATISFIABLE,SATISFIABLE,True,True,2756,2756,2378,2378,0.008742,0.008883,0.0001410000000000005,True,True,True,True,True,
repeat=2|base=random_3sat_control_v150_c638_seed1937|variant=perm_seed1741,2,random_3sat_control_v150_c638_seed1937,perm_seed1741,1,1,SATISFIABLE,SATISFIABLE,True,True,3793,3793,3223,3223,0.012751,0.012491,-0.0002599999999999998,True,True,True,True,True,
repeat=2|base=random_3sat_control_v150_c638_seed1937|variant=perm_seed1742,2,random_3sat_control_v150_c638_seed1937,perm_seed1742,1,1,SATISFIABLE,SATISFIABLE,True,True,5826,5826,4968,4968,0.020776,0.019902,-0.0008739999999999998,True,True,True,True,True,
repeat=2|base=random_3sat_control_v150_c638_seed1937|variant=perm_seed1743,2,random_3sat_control_v150_c638_seed1937,perm_seed1743,1,1,SATISFIABLE,SATISFIABLE,True,True,2954,2954,2512,2512,0.009887,0.010126,0.00023899999999999963,True,True,True,True,True,
repeat=2|base=random_3sat_control_v150_c638_seed1937|variant=perm_seed1744,2,random_3sat_control_v150_c638_seed1937,perm_seed1744,1,1,SATISFIABLE,SATISFIABLE,True,True,4325,4325,3666,3666,0.012734,0.013877,0.001143,True,True,True,True,True,
repeat=2|base=random_3sat_control_v150_c638_seed1937|variant=perm_seed1745,2,random_3sat_control_v150_c638_seed1937,perm_seed1745,1,1,SATISFIABLE,SATISFIABLE,True,True,1341,1341,1104,1104,0.004362,0.004243,-0.00011900000000000018,True,True,True,True,True,
repeat=2|base=random_3sat_control_v160_c704_seed2615|variant=base,2,random_3sat_control_v160_c704_seed2615,base,1,1,UNSATISFIABLE,UNSATISFIABLE,True,True,6771,6771,5767,5767,0.02326,0.024038,0.0007780000000000009,True,True,True,True,True,
repeat=2|base=random_3sat_control_v160_c704_seed2615|variant=perm_seed1730,2,random_3sat_control_v160_c704_seed2615,perm_seed1730,1,1,UNSATISFIABLE,UNSATISFIABLE,True,True,8522,8522,7299,7299,0.034884,0.038048,0.003164,True,True,True,True,True,
repeat=2|base=random_3sat_control_v160_c704_seed2615|variant=perm_seed1731,2,random_3sat_control_v160_c704_seed2615,perm_seed1731,1,1,UNSATISFIABLE,UNSATISFIABLE,True,True,5676,5676,4847,4847,0.018231,0.019512,0.0012810000000000009,True,True,True,True,True,
repeat=2|base=random_3sat_control_v180_c760_seed3301|variant=base,2,random_3sat_control_v180_c760_seed3301,base,1,1,SATISFIABLE,SATISFIABLE,True,True,27442,27442,23617,23617,0.183236,0.181259,-0.0019770000000000065,True,True,True,True,True,
repeat=2|base=random_3sat_control_v180_c760_seed3301|variant=perm_seed1730,2,random_3sat_control_v180_c760_seed3301,perm_seed1730,1,1,SATISFIABLE,SATISFIABLE,True,True,47649,47649,41152,41152,0.380152,0.41128,0.03112799999999999,True,True,True,True,True,
repeat=2|base=random_3sat_control_v180_c760_seed3301|variant=perm_seed1731,2,random_3sat_control_v180_c760_seed3301,perm_seed1731,1,1,SATISFIABLE,SATISFIABLE,True,True,27197,27197,23469,23469,0.182033,0.185472,0.0034389999999999976,True,True,True,True,True,
repeat=2|base=random_3sat_control_v20_c85_seed1901|variant=base,2,random_3sat_control_v20_c85_seed1901,base,1,1,SATISFIABLE,SATISFIABLE,True,True,17,17,9,9,0.000651,0.000688,3.700000000000003e-05,True,True,True,True,True,
repeat=2|base=random_3sat_control_v20_c85_seed1901|variant=perm_seed1730,2,random_3sat_control_v20_c85_seed1901,perm_seed1730,1,1,SATISFIABLE,SATISFIABLE,True,True,12,12,5,5,0.000901,0.000728,-0.00017299999999999998,True,True,True,True,True,
repeat=2|base=random_3sat_control_v20_c85_seed1901|variant=perm_seed1731,2,random_3sat_control_v20_c85_seed1901,perm_seed1731,1,1,SATISFIABLE,SATISFIABLE,True,True,15,15,11,11,0.001193,0.000783,-0.0004100000000000001,True,True,True,True,True,
repeat=2|base=random_3sat_control_v20_c85_seed1901|variant=perm_seed1732,2,random_3sat_control_v20_c85_seed1901,perm_seed1732,1,1,SATISFIABLE,SATISFIABLE,True,True,16,16,6,6,0.000758,0.000684,-7.399999999999996e-05,True,True,True,True,True,
repeat=2|base=random_3sat_control_v20_c85_seed1901|variant=perm_seed1733,2,random_3sat_control_v20_c85_seed1901,perm_seed1733,1,1,SATISFIABLE,SATISFIABLE,True,True,12,12,7,7,0.000771,0.000734,-3.700000000000003e-05,True,True,True,True,True,
repeat=2|base=random_3sat_control_v20_c85_seed1901|variant=perm_seed1734,2,random_3sat_control_v20_c85_seed1901,perm_seed1734,1,1,SATISFIABLE,SATISFIABLE,True,True,11,11,4,4,0.001284,0.001095,-0.00018899999999999993,True,True,True,True,True,
repeat=2|base=random_3sat_control_v20_c85_seed1901|variant=perm_seed1735,2,random_3sat_control_v20_c85_seed1901,perm_seed1735,1,1,SATISFIABLE,SATISFIABLE,True,True,11,11,1,1,0.000918,0.00111,0.0001920000000000001,True,True,True,True,True,
repeat=2|base=random_3sat_control_v20_c85_seed1901|variant=perm_seed1736,2,random_3sat_control_v20_c85_seed1901,perm_seed1736,1,1,SATISFIABLE,SATISFIABLE,True,True,14,14,6,6,0.000804,0.000707,-9.700000000000008e-05,True,True,True,True,True,
repeat=2|base=random_3sat_control_v20_c85_seed1901|variant=perm_seed1737,2,random_3sat_control_v20_c85_seed1901,perm_seed1737,1,1,SATISFIABLE,SATISFIABLE,True,True,17,17,8,8,0.000731,0.000679,-5.199999999999996e-05,True,True,True,True,True,
repeat=2|base=random_3sat_control_v20_c85_seed1901|variant=perm_seed1738,2,random_3sat_control_v20_c85_seed1901,perm_seed1738,1,1,SATISFIABLE,SATISFIABLE,True,True,12,12,7,7,0.00117,0.001114,-5.600000000000006e-05,True,True,True,True,True,
repeat=2|base=random_3sat_control_v20_c85_seed1901|variant=perm_seed1739,2,random_3sat_control_v20_c85_seed1901,perm_seed1739,1,1,SATISFIABLE,SATISFIABLE,True,True,10,10,3,3,0.000675,0.000746,7.099999999999999e-05,True,True,True,True,True,
repeat=2|base=random_3sat_control_v20_c85_seed1901|variant=perm_seed1740,2,random_3sat_control_v20_c85_seed1901,perm_seed1740,1,1,SATISFIABLE,SATISFIABLE,True,True,11,11,6,6,0.000699,0.00066,-3.899999999999997e-05,True,True,True,True,True,
repeat=2|base=random_3sat_control_v20_c85_seed1901|variant=perm_seed1741,2,random_3sat_control_v20_c85_seed1901,perm_seed1741,1,1,SATISFIABLE,SATISFIABLE,True,True,11,11,4,4,0.000767,0.000736,-3.0999999999999995e-05,True,True,True,True,True,
repeat=2|base=random_3sat_control_v20_c85_seed1901|variant=perm_seed1742,2,random_3sat_control_v20_c85_seed1901,perm_seed1742,1,1,SATISFIABLE,SATISFIABLE,True,True,8,8,1,1,0.000696,0.000672,-2.400000000000004e-05,True,True,True,True,True,
repeat=2|base=random_3sat_control_v20_c85_seed1901|variant=perm_seed1743,2,random_3sat_control_v20_c85_seed1901,perm_seed1743,1,1,SATISFIABLE,SATISFIABLE,True,True,14,14,4,4,0.000612,0.000646,3.399999999999996e-05,True,True,True,True,True,
repeat=2|base=random_3sat_control_v20_c85_seed1901|variant=perm_seed1744,2,random_3sat_control_v20_c85_seed1901,perm_seed1744,1,1,SATISFIABLE,SATISFIABLE,True,True,15,15,7,7,0.000727,0.000659,-6.800000000000003e-05,True,True,True,True,True,
repeat=2|base=random_3sat_control_v20_c85_seed1901|variant=perm_seed1745,2,random_3sat_control_v20_c85_seed1901,perm_seed1745,1,1,SATISFIABLE,SATISFIABLE,True,True,8,8,4,4,0.000717,0.000751,3.400000000000007e-05,True,True,True,True,True,
repeat=2|base=random_3sat_control_v220_c928_seed3303|variant=base,2,random_3sat_control_v220_c928_seed3303,base,1,1,SATISFIABLE,SATISFIABLE,True,True,30277,30277,25994,25994,0.276222,0.285694,0.00947199999999998,True,True,True,True,True,
repeat=2|base=random_3sat_control_v220_c928_seed3303|variant=perm_seed1730,2,random_3sat_control_v220_c928_seed3303,perm_seed1730,1,1,SATISFIABLE,SATISFIABLE,True,True,52742,52742,45477,45477,0.539081,0.560858,0.021776999999999935,True,True,True,True,True,
repeat=2|base=random_3sat_control_v220_c928_seed3303|variant=perm_seed1731,2,random_3sat_control_v220_c928_seed3303,perm_seed1731,1,1,SATISFIABLE,SATISFIABLE,True,True,4930,4930,4147,4147,0.023667,0.023046,-0.000621,True,True,True,True,True,
repeat=2|base=random_3sat_control_v220_c942_seed3304|variant=base,2,random_3sat_control_v220_c942_seed3304,base,1,1,UNSATISFIABLE,UNSATISFIABLE,True,True,35472,35472,30813,30813,0.250961,0.253434,0.002473000000000003,True,True,True,True,True,
repeat=2|base=random_3sat_control_v220_c942_seed3304|variant=perm_seed1730,2,random_3sat_control_v220_c942_seed3304,perm_seed1730,1,1,UNSATISFIABLE,UNSATISFIABLE,True,True,34825,34825,30052,30052,0.251981,0.258839,0.006857999999999975,True,True,True,True,True,
repeat=2|base=random_3sat_control_v220_c942_seed3304|variant=perm_seed1731,2,random_3sat_control_v220_c942_seed3304,perm_seed1731,1,1,UNSATISFIABLE,UNSATISFIABLE,True,True,38737,38737,33758,33758,0.281578,0.294397,0.012819000000000025,True,True,True,True,True,
repeat=2|base=random_3sat_control_v24_c102_seed1921|variant=base,2,random_3sat_control_v24_c102_seed1921,base,1,1,UNSATISFIABLE,UNSATISFIABLE,True,True,10,10,11,11,0.000714,0.000696,-1.8000000000000004e-05,True,True,True,True,True,
repeat=2|base=random_3sat_control_v24_c102_seed1921|variant=perm_seed1730,2,random_3sat_control_v24_c102_seed1921,perm_seed1730,1,1,UNSATISFIABLE,UNSATISFIABLE,True,True,22,22,18,18,0.000669,0.000693,2.400000000000004e-05,True,True,True,True,True,
repeat=2|base=random_3sat_control_v24_c102_seed1921|variant=perm_seed1731,2,random_3sat_control_v24_c102_seed1921,perm_seed1731,1,1,UNSATISFIABLE,UNSATISFIABLE,True,True,26,26,26,26,0.000634,0.000679,4.500000000000001e-05,True,True,True,True,True,
repeat=2|base=random_3sat_control_v24_c102_seed1921|variant=perm_seed1732,2,random_3sat_control_v24_c102_seed1921,perm_seed1732,1,1,UNSATISFIABLE,UNSATISFIABLE,True,True,18,18,16,16,0.000648,0.000667,1.899999999999992e-05,True,True,True,True,True,
repeat=2|base=random_3sat_control_v24_c102_seed1921|variant=perm_seed1733,2,random_3sat_control_v24_c102_seed1921,perm_seed1733,1,1,UNSATISFIABLE,UNSATISFIABLE,True,True,19,19,19,19,0.000609,0.000771,0.00016200000000000003,True,True,True,True,True,
repeat=2|base=random_3sat_control_v24_c102_seed1921|variant=perm_seed1734,2,random_3sat_control_v24_c102_seed1921,perm_seed1734,1,1,UNSATISFIABLE,UNSATISFIABLE,True,True,20,20,20,20,0.000623,0.000668,4.500000000000001e-05,True,True,True,True,True,
repeat=2|base=random_3sat_control_v24_c102_seed1921|variant=perm_seed1735,2,random_3sat_control_v24_c102_seed1921,perm_seed1735,1,1,UNSATISFIABLE,UNSATISFIABLE,True,True,19,19,19,19,0.000608,0.000646,3.799999999999995e-05,True,True,True,True,True,
repeat=2|base=random_3sat_control_v24_c102_seed1921|variant=perm_seed1736,2,random_3sat_control_v24_c102_seed1921,perm_seed1736,1,1,UNSATISFIABLE,UNSATISFIABLE,True,True,18,18,17,17,0.000678,0.000651,-2.7000000000000006e-05,True,True,True,True,True,
repeat=2|base=random_3sat_control_v24_c102_seed1921|variant=perm_seed1737,2,random_3sat_control_v24_c102_seed1921,perm_seed1737,1,1,UNSATISFIABLE,UNSATISFIABLE,True,True,19,19,17,17,0.000628,0.000635,7.000000000000062e-06,True,True,True,True,True,
repeat=2|base=random_3sat_control_v24_c102_seed1921|variant=perm_seed1738,2,random_3sat_control_v24_c102_seed1921,perm_seed1738,1,1,UNSATISFIABLE,UNSATISFIABLE,True,True,26,26,26,26,0.000621,0.000641,1.9999999999999944e-05,True,True,True,True,True,
repeat=2|base=random_3sat_control_v24_c102_seed1921|variant=perm_seed1739,2,random_3sat_control_v24_c102_seed1921,perm_seed1739,1,1,UNSATISFIABLE,UNSATISFIABLE,True,True,19,19,18,18,0.000609,0.000644,3.500000000000009e-05,True,True,True,True,True,
repeat=2|base=random_3sat_control_v24_c102_seed1921|variant=perm_seed1740,2,random_3sat_control_v24_c102_seed1921,perm_seed1740,1,1,UNSATISFIABLE,UNSATISFIABLE,True,True,21,21,22,22,0.000626,0.000619,-7.000000000000062e-06,True,True,True,True,True,
repeat=2|base=random_3sat_control_v24_c102_seed1921|variant=perm_seed1741,2,random_3sat_control_v24_c102_seed1921,perm_seed1741,1,1,UNSATISFIABLE,UNSATISFIABLE,True,True,15,15,13,13,0.000665,0.000614,-5.100000000000005e-05,True,True,True,True,True,
repeat=2|base=random_3sat_control_v24_c102_seed1921|variant=perm_seed1742,2,random_3sat_control_v24_c102_seed1921,perm_seed1742,1,1,UNSATISFIABLE,UNSATISFIABLE,True,True,13,13,14,14,0.000588,0.000644,5.600000000000006e-05,True,True,True,True,True,
repeat=2|base=random_3sat_control_v24_c102_seed1921|variant=perm_seed1743,2,random_3sat_control_v24_c102_seed1921,perm_seed1743,1,1,UNSATISFIABLE,UNSATISFIABLE,True,True,25,25,23,23,0.000611,0.000664,5.299999999999999e-05,True,True,True,True,True,
repeat=2|base=random_3sat_control_v24_c102_seed1921|variant=perm_seed1744,2,random_3sat_control_v24_c102_seed1921,perm_seed1744,1,1,UNSATISFIABLE,UNSATISFIABLE,True,True,17,17,14,14,0.00064,0.000692,5.199999999999996e-05,True,True,True,True,True,
repeat=2|base=random_3sat_control_v24_c102_seed1921|variant=perm_seed1745,2,random_3sat_control_v24_c102_seed1921,perm_seed1745,1,1,UNSATISFIABLE,UNSATISFIABLE,True,True,19,19,19,19,0.000654,0.000676,2.1999999999999993e-05,True,True,True,True,True,
repeat=2|base=random_3sat_control_v260_c1097_seed3305|variant=base,2,random_3sat_control_v260_c1097_seed3305,base,1,1,INDETERMINATE,INDETERMINATE,False,False,115155,115155,100000,100000,1.60288,1.47708,-0.12580000000000013,True,True,True,True,True,
repeat=2|base=random_3sat_control_v260_c1097_seed3305|variant=perm_seed1730,2,random_3sat_control_v260_c1097_seed3305,perm_seed1730,1,1,INDETERMINATE,INDETERMINATE,False,False,114783,114783,100000,100000,1.54555,1.43874,-0.10681000000000007,True,True,True,True,True,
repeat=2|base=random_3sat_control_v260_c1097_seed3305|variant=perm_seed1731,2,random_3sat_control_v260_c1097_seed3305,perm_seed1731,1,1,SATISFIABLE,SATISFIABLE,True,True,105916,105916,92052,92052,1.55552,1.44282,-0.11270000000000002,True,True,True,True,True,
repeat=2|base=random_3sat_control_v260_c1113_seed3306|variant=base,2,random_3sat_control_v260_c1113_seed3306,base,1,1,INDETERMINATE,INDETERMINATE,False,False,114836,114836,100000,100000,1.41848,1.34252,-0.07596000000000003,True,True,True,True,True,
repeat=2|base=random_3sat_control_v260_c1113_seed3306|variant=perm_seed1730,2,random_3sat_control_v260_c1113_seed3306,perm_seed1730,1,1,INDETERMINATE,INDETERMINATE,False,False,114563,114563,100000,100000,1.32388,1.32625,0.0023699999999999832,True,True,True,True,True,
repeat=2|base=random_3sat_control_v260_c1113_seed3306|variant=perm_seed1731,2,random_3sat_control_v260_c1113_seed3306,perm_seed1731,1,1,INDETERMINATE,INDETERMINATE,False,False,114269,114269,100000,100000,1.4301,1.43796,0.007859999999999978,True,True,True,True,True,
repeat=2|base=random_3sat_control_v28_c119_seed1922|variant=base,2,random_3sat_control_v28_c119_seed1922,base,1,1,SATISFIABLE,SATISFIABLE,True,True,9,9,0,0,0.000794,0.0007,-9.400000000000001e-05,True,True,True,True,True,
repeat=2|base=random_3sat_control_v28_c119_seed1922|variant=perm_seed1730,2,random_3sat_control_v28_c119_seed1922,perm_seed1730,1,1,SATISFIABLE,SATISFIABLE,True,True,16,16,11,11,0.000728,0.000738,1.0000000000000026e-05,True,True,True,True,True,
repeat=2|base=random_3sat_control_v28_c119_seed1922|variant=perm_seed1731,2,random_3sat_control_v28_c119_seed1922,perm_seed1731,1,1,SATISFIABLE,SATISFIABLE,True,True,11,11,1,1,0.000697,0.000741,4.3999999999999985e-05,True,True,True,True,True,
repeat=2|base=random_3sat_control_v28_c119_seed1922|variant=perm_seed1732,2,random_3sat_control_v28_c119_seed1922,perm_seed1732,1,1,SATISFIABLE,SATISFIABLE,True,True,19,19,10,10,0.000738,0.000791,5.299999999999999e-05,True,True,True,True,True,
repeat=2|base=random_3sat_control_v28_c119_seed1922|variant=perm_seed1733,2,random_3sat_control_v28_c119_seed1922,perm_seed1733,1,1,SATISFIABLE,SATISFIABLE,True,True,13,13,4,4,0.00084,0.000722,-0.00011800000000000005,True,True,True,True,True,
repeat=2|base=random_3sat_control_v28_c119_seed1922|variant=perm_seed1734,2,random_3sat_control_v28_c119_seed1922,perm_seed1734,1,1,SATISFIABLE,SATISFIABLE,True,True,13,13,5,5,0.000771,0.000785,1.4000000000000015e-05,True,True,True,True,True,
repeat=2|base=random_3sat_control_v28_c119_seed1922|variant=perm_seed1735,2,random_3sat_control_v28_c119_seed1922,perm_seed1735,1,1,SATISFIABLE,SATISFIABLE,True,True,13,13,6,6,0.000729,0.000694,-3.500000000000009e-05,True,True,True,True,True,
repeat=2|base=random_3sat_control_v28_c119_seed1922|variant=perm_seed1736,2,random_3sat_control_v28_c119_seed1922,perm_seed1736,1,1,SATISFIABLE,SATISFIABLE,True,True,13,13,5,5,0.000735,0.000696,-3.899999999999997e-05,True,True,True,True,True,
repeat=2|base=random_3sat_control_v28_c119_seed1922|variant=perm_seed1737,2,random_3sat_control_v28_c119_seed1922,perm_seed1737,1,1,SATISFIABLE,SATISFIABLE,True,True,13,13,3,3,0.000695,0.000708,1.299999999999999e-05,True,True,True,True,True,
repeat=2|base=random_3sat_control_v28_c119_seed1922|variant=perm_seed1738,2,random_3sat_control_v28_c119_seed1922,perm_seed1738,1,1,SATISFIABLE,SATISFIABLE,True,True,19,19,7,7,0.000643,0.00078,0.00013699999999999997,True,True,True,True,True,
repeat=2|base=random_3sat_control_v28_c119_seed1922|variant=perm_seed1739,2,random_3sat_control_v28_c119_seed1922,perm_seed1739,1,1,SATISFIABLE,SATISFIABLE,True,True,15,15,3,3,0.000729,0.000788,5.8999999999999916e-05,True,True,True,True,True,
repeat=2|base=random_3sat_control_v28_c119_seed1922|variant=perm_seed1740,2,random_3sat_control_v28_c119_seed1922,perm_seed1740,1,1,SATISFIABLE,SATISFIABLE,True,True,16,16,9,9,0.000716,0.000659,-5.6999999999999976e-05,True,True,True,True,True,
repeat=2|base=random_3sat_control_v28_c119_seed1922|variant=perm_seed1741,2,random_3sat_control_v28_c119_seed1922,perm_seed1741,1,1,SATISFIABLE,SATISFIABLE,True,True,14,14,4,4,0.00066,0.000758,9.8e-05,True,True,True,True,True,
repeat=2|base=random_3sat_control_v28_c119_seed1922|variant=perm_seed1742,2,random_3sat_control_v28_c119_seed1922,perm_seed1742,1,1,SATISFIABLE,SATISFIABLE,True,True,29,29,13,13,0.000896,0.000763,-0.00013299999999999998,True,True,True,True,True,
repeat=2|base=random_3sat_control_v28_c119_seed1922|variant=perm_seed1743,2,random_3sat_control_v28_c119_seed1922,perm_seed1743,1,1,SATISFIABLE,SATISFIABLE,True,True,9,9,2,2,0.000679,0.000694,1.4999999999999931e-05,True,True,True,True,True,
repeat=2|base=random_3sat_control_v28_c119_seed1922|variant=perm_seed1744,2,random_3sat_control_v28_c119_seed1922,perm_seed1744,1,1,SATISFIABLE,SATISFIABLE,True,True,12,12,2,2,0.000742,0.000711,-3.0999999999999995e-05,True,True,True,True,True,
repeat=2|base=random_3sat_control_v28_c119_seed1922|variant=perm_seed1745,2,random_3sat_control_v28_c119_seed1922,perm_seed1745,1,1,SATISFIABLE,SATISFIABLE,True,True,20,20,9,9,0.000835,0.000766,-6.900000000000005e-05,True,True,True,True,True,
repeat=2|base=random_3sat_control_v300_c1266_seed3307|variant=base,2,random_3sat_control_v300_c1266_seed3307,base,1,1,SATISFIABLE,SATISFIABLE,True,True,12894,12894,10895,10895,0.08144,0.087171,0.005731,True,True,True,True,True,
repeat=2|base=random_3sat_control_v300_c1266_seed3307|variant=perm_seed1730,2,random_3sat_control_v300_c1266_seed3307,perm_seed1730,1,1,SATISFIABLE,SATISFIABLE,True,True,43103,43103,37339,37339,0.478618,0.475295,-0.003322999999999965,True,True,True,True,True,
repeat=2|base=random_3sat_control_v300_c1266_seed3307|variant=perm_seed1731,2,random_3sat_control_v300_c1266_seed3307,perm_seed1731,1,1,SATISFIABLE,SATISFIABLE,True,True,66962,66962,57424,57424,0.755476,0.769307,0.013830999999999927,True,True,True,True,True,
repeat=2|base=random_3sat_control_v30_c128_seed1902|variant=base,2,random_3sat_control_v30_c128_seed1902,base,1,1,UNSATISFIABLE,UNSATISFIABLE,True,True,40,40,39,39,0.000785,0.000761,-2.400000000000004e-05,True,True,True,True,True,
repeat=2|base=random_3sat_control_v30_c128_seed1902|variant=perm_seed1730,2,random_3sat_control_v30_c128_seed1902,perm_seed1730,1,1,UNSATISFIABLE,UNSATISFIABLE,True,True,25,25,23,23,0.0007,0.000729,2.9000000000000054e-05,True,True,True,True,True,
repeat=2|base=random_3sat_control_v30_c128_seed1902|variant=perm_seed1731,2,random_3sat_control_v30_c128_seed1902,perm_seed1731,1,1,UNSATISFIABLE,UNSATISFIABLE,True,True,42,42,41,41,0.000688,0.000675,-1.299999999999999e-05,True,True,True,True,True,
repeat=2|base=random_3sat_control_v30_c128_seed1902|variant=perm_seed1732,2,random_3sat_control_v30_c128_seed1902,perm_seed1732,1,1,UNSATISFIABLE,UNSATISFIABLE,True,True,15,15,14,14,0.000693,0.000706,1.299999999999999e-05,True,True,True,True,True,
repeat=2|base=random_3sat_control_v30_c128_seed1902|variant=perm_seed1733,2,random_3sat_control_v30_c128_seed1902,perm_seed1733,1,1,UNSATISFIABLE,UNSATISFIABLE,True,True,15,15,14,14,0.000871,0.000793,-7.800000000000005e-05,True,True,True,True,True,
repeat=2|base=random_3sat_control_v30_c128_seed1902|variant=perm_seed1734,2,random_3sat_control_v30_c128_seed1902,perm_seed1734,1,1,UNSATISFIABLE,UNSATISFIABLE,True,True,14,14,15,15,0.000765,0.000695,-6.999999999999997e-05,True,True,True,True,True,
repeat=2|base=random_3sat_control_v30_c128_seed1902|variant=perm_seed1735,2,random_3sat_control_v30_c128_seed1902,perm_seed1735,1,1,UNSATISFIABLE,UNSATISFIABLE,True,True,30,30,27,27,0.00066,0.000732,7.200000000000002e-05,True,True,True,True,True,
repeat=2|base=random_3sat_control_v30_c128_seed1902|variant=perm_seed1736,2,random_3sat_control_v30_c128_seed1902,perm_seed1736,1,1,UNSATISFIABLE,UNSATISFIABLE,True,True,25,25,24,24,0.00067,0.000693,2.3000000000000017e-05,True,True,True,True,True,
repeat=2|base=random_3sat_control_v30_c128_seed1902|variant=perm_seed1737,2,random_3sat_control_v30_c128_seed1902,perm_seed1737,1,1,UNSATISFIABLE,UNSATISFIABLE,True,True,22,22,21,21,0.000696,0.000669,-2.7000000000000006e-05,True,True,True,True,True,
repeat=2|base=random_3sat_control_v30_c128_seed1902|variant=perm_seed1738,2,random_3sat_control_v30_c128_seed1902,perm_seed1738,1,1,UNSATISFIABLE,UNSATISFIABLE,True,True,15,15,16,16,0.000675,0.000911,0.000236,True,True,True,True,True,
repeat=2|base=random_3sat_control_v30_c128_seed1902|variant=perm_seed1739,2,random_3sat_control_v30_c128_seed1902,perm_seed1739,1,1,UNSATISFIABLE,UNSATISFIABLE,True,True,15,15,15,15,0.001021,0.000799,-0.00022199999999999998,True,True,True,True,True,
repeat=2|base=random_3sat_control_v30_c128_seed1902|variant=perm_seed1740,2,random_3sat_control_v30_c128_seed1902,perm_seed1740,1,1,UNSATISFIABLE,UNSATISFIABLE,True,True,23,23,20,20,0.000776,0.000729,-4.699999999999995e-05,True,True,True,True,True,
repeat=2|base=random_3sat_control_v30_c128_seed1902|variant=perm_seed1741,2,random_3sat_control_v30_c128_seed1902,perm_seed1741,1,1,UNSATISFIABLE,UNSATISFIABLE,True,True,7,7,8,8,0.000784,0.001222,0.000438,True,True,True,True,True,
repeat=2|base=random_3sat_control_v30_c128_seed1902|variant=perm_seed1742,2,random_3sat_control_v30_c128_seed1902,perm_seed1742,1,1,UNSATISFIABLE,UNSATISFIABLE,True,True,15,15,16,16,0.000834,0.00135,0.0005160000000000001,True,True,True,True,True,
repeat=2|base=random_3sat_control_v30_c128_seed1902|variant=perm_seed1743,2,random_3sat_control_v30_c128_seed1902,perm_seed1743,1,1,UNSATISFIABLE,UNSATISFIABLE,True,True,16,16,15,15,0.000798,0.000754,-4.3999999999999985e-05,True,True,True,True,True,
repeat=2|base=random_3sat_control_v30_c128_seed1902|variant=perm_seed1744,2,random_3sat_control_v30_c128_seed1902,perm_seed1744,1,1,UNSATISFIABLE,UNSATISFIABLE,True,True,18,18,17,17,0.00133,0.000889,-0.000441,True,True,True,True,True,
repeat=2|base=random_3sat_control_v30_c128_seed1902|variant=perm_seed1745,2,random_3sat_control_v30_c128_seed1902,perm_seed1745,1,1,UNSATISFIABLE,UNSATISFIABLE,True,True,15,15,15,15,0.001162,0.000801,-0.0003610000000000001,True,True,True,True,True,
repeat=2|base=random_3sat_control_v32_c136_seed1923|variant=base,2,random_3sat_control_v32_c136_seed1923,base,1,1,SATISFIABLE,SATISFIABLE,True,True,21,21,12,12,0.001032,0.00078,-0.00025199999999999995,True,True,True,True,True,
repeat=2|base=random_3sat_control_v32_c136_seed1923|variant=perm_seed1730,2,random_3sat_control_v32_c136_seed1923,perm_seed1730,1,1,SATISFIABLE,SATISFIABLE,True,True,32,32,17,17,0.00119,0.000725,-0.00046500000000000014,True,True,True,True,True,
repeat=2|base=random_3sat_control_v32_c136_seed1923|variant=perm_seed1731,2,random_3sat_control_v32_c136_seed1923,perm_seed1731,1,1,SATISFIABLE,SATISFIABLE,True,True,10,10,2,2,0.00079,0.000769,-2.099999999999997e-05,True,True,True,True,True,
repeat=2|base=random_3sat_control_v32_c136_seed1923|variant=perm_seed1732,2,random_3sat_control_v32_c136_seed1923,perm_seed1732,1,1,SATISFIABLE,SATISFIABLE,True,True,36,36,25,25,0.001265,0.001137,-0.00012800000000000008,True,True,True,True,True,
repeat=2|base=random_3sat_control_v32_c136_seed1923|variant=perm_seed1733,2,random_3sat_control_v32_c136_seed1923,perm_seed1733,1,1,SATISFIABLE,SATISFIABLE,True,True,19,19,12,12,0.00113,0.000767,-0.00036299999999999993,True,True,True,True,True,
repeat=2|base=random_3sat_control_v32_c136_seed1923|variant=perm_seed1734,2,random_3sat_control_v32_c136_seed1923,perm_seed1734,1,1,SATISFIABLE,SATISFIABLE,True,True,31,31,22,22,0.001292,0.001156,-0.00013600000000000005,True,True,True,True,True,
repeat=2|base=random_3sat_control_v32_c136_seed1923|variant=perm_seed1735,2,random_3sat_control_v32_c136_seed1923,perm_seed1735,1,1,SATISFIABLE,SATISFIABLE,True,True,14,14,6,6,0.00113,0.001261,0.00013100000000000004,True,True,True,True,True,
repeat=2|base=random_3sat_control_v32_c136_seed1923|variant=perm_seed1736,2,random_3sat_control_v32_c136_seed1923,perm_seed1736,1,1,SATISFIABLE,SATISFIABLE,True,True,19,19,7,7,0.000776,0.000708,-6.800000000000003e-05,True,True,True,True,True,
repeat=2|base=random_3sat_control_v32_c136_seed1923|variant=perm_seed1737,2,random_3sat_control_v32_c136_seed1923,perm_seed1737,1,1,SATISFIABLE,SATISFIABLE,True,True,14,14,5,5,0.000727,0.000697,-2.999999999999997e-05,True,True,True,True,True,
repeat=2|base=random_3sat_control_v32_c136_seed1923|variant=perm_seed1738,2,random_3sat_control_v32_c136_seed1923,perm_seed1738,1,1,SATISFIABLE,SATISFIABLE,True,True,29,29,18,18,0.000721,0.000739,1.8000000000000004e-05,True,True,True,True,True,
repeat=2|base=random_3sat_control_v32_c136_seed1923|variant=perm_seed1739,2,random_3sat_control_v32_c136_seed1923,perm_seed1739,1,1,SATISFIABLE,SATISFIABLE,True,True,36,36,22,22,0.000647,0.000734,8.699999999999995e-05,True,True,True,True,True,
repeat=2|base=random_3sat_control_v32_c136_seed1923|variant=perm_seed1740,2,random_3sat_control_v32_c136_seed1923,perm_seed1740,1,1,SATISFIABLE,SATISFIABLE,True,True,28,28,16,16,0.000667,0.000707,3.9999999999999996e-05,True,True,True,True,True,
repeat=2|base=random_3sat_control_v32_c136_seed1923|variant=perm_seed1741,2,random_3sat_control_v32_c136_seed1923,perm_seed1741,1,1,SATISFIABLE,SATISFIABLE,True,True,25,25,13,13,0.000663,0.000659,-3.999999999999989e-06,True,True,True,True,True,
repeat=2|base=random_3sat_control_v32_c136_seed1923|variant=perm_seed1742,2,random_3sat_control_v32_c136_seed1923,perm_seed1742,1,1,SATISFIABLE,SATISFIABLE,True,True,9,9,2,2,0.000624,0.000707,8.299999999999996e-05,True,True,True,True,True,
repeat=2|base=random_3sat_control_v32_c136_seed1923|variant=perm_seed1743,2,random_3sat_control_v32_c136_seed1923,perm_seed1743,1,1,SATISFIABLE,SATISFIABLE,True,True,24,24,11,11,0.000637,0.000716,7.899999999999997e-05,True,True,True,True,True,
repeat=2|base=random_3sat_control_v32_c136_seed1923|variant=perm_seed1744,2,random_3sat_control_v32_c136_seed1923,perm_seed1744,1,1,SATISFIABLE,SATISFIABLE,True,True,23,23,15,15,0.000664,0.000717,5.299999999999999e-05,True,True,True,True,True,
repeat=2|base=random_3sat_control_v32_c136_seed1923|variant=perm_seed1745,2,random_3sat_control_v32_c136_seed1923,perm_seed1745,1,1,SATISFIABLE,SATISFIABLE,True,True,25,25,13,13,0.000668,0.000669,1.0000000000000243e-06,True,True,True,True,True,
repeat=2|base=random_3sat_control_v35_c149_seed1911|variant=base,2,random_3sat_control_v35_c149_seed1911,base,1,1,SATISFIABLE,SATISFIABLE,True,True,31,31,17,17,0.000711,0.000755,4.3999999999999985e-05,True,True,True,True,True,
repeat=2|base=random_3sat_control_v35_c149_seed1911|variant=perm_seed1730,2,random_3sat_control_v35_c149_seed1911,perm_seed1730,1,1,SATISFIABLE,SATISFIABLE,True,True,36,36,25,25,0.001227,0.001344,0.00011699999999999992,True,True,True,True,True,
repeat=2|base=random_3sat_control_v35_c149_seed1911|variant=perm_seed1731,2,random_3sat_control_v35_c149_seed1911,perm_seed1731,1,1,SATISFIABLE,SATISFIABLE,True,True,20,20,14,14,0.001307,0.001196,-0.00011099999999999999,True,True,True,True,True,
repeat=2|base=random_3sat_control_v35_c149_seed1911|variant=perm_seed1732,2,random_3sat_control_v35_c149_seed1911,perm_seed1732,1,1,SATISFIABLE,SATISFIABLE,True,True,49,49,41,41,0.00087,0.000993,0.00012299999999999995,True,True,True,True,True,
repeat=2|base=random_3sat_control_v35_c149_seed1911|variant=perm_seed1733,2,random_3sat_control_v35_c149_seed1911,perm_seed1733,1,1,SATISFIABLE,SATISFIABLE,True,True,47,47,40,40,0.000899,0.001251,0.000352,True,True,True,True,True,
repeat=2|base=random_3sat_control_v35_c149_seed1911|variant=perm_seed1734,2,random_3sat_control_v35_c149_seed1911,perm_seed1734,1,1,SATISFIABLE,SATISFIABLE,True,True,33,33,24,24,0.00123,0.000799,-0.00043099999999999996,True,True,True,True,True,
repeat=2|base=random_3sat_control_v35_c149_seed1911|variant=perm_seed1735,2,random_3sat_control_v35_c149_seed1911,perm_seed1735,1,1,SATISFIABLE,SATISFIABLE,True,True,24,24,13,13,0.00086,0.000799,-6.0999999999999965e-05,True,True,True,True,True,
repeat=2|base=random_3sat_control_v35_c149_seed1911|variant=perm_seed1736,2,random_3sat_control_v35_c149_seed1911,perm_seed1736,1,1,SATISFIABLE,SATISFIABLE,True,True,42,42,33,33,0.000698,0.000768,6.999999999999997e-05,True,True,True,True,True,
repeat=2|base=random_3sat_control_v35_c149_seed1911|variant=perm_seed1737,2,random_3sat_control_v35_c149_seed1911,perm_seed1737,1,1,SATISFIABLE,SATISFIABLE,True,True,26,26,16,16,0.000762,0.00077,7.999999999999978e-06,True,True,True,True,True,
repeat=2|base=random_3sat_control_v35_c149_seed1911|variant=perm_seed1738,2,random_3sat_control_v35_c149_seed1911,perm_seed1738,1,1,SATISFIABLE,SATISFIABLE,True,True,28,28,21,21,0.000765,0.000773,8.000000000000086e-06,True,True,True,True,True,
repeat=2|base=random_3sat_control_v35_c149_seed1911|variant=perm_seed1739,2,random_3sat_control_v35_c149_seed1911,perm_seed1739,1,1,SATISFIABLE,SATISFIABLE,True,True,43,43,35,35,0.000825,0.000815,-1.0000000000000026e-05,True,True,True,True,True,
repeat=2|base=random_3sat_control_v35_c149_seed1911|variant=perm_seed1740,2,random_3sat_control_v35_c149_seed1911,perm_seed1740,1,1,SATISFIABLE,SATISFIABLE,True,True,34,34,25,25,0.000705,0.000775,6.999999999999997e-05,True,True,True,True,True,
repeat=2|base=random_3sat_control_v35_c149_seed1911|variant=perm_seed1741,2,random_3sat_control_v35_c149_seed1911,perm_seed1741,1,1,SATISFIABLE,SATISFIABLE,True,True,46,46,34,34,0.000734,0.000707,-2.7000000000000006e-05,True,True,True,True,True,
repeat=2|base=random_3sat_control_v35_c149_seed1911|variant=perm_seed1742,2,random_3sat_control_v35_c149_seed1911,perm_seed1742,1,1,SATISFIABLE,SATISFIABLE,True,True,33,33,25,25,0.0007,0.000765,6.499999999999995e-05,True,True,True,True,True,
repeat=2|base=random_3sat_control_v35_c149_seed1911|variant=perm_seed1743,2,random_3sat_control_v35_c149_seed1911,perm_seed1743,1,1,SATISFIABLE,SATISFIABLE,True,True,13,13,8,8,0.000671,0.000691,1.9999999999999944e-05,True,True,True,True,True,
repeat=2|base=random_3sat_control_v35_c149_seed1911|variant=perm_seed1744,2,random_3sat_control_v35_c149_seed1911,perm_seed1744,1,1,SATISFIABLE,SATISFIABLE,True,True,26,26,21,21,0.000645,0.000701,5.600000000000006e-05,True,True,True,True,True,
repeat=2|base=random_3sat_control_v35_c149_seed1911|variant=perm_seed1745,2,random_3sat_control_v35_c149_seed1911,perm_seed1745,1,1,SATISFIABLE,SATISFIABLE,True,True,11,11,5,5,0.000627,0.000704,7.700000000000003e-05,True,True,True,True,True,
repeat=2|base=random_3sat_control_v40_c170_seed1903|variant=base,2,random_3sat_control_v40_c170_seed1903,base,1,1,SATISFIABLE,SATISFIABLE,True,True,49,49,38,38,0.000969,0.000771,-0.00019800000000000004,True,True,True,True,True,
repeat=2|base=random_3sat_control_v40_c170_seed1903|variant=perm_seed1730,2,random_3sat_control_v40_c170_seed1903,perm_seed1730,1,1,SATISFIABLE,SATISFIABLE,True,True,59,59,45,45,0.000806,0.000712,-9.400000000000001e-05,True,True,True,True,True,
repeat=2|base=random_3sat_control_v40_c170_seed1903|variant=perm_seed1731,2,random_3sat_control_v40_c170_seed1903,perm_seed1731,1,1,SATISFIABLE,SATISFIABLE,True,True,20,20,10,10,0.000768,0.000758,-1.0000000000000026e-05,True,True,True,True,True,
repeat=2|base=random_3sat_control_v40_c170_seed1903|variant=perm_seed1732,2,random_3sat_control_v40_c170_seed1903,perm_seed1732,1,1,SATISFIABLE,SATISFIABLE,True,True,20,20,9,9,0.000754,0.000897,0.000143,True,True,True,True,True,
repeat=2|base=random_3sat_control_v40_c170_seed1903|variant=perm_seed1733,2,random_3sat_control_v40_c170_seed1903,perm_seed1733,1,1,SATISFIABLE,SATISFIABLE,True,True,12,12,2,2,0.000727,0.000693,-3.399999999999996e-05,True,True,True,True,True,
repeat=2|base=random_3sat_control_v40_c170_seed1903|variant=perm_seed1734,2,random_3sat_control_v40_c170_seed1903,perm_seed1734,1,1,SATISFIABLE,SATISFIABLE,True,True,25,25,13,13,0.00073,0.000686,-4.3999999999999985e-05,True,True,True,True,True,
repeat=2|base=random_3sat_control_v40_c170_seed1903|variant=perm_seed1735,2,random_3sat_control_v40_c170_seed1903,perm_seed1735,1,1,SATISFIABLE,SATISFIABLE,True,True,25,25,12,12,0.00079,0.000762,-2.800000000000003e-05,True,True,True,True,True,
repeat=2|base=random_3sat_control_v40_c170_seed1903|variant=perm_seed1736,2,random_3sat_control_v40_c170_seed1903,perm_seed1736,1,1,SATISFIABLE,SATISFIABLE,True,True,16,16,9,9,0.00088,0.000802,-7.800000000000005e-05,True,True,True,True,True,
repeat=2|base=random_3sat_control_v40_c170_seed1903|variant=perm_seed1737,2,random_3sat_control_v40_c170_seed1903,perm_seed1737,1,1,SATISFIABLE,SATISFIABLE,True,True,12,12,6,6,0.000673,0.000702,2.9000000000000054e-05,True,True,True,True,True,
repeat=2|base=random_3sat_control_v40_c170_seed1903|variant=perm_seed1738,2,random_3sat_control_v40_c170_seed1903,perm_seed1738,1,1,SATISFIABLE,SATISFIABLE,True,True,15,15,6,6,0.000728,0.000768,3.9999999999999996e-05,True,True,True,True,True,
repeat=2|base=random_3sat_control_v40_c170_seed1903|variant=perm_seed1739,2,random_3sat_control_v40_c170_seed1903,perm_seed1739,1,1,SATISFIABLE,SATISFIABLE,True,True,65,65,50,50,0.000799,0.000928,0.000129,True,True,True,True,True,
repeat=2|base=random_3sat_control_v40_c170_seed1903|variant=perm_seed1740,2,random_3sat_control_v40_c170_seed1903,perm_seed1740,1,1,SATISFIABLE,SATISFIABLE,True,True,8,8,2,2,0.000683,0.000712,2.8999999999999946e-05,True,True,True,True,True,
repeat=2|base=random_3sat_control_v40_c170_seed1903|variant=perm_seed1741,2,random_3sat_control_v40_c170_seed1903,perm_seed1741,1,1,SATISFIABLE,SATISFIABLE,True,True,16,16,6,6,0.000677,0.00071,3.300000000000004e-05,True,True,True,True,True,
repeat=2|base=random_3sat_control_v40_c170_seed1903|variant=perm_seed1742,2,random_3sat_control_v40_c170_seed1903,perm_seed1742,1,1,SATISFIABLE,SATISFIABLE,True,True,21,21,8,8,0.000871,0.000717,-0.00015400000000000006,True,True,True,True,True,
repeat=2|base=random_3sat_control_v40_c170_seed1903|variant=perm_seed1743,2,random_3sat_control_v40_c170_seed1903,perm_seed1743,1,1,SATISFIABLE,SATISFIABLE,True,True,55,55,36,36,0.000677,0.00071,3.300000000000004e-05,True,True,True,True,True,
repeat=2|base=random_3sat_control_v40_c170_seed1903|variant=perm_seed1744,2,random_3sat_control_v40_c170_seed1903,perm_seed1744,1,1,SATISFIABLE,SATISFIABLE,True,True,10,10,1,1,0.000737,0.00065,-8.700000000000005e-05,True,True,True,True,True,
repeat=2|base=random_3sat_control_v40_c170_seed1903|variant=perm_seed1745,2,random_3sat_control_v40_c170_seed1903,perm_seed1745,1,1,SATISFIABLE,SATISFIABLE,True,True,32,32,22,22,0.000754,0.000669,-8.5e-05,True,True,True,True,True,
repeat=2|base=random_3sat_control_v45_c191_seed1924|variant=base,2,random_3sat_control_v45_c191_seed1924,base,1,1,SATISFIABLE,SATISFIABLE,True,True,49,49,35,35,0.00069,0.000701,1.100000000000005e-05,True,True,True,True,True,
repeat=2|base=random_3sat_control_v45_c191_seed1924|variant=perm_seed1730,2,random_3sat_control_v45_c191_seed1924,perm_seed1730,1,1,SATISFIABLE,SATISFIABLE,True,True,40,40,22,22,0.000759,0.000913,0.00015399999999999995,True,True,True,True,True,
repeat=2|base=random_3sat_control_v45_c191_seed1924|variant=perm_seed1731,2,random_3sat_control_v45_c191_seed1924,perm_seed1731,1,1,SATISFIABLE,SATISFIABLE,True,True,33,33,25,25,0.00076,0.000757,-3.000000000000073e-06,True,True,True,True,True,
repeat=2|base=random_3sat_control_v45_c191_seed1924|variant=perm_seed1732,2,random_3sat_control_v45_c191_seed1924,perm_seed1732,1,1,SATISFIABLE,SATISFIABLE,True,True,32,32,27,27,0.000731,0.000807,7.6e-05,True,True,True,True,True,
repeat=2|base=random_3sat_control_v45_c191_seed1924|variant=perm_seed1733,2,random_3sat_control_v45_c191_seed1924,perm_seed1733,1,1,SATISFIABLE,SATISFIABLE,True,True,34,34,22,22,0.000898,0.00083,-6.800000000000003e-05,True,True,True,True,True,
repeat=2|base=random_3sat_control_v45_c191_seed1924|variant=perm_seed1734,2,random_3sat_control_v45_c191_seed1924,perm_seed1734,1,1,SATISFIABLE,SATISFIABLE,True,True,23,23,18,18,0.000707,0.000717,1.0000000000000026e-05,True,True,True,True,True,
repeat=2|base=random_3sat_control_v45_c191_seed1924|variant=perm_seed1735,2,random_3sat_control_v45_c191_seed1924,perm_seed1735,1,1,SATISFIABLE,SATISFIABLE,True,True,26,26,16,16,0.000727,0.000908,0.00018099999999999995,True,True,True,True,True,
repeat=2|base=random_3sat_control_v45_c191_seed1924|variant=perm_seed1736,2,random_3sat_control_v45_c191_seed1924,perm_seed1736,1,1,SATISFIABLE,SATISFIABLE,True,True,17,17,6,6,0.000855,0.000902,4.700000000000006e-05,True,True,True,True,True,
repeat=2|base=random_3sat_control_v45_c191_seed1924|variant=perm_seed1737,2,random_3sat_control_v45_c191_seed1924,perm_seed1737,1,1,SATISFIABLE,SATISFIABLE,True,True,45,45,32,32,0.000705,0.000812,0.000107,True,True,True,True,True,
repeat=2|base=random_3sat_control_v45_c191_seed1924|variant=perm_seed1738,2,random_3sat_control_v45_c191_seed1924,perm_seed1738,1,1,SATISFIABLE,SATISFIABLE,True,True,23,23,16,16,0.000862,0.000812,-5.000000000000002e-05,True,True,True,True,True,
repeat=2|base=random_3sat_control_v45_c191_seed1924|variant=perm_seed1739,2,random_3sat_control_v45_c191_seed1924,perm_seed1739,1,1,SATISFIABLE,SATISFIABLE,True,True,7,7,4,4,0.00082,0.000735,-8.5e-05,True,True,True,True,True,
repeat=2|base=random_3sat_control_v45_c191_seed1924|variant=perm_seed1740,2,random_3sat_control_v45_c191_seed1924,perm_seed1740,1,1,SATISFIABLE,SATISFIABLE,True,True,17,17,8,8,0.000688,0.000767,7.899999999999997e-05,True,True,True,True,True,
repeat=2|base=random_3sat_control_v45_c191_seed1924|variant=perm_seed1741,2,random_3sat_control_v45_c191_seed1924,perm_seed1741,1,1,SATISFIABLE,SATISFIABLE,True,True,43,43,31,31,0.000781,0.000787,6.000000000000037e-06,True,True,True,True,True,
repeat=2|base=random_3sat_control_v45_c191_seed1924|variant=perm_seed1742,2,random_3sat_control_v45_c191_seed1924,perm_seed1742,1,1,SATISFIABLE,SATISFIABLE,True,True,62,62,53,53,0.000877,0.000805,-7.199999999999991e-05,True,True,True,True,True,
repeat=2|base=random_3sat_control_v45_c191_seed1924|variant=perm_seed1743,2,random_3sat_control_v45_c191_seed1924,perm_seed1743,1,1,SATISFIABLE,SATISFIABLE,True,True,31,31,20,20,0.000804,0.000707,-9.700000000000008e-05,True,True,True,True,True,
repeat=2|base=random_3sat_control_v45_c191_seed1924|variant=perm_seed1744,2,random_3sat_control_v45_c191_seed1924,perm_seed1744,1,1,SATISFIABLE,SATISFIABLE,True,True,35,35,21,21,0.000655,0.000775,0.00011999999999999999,True,True,True,True,True,
repeat=2|base=random_3sat_control_v45_c191_seed1924|variant=perm_seed1745,2,random_3sat_control_v45_c191_seed1924,perm_seed1745,1,1,SATISFIABLE,SATISFIABLE,True,True,14,14,3,3,0.000729,0.000675,-5.400000000000001e-05,True,True,True,True,True,
repeat=2|base=random_3sat_control_v50_c213_seed1925|variant=base,2,random_3sat_control_v50_c213_seed1925,base,1,1,SATISFIABLE,SATISFIABLE,True,True,20,20,4,4,0.000649,0.000649,0.0,True,True,True,True,True,
repeat=2|base=random_3sat_control_v50_c213_seed1925|variant=perm_seed1730,2,random_3sat_control_v50_c213_seed1925,perm_seed1730,1,1,SATISFIABLE,SATISFIABLE,True,True,61,61,47,47,0.000716,0.000722,6.000000000000037e-06,True,True,True,True,True,
repeat=2|base=random_3sat_control_v50_c213_seed1925|variant=perm_seed1731,2,random_3sat_control_v50_c213_seed1925,perm_seed1731,1,1,SATISFIABLE,SATISFIABLE,True,True,64,64,45,45,0.000809,0.000734,-7.500000000000009e-05,True,True,True,True,True,
repeat=2|base=random_3sat_control_v50_c213_seed1925|variant=perm_seed1732,2,random_3sat_control_v50_c213_seed1925,perm_seed1732,1,1,SATISFIABLE,SATISFIABLE,True,True,47,47,35,35,0.000739,0.000778,3.900000000000008e-05,True,True,True,True,True,
repeat=2|base=random_3sat_control_v50_c213_seed1925|variant=perm_seed1733,2,random_3sat_control_v50_c213_seed1925,perm_seed1733,1,1,SATISFIABLE,SATISFIABLE,True,True,22,22,10,10,0.000691,0.000816,0.000125,True,True,True,True,True,
repeat=2|base=random_3sat_control_v50_c213_seed1925|variant=perm_seed1734,2,random_3sat_control_v50_c213_seed1925,perm_seed1734,1,1,SATISFIABLE,SATISFIABLE,True,True,91,91,78,78,0.00083,0.000838,7.999999999999978e-06,True,True,True,True,True,
repeat=2|base=random_3sat_control_v50_c213_seed1925|variant=perm_seed1735,2,random_3sat_control_v50_c213_seed1925,perm_seed1735,1,1,SATISFIABLE,SATISFIABLE,True,True,26,26,12,12,0.000694,0.000759,6.500000000000006e-05,True,True,True,True,True,
repeat=2|base=random_3sat_control_v50_c213_seed1925|variant=perm_seed1736,2,random_3sat_control_v50_c213_seed1925,perm_seed1736,1,1,SATISFIABLE,SATISFIABLE,True,True,38,38,24,24,0.000735,0.000796,6.100000000000007e-05,True,True,True,True,True,
repeat=2|base=random_3sat_control_v50_c213_seed1925|variant=perm_seed1737,2,random_3sat_control_v50_c213_seed1925,perm_seed1737,1,1,SATISFIABLE,SATISFIABLE,True,True,33,33,21,21,0.000714,0.000775,6.0999999999999965e-05,True,True,True,True,True,
repeat=2|base=random_3sat_control_v50_c213_seed1925|variant=perm_seed1738,2,random_3sat_control_v50_c213_seed1925,perm_seed1738,1,1,SATISFIABLE,SATISFIABLE,True,True,34,34,17,17,0.000716,0.00072,4.000000000000097e-06,True,True,True,True,True,
repeat=2|base=random_3sat_control_v50_c213_seed1925|variant=perm_seed1739,2,random_3sat_control_v50_c213_seed1925,perm_seed1739,1,1,SATISFIABLE,SATISFIABLE,True,True,57,57,46,46,0.000777,0.000781,3.999999999999989e-06,True,True,True,True,True,
repeat=2|base=random_3sat_control_v50_c213_seed1925|variant=perm_seed1740,2,random_3sat_control_v50_c213_seed1925,perm_seed1740,1,1,SATISFIABLE,SATISFIABLE,True,True,45,45,29,29,0.000678,0.000702,2.400000000000004e-05,True,True,True,True,True,
repeat=2|base=random_3sat_control_v50_c213_seed1925|variant=perm_seed1741,2,random_3sat_control_v50_c213_seed1925,perm_seed1741,1,1,SATISFIABLE,SATISFIABLE,True,True,47,47,26,26,0.000671,0.000732,6.0999999999999965e-05,True,True,True,True,True,
repeat=2|base=random_3sat_control_v50_c213_seed1925|variant=perm_seed1742,2,random_3sat_control_v50_c213_seed1925,perm_seed1742,1,1,SATISFIABLE,SATISFIABLE,True,True,30,30,16,16,0.000676,0.000694,1.8000000000000004e-05,True,True,True,True,True,
repeat=2|base=random_3sat_control_v50_c213_seed1925|variant=perm_seed1743,2,random_3sat_control_v50_c213_seed1925,perm_seed1743,1,1,SATISFIABLE,SATISFIABLE,True,True,49,49,22,22,0.000667,0.000753,8.600000000000003e-05,True,True,True,True,True,
repeat=2|base=random_3sat_control_v50_c213_seed1925|variant=perm_seed1744,2,random_3sat_control_v50_c213_seed1925,perm_seed1744,1,1,SATISFIABLE,SATISFIABLE,True,True,118,118,95,95,0.000765,0.000788,2.3000000000000017e-05,True,True,True,True,True,
repeat=2|base=random_3sat_control_v50_c213_seed1925|variant=perm_seed1745,2,random_3sat_control_v50_c213_seed1925,perm_seed1745,1,1,SATISFIABLE,SATISFIABLE,True,True,79,79,59,59,0.000749,0.000732,-1.699999999999998e-05,True,True,True,True,True,
repeat=2|base=random_3sat_control_v55_c234_seed1926|variant=base,2,random_3sat_control_v55_c234_seed1926,base,1,1,SATISFIABLE,SATISFIABLE,True,True,88,88,64,64,0.000766,0.00079,2.400000000000004e-05,True,True,True,True,True,
repeat=2|base=random_3sat_control_v55_c234_seed1926|variant=perm_seed1730,2,random_3sat_control_v55_c234_seed1926,perm_seed1730,1,1,SATISFIABLE,SATISFIABLE,True,True,142,142,113,113,0.000818,0.000845,2.7000000000000006e-05,True,True,True,True,True,
repeat=2|base=random_3sat_control_v55_c234_seed1926|variant=perm_seed1731,2,random_3sat_control_v55_c234_seed1926,perm_seed1731,1,1,SATISFIABLE,SATISFIABLE,True,True,37,37,17,17,0.000705,0.000693,-1.1999999999999966e-05,True,True,True,True,True,
repeat=2|base=random_3sat_control_v55_c234_seed1926|variant=perm_seed1732,2,random_3sat_control_v55_c234_seed1926,perm_seed1732,1,1,SATISFIABLE,SATISFIABLE,True,True,39,39,19,19,0.000667,0.000802,0.00013500000000000003,True,True,True,True,True,
repeat=2|base=random_3sat_control_v55_c234_seed1926|variant=perm_seed1733,2,random_3sat_control_v55_c234_seed1926,perm_seed1733,1,1,SATISFIABLE,SATISFIABLE,True,True,66,66,46,46,0.000696,0.000835,0.00013900000000000002,True,True,True,True,True,
repeat=2|base=random_3sat_control_v55_c234_seed1926|variant=perm_seed1734,2,random_3sat_control_v55_c234_seed1926,perm_seed1734,1,1,SATISFIABLE,SATISFIABLE,True,True,69,69,41,41,0.000759,0.000806,4.699999999999995e-05,True,True,True,True,True,
repeat=2|base=random_3sat_control_v55_c234_seed1926|variant=perm_seed1735,2,random_3sat_control_v55_c234_seed1926,perm_seed1735,1,1,SATISFIABLE,SATISFIABLE,True,True,26,26,8,8,0.000722,0.000742,2.0000000000000052e-05,True,True,True,True,True,
repeat=2|base=random_3sat_control_v55_c234_seed1926|variant=perm_seed1736,2,random_3sat_control_v55_c234_seed1926,perm_seed1736,1,1,SATISFIABLE,SATISFIABLE,True,True,61,61,49,49,0.000748,0.000745,-2.9999999999999645e-06,True,True,True,True,True,
repeat=2|base=random_3sat_control_v55_c234_seed1926|variant=perm_seed1737,2,random_3sat_control_v55_c234_seed1926,perm_seed1737,1,1,SATISFIABLE,SATISFIABLE,True,True,52,52,31,31,0.000691,0.000748,5.6999999999999976e-05,True,True,True,True,True,
repeat=2|base=random_3sat_control_v55_c234_seed1926|variant=perm_seed1738,2,random_3sat_control_v55_c234_seed1926,perm_seed1738,1,1,SATISFIABLE,SATISFIABLE,True,True,24,24,7,7,0.000671,0.000679,7.999999999999978e-06,True,True,True,True,True,
repeat=2|base=random_3sat_control_v55_c234_seed1926|variant=perm_seed1739,2,random_3sat_control_v55_c234_seed1926,perm_seed1739,1,1,SATISFIABLE,SATISFIABLE,True,True,54,54,36,36,0.000695,0.000703,7.999999999999978e-06,True,True,True,True,True,
repeat=2|base=random_3sat_control_v55_c234_seed1926|variant=perm_seed1740,2,random_3sat_control_v55_c234_seed1926,perm_seed1740,1,1,SATISFIABLE,SATISFIABLE,True,True,82,82,62,62,0.000762,0.000744,-1.8000000000000004e-05,True,True,True,True,True,
repeat=2|base=random_3sat_control_v55_c234_seed1926|variant=perm_seed1741,2,random_3sat_control_v55_c234_seed1926,perm_seed1741,1,1,SATISFIABLE,SATISFIABLE,True,True,129,129,112,112,0.000847,0.000817,-2.999999999999997e-05,True,True,True,True,True,
repeat=2|base=random_3sat_control_v55_c234_seed1926|variant=perm_seed1742,2,random_3sat_control_v55_c234_seed1926,perm_seed1742,1,1,SATISFIABLE,SATISFIABLE,True,True,31,31,12,12,0.000674,0.000718,4.3999999999999985e-05,True,True,True,True,True,
repeat=2|base=random_3sat_control_v55_c234_seed1926|variant=perm_seed1743,2,random_3sat_control_v55_c234_seed1926,perm_seed1743,1,1,SATISFIABLE,SATISFIABLE,True,True,30,30,11,11,0.00073,0.000691,-3.899999999999997e-05,True,True,True,True,True,
repeat=2|base=random_3sat_control_v55_c234_seed1926|variant=perm_seed1744,2,random_3sat_control_v55_c234_seed1926,perm_seed1744,1,1,SATISFIABLE,SATISFIABLE,True,True,52,52,37,37,0.000702,0.00076,5.8e-05,True,True,True,True,True,
repeat=2|base=random_3sat_control_v55_c234_seed1926|variant=perm_seed1745,2,random_3sat_control_v55_c234_seed1926,perm_seed1745,1,1,SATISFIABLE,SATISFIABLE,True,True,29,29,20,20,0.000723,0.000707,-1.6000000000000064e-05,True,True,True,True,True,
repeat=2|base=random_3sat_control_v60_c180_seed1912|variant=base,2,random_3sat_control_v60_c180_seed1912,base,1,1,SATISFIABLE,SATISFIABLE,True,True,27,27,6,6,0.000676,0.000728,5.200000000000007e-05,True,True,True,True,True,
repeat=2|base=random_3sat_control_v60_c180_seed1912|variant=perm_seed1730,2,random_3sat_control_v60_c180_seed1912,perm_seed1730,1,1,SATISFIABLE,SATISFIABLE,True,True,21,21,3,3,0.000678,0.000669,-9.000000000000002e-06,True,True,True,True,True,
repeat=2|base=random_3sat_control_v60_c180_seed1912|variant=perm_seed1731,2,random_3sat_control_v60_c180_seed1912,perm_seed1731,1,1,SATISFIABLE,SATISFIABLE,True,True,22,22,2,2,0.00067,0.000669,-1.0000000000000243e-06,True,True,True,True,True,
repeat=2|base=random_3sat_control_v60_c180_seed1912|variant=perm_seed1732,2,random_3sat_control_v60_c180_seed1912,perm_seed1732,1,1,SATISFIABLE,SATISFIABLE,True,True,23,23,6,6,0.000662,0.000679,1.699999999999998e-05,True,True,True,True,True,
repeat=2|base=random_3sat_control_v60_c180_seed1912|variant=perm_seed1733,2,random_3sat_control_v60_c180_seed1912,perm_seed1733,1,1,SATISFIABLE,SATISFIABLE,True,True,22,22,5,5,0.000765,0.000699,-6.599999999999998e-05,True,True,True,True,True,
repeat=2|base=random_3sat_control_v60_c180_seed1912|variant=perm_seed1734,2,random_3sat_control_v60_c180_seed1912,perm_seed1734,1,1,SATISFIABLE,SATISFIABLE,True,True,23,23,2,2,0.000767,0.000727,-3.9999999999999996e-05,True,True,True,True,True,
repeat=2|base=random_3sat_control_v60_c180_seed1912|variant=perm_seed1735,2,random_3sat_control_v60_c180_seed1912,perm_seed1735,1,1,SATISFIABLE,SATISFIABLE,True,True,27,27,7,7,0.000734,0.000705,-2.8999999999999946e-05,True,True,True,True,True,
repeat=2|base=random_3sat_control_v60_c180_seed1912|variant=perm_seed1736,2,random_3sat_control_v60_c180_seed1912,perm_seed1736,1,1,SATISFIABLE,SATISFIABLE,True,True,26,26,2,2,0.000751,0.000787,3.600000000000001e-05,True,True,True,True,True,
repeat=2|base=random_3sat_control_v60_c180_seed1912|variant=perm_seed1737,2,random_3sat_control_v60_c180_seed1912,perm_seed1737,1,1,SATISFIABLE,SATISFIABLE,True,True,21,21,1,1,0.000712,0.00073,1.8000000000000004e-05,True,True,True,True,True,
repeat=2|base=random_3sat_control_v60_c180_seed1912|variant=perm_seed1738,2,random_3sat_control_v60_c180_seed1912,perm_seed1738,1,1,SATISFIABLE,SATISFIABLE,True,True,20,20,1,1,0.000665,0.000734,6.899999999999994e-05,True,True,True,True,True,
repeat=2|base=random_3sat_control_v60_c180_seed1912|variant=perm_seed1739,2,random_3sat_control_v60_c180_seed1912,perm_seed1739,1,1,SATISFIABLE,SATISFIABLE,True,True,14,14,0,0,0.000691,0.000703,1.1999999999999966e-05,True,True,True,True,True,
repeat=2|base=random_3sat_control_v60_c180_seed1912|variant=perm_seed1740,2,random_3sat_control_v60_c180_seed1912,perm_seed1740,1,1,SATISFIABLE,SATISFIABLE,True,True,17,17,0,0,0.000647,0.000693,4.6000000000000034e-05,True,True,True,True,True,
repeat=2|base=random_3sat_control_v60_c180_seed1912|variant=perm_seed1741,2,random_3sat_control_v60_c180_seed1912,perm_seed1741,1,1,SATISFIABLE,SATISFIABLE,True,True,19,19,0,0,0.00065,0.000659,9.000000000000002e-06,True,True,True,True,True,
repeat=2|base=random_3sat_control_v60_c180_seed1912|variant=perm_seed1742,2,random_3sat_control_v60_c180_seed1912,perm_seed1742,1,1,SATISFIABLE,SATISFIABLE,True,True,26,26,8,8,0.000741,0.000722,-1.9000000000000028e-05,True,True,True,True,True,
repeat=2|base=random_3sat_control_v60_c180_seed1912|variant=perm_seed1743,2,random_3sat_control_v60_c180_seed1912,perm_seed1743,1,1,SATISFIABLE,SATISFIABLE,True,True,22,22,6,6,0.000738,0.00079,5.199999999999996e-05,True,True,True,True,True,
repeat=2|base=random_3sat_control_v60_c180_seed1912|variant=perm_seed1744,2,random_3sat_control_v60_c180_seed1912,perm_seed1744,1,1,SATISFIABLE,SATISFIABLE,True,True,21,21,1,1,0.000661,0.000694,3.2999999999999935e-05,True,True,True,True,True,
repeat=2|base=random_3sat_control_v60_c180_seed1912|variant=perm_seed1745,2,random_3sat_control_v60_c180_seed1912,perm_seed1745,1,1,SATISFIABLE,SATISFIABLE,True,True,18,18,0,0,0.000632,0.000708,7.6e-05,True,True,True,True,True,
repeat=2|base=random_3sat_control_v60_c255_seed1927|variant=base,2,random_3sat_control_v60_c255_seed1927,base,1,1,SATISFIABLE,SATISFIABLE,True,True,106,106,76,76,0.00077,0.000796,2.600000000000009e-05,True,True,True,True,True,
repeat=2|base=random_3sat_control_v60_c255_seed1927|variant=perm_seed1730,2,random_3sat_control_v60_c255_seed1927,perm_seed1730,1,1,SATISFIABLE,SATISFIABLE,True,True,72,72,47,47,0.000808,0.000906,9.8e-05,True,True,True,True,True,
repeat=2|base=random_3sat_control_v60_c255_seed1927|variant=perm_seed1731,2,random_3sat_control_v60_c255_seed1927,perm_seed1731,1,1,SATISFIABLE,SATISFIABLE,True,True,31,31,15,15,0.000735,0.000806,7.099999999999999e-05,True,True,True,True,True,
repeat=2|base=random_3sat_control_v60_c255_seed1927|variant=perm_seed1732,2,random_3sat_control_v60_c255_seed1927,perm_seed1732,1,1,SATISFIABLE,SATISFIABLE,True,True,126,126,95,95,0.000887,0.000855,-3.200000000000002e-05,True,True,True,True,True,
repeat=2|base=random_3sat_control_v60_c255_seed1927|variant=perm_seed1733,2,random_3sat_control_v60_c255_seed1927,perm_seed1733,1,1,SATISFIABLE,SATISFIABLE,True,True,71,71,50,50,0.000754,0.000769,1.500000000000004e-05,True,True,True,True,True,
repeat=2|base=random_3sat_control_v60_c255_seed1927|variant=perm_seed1734,2,random_3sat_control_v60_c255_seed1927,perm_seed1734,1,1,SATISFIABLE,SATISFIABLE,True,True,61,61,38,38,0.000757,0.000741,-1.5999999999999955e-05,True,True,True,True,True,
repeat=2|base=random_3sat_control_v60_c255_seed1927|variant=perm_seed1735,2,random_3sat_control_v60_c255_seed1927,perm_seed1735,1,1,SATISFIABLE,SATISFIABLE,True,True,150,150,128,128,0.001039,0.000975,-6.400000000000004e-05,True,True,True,True,True,
repeat=2|base=random_3sat_control_v60_c255_seed1927|variant=perm_seed1736,2,random_3sat_control_v60_c255_seed1927,perm_seed1736,1,1,SATISFIABLE,SATISFIABLE,True,True,132,132,112,112,0.000921,0.000851,-7.000000000000008e-05,True,True,True,True,True,
repeat=2|base=random_3sat_control_v60_c255_seed1927|variant=perm_seed1737,2,random_3sat_control_v60_c255_seed1927,perm_seed1737,1,1,SATISFIABLE,SATISFIABLE,True,True,71,71,52,52,0.000779,0.000788,9.000000000000002e-06,True,True,True,True,True,
repeat=2|base=random_3sat_control_v60_c255_seed1927|variant=perm_seed1738,2,random_3sat_control_v60_c255_seed1927,perm_seed1738,1,1,SATISFIABLE,SATISFIABLE,True,True,25,25,11,11,0.000698,0.000711,1.299999999999999e-05,True,True,True,True,True,
repeat=2|base=random_3sat_control_v60_c255_seed1927|variant=perm_seed1739,2,random_3sat_control_v60_c255_seed1927,perm_seed1739,1,1,SATISFIABLE,SATISFIABLE,True,True,101,101,74,74,0.000791,0.000807,1.5999999999999955e-05,True,True,True,True,True,
repeat=2|base=random_3sat_control_v60_c255_seed1927|variant=perm_seed1740,2,random_3sat_control_v60_c255_seed1927,perm_seed1740,1,1,SATISFIABLE,SATISFIABLE,True,True,124,124,94,94,0.000897,0.000852,-4.500000000000001e-05,True,True,True,True,True,
repeat=2|base=random_3sat_control_v60_c255_seed1927|variant=perm_seed1741,2,random_3sat_control_v60_c255_seed1927,perm_seed1741,1,1,SATISFIABLE,SATISFIABLE,True,True,33,33,20,20,0.000764,0.000723,-4.100000000000002e-05,True,True,True,True,True,
repeat=2|base=random_3sat_control_v60_c255_seed1927|variant=perm_seed1742,2,random_3sat_control_v60_c255_seed1927,perm_seed1742,1,1,SATISFIABLE,SATISFIABLE,True,True,100,100,80,80,0.000864,0.000813,-5.099999999999994e-05,True,True,True,True,True,
repeat=2|base=random_3sat_control_v60_c255_seed1927|variant=perm_seed1743,2,random_3sat_control_v60_c255_seed1927,perm_seed1743,1,1,SATISFIABLE,SATISFIABLE,True,True,112,112,78,78,0.00079,0.000837,4.699999999999995e-05,True,True,True,True,True,
repeat=2|base=random_3sat_control_v60_c255_seed1927|variant=perm_seed1744,2,random_3sat_control_v60_c255_seed1927,perm_seed1744,1,1,SATISFIABLE,SATISFIABLE,True,True,31,31,15,15,0.000726,0.00076,3.400000000000007e-05,True,True,True,True,True,
repeat=2|base=random_3sat_control_v60_c255_seed1927|variant=perm_seed1745,2,random_3sat_control_v60_c255_seed1927,perm_seed1745,1,1,SATISFIABLE,SATISFIABLE,True,True,74,74,51,51,0.000777,0.000796,1.9000000000000028e-05,True,True,True,True,True,
repeat=2|base=random_3sat_control_v70_c298_seed1928|variant=base,2,random_3sat_control_v70_c298_seed1928,base,1,1,SATISFIABLE,SATISFIABLE,True,True,148,148,116,116,0.000873,0.000882,9.000000000000002e-06,True,True,True,True,True,
repeat=2|base=random_3sat_control_v70_c298_seed1928|variant=perm_seed1730,2,random_3sat_control_v70_c298_seed1928,perm_seed1730,1,1,SATISFIABLE,SATISFIABLE,True,True,242,242,196,196,0.001005,0.001052,4.699999999999995e-05,True,True,True,True,True,
repeat=2|base=random_3sat_control_v70_c298_seed1928|variant=perm_seed1731,2,random_3sat_control_v70_c298_seed1928,perm_seed1731,1,1,SATISFIABLE,SATISFIABLE,True,True,146,146,116,116,0.00083,0.000876,4.6000000000000034e-05,True,True,True,True,True,
repeat=2|base=random_3sat_control_v70_c298_seed1928|variant=perm_seed1732,2,random_3sat_control_v70_c298_seed1928,perm_seed1732,1,1,SATISFIABLE,SATISFIABLE,True,True,103,103,73,73,0.000828,0.00083,2.0000000000000486e-06,True,True,True,True,True,
repeat=2|base=random_3sat_control_v70_c298_seed1928|variant=perm_seed1733,2,random_3sat_control_v70_c298_seed1928,perm_seed1733,1,1,SATISFIABLE,SATISFIABLE,True,True,134,134,106,106,0.000923,0.000884,-3.899999999999997e-05,True,True,True,True,True,
repeat=2|base=random_3sat_control_v70_c298_seed1928|variant=perm_seed1734,2,random_3sat_control_v70_c298_seed1928,perm_seed1734,1,1,SATISFIABLE,SATISFIABLE,True,True,108,108,85,85,0.000803,0.000837,3.399999999999996e-05,True,True,True,True,True,
repeat=2|base=random_3sat_control_v70_c298_seed1928|variant=perm_seed1735,2,random_3sat_control_v70_c298_seed1928,perm_seed1735,1,1,SATISFIABLE,SATISFIABLE,True,True,200,200,155,155,0.000942,0.000965,2.3000000000000017e-05,True,True,True,True,True,
repeat=2|base=random_3sat_control_v70_c298_seed1928|variant=perm_seed1736,2,random_3sat_control_v70_c298_seed1928,perm_seed1736,1,1,SATISFIABLE,SATISFIABLE,True,True,29,29,11,11,0.00072,0.000767,4.699999999999995e-05,True,True,True,True,True,
repeat=2|base=random_3sat_control_v70_c298_seed1928|variant=perm_seed1737,2,random_3sat_control_v70_c298_seed1928,perm_seed1737,1,1,SATISFIABLE,SATISFIABLE,True,True,39,39,17,17,0.000719,0.000742,2.3000000000000017e-05,True,True,True,True,True,
repeat=2|base=random_3sat_control_v70_c298_seed1928|variant=perm_seed1738,2,random_3sat_control_v70_c298_seed1928,perm_seed1738,1,1,SATISFIABLE,SATISFIABLE,True,True,43,43,25,25,0.000748,0.000868,0.00011999999999999999,True,True,True,True,True,
repeat=2|base=random_3sat_control_v70_c298_seed1928|variant=perm_seed1739,2,random_3sat_control_v70_c298_seed1928,perm_seed1739,1,1,SATISFIABLE,SATISFIABLE,True,True,33,33,15,15,0.000698,0.000769,7.099999999999999e-05,True,True,True,True,True,
repeat=2|base=random_3sat_control_v70_c298_seed1928|variant=perm_seed1740,2,random_3sat_control_v70_c298_seed1928,perm_seed1740,1,1,SATISFIABLE,SATISFIABLE,True,True,58,58,36,36,0.000776,0.000789,1.299999999999999e-05,True,True,True,True,True,
repeat=2|base=random_3sat_control_v70_c298_seed1928|variant=perm_seed1741,2,random_3sat_control_v70_c298_seed1928,perm_seed1741,1,1,SATISFIABLE,SATISFIABLE,True,True,41,41,24,24,0.00075,0.000761,1.0999999999999942e-05,True,True,True,True,True,
repeat=2|base=random_3sat_control_v70_c298_seed1928|variant=perm_seed1742,2,random_3sat_control_v70_c298_seed1928,perm_seed1742,1,1,SATISFIABLE,SATISFIABLE,True,True,39,39,23,23,0.000743,0.000716,-2.7000000000000006e-05,True,True,True,True,True,
repeat=2|base=random_3sat_control_v70_c298_seed1928|variant=perm_seed1743,2,random_3sat_control_v70_c298_seed1928,perm_seed1743,1,1,SATISFIABLE,SATISFIABLE,True,True,189,189,146,146,0.000945,0.000925,-1.9999999999999944e-05,True,True,True,True,True,
repeat=2|base=random_3sat_control_v70_c298_seed1928|variant=perm_seed1744,2,random_3sat_control_v70_c298_seed1928,perm_seed1744,1,1,SATISFIABLE,SATISFIABLE,True,True,49,49,22,22,0.000697,0.000748,5.099999999999994e-05,True,True,True,True,True,
repeat=2|base=random_3sat_control_v70_c298_seed1928|variant=perm_seed1745,2,random_3sat_control_v70_c298_seed1928,perm_seed1745,1,1,SATISFIABLE,SATISFIABLE,True,True,90,90,64,64,0.000794,0.000884,9.000000000000002e-05,True,True,True,True,True,
repeat=2|base=random_3sat_control_v80_c260_seed1929|variant=base,2,random_3sat_control_v80_c260_seed1929,base,1,1,SATISFIABLE,SATISFIABLE,True,True,36,36,13,13,0.000734,0.000736,2.0000000000000486e-06,True,True,True,True,True,
repeat=2|base=random_3sat_control_v80_c260_seed1929|variant=perm_seed1730,2,random_3sat_control_v80_c260_seed1929,perm_seed1730,1,1,SATISFIABLE,SATISFIABLE,True,True,25,25,6,6,0.000732,0.000706,-2.599999999999998e-05,True,True,True,True,True,
repeat=2|base=random_3sat_control_v80_c260_seed1929|variant=perm_seed1731,2,random_3sat_control_v80_c260_seed1929,perm_seed1731,1,1,SATISFIABLE,SATISFIABLE,True,True,40,40,10,10,0.000733,0.000764,3.0999999999999995e-05,True,True,True,True,True,
repeat=2|base=random_3sat_control_v80_c260_seed1929|variant=perm_seed1732,2,random_3sat_control_v80_c260_seed1929,perm_seed1732,1,1,SATISFIABLE,SATISFIABLE,True,True,22,22,0,0,0.000682,0.000734,5.199999999999996e-05,True,True,True,True,True,
repeat=2|base=random_3sat_control_v80_c260_seed1929|variant=perm_seed1733,2,random_3sat_control_v80_c260_seed1929,perm_seed1733,1,1,SATISFIABLE,SATISFIABLE,True,True,27,27,1,1,0.000667,0.000718,5.100000000000005e-05,True,True,True,True,True,
repeat=2|base=random_3sat_control_v80_c260_seed1929|variant=perm_seed1734,2,random_3sat_control_v80_c260_seed1929,perm_seed1734,1,1,SATISFIABLE,SATISFIABLE,True,True,50,50,12,12,0.000734,0.000732,-1.99999999999994e-06,True,True,True,True,True,
repeat=2|base=random_3sat_control_v80_c260_seed1929|variant=perm_seed1735,2,random_3sat_control_v80_c260_seed1929,perm_seed1735,1,1,SATISFIABLE,SATISFIABLE,True,True,57,57,38,38,0.000897,0.001008,0.00011099999999999999,True,True,True,True,True,
repeat=2|base=random_3sat_control_v80_c260_seed1929|variant=perm_seed1736,2,random_3sat_control_v80_c260_seed1929,perm_seed1736,1,1,SATISFIABLE,SATISFIABLE,True,True,22,22,1,1,0.000766,0.000785,1.9000000000000028e-05,True,True,True,True,True,
repeat=2|base=random_3sat_control_v80_c260_seed1929|variant=perm_seed1737,2,random_3sat_control_v80_c260_seed1929,perm_seed1737,1,1,SATISFIABLE,SATISFIABLE,True,True,26,26,7,7,0.000806,0.000807,1.0000000000000243e-06,True,True,True,True,True,
repeat=2|base=random_3sat_control_v80_c260_seed1929|variant=perm_seed1738,2,random_3sat_control_v80_c260_seed1929,perm_seed1738,1,1,SATISFIABLE,SATISFIABLE,True,True,35,35,14,14,0.000792,0.000807,1.500000000000004e-05,True,True,True,True,True,
repeat=2|base=random_3sat_control_v80_c260_seed1929|variant=perm_seed1739,2,random_3sat_control_v80_c260_seed1929,perm_seed1739,1,1,SATISFIABLE,SATISFIABLE,True,True,55,55,25,25,0.000736,0.000817,8.100000000000002e-05,True,True,True,True,True,
repeat=2|base=random_3sat_control_v80_c260_seed1929|variant=perm_seed1740,2,random_3sat_control_v80_c260_seed1929,perm_seed1740,1,1,SATISFIABLE,SATISFIABLE,True,True,30,30,4,4,0.000788,0.000719,-6.899999999999994e-05,True,True,True,True,True,
repeat=2|base=random_3sat_control_v80_c260_seed1929|variant=perm_seed1741,2,random_3sat_control_v80_c260_seed1929,perm_seed1741,1,1,SATISFIABLE,SATISFIABLE,True,True,23,23,0,0,0.000836,0.000731,-0.00010500000000000006,True,True,True,True,True,
repeat=2|base=random_3sat_control_v80_c260_seed1929|variant=perm_seed1742,2,random_3sat_control_v80_c260_seed1929,perm_seed1742,1,1,SATISFIABLE,SATISFIABLE,True,True,30,30,4,4,0.000761,0.000764,3.000000000000073e-06,True,True,True,True,True,
repeat=2|base=random_3sat_control_v80_c260_seed1929|variant=perm_seed1743,2,random_3sat_control_v80_c260_seed1929,perm_seed1743,1,1,SATISFIABLE,SATISFIABLE,True,True,30,30,1,1,0.000713,0.000718,5.000000000000013e-06,True,True,True,True,True,
repeat=2|base=random_3sat_control_v80_c260_seed1929|variant=perm_seed1744,2,random_3sat_control_v80_c260_seed1929,perm_seed1744,1,1,SATISFIABLE,SATISFIABLE,True,True,36,36,4,4,0.00073,0.00079,6.000000000000005e-05,True,True,True,True,True,
repeat=2|base=random_3sat_control_v80_c260_seed1929|variant=perm_seed1745,2,random_3sat_control_v80_c260_seed1929,perm_seed1745,1,1,SATISFIABLE,SATISFIABLE,True,True,30,30,3,3,0.00069,0.000742,5.200000000000007e-05,True,True,True,True,True,
repeat=2|base=random_3sat_control_v80_c340_seed1913|variant=base,2,random_3sat_control_v80_c340_seed1913,base,1,1,SATISFIABLE,SATISFIABLE,True,True,121,121,96,96,0.000872,0.000946,7.399999999999996e-05,True,True,True,True,True,
repeat=2|base=random_3sat_control_v80_c340_seed1913|variant=perm_seed1730,2,random_3sat_control_v80_c340_seed1913,perm_seed1730,1,1,SATISFIABLE,SATISFIABLE,True,True,380,380,310,310,0.00129,0.001304,1.4000000000000123e-05,True,True,True,True,True,
repeat=2|base=random_3sat_control_v80_c340_seed1913|variant=perm_seed1731,2,random_3sat_control_v80_c340_seed1913,perm_seed1731,1,1,SATISFIABLE,SATISFIABLE,True,True,74,74,48,48,0.000786,0.000808,2.1999999999999993e-05,True,True,True,True,True,
repeat=2|base=random_3sat_control_v80_c340_seed1913|variant=perm_seed1732,2,random_3sat_control_v80_c340_seed1913,perm_seed1732,1,1,SATISFIABLE,SATISFIABLE,True,True,54,54,32,32,0.000775,0.000845,7.000000000000008e-05,True,True,True,True,True,
repeat=2|base=random_3sat_control_v80_c340_seed1913|variant=perm_seed1733,2,random_3sat_control_v80_c340_seed1913,perm_seed1733,1,1,SATISFIABLE,SATISFIABLE,True,True,103,103,78,78,0.000887,0.000861,-2.599999999999998e-05,True,True,True,True,True,
repeat=2|base=random_3sat_control_v80_c340_seed1913|variant=perm_seed1734,2,random_3sat_control_v80_c340_seed1913,perm_seed1734,1,1,SATISFIABLE,SATISFIABLE,True,True,222,222,172,172,0.001057,0.00106,2.9999999999999645e-06,True,True,True,True,True,
repeat=2|base=random_3sat_control_v80_c340_seed1913|variant=perm_seed1735,2,random_3sat_control_v80_c340_seed1913,perm_seed1735,1,1,SATISFIABLE,SATISFIABLE,True,True,52,52,31,31,0.000734,0.000801,6.7e-05,True,True,True,True,True,
repeat=2|base=random_3sat_control_v80_c340_seed1913|variant=perm_seed1736,2,random_3sat_control_v80_c340_seed1913,perm_seed1736,1,1,SATISFIABLE,SATISFIABLE,True,True,310,310,243,243,0.001155,0.001117,-3.8000000000000056e-05,True,True,True,True,True,
repeat=2|base=random_3sat_control_v80_c340_seed1913|variant=perm_seed1737,2,random_3sat_control_v80_c340_seed1913,perm_seed1737,1,1,SATISFIABLE,SATISFIABLE,True,True,113,113,93,93,0.000841,0.000868,2.7000000000000006e-05,True,True,True,True,True,
repeat=2|base=random_3sat_control_v80_c340_seed1913|variant=perm_seed1738,2,random_3sat_control_v80_c340_seed1913,perm_seed1738,1,1,SATISFIABLE,SATISFIABLE,True,True,27,27,8,8,0.000746,0.000721,-2.5000000000000066e-05,True,True,True,True,True,
repeat=2|base=random_3sat_control_v80_c340_seed1913|variant=perm_seed1739,2,random_3sat_control_v80_c340_seed1913,perm_seed1739,1,1,SATISFIABLE,SATISFIABLE,True,True,399,399,328,328,0.001289,0.001366,7.700000000000003e-05,True,True,True,True,True,
repeat=2|base=random_3sat_control_v80_c340_seed1913|variant=perm_seed1740,2,random_3sat_control_v80_c340_seed1913,perm_seed1740,1,1,SATISFIABLE,SATISFIABLE,True,True,63,63,37,37,0.000755,0.000786,3.0999999999999995e-05,True,True,True,True,True,
repeat=2|base=random_3sat_control_v80_c340_seed1913|variant=perm_seed1741,2,random_3sat_control_v80_c340_seed1913,perm_seed1741,1,1,SATISFIABLE,SATISFIABLE,True,True,162,162,128,128,0.000937,0.000953,1.5999999999999955e-05,True,True,True,True,True,
repeat=2|base=random_3sat_control_v80_c340_seed1913|variant=perm_seed1742,2,random_3sat_control_v80_c340_seed1913,perm_seed1742,1,1,SATISFIABLE,SATISFIABLE,True,True,80,80,63,63,0.000818,0.000855,3.6999999999999924e-05,True,True,True,True,True,
repeat=2|base=random_3sat_control_v80_c340_seed1913|variant=perm_seed1743,2,random_3sat_control_v80_c340_seed1913,perm_seed1743,1,1,SATISFIABLE,SATISFIABLE,True,True,193,193,159,159,0.001068,0.001019,-4.9e-05,True,True,True,True,True,
repeat=2|base=random_3sat_control_v80_c340_seed1913|variant=perm_seed1744,2,random_3sat_control_v80_c340_seed1913,perm_seed1744,1,1,SATISFIABLE,SATISFIABLE,True,True,164,164,128,128,0.000912,0.001033,0.00012100000000000001,True,True,True,True,True,
repeat=2|base=random_3sat_control_v80_c340_seed1913|variant=perm_seed1745,2,random_3sat_control_v80_c340_seed1913,perm_seed1745,1,1,SATISFIABLE,SATISFIABLE,True,True,300,300,236,236,0.001097,0.001243,0.00014599999999999986,True,True,True,True,True,
repeat=2|base=random_3sat_control_v90_c383_seed1930|variant=base,2,random_3sat_control_v90_c383_seed1930,base,1,1,UNSATISFIABLE,UNSATISFIABLE,True,True,286,286,256,256,0.001244,0.00121,-3.4000000000000176e-05,True,True,True,True,True,
repeat=2|base=random_3sat_control_v90_c383_seed1930|variant=perm_seed1730,2,random_3sat_control_v90_c383_seed1930,perm_seed1730,1,1,UNSATISFIABLE,UNSATISFIABLE,True,True,583,583,499,499,0.001866,0.001793,-7.299999999999993e-05,True,True,True,True,True,
repeat=2|base=random_3sat_control_v90_c383_seed1930|variant=perm_seed1731,2,random_3sat_control_v90_c383_seed1930,perm_seed1731,1,1,UNSATISFIABLE,UNSATISFIABLE,True,True,502,502,439,439,0.001818,0.001641,-0.00017699999999999986,True,True,True,True,True,
repeat=2|base=random_3sat_control_v90_c383_seed1930|variant=perm_seed1732,2,random_3sat_control_v90_c383_seed1930,perm_seed1732,1,1,UNSATISFIABLE,UNSATISFIABLE,True,True,440,440,363,363,0.001442,0.001543,0.00010100000000000018,True,True,True,True,True,
repeat=2|base=random_3sat_control_v90_c383_seed1930|variant=perm_seed1733,2,random_3sat_control_v90_c383_seed1930,perm_seed1733,1,1,UNSATISFIABLE,UNSATISFIABLE,True,True,508,508,440,440,0.00162,0.001749,0.000129,True,True,True,True,True,
repeat=2|base=random_3sat_control_v90_c383_seed1930|variant=perm_seed1734,2,random_3sat_control_v90_c383_seed1930,perm_seed1734,1,1,UNSATISFIABLE,UNSATISFIABLE,True,True,487,487,421,421,0.001576,0.001587,1.1000000000000159e-05,True,True,True,True,True,
repeat=2|base=random_3sat_control_v90_c383_seed1930|variant=perm_seed1735,2,random_3sat_control_v90_c383_seed1930,perm_seed1735,1,1,UNSATISFIABLE,UNSATISFIABLE,True,True,481,481,420,420,0.001527,0.00155,2.3000000000000017e-05,True,True,True,True,True,
repeat=2|base=random_3sat_control_v90_c383_seed1930|variant=perm_seed1736,2,random_3sat_control_v90_c383_seed1930,perm_seed1736,1,1,UNSATISFIABLE,UNSATISFIABLE,True,True,578,578,519,519,0.001823,0.001772,-5.100000000000005e-05,True,True,True,True,True,
repeat=2|base=random_3sat_control_v90_c383_seed1930|variant=perm_seed1737,2,random_3sat_control_v90_c383_seed1930,perm_seed1737,1,1,UNSATISFIABLE,UNSATISFIABLE,True,True,528,528,463,463,0.001655,0.00174,8.5e-05,True,True,True,True,True,
repeat=2|base=random_3sat_control_v90_c383_seed1930|variant=perm_seed1738,2,random_3sat_control_v90_c383_seed1930,perm_seed1738,1,1,UNSATISFIABLE,UNSATISFIABLE,True,True,385,385,333,333,0.001292,0.001334,4.199999999999994e-05,True,True,True,True,True,
repeat=2|base=random_3sat_control_v90_c383_seed1930|variant=perm_seed1739,2,random_3sat_control_v90_c383_seed1930,perm_seed1739,1,1,UNSATISFIABLE,UNSATISFIABLE,True,True,713,713,606,606,0.002023,0.002313,0.0002899999999999999,True,True,True,True,True,
repeat=2|base=random_3sat_control_v90_c383_seed1930|variant=perm_seed1740,2,random_3sat_control_v90_c383_seed1930,perm_seed1740,1,1,UNSATISFIABLE,UNSATISFIABLE,True,True,547,547,479,479,0.001778,0.001754,-2.400000000000015e-05,True,True,True,True,True,
repeat=2|base=random_3sat_control_v90_c383_seed1930|variant=perm_seed1741,2,random_3sat_control_v90_c383_seed1930,perm_seed1741,1,1,UNSATISFIABLE,UNSATISFIABLE,True,True,507,507,434,434,0.001631,0.00163,-1.0000000000001327e-06,True,True,True,True,True,
repeat=2|base=random_3sat_control_v90_c383_seed1930|variant=perm_seed1742,2,random_3sat_control_v90_c383_seed1930,perm_seed1742,1,1,UNSATISFIABLE,UNSATISFIABLE,True,True,656,656,578,578,0.001882,0.001891,9.00000000000011e-06,True,True,True,True,True,
repeat=2|base=random_3sat_control_v90_c383_seed1930|variant=perm_seed1743,2,random_3sat_control_v90_c383_seed1930,perm_seed1743,1,1,UNSATISFIABLE,UNSATISFIABLE,True,True,377,377,327,327,0.001488,0.0014,-8.799999999999997e-05,True,True,True,True,True,
repeat=2|base=random_3sat_control_v90_c383_seed1930|variant=perm_seed1744,2,random_3sat_control_v90_c383_seed1930,perm_seed1744,1,1,UNSATISFIABLE,UNSATISFIABLE,True,True,610,610,505,505,0.001726,0.001731,4.999999999999796e-06,True,True,True,True,True,
repeat=2|base=random_3sat_control_v90_c383_seed1930|variant=perm_seed1745,2,random_3sat_control_v90_c383_seed1930,perm_seed1745,1,1,UNSATISFIABLE,UNSATISFIABLE,True,True,398,398,329,329,0.001321,0.001323,2.0000000000000486e-06,True,True,True,True,True,
repeat=2|base=subset_cardinality_bw10|variant=base,2,subset_cardinality_bw10,base,1,1,UNSATISFIABLE,UNSATISFIABLE,True,True,193,193,141,141,0.000736,0.000761,2.4999999999999957e-05,True,True,True,True,True,
repeat=2|base=subset_cardinality_bw10|variant=perm_seed1730,2,subset_cardinality_bw10,perm_seed1730,1,1,UNSATISFIABLE,UNSATISFIABLE,True,True,218,218,167,167,0.000856,0.000853,-2.9999999999999645e-06,True,True,True,True,True,
repeat=2|base=subset_cardinality_bw10|variant=perm_seed1731,2,subset_cardinality_bw10,perm_seed1731,1,1,UNSATISFIABLE,UNSATISFIABLE,True,True,202,202,147,147,0.000745,0.000801,5.599999999999995e-05,True,True,True,True,True,
repeat=2|base=subset_cardinality_bw10|variant=perm_seed1732,2,subset_cardinality_bw10,perm_seed1732,1,1,UNSATISFIABLE,UNSATISFIABLE,True,True,217,217,149,149,0.000779,0.000794,1.500000000000004e-05,True,True,True,True,True,
repeat=2|base=subset_cardinality_bw10|variant=perm_seed1733,2,subset_cardinality_bw10,perm_seed1733,1,1,UNSATISFIABLE,UNSATISFIABLE,True,True,188,188,147,147,0.00078,0.000779,-1.0000000000000243e-06,True,True,True,True,True,
repeat=2|base=subset_cardinality_bw10|variant=perm_seed1734,2,subset_cardinality_bw10,perm_seed1734,1,1,UNSATISFIABLE,UNSATISFIABLE,True,True,249,249,170,170,0.000899,0.00087,-2.8999999999999946e-05,True,True,True,True,True,
repeat=2|base=subset_cardinality_bw10|variant=perm_seed1735,2,subset_cardinality_bw10,perm_seed1735,1,1,UNSATISFIABLE,UNSATISFIABLE,True,True,187,187,145,145,0.000795,0.000865,6.999999999999997e-05,True,True,True,True,True,
repeat=2|base=subset_cardinality_bw10|variant=perm_seed1736,2,subset_cardinality_bw10,perm_seed1736,1,1,UNSATISFIABLE,UNSATISFIABLE,True,True,218,218,175,175,0.000851,0.000857,6.000000000000037e-06,True,True,True,True,True,
repeat=2|base=subset_cardinality_bw10|variant=perm_seed1737,2,subset_cardinality_bw10,perm_seed1737,1,1,UNSATISFIABLE,UNSATISFIABLE,True,True,214,214,148,148,0.000772,0.000837,6.499999999999995e-05,True,True,True,True,True,
repeat=2|base=subset_cardinality_bw10|variant=perm_seed1738,2,subset_cardinality_bw10,perm_seed1738,1,1,UNSATISFIABLE,UNSATISFIABLE,True,True,245,245,175,175,0.000791,0.000797,5.999999999999929e-06,True,True,True,True,True,
repeat=2|base=subset_cardinality_bw10|variant=perm_seed1739,2,subset_cardinality_bw10,perm_seed1739,1,1,UNSATISFIABLE,UNSATISFIABLE,True,True,178,178,140,140,0.000761,0.000819,5.8e-05,True,True,True,True,True,
repeat=2|base=subset_cardinality_bw10|variant=perm_seed1740,2,subset_cardinality_bw10,perm_seed1740,1,1,UNSATISFIABLE,UNSATISFIABLE,True,True,255,255,180,180,0.000779,0.000852,7.300000000000004e-05,True,True,True,True,True,
repeat=2|base=subset_cardinality_bw10|variant=perm_seed1741,2,subset_cardinality_bw10,perm_seed1741,1,1,UNSATISFIABLE,UNSATISFIABLE,True,True,200,200,162,162,0.000769,0.00084,7.099999999999999e-05,True,True,True,True,True,
repeat=2|base=subset_cardinality_bw10|variant=perm_seed1742,2,subset_cardinality_bw10,perm_seed1742,1,1,UNSATISFIABLE,UNSATISFIABLE,True,True,200,200,151,151,0.000743,0.000798,5.5000000000000036e-05,True,True,True,True,True,
repeat=2|base=subset_cardinality_bw10|variant=perm_seed1743,2,subset_cardinality_bw10,perm_seed1743,1,1,UNSATISFIABLE,UNSATISFIABLE,True,True,216,216,154,154,0.000772,0.000789,1.699999999999998e-05,True,True,True,True,True,
repeat=2|base=subset_cardinality_bw10|variant=perm_seed1744,2,subset_cardinality_bw10,perm_seed1744,1,1,UNSATISFIABLE,UNSATISFIABLE,True,True,206,206,157,157,0.000731,0.000831,0.00010000000000000005,True,True,True,True,True,
repeat=2|base=subset_cardinality_bw10|variant=perm_seed1745,2,subset_cardinality_bw10,perm_seed1745,1,1,UNSATISFIABLE,UNSATISFIABLE,True,True,225,225,170,170,0.000779,0.000836,5.7000000000000084e-05,True,True,True,True,True,
repeat=2|base=subset_cardinality_bw12|variant=base,2,subset_cardinality_bw12,base,1,1,UNSATISFIABLE,UNSATISFIABLE,True,True,442,442,342,342,0.000996,0.001086,9.000000000000002e-05,True,True,True,True,True,
repeat=2|base=subset_cardinality_bw12|variant=perm_seed1730,2,subset_cardinality_bw12,perm_seed1730,1,1,UNSATISFIABLE,UNSATISFIABLE,True,True,440,440,329,329,0.000996,0.001009,1.299999999999999e-05,True,True,True,True,True,
repeat=2|base=subset_cardinality_bw12|variant=perm_seed1731,2,subset_cardinality_bw12,perm_seed1731,1,1,UNSATISFIABLE,UNSATISFIABLE,True,True,393,393,297,297,0.000975,0.001088,0.00011300000000000004,True,True,True,True,True,
repeat=2|base=subset_cardinality_bw12|variant=perm_seed1732,2,subset_cardinality_bw12,perm_seed1732,1,1,UNSATISFIABLE,UNSATISFIABLE,True,True,430,430,328,328,0.001017,0.001032,1.500000000000004e-05,True,True,True,True,True,
repeat=2|base=subset_cardinality_bw12|variant=perm_seed1733,2,subset_cardinality_bw12,perm_seed1733,1,1,UNSATISFIABLE,UNSATISFIABLE,True,True,434,434,333,333,0.00106,0.001097,3.700000000000014e-05,True,True,True,True,True,
repeat=2|base=subset_cardinality_bw12|variant=perm_seed1734,2,subset_cardinality_bw12,perm_seed1734,1,1,UNSATISFIABLE,UNSATISFIABLE,True,True,464,464,361,361,0.001115,0.001051,-6.400000000000004e-05,True,True,True,True,True,
repeat=2|base=subset_cardinality_bw12|variant=perm_seed1735,2,subset_cardinality_bw12,perm_seed1735,1,1,UNSATISFIABLE,UNSATISFIABLE,True,True,394,394,340,340,0.001087,0.000991,-9.600000000000017e-05,True,True,True,True,True,
repeat=2|base=subset_cardinality_bw12|variant=perm_seed1736,2,subset_cardinality_bw12,perm_seed1736,1,1,UNSATISFIABLE,UNSATISFIABLE,True,True,410,410,313,313,0.000945,0.000991,4.5999999999999925e-05,True,True,True,True,True,
repeat=2|base=subset_cardinality_bw12|variant=perm_seed1737,2,subset_cardinality_bw12,perm_seed1737,1,1,UNSATISFIABLE,UNSATISFIABLE,True,True,411,411,323,323,0.000986,0.001031,4.500000000000012e-05,True,True,True,True,True,
repeat=2|base=subset_cardinality_bw12|variant=perm_seed1738,2,subset_cardinality_bw12,perm_seed1738,1,1,UNSATISFIABLE,UNSATISFIABLE,True,True,411,411,317,317,0.000968,0.001025,5.7000000000000084e-05,True,True,True,True,True,
repeat=2|base=subset_cardinality_bw12|variant=perm_seed1739,2,subset_cardinality_bw12,perm_seed1739,1,1,UNSATISFIABLE,UNSATISFIABLE,True,True,406,406,316,316,0.001048,0.001029,-1.9000000000000137e-05,True,True,True,True,True,
repeat=2|base=subset_cardinality_bw12|variant=perm_seed1740,2,subset_cardinality_bw12,perm_seed1740,1,1,UNSATISFIABLE,UNSATISFIABLE,True,True,442,442,321,321,0.001022,0.001001,-2.099999999999997e-05,True,True,True,True,True,
repeat=2|base=subset_cardinality_bw12|variant=perm_seed1741,2,subset_cardinality_bw12,perm_seed1741,1,1,UNSATISFIABLE,UNSATISFIABLE,True,True,417,417,333,333,0.001017,0.001068,5.100000000000005e-05,True,True,True,True,True,
repeat=2|base=subset_cardinality_bw12|variant=perm_seed1742,2,subset_cardinality_bw12,perm_seed1742,1,1,UNSATISFIABLE,UNSATISFIABLE,True,True,443,443,346,346,0.001105,0.001013,-9.200000000000007e-05,True,True,True,True,True,
repeat=2|base=subset_cardinality_bw12|variant=perm_seed1743,2,subset_cardinality_bw12,perm_seed1743,1,1,UNSATISFIABLE,UNSATISFIABLE,True,True,439,439,339,339,0.000974,0.000989,1.500000000000004e-05,True,True,True,True,True,
repeat=2|base=subset_cardinality_bw12|variant=perm_seed1744,2,subset_cardinality_bw12,perm_seed1744,1,1,UNSATISFIABLE,UNSATISFIABLE,True,True,430,430,339,339,0.000982,0.001035,5.299999999999988e-05,True,True,True,True,True,
repeat=2|base=subset_cardinality_bw12|variant=perm_seed1745,2,subset_cardinality_bw12,perm_seed1745,1,1,UNSATISFIABLE,UNSATISFIABLE,True,True,408,408,323,323,0.00098,0.001081,0.00010099999999999996,True,True,True,True,True,
repeat=2|base=subset_cardinality_bw14|variant=base,2,subset_cardinality_bw14,base,1,1,UNSATISFIABLE,UNSATISFIABLE,True,True,759,759,561,561,0.001385,0.00139,5.000000000000013e-06,True,True,True,True,True,
repeat=2|base=subset_cardinality_bw14|variant=perm_seed1730,2,subset_cardinality_bw14,perm_seed1730,1,1,UNSATISFIABLE,UNSATISFIABLE,True,True,743,743,583,583,0.001334,0.001408,7.400000000000006e-05,True,True,True,True,True,
repeat=2|base=subset_cardinality_bw14|variant=perm_seed1731,2,subset_cardinality_bw14,perm_seed1731,1,1,UNSATISFIABLE,UNSATISFIABLE,True,True,775,775,591,591,0.001437,0.001455,1.8000000000000004e-05,True,True,True,True,True,
repeat=2|base=subset_cardinality_bw14|variant=perm_seed1732,2,subset_cardinality_bw14,perm_seed1732,1,1,UNSATISFIABLE,UNSATISFIABLE,True,True,696,696,526,526,0.001392,0.001392,0.0,True,True,True,True,True,
repeat=2|base=subset_cardinality_bw14|variant=perm_seed1733,2,subset_cardinality_bw14,perm_seed1733,1,1,UNSATISFIABLE,UNSATISFIABLE,True,True,772,772,610,610,0.001409,0.001493,8.399999999999987e-05,True,True,True,True,True,
repeat=2|base=subset_cardinality_bw14|variant=perm_seed1734,2,subset_cardinality_bw14,perm_seed1734,1,1,UNSATISFIABLE,UNSATISFIABLE,True,True,692,692,568,568,0.001339,0.00141,7.10000000000001e-05,True,True,True,True,True,
repeat=2|base=subset_cardinality_bw14|variant=perm_seed1735,2,subset_cardinality_bw14,perm_seed1735,1,1,UNSATISFIABLE,UNSATISFIABLE,True,True,736,736,603,603,0.001477,0.00148,2.9999999999999645e-06,True,True,True,True,True,
repeat=2|base=subset_cardinality_bw14|variant=perm_seed1736,2,subset_cardinality_bw14,perm_seed1736,1,1,UNSATISFIABLE,UNSATISFIABLE,True,True,725,725,580,580,0.001484,0.001479,-5.000000000000013e-06,True,True,True,True,True,
repeat=2|base=subset_cardinality_bw14|variant=perm_seed1737,2,subset_cardinality_bw14,perm_seed1737,1,1,UNSATISFIABLE,UNSATISFIABLE,True,True,709,709,503,503,0.001343,0.001353,1.0000000000000026e-05,True,True,True,True,True,
repeat=2|base=subset_cardinality_bw14|variant=perm_seed1738,2,subset_cardinality_bw14,perm_seed1738,1,1,UNSATISFIABLE,UNSATISFIABLE,True,True,687,687,549,549,0.001515,0.001456,-5.9000000000000025e-05,True,True,True,True,True,
repeat=2|base=subset_cardinality_bw14|variant=perm_seed1739,2,subset_cardinality_bw14,perm_seed1739,1,1,UNSATISFIABLE,UNSATISFIABLE,True,True,765,765,626,626,0.001513,0.001539,2.599999999999998e-05,True,True,True,True,True,
repeat=2|base=subset_cardinality_bw14|variant=perm_seed1740,2,subset_cardinality_bw14,perm_seed1740,1,1,UNSATISFIABLE,UNSATISFIABLE,True,True,681,681,539,539,0.001315,0.001328,1.299999999999999e-05,True,True,True,True,True,
repeat=2|base=subset_cardinality_bw14|variant=perm_seed1741,2,subset_cardinality_bw14,perm_seed1741,1,1,UNSATISFIABLE,UNSATISFIABLE,True,True,738,738,563,563,0.001356,0.001459,0.00010300000000000001,True,True,True,True,True,
repeat=2|base=subset_cardinality_bw14|variant=perm_seed1742,2,subset_cardinality_bw14,perm_seed1742,1,1,UNSATISFIABLE,UNSATISFIABLE,True,True,647,647,497,497,0.001299,0.001261,-3.8000000000000056e-05,True,True,True,True,True,
repeat=2|base=subset_cardinality_bw14|variant=perm_seed1743,2,subset_cardinality_bw14,perm_seed1743,1,1,UNSATISFIABLE,UNSATISFIABLE,True,True,800,800,653,653,0.001526,0.001624,9.8e-05,True,True,True,True,True,
repeat=2|base=subset_cardinality_bw14|variant=perm_seed1744,2,subset_cardinality_bw14,perm_seed1744,1,1,UNSATISFIABLE,UNSATISFIABLE,True,True,702,702,576,576,0.001434,0.001545,0.00011099999999999999,True,True,True,True,True,
repeat=2|base=subset_cardinality_bw14|variant=perm_seed1745,2,subset_cardinality_bw14,perm_seed1745,1,1,UNSATISFIABLE,UNSATISFIABLE,True,True,769,769,586,586,0.001392,0.001563,0.00017099999999999993,True,True,True,True,True,
repeat=2|base=subset_cardinality_bw16|variant=base,2,subset_cardinality_bw16,base,1,1,UNSATISFIABLE,UNSATISFIABLE,True,True,914,914,659,659,0.001581,0.001632,5.100000000000005e-05,True,True,True,True,True,
repeat=2|base=subset_cardinality_bw16|variant=perm_seed1730,2,subset_cardinality_bw16,perm_seed1730,1,1,UNSATISFIABLE,UNSATISFIABLE,True,True,1124,1124,863,863,0.00184,0.001986,0.00014599999999999986,True,True,True,True,True,
repeat=2|base=subset_cardinality_bw16|variant=perm_seed1731,2,subset_cardinality_bw16,perm_seed1731,1,1,UNSATISFIABLE,UNSATISFIABLE,True,True,1165,1165,901,901,0.001909,0.00198,7.099999999999988e-05,True,True,True,True,True,
repeat=2|base=subset_cardinality_bw16|variant=perm_seed1732,2,subset_cardinality_bw16,perm_seed1732,1,1,UNSATISFIABLE,UNSATISFIABLE,True,True,1261,1261,971,971,0.002087,0.002108,2.1000000000000185e-05,True,True,True,True,True,
repeat=2|base=subset_cardinality_bw16|variant=perm_seed1733,2,subset_cardinality_bw16,perm_seed1733,1,1,UNSATISFIABLE,UNSATISFIABLE,True,True,1256,1256,997,997,0.002241,0.002127,-0.00011399999999999995,True,True,True,True,True,
repeat=2|base=subset_cardinality_bw16|variant=perm_seed1734,2,subset_cardinality_bw16,perm_seed1734,1,1,UNSATISFIABLE,UNSATISFIABLE,True,True,1201,1201,874,874,0.002002,0.001882,-0.00011999999999999988,True,True,True,True,True,
repeat=2|base=subset_cardinality_bw16|variant=perm_seed1735,2,subset_cardinality_bw16,perm_seed1735,1,1,UNSATISFIABLE,UNSATISFIABLE,True,True,1156,1156,858,858,0.001865,0.001917,5.200000000000018e-05,True,True,True,True,True,
repeat=2|base=subset_cardinality_bw16|variant=perm_seed1736,2,subset_cardinality_bw16,perm_seed1736,1,1,UNSATISFIABLE,UNSATISFIABLE,True,True,1269,1269,990,990,0.001989,0.002116,0.00012699999999999994,True,True,True,True,True,
repeat=2|base=subset_cardinality_bw16|variant=perm_seed1737,2,subset_cardinality_bw16,perm_seed1737,1,1,UNSATISFIABLE,UNSATISFIABLE,True,True,1136,1136,881,881,0.001882,0.001908,2.599999999999998e-05,True,True,True,True,True,
repeat=2|base=subset_cardinality_bw16|variant=perm_seed1738,2,subset_cardinality_bw16,perm_seed1738,1,1,UNSATISFIABLE,UNSATISFIABLE,True,True,1155,1155,911,911,0.002026,0.002229,0.00020300000000000006,True,True,True,True,True,
repeat=2|base=subset_cardinality_bw16|variant=perm_seed1739,2,subset_cardinality_bw16,perm_seed1739,1,1,UNSATISFIABLE,UNSATISFIABLE,True,True,1240,1240,926,926,0.001898,0.002147,0.0002490000000000001,True,True,True,True,True,
repeat=2|base=subset_cardinality_bw16|variant=perm_seed1740,2,subset_cardinality_bw16,perm_seed1740,1,1,UNSATISFIABLE,UNSATISFIABLE,True,True,1144,1144,866,866,0.001991,0.001916,-7.50000000000002e-05,True,True,True,True,True,
repeat=2|base=subset_cardinality_bw16|variant=perm_seed1741,2,subset_cardinality_bw16,perm_seed1741,1,1,UNSATISFIABLE,UNSATISFIABLE,True,True,1187,1187,895,895,0.001869,0.001914,4.49999999999999e-05,True,True,True,True,True,
repeat=2|base=subset_cardinality_bw16|variant=perm_seed1742,2,subset_cardinality_bw16,perm_seed1742,1,1,UNSATISFIABLE,UNSATISFIABLE,True,True,1144,1144,845,845,0.001835,0.002108,0.000273,True,True,True,True,True,
repeat=2|base=subset_cardinality_bw16|variant=perm_seed1743,2,subset_cardinality_bw16,perm_seed1743,1,1,UNSATISFIABLE,UNSATISFIABLE,True,True,1340,1340,1021,1021,0.002073,0.002112,3.899999999999997e-05,True,True,True,True,True,
repeat=2|base=subset_cardinality_bw16|variant=perm_seed1744,2,subset_cardinality_bw16,perm_seed1744,1,1,UNSATISFIABLE,UNSATISFIABLE,True,True,1190,1190,952,952,0.002151,0.002099,-5.199999999999996e-05,True,True,True,True,True,
repeat=2|base=subset_cardinality_bw16|variant=perm_seed1745,2,subset_cardinality_bw16,perm_seed1745,1,1,UNSATISFIABLE,UNSATISFIABLE,True,True,1275,1275,979,979,0.002119,0.002072,-4.699999999999973e-05,True,True,True,True,True,
repeat=2|base=subset_cardinality_bw18|variant=base,2,subset_cardinality_bw18,base,1,1,UNSATISFIABLE,UNSATISFIABLE,True,True,1744,1744,1353,1353,0.003047,0.002819,-0.0002279999999999999,True,True,True,True,True,
repeat=2|base=subset_cardinality_bw18|variant=perm_seed1730,2,subset_cardinality_bw18,perm_seed1730,1,1,UNSATISFIABLE,UNSATISFIABLE,True,True,1692,1692,1238,1238,0.002516,0.002567,5.099999999999983e-05,True,True,True,True,True,
repeat=2|base=subset_cardinality_bw18|variant=perm_seed1731,2,subset_cardinality_bw18,perm_seed1731,1,1,UNSATISFIABLE,UNSATISFIABLE,True,True,1884,1884,1464,1464,0.003127,0.003104,-2.3000000000000017e-05,True,True,True,True,True,
repeat=2|base=subset_cardinality_bw18|variant=perm_seed1732,2,subset_cardinality_bw18,perm_seed1732,1,1,UNSATISFIABLE,UNSATISFIABLE,True,True,1456,1456,1049,1049,0.002173,0.002146,-2.7000000000000114e-05,True,True,True,True,True,
repeat=2|base=subset_cardinality_bw18|variant=perm_seed1733,2,subset_cardinality_bw18,perm_seed1733,1,1,UNSATISFIABLE,UNSATISFIABLE,True,True,1993,1993,1604,1604,0.00353,0.003374,-0.00015600000000000032,True,True,True,True,True,
repeat=2|base=subset_cardinality_bw18|variant=perm_seed1734,2,subset_cardinality_bw18,perm_seed1734,1,1,UNSATISFIABLE,UNSATISFIABLE,True,True,1814,1814,1305,1305,0.002606,0.002477,-0.00012899999999999977,True,True,True,True,True,
repeat=2|base=subset_cardinality_bw18|variant=perm_seed1735,2,subset_cardinality_bw18,perm_seed1735,1,1,UNSATISFIABLE,UNSATISFIABLE,True,True,1587,1587,1151,1151,0.002294,0.002253,-4.100000000000024e-05,True,True,True,True,True,
repeat=2|base=subset_cardinality_bw18|variant=perm_seed1736,2,subset_cardinality_bw18,perm_seed1736,1,1,UNSATISFIABLE,UNSATISFIABLE,True,True,1684,1684,1216,1216,0.00236,0.002422,6.199999999999999e-05,True,True,True,True,True,
repeat=2|base=subset_cardinality_bw18|variant=perm_seed1737,2,subset_cardinality_bw18,perm_seed1737,1,1,UNSATISFIABLE,UNSATISFIABLE,True,True,1851,1851,1302,1302,0.002588,0.002732,0.00014400000000000003,True,True,True,True,True,
repeat=2|base=subset_cardinality_bw18|variant=perm_seed1738,2,subset_cardinality_bw18,perm_seed1738,1,1,UNSATISFIABLE,UNSATISFIABLE,True,True,1549,1549,1103,1103,0.002119,0.002467,0.0003480000000000002,True,True,True,True,True,
repeat=2|base=subset_cardinality_bw18|variant=perm_seed1739,2,subset_cardinality_bw18,perm_seed1739,1,1,UNSATISFIABLE,UNSATISFIABLE,True,True,1933,1933,1461,1461,0.003047,0.003188,0.00014100000000000007,True,True,True,True,True,
repeat=2|base=subset_cardinality_bw18|variant=perm_seed1740,2,subset_cardinality_bw18,perm_seed1740,1,1,UNSATISFIABLE,UNSATISFIABLE,True,True,1755,1755,1289,1289,0.002673,0.002712,3.899999999999997e-05,True,True,True,True,True,
repeat=2|base=subset_cardinality_bw18|variant=perm_seed1741,2,subset_cardinality_bw18,perm_seed1741,1,1,UNSATISFIABLE,UNSATISFIABLE,True,True,1766,1766,1309,1309,0.002678,0.002843,0.00016500000000000022,True,True,True,True,True,
repeat=2|base=subset_cardinality_bw18|variant=perm_seed1742,2,subset_cardinality_bw18,perm_seed1742,1,1,UNSATISFIABLE,UNSATISFIABLE,True,True,1570,1570,1172,1172,0.00227,0.002514,0.0002440000000000003,True,True,True,True,True,
repeat=2|base=subset_cardinality_bw18|variant=perm_seed1743,2,subset_cardinality_bw18,perm_seed1743,1,1,UNSATISFIABLE,UNSATISFIABLE,True,True,1910,1910,1455,1455,0.003043,0.00298,-6.300000000000012e-05,True,True,True,True,True,
repeat=2|base=subset_cardinality_bw18|variant=perm_seed1744,2,subset_cardinality_bw18,perm_seed1744,1,1,UNSATISFIABLE,UNSATISFIABLE,True,True,1455,1455,1048,1048,0.002234,0.002227,-7.000000000000062e-06,True,True,True,True,True,
repeat=2|base=subset_cardinality_bw18|variant=perm_seed1745,2,subset_cardinality_bw18,perm_seed1745,1,1,UNSATISFIABLE,UNSATISFIABLE,True,True,1653,1653,1237,1237,0.002572,0.002686,0.00011399999999999995,True,True,True,True,True,
repeat=2|base=subset_cardinality_bw8|variant=base,2,subset_cardinality_bw8,base,1,1,UNSATISFIABLE,UNSATISFIABLE,True,True,89,89,67,67,0.000676,0.000793,0.00011700000000000002,True,True,True,True,True,
repeat=2|base=subset_cardinality_bw8|variant=perm_seed1730,2,subset_cardinality_bw8,perm_seed1730,1,1,UNSATISFIABLE,UNSATISFIABLE,True,True,110,110,76,76,0.00067,0.000727,5.6999999999999976e-05,True,True,True,True,True,
repeat=2|base=subset_cardinality_bw8|variant=perm_seed1731,2,subset_cardinality_bw8,perm_seed1731,1,1,UNSATISFIABLE,UNSATISFIABLE,True,True,91,91,70,70,0.000683,0.000718,3.499999999999998e-05,True,True,True,True,True,
repeat=2|base=subset_cardinality_bw8|variant=perm_seed1732,2,subset_cardinality_bw8,perm_seed1732,1,1,UNSATISFIABLE,UNSATISFIABLE,True,True,84,84,67,67,0.000693,0.000743,4.9999999999999914e-05,True,True,True,True,True,
repeat=2|base=subset_cardinality_bw8|variant=perm_seed1733,2,subset_cardinality_bw8,perm_seed1733,1,1,UNSATISFIABLE,UNSATISFIABLE,True,True,109,109,86,86,0.000724,0.000689,-3.499999999999998e-05,True,True,True,True,True,
repeat=2|base=subset_cardinality_bw8|variant=perm_seed1734,2,subset_cardinality_bw8,perm_seed1734,1,1,UNSATISFIABLE,UNSATISFIABLE,True,True,112,112,82,82,0.000691,0.000685,-6.000000000000037e-06,True,True,True,True,True,
repeat=2|base=subset_cardinality_bw8|variant=perm_seed1735,2,subset_cardinality_bw8,perm_seed1735,1,1,UNSATISFIABLE,UNSATISFIABLE,True,True,94,94,68,68,0.000678,0.000683,5.000000000000013e-06,True,True,True,True,True,
repeat=2|base=subset_cardinality_bw8|variant=perm_seed1736,2,subset_cardinality_bw8,perm_seed1736,1,1,UNSATISFIABLE,UNSATISFIABLE,True,True,121,121,83,83,0.000654,0.000677,2.3000000000000017e-05,True,True,True,True,True,
repeat=2|base=subset_cardinality_bw8|variant=perm_seed1737,2,subset_cardinality_bw8,perm_seed1737,1,1,UNSATISFIABLE,UNSATISFIABLE,True,True,87,87,66,66,0.000695,0.000713,1.8000000000000004e-05,True,True,True,True,True,
repeat=2|base=subset_cardinality_bw8|variant=perm_seed1738,2,subset_cardinality_bw8,perm_seed1738,1,1,UNSATISFIABLE,UNSATISFIABLE,True,True,80,80,66,66,0.000653,0.000686,3.2999999999999935e-05,True,True,True,True,True,
repeat=2|base=subset_cardinality_bw8|variant=perm_seed1739,2,subset_cardinality_bw8,perm_seed1739,1,1,UNSATISFIABLE,UNSATISFIABLE,True,True,103,103,74,74,0.000672,0.000685,1.299999999999999e-05,True,True,True,True,True,
repeat=2|base=subset_cardinality_bw8|variant=perm_seed1740,2,subset_cardinality_bw8,perm_seed1740,1,1,UNSATISFIABLE,UNSATISFIABLE,True,True,98,98,64,64,0.000654,0.000671,1.7000000000000088e-05,True,True,True,True,True,
repeat=2|base=subset_cardinality_bw8|variant=perm_seed1741,2,subset_cardinality_bw8,perm_seed1741,1,1,UNSATISFIABLE,UNSATISFIABLE,True,True,106,106,76,76,0.000747,0.000678,-6.900000000000005e-05,True,True,True,True,True,
repeat=2|base=subset_cardinality_bw8|variant=perm_seed1742,2,subset_cardinality_bw8,perm_seed1742,1,1,UNSATISFIABLE,UNSATISFIABLE,True,True,107,107,72,72,0.000703,0.000653,-4.9999999999999914e-05,True,True,True,True,True,
repeat=2|base=subset_cardinality_bw8|variant=perm_seed1743,2,subset_cardinality_bw8,perm_seed1743,1,1,UNSATISFIABLE,UNSATISFIABLE,True,True,106,106,74,74,0.000679,0.000702,2.3000000000000017e-05,True,True,True,True,True,
repeat=2|base=subset_cardinality_bw8|variant=perm_seed1744,2,subset_cardinality_bw8,perm_seed1744,1,1,UNSATISFIABLE,UNSATISFIABLE,True,True,99,99,71,71,0.000675,0.000696,2.099999999999997e-05,True,True,True,True,True,
repeat=2|base=subset_cardinality_bw8|variant=perm_seed1745,2,subset_cardinality_bw8,perm_seed1745,1,1,UNSATISFIABLE,UNSATISFIABLE,True,True,102,102,71,71,0.000703,0.000673,-2.999999999999997e-05,True,True,True,True,True,
repeat=2|base=tseitin_k5_even|variant=base,2,tseitin_k5_even,base,1,1,SATISFIABLE,SATISFIABLE,True,True,7,7,0,0,0.000639,0.000594,-4.500000000000001e-05,True,True,True,True,True,
repeat=2|base=tseitin_k5_even|variant=perm_seed1730,2,tseitin_k5_even,perm_seed1730,1,1,SATISFIABLE,SATISFIABLE,True,True,7,7,0,0,0.000595,0.000582,-1.299999999999999e-05,True,True,True,True,True,
repeat=2|base=tseitin_k5_even|variant=perm_seed1731,2,tseitin_k5_even,perm_seed1731,1,1,SATISFIABLE,SATISFIABLE,True,True,7,7,0,0,0.000609,0.000608,-9.999999999999159e-07,True,True,True,True,True,
repeat=2|base=tseitin_k5_even|variant=perm_seed1732,2,tseitin_k5_even,perm_seed1732,1,1,SATISFIABLE,SATISFIABLE,True,True,7,7,0,0,0.00058,0.000607,2.7000000000000006e-05,True,True,True,True,True,
repeat=2|base=tseitin_k5_even|variant=perm_seed1733,2,tseitin_k5_even,perm_seed1733,1,1,SATISFIABLE,SATISFIABLE,True,True,7,7,0,0,0.000637,0.000594,-4.299999999999996e-05,True,True,True,True,True,
repeat=2|base=tseitin_k5_even|variant=perm_seed1734,2,tseitin_k5_even,perm_seed1734,1,1,SATISFIABLE,SATISFIABLE,True,True,7,7,0,0,0.000591,0.000598,6.999999999999953e-06,True,True,True,True,True,
repeat=2|base=tseitin_k5_even|variant=perm_seed1735,2,tseitin_k5_even,perm_seed1735,1,1,SATISFIABLE,SATISFIABLE,True,True,7,7,0,0,0.000576,0.000614,3.799999999999995e-05,True,True,True,True,True,
repeat=2|base=tseitin_k5_even|variant=perm_seed1736,2,tseitin_k5_even,perm_seed1736,1,1,SATISFIABLE,SATISFIABLE,True,True,7,7,0,0,0.000624,0.000601,-2.3000000000000017e-05,True,True,True,True,True,
repeat=2|base=tseitin_k5_even|variant=perm_seed1737,2,tseitin_k5_even,perm_seed1737,1,1,SATISFIABLE,SATISFIABLE,True,True,7,7,0,0,0.000568,0.00059,2.1999999999999993e-05,True,True,True,True,True,
repeat=2|base=tseitin_k5_even|variant=perm_seed1738,2,tseitin_k5_even,perm_seed1738,1,1,SATISFIABLE,SATISFIABLE,True,True,7,7,0,0,0.000583,0.000582,-9.999999999999159e-07,True,True,True,True,True,
repeat=2|base=tseitin_k5_even|variant=perm_seed1739,2,tseitin_k5_even,perm_seed1739,1,1,SATISFIABLE,SATISFIABLE,True,True,7,7,0,0,0.000568,0.000614,4.5999999999999925e-05,True,True,True,True,True,
repeat=2|base=tseitin_k5_even|variant=perm_seed1740,2,tseitin_k5_even,perm_seed1740,1,1,SATISFIABLE,SATISFIABLE,True,True,7,7,0,0,0.000659,0.000556,-0.00010300000000000001,True,True,True,True,True,
repeat=2|base=tseitin_k5_even|variant=perm_seed1741,2,tseitin_k5_even,perm_seed1741,1,1,SATISFIABLE,SATISFIABLE,True,True,7,7,0,0,0.00067,0.000623,-4.700000000000006e-05,True,True,True,True,True,
repeat=2|base=tseitin_k5_even|variant=perm_seed1742,2,tseitin_k5_even,perm_seed1742,1,1,SATISFIABLE,SATISFIABLE,True,True,7,7,0,0,0.000607,0.000577,-2.999999999999997e-05,True,True,True,True,True,
repeat=2|base=tseitin_k5_even|variant=perm_seed1743,2,tseitin_k5_even,perm_seed1743,1,1,SATISFIABLE,SATISFIABLE,True,True,7,7,0,0,0.000577,0.000602,2.4999999999999957e-05,True,True,True,True,True,
repeat=2|base=tseitin_k5_even|variant=perm_seed1744,2,tseitin_k5_even,perm_seed1744,1,1,SATISFIABLE,SATISFIABLE,True,True,7,7,0,0,0.000605,0.000603,-1.99999999999994e-06,True,True,True,True,True,
repeat=2|base=tseitin_k5_even|variant=perm_seed1745,2,tseitin_k5_even,perm_seed1745,1,1,SATISFIABLE,SATISFIABLE,True,True,7,7,0,0,0.000547,0.000607,6.000000000000005e-05,True,True,True,True,True,
repeat=2|base=tseitin_k5_odd|variant=base,2,tseitin_k5_odd,base,1,1,UNSATISFIABLE,UNSATISFIABLE,True,True,63,63,64,64,0.000618,0.000629,1.100000000000005e-05,True,True,True,True,True,
repeat=2|base=tseitin_k5_odd|variant=perm_seed1730,2,tseitin_k5_odd,perm_seed1730,1,1,UNSATISFIABLE,UNSATISFIABLE,True,True,63,63,64,64,0.000622,0.000639,1.699999999999998e-05,True,True,True,True,True,
repeat=2|base=tseitin_k5_odd|variant=perm_seed1731,2,tseitin_k5_odd,perm_seed1731,1,1,UNSATISFIABLE,UNSATISFIABLE,True,True,63,63,64,64,0.00062,0.000637,1.699999999999998e-05,True,True,True,True,True,
repeat=2|base=tseitin_k5_odd|variant=perm_seed1732,2,tseitin_k5_odd,perm_seed1732,1,1,UNSATISFIABLE,UNSATISFIABLE,True,True,63,63,64,64,0.000625,0.000634,9.000000000000002e-06,True,True,True,True,True,
repeat=2|base=tseitin_k5_odd|variant=perm_seed1733,2,tseitin_k5_odd,perm_seed1733,1,1,UNSATISFIABLE,UNSATISFIABLE,True,True,63,63,64,64,0.000671,0.000636,-3.500000000000009e-05,True,True,True,True,True,
repeat=2|base=tseitin_k5_odd|variant=perm_seed1734,2,tseitin_k5_odd,perm_seed1734,1,1,UNSATISFIABLE,UNSATISFIABLE,True,True,63,63,64,64,0.000662,0.000613,-4.9e-05,True,True,True,True,True,
repeat=2|base=tseitin_k5_odd|variant=perm_seed1735,2,tseitin_k5_odd,perm_seed1735,1,1,UNSATISFIABLE,UNSATISFIABLE,True,True,63,63,64,64,0.000604,0.000618,1.3999999999999907e-05,True,True,True,True,True,
repeat=2|base=tseitin_k5_odd|variant=perm_seed1736,2,tseitin_k5_odd,perm_seed1736,1,1,UNSATISFIABLE,UNSATISFIABLE,True,True,63,63,64,64,0.000588,0.000665,7.700000000000003e-05,True,True,True,True,True,
repeat=2|base=tseitin_k5_odd|variant=perm_seed1737,2,tseitin_k5_odd,perm_seed1737,1,1,UNSATISFIABLE,UNSATISFIABLE,True,True,63,63,64,64,0.000629,0.000614,-1.500000000000004e-05,True,True,True,True,True,
repeat=2|base=tseitin_k5_odd|variant=perm_seed1738,2,tseitin_k5_odd,perm_seed1738,1,1,UNSATISFIABLE,UNSATISFIABLE,True,True,63,63,64,64,0.000604,0.000666,6.199999999999999e-05,True,True,True,True,True,
repeat=2|base=tseitin_k5_odd|variant=perm_seed1739,2,tseitin_k5_odd,perm_seed1739,1,1,UNSATISFIABLE,UNSATISFIABLE,True,True,63,63,64,64,0.000689,0.000675,-1.4000000000000015e-05,True,True,True,True,True,
repeat=2|base=tseitin_k5_odd|variant=perm_seed1740,2,tseitin_k5_odd,perm_seed1740,1,1,UNSATISFIABLE,UNSATISFIABLE,True,True,63,63,64,64,0.000733,0.000656,-7.700000000000003e-05,True,True,True,True,True,
repeat=2|base=tseitin_k5_odd|variant=perm_seed1741,2,tseitin_k5_odd,perm_seed1741,1,1,UNSATISFIABLE,UNSATISFIABLE,True,True,63,63,64,64,0.000686,0.000635,-5.099999999999994e-05,True,True,True,True,True,
repeat=2|base=tseitin_k5_odd|variant=perm_seed1742,2,tseitin_k5_odd,perm_seed1742,1,1,UNSATISFIABLE,UNSATISFIABLE,True,True,63,63,64,64,0.000639,0.000624,-1.500000000000004e-05,True,True,True,True,True,
repeat=2|base=tseitin_k5_odd|variant=perm_seed1743,2,tseitin_k5_odd,perm_seed1743,1,1,UNSATISFIABLE,UNSATISFIABLE,True,True,63,63,64,64,0.000639,0.000721,8.199999999999993e-05,True,True,True,True,True,
repeat=2|base=tseitin_k5_odd|variant=perm_seed1744,2,tseitin_k5_odd,perm_seed1744,1,1,UNSATISFIABLE,UNSATISFIABLE,True,True,63,63,64,64,0.00061,0.000622,1.2000000000000075e-05,True,True,True,True,True,
repeat=2|base=tseitin_k5_odd|variant=perm_seed1745,2,tseitin_k5_odd,perm_seed1745,1,1,UNSATISFIABLE,UNSATISFIABLE,True,True,63,63,64,64,0.000608,0.000673,6.499999999999995e-05,True,True,True,True,True,
repeat=2|base=tseitin_k6_even|variant=base,2,tseitin_k6_even,base,1,1,SATISFIABLE,SATISFIABLE,True,True,11,11,0,0,0.000619,0.000692,7.300000000000004e-05,True,True,True,True,True,
repeat=2|base=tseitin_k6_even|variant=perm_seed1730,2,tseitin_k6_even,perm_seed1730,1,1,SATISFIABLE,SATISFIABLE,True,True,11,11,0,0,0.000646,0.000627,-1.9000000000000028e-05,True,True,True,True,True,
repeat=2|base=tseitin_k6_even|variant=perm_seed1731,2,tseitin_k6_even,perm_seed1731,1,1,SATISFIABLE,SATISFIABLE,True,True,11,11,0,0,0.000595,0.000647,5.199999999999996e-05,True,True,True,True,True,
repeat=2|base=tseitin_k6_even|variant=perm_seed1732,2,tseitin_k6_even,perm_seed1732,1,1,SATISFIABLE,SATISFIABLE,True,True,11,11,0,0,0.000619,0.000713,9.400000000000001e-05,True,True,True,True,True,
repeat=2|base=tseitin_k6_even|variant=perm_seed1733,2,tseitin_k6_even,perm_seed1733,1,1,SATISFIABLE,SATISFIABLE,True,True,11,11,0,0,0.00064,0.000682,4.199999999999994e-05,True,True,True,True,True,
repeat=2|base=tseitin_k6_even|variant=perm_seed1734,2,tseitin_k6_even,perm_seed1734,1,1,SATISFIABLE,SATISFIABLE,True,True,11,11,0,0,0.000655,0.000642,-1.299999999999999e-05,True,True,True,True,True,
repeat=2|base=tseitin_k6_even|variant=perm_seed1735,2,tseitin_k6_even,perm_seed1735,1,1,SATISFIABLE,SATISFIABLE,True,True,11,11,0,0,0.000611,0.000654,4.299999999999996e-05,True,True,True,True,True,
repeat=2|base=tseitin_k6_even|variant=perm_seed1736,2,tseitin_k6_even,perm_seed1736,1,1,SATISFIABLE,SATISFIABLE,True,True,11,11,0,0,0.000645,0.000639,-5.999999999999929e-06,True,True,True,True,True,
repeat=2|base=tseitin_k6_even|variant=perm_seed1737,2,tseitin_k6_even,perm_seed1737,1,1,SATISFIABLE,SATISFIABLE,True,True,11,11,0,0,0.000623,0.000665,4.2000000000000045e-05,True,True,True,True,True,
repeat=2|base=tseitin_k6_even|variant=perm_seed1738,2,tseitin_k6_even,perm_seed1738,1,1,SATISFIABLE,SATISFIABLE,True,True,11,11,0,0,0.000634,0.000636,1.99999999999994e-06,True,True,True,True,True,
repeat=2|base=tseitin_k6_even|variant=perm_seed1739,2,tseitin_k6_even,perm_seed1739,1,1,SATISFIABLE,SATISFIABLE,True,True,11,11,0,0,0.000601,0.000704,0.00010300000000000001,True,True,True,True,True,
repeat=2|base=tseitin_k6_even|variant=perm_seed1740,2,tseitin_k6_even,perm_seed1740,1,1,SATISFIABLE,SATISFIABLE,True,True,11,11,0,0,0.000633,0.000644,1.100000000000005e-05,True,True,True,True,True,
repeat=2|base=tseitin_k6_even|variant=perm_seed1741,2,tseitin_k6_even,perm_seed1741,1,1,SATISFIABLE,SATISFIABLE,True,True,11,11,0,0,0.00064,0.000652,1.1999999999999966e-05,True,True,True,True,True,
repeat=2|base=tseitin_k6_even|variant=perm_seed1742,2,tseitin_k6_even,perm_seed1742,1,1,SATISFIABLE,SATISFIABLE,True,True,11,11,0,0,0.00063,0.000632,1.99999999999994e-06,True,True,True,True,True,
repeat=2|base=tseitin_k6_even|variant=perm_seed1743,2,tseitin_k6_even,perm_seed1743,1,1,SATISFIABLE,SATISFIABLE,True,True,11,11,0,0,0.000654,0.000609,-4.500000000000001e-05,True,True,True,True,True,
repeat=2|base=tseitin_k6_even|variant=perm_seed1744,2,tseitin_k6_even,perm_seed1744,1,1,SATISFIABLE,SATISFIABLE,True,True,11,11,0,0,0.00062,0.000607,-1.299999999999999e-05,True,True,True,True,True,
repeat=2|base=tseitin_k6_even|variant=perm_seed1745,2,tseitin_k6_even,perm_seed1745,1,1,SATISFIABLE,SATISFIABLE,True,True,11,11,0,0,0.000668,0.000747,7.900000000000008e-05,True,True,True,True,True,
repeat=2|base=tseitin_k6_odd|variant=base,2,tseitin_k6_odd,base,1,1,UNSATISFIABLE,UNSATISFIABLE,True,True,1023,1023,1024,1024,0.001361,0.001349,-1.2000000000000075e-05,True,True,True,True,True,
repeat=2|base=tseitin_k6_odd|variant=perm_seed1730,2,tseitin_k6_odd,perm_seed1730,1,1,UNSATISFIABLE,UNSATISFIABLE,True,True,1387,1387,1025,1025,0.001276,0.001356,7.999999999999999e-05,True,True,True,True,True,
repeat=2|base=tseitin_k6_odd|variant=perm_seed1731,2,tseitin_k6_odd,perm_seed1731,1,1,UNSATISFIABLE,UNSATISFIABLE,True,True,1230,1230,996,996,0.001299,0.001309,1.0000000000000026e-05,True,True,True,True,True,
repeat=2|base=tseitin_k6_odd|variant=perm_seed1732,2,tseitin_k6_odd,perm_seed1732,1,1,UNSATISFIABLE,UNSATISFIABLE,True,True,1240,1240,1026,1026,0.001312,0.001319,7.000000000000062e-06,True,True,True,True,True,
repeat=2|base=tseitin_k6_odd|variant=perm_seed1733,2,tseitin_k6_odd,perm_seed1733,1,1,UNSATISFIABLE,UNSATISFIABLE,True,True,1471,1471,1024,1024,0.001269,0.001249,-2.0000000000000052e-05,True,True,True,True,True,
repeat=2|base=tseitin_k6_odd|variant=perm_seed1734,2,tseitin_k6_odd,perm_seed1734,1,1,UNSATISFIABLE,UNSATISFIABLE,True,True,1369,1369,1022,1022,0.001338,0.001338,0.0,True,True,True,True,True,
repeat=2|base=tseitin_k6_odd|variant=perm_seed1735,2,tseitin_k6_odd,perm_seed1735,1,1,UNSATISFIABLE,UNSATISFIABLE,True,True,1490,1490,1020,1020,0.001277,0.001335,5.800000000000011e-05,True,True,True,True,True,
repeat=2|base=tseitin_k6_odd|variant=perm_seed1736,2,tseitin_k6_odd,perm_seed1736,1,1,UNSATISFIABLE,UNSATISFIABLE,True,True,1491,1491,1023,1023,0.001327,0.001344,1.699999999999987e-05,True,True,True,True,True,
repeat=2|base=tseitin_k6_odd|variant=perm_seed1737,2,tseitin_k6_odd,perm_seed1737,1,1,UNSATISFIABLE,UNSATISFIABLE,True,True,1370,1370,1029,1029,0.0014,0.001323,-7.700000000000003e-05,True,True,True,True,True,
repeat=2|base=tseitin_k6_odd|variant=perm_seed1738,2,tseitin_k6_odd,perm_seed1738,1,1,UNSATISFIABLE,UNSATISFIABLE,True,True,1420,1420,1019,1019,0.001369,0.001266,-0.00010300000000000001,True,True,True,True,True,
repeat=2|base=tseitin_k6_odd|variant=perm_seed1739,2,tseitin_k6_odd,perm_seed1739,1,1,UNSATISFIABLE,UNSATISFIABLE,True,True,1490,1490,1021,1021,0.001195,0.001255,5.999999999999994e-05,True,True,True,True,True,
repeat=2|base=tseitin_k6_odd|variant=perm_seed1740,2,tseitin_k6_odd,perm_seed1740,1,1,UNSATISFIABLE,UNSATISFIABLE,True,True,1226,1226,1004,1004,0.001248,0.001311,6.300000000000012e-05,True,True,True,True,True,
repeat=2|base=tseitin_k6_odd|variant=perm_seed1741,2,tseitin_k6_odd,perm_seed1741,1,1,UNSATISFIABLE,UNSATISFIABLE,True,True,1419,1419,1021,1021,0.001282,0.001587,0.00030500000000000015,True,True,True,True,True,
repeat=2|base=tseitin_k6_odd|variant=perm_seed1742,2,tseitin_k6_odd,perm_seed1742,1,1,UNSATISFIABLE,UNSATISFIABLE,True,True,1514,1514,1019,1019,0.001212,0.001388,0.00017599999999999994,True,True,True,True,True,
repeat=2|base=tseitin_k6_odd|variant=perm_seed1743,2,tseitin_k6_odd,perm_seed1743,1,1,UNSATISFIABLE,UNSATISFIABLE,True,True,1289,1289,1023,1023,0.001719,0.001425,-0.000294,True,True,True,True,True,
repeat=2|base=tseitin_k6_odd|variant=perm_seed1744,2,tseitin_k6_odd,perm_seed1744,1,1,UNSATISFIABLE,UNSATISFIABLE,True,True,1491,1491,1021,1021,0.001967,0.001354,-0.000613,True,True,True,True,True,
repeat=2|base=tseitin_k6_odd|variant=perm_seed1745,2,tseitin_k6_odd,perm_seed1745,1,1,UNSATISFIABLE,UNSATISFIABLE,True,True,1164,1164,1006,1006,0.001331,0.001284,-4.699999999999995e-05,True,True,True,True,True,
repeat=2|base=tseitin_k7_even|variant=base,2,tseitin_k7_even,base,1,1,SATISFIABLE,SATISFIABLE,True,True,16,16,0,0,0.000815,0.00075,-6.499999999999995e-05,True,True,True,True,True,
repeat=2|base=tseitin_k7_even|variant=perm_seed1730,2,tseitin_k7_even,perm_seed1730,1,1,SATISFIABLE,SATISFIABLE,True,True,16,16,0,0,0.000758,0.000758,0.0,True,True,True,True,True,
repeat=2|base=tseitin_k7_even|variant=perm_seed1731,2,tseitin_k7_even,perm_seed1731,1,1,SATISFIABLE,SATISFIABLE,True,True,16,16,0,0,0.000822,0.000811,-1.100000000000005e-05,True,True,True,True,True,
repeat=2|base=tseitin_k7_even|variant=perm_seed1732,2,tseitin_k7_even,perm_seed1732,1,1,SATISFIABLE,SATISFIABLE,True,True,16,16,0,0,0.000739,0.000771,3.200000000000002e-05,True,True,True,True,True,
repeat=2|base=tseitin_k7_even|variant=perm_seed1733,2,tseitin_k7_even,perm_seed1733,1,1,SATISFIABLE,SATISFIABLE,True,True,16,16,0,0,0.000695,0.000793,9.8e-05,True,True,True,True,True,
repeat=2|base=tseitin_k7_even|variant=perm_seed1734,2,tseitin_k7_even,perm_seed1734,1,1,SATISFIABLE,SATISFIABLE,True,True,16,16,0,0,0.000751,0.000733,-1.8000000000000004e-05,True,True,True,True,True,
repeat=2|base=tseitin_k7_even|variant=perm_seed1735,2,tseitin_k7_even,perm_seed1735,1,1,SATISFIABLE,SATISFIABLE,True,True,16,16,0,0,0.000758,0.000776,1.8000000000000004e-05,True,True,True,True,True,
repeat=2|base=tseitin_k7_even|variant=perm_seed1736,2,tseitin_k7_even,perm_seed1736,1,1,SATISFIABLE,SATISFIABLE,True,True,16,16,0,0,0.000782,0.000738,-4.3999999999999985e-05,True,True,True,True,True,
repeat=2|base=tseitin_k7_even|variant=perm_seed1737,2,tseitin_k7_even,perm_seed1737,1,1,SATISFIABLE,SATISFIABLE,True,True,16,16,0,0,0.000747,0.000706,-4.100000000000002e-05,True,True,True,True,True,
repeat=2|base=tseitin_k7_even|variant=perm_seed1738,2,tseitin_k7_even,perm_seed1738,1,1,SATISFIABLE,SATISFIABLE,True,True,16,16,0,0,0.000741,0.000707,-3.400000000000007e-05,True,True,True,True,True,
repeat=2|base=tseitin_k7_even|variant=perm_seed1739,2,tseitin_k7_even,perm_seed1739,1,1,SATISFIABLE,SATISFIABLE,True,True,16,16,0,0,0.00073,0.000719,-1.0999999999999942e-05,True,True,True,True,True,
repeat=2|base=tseitin_k7_even|variant=perm_seed1740,2,tseitin_k7_even,perm_seed1740,1,1,SATISFIABLE,SATISFIABLE,True,True,16,16,0,0,0.000695,0.000766,7.099999999999999e-05,True,True,True,True,True,
repeat=2|base=tseitin_k7_even|variant=perm_seed1741,2,tseitin_k7_even,perm_seed1741,1,1,SATISFIABLE,SATISFIABLE,True,True,16,16,0,0,0.000817,0.000738,-7.899999999999997e-05,True,True,True,True,True,
repeat=2|base=tseitin_k7_even|variant=perm_seed1742,2,tseitin_k7_even,perm_seed1742,1,1,SATISFIABLE,SATISFIABLE,True,True,16,16,0,0,0.000695,0.000777,8.200000000000004e-05,True,True,True,True,True,
repeat=2|base=tseitin_k7_even|variant=perm_seed1743,2,tseitin_k7_even,perm_seed1743,1,1,SATISFIABLE,SATISFIABLE,True,True,16,16,0,0,0.000748,0.000731,-1.699999999999998e-05,True,True,True,True,True,
repeat=2|base=tseitin_k7_even|variant=perm_seed1744,2,tseitin_k7_even,perm_seed1744,1,1,SATISFIABLE,SATISFIABLE,True,True,16,16,0,0,0.000684,0.000705,2.099999999999997e-05,True,True,True,True,True,
repeat=2|base=tseitin_k7_even|variant=perm_seed1745,2,tseitin_k7_even,perm_seed1745,1,1,SATISFIABLE,SATISFIABLE,True,True,16,16,0,0,0.000746,0.000735,-1.100000000000005e-05,True,True,True,True,True,
repeat=2|base=tseitin_k7_odd|variant=base,2,tseitin_k7_odd,base,1,1,UNSATISFIABLE,UNSATISFIABLE,True,True,28961,28961,21460,21460,0.032038,0.031738,-0.0002999999999999947,True,True,True,True,True,
repeat=2|base=tseitin_k7_odd|variant=perm_seed1730,2,tseitin_k7_odd,perm_seed1730,1,1,UNSATISFIABLE,UNSATISFIABLE,True,True,25967,25967,19927,19927,0.024643,0.023431,-0.0012120000000000013,True,True,True,True,True,
repeat=2|base=tseitin_k7_odd|variant=perm_seed1731,2,tseitin_k7_odd,perm_seed1731,1,1,UNSATISFIABLE,UNSATISFIABLE,True,True,27066,27066,20508,20508,0.023691,0.022668,-0.0010229999999999996,True,True,True,True,True,
repeat=2|base=tseitin_k7_odd|variant=perm_seed1732,2,tseitin_k7_odd,perm_seed1732,1,1,UNSATISFIABLE,UNSATISFIABLE,True,True,27517,27517,20715,20715,0.025451,0.025632,0.00018099999999999714,True,True,True,True,True,
repeat=2|base=tseitin_k7_odd|variant=perm_seed1733,2,tseitin_k7_odd,perm_seed1733,1,1,UNSATISFIABLE,UNSATISFIABLE,True,True,26660,26660,20373,20373,0.023267,0.025449,0.002182,True,True,True,True,True,
repeat=2|base=tseitin_k7_odd|variant=perm_seed1734,2,tseitin_k7_odd,perm_seed1734,1,1,UNSATISFIABLE,UNSATISFIABLE,True,True,26703,26703,20334,20334,0.022903,0.022343,-0.0005600000000000015,True,True,True,True,True,
repeat=2|base=tseitin_k7_odd|variant=perm_seed1735,2,tseitin_k7_odd,perm_seed1735,1,1,UNSATISFIABLE,UNSATISFIABLE,True,True,26190,26190,19954,19954,0.024466,0.022455,-0.0020110000000000024,True,True,True,True,True,
repeat=2|base=tseitin_k7_odd|variant=perm_seed1736,2,tseitin_k7_odd,perm_seed1736,1,1,UNSATISFIABLE,UNSATISFIABLE,True,True,27763,27763,20789,20789,0.028809,0.027139,-0.0016700000000000013,True,True,True,True,True,
repeat=2|base=tseitin_k7_odd|variant=perm_seed1737,2,tseitin_k7_odd,perm_seed1737,1,1,UNSATISFIABLE,UNSATISFIABLE,True,True,28263,28263,20659,20659,0.027465,0.025993,-0.001472000000000001,True,True,True,True,True,
repeat=2|base=tseitin_k7_odd|variant=perm_seed1738,2,tseitin_k7_odd,perm_seed1738,1,1,UNSATISFIABLE,UNSATISFIABLE,True,True,26168,26168,19584,19584,0.027352,0.021641,-0.005711000000000001,True,True,True,True,True,
repeat=2|base=tseitin_k7_odd|variant=perm_seed1739,2,tseitin_k7_odd,perm_seed1739,1,1,UNSATISFIABLE,UNSATISFIABLE,True,True,26892,26892,20027,20027,0.025174,0.026599,0.0014250000000000027,True,True,True,True,True,
repeat=2|base=tseitin_k7_odd|variant=perm_seed1740,2,tseitin_k7_odd,perm_seed1740,1,1,UNSATISFIABLE,UNSATISFIABLE,True,True,28372,28372,21578,21578,0.027495,0.028911,0.0014160000000000006,True,True,True,True,True,
repeat=2|base=tseitin_k7_odd|variant=perm_seed1741,2,tseitin_k7_odd,perm_seed1741,1,1,UNSATISFIABLE,UNSATISFIABLE,True,True,28492,28492,20650,20650,0.02937,0.026904,-0.0024659999999999994,True,True,True,True,True,
repeat=2|base=tseitin_k7_odd|variant=perm_seed1742,2,tseitin_k7_odd,perm_seed1742,1,1,UNSATISFIABLE,UNSATISFIABLE,True,True,25945,25945,19833,19833,0.022226,0.024302,0.0020760000000000015,True,True,True,True,True,
repeat=2|base=tseitin_k7_odd|variant=perm_seed1743,2,tseitin_k7_odd,perm_seed1743,1,1,UNSATISFIABLE,UNSATISFIABLE,True,True,26452,26452,19859,19859,0.025069,0.02267,-0.002399000000000002,True,True,True,True,True,
repeat=2|base=tseitin_k7_odd|variant=perm_seed1744,2,tseitin_k7_odd,perm_seed1744,1,1,UNSATISFIABLE,UNSATISFIABLE,True,True,26452,26452,19806,19806,0.022187,0.024114,0.0019270000000000016,True,True,True,True,True,
repeat=2|base=tseitin_k7_odd|variant=perm_seed1745,2,tseitin_k7_odd,perm_seed1745,1,1,UNSATISFIABLE,UNSATISFIABLE,True,True,27512,27512,20790,20790,0.026632,0.026402,-0.00023000000000000104,True,True,True,True,True,
repeat=2|base=tseitin_k8_even|variant=base,2,tseitin_k8_even,base,1,1,SATISFIABLE,SATISFIABLE,True,True,22,22,0,0,0.001048,0.000998,-5.000000000000013e-05,True,True,True,True,True,
repeat=2|base=tseitin_k8_even|variant=perm_seed1730,2,tseitin_k8_even,perm_seed1730,1,1,SATISFIABLE,SATISFIABLE,True,True,22,22,0,0,0.001093,0.001106,1.299999999999999e-05,True,True,True,True,True,
repeat=2|base=tseitin_k8_even|variant=perm_seed1731,2,tseitin_k8_even,perm_seed1731,1,1,SATISFIABLE,SATISFIABLE,True,True,22,22,0,0,0.001101,0.001026,-7.499999999999998e-05,True,True,True,True,True,
repeat=2|base=tseitin_k8_even|variant=perm_seed1732,2,tseitin_k8_even,perm_seed1732,1,1,SATISFIABLE,SATISFIABLE,True,True,22,22,0,0,0.001096,0.001059,-3.6999999999999924e-05,True,True,True,True,True,
repeat=2|base=tseitin_k8_even|variant=perm_seed1733,2,tseitin_k8_even,perm_seed1733,1,1,SATISFIABLE,SATISFIABLE,True,True,22,22,0,0,0.001062,0.00106,-2.0000000000000486e-06,True,True,True,True,True,
repeat=2|base=tseitin_k8_even|variant=perm_seed1734,2,tseitin_k8_even,perm_seed1734,1,1,SATISFIABLE,SATISFIABLE,True,True,22,22,0,0,0.001049,0.001076,2.6999999999999897e-05,True,True,True,True,True,
repeat=2|base=tseitin_k8_even|variant=perm_seed1735,2,tseitin_k8_even,perm_seed1735,1,1,SATISFIABLE,SATISFIABLE,True,True,22,22,0,0,0.001073,0.001049,-2.3999999999999933e-05,True,True,True,True,True,
repeat=2|base=tseitin_k8_even|variant=perm_seed1736,2,tseitin_k8_even,perm_seed1736,1,1,SATISFIABLE,SATISFIABLE,True,True,22,22,0,0,0.001054,0.001186,0.00013199999999999996,True,True,True,True,True,
repeat=2|base=tseitin_k8_even|variant=perm_seed1737,2,tseitin_k8_even,perm_seed1737,1,1,SATISFIABLE,SATISFIABLE,True,True,22,22,0,0,0.001151,0.001124,-2.6999999999999897e-05,True,True,True,True,True,
repeat=2|base=tseitin_k8_even|variant=perm_seed1738,2,tseitin_k8_even,perm_seed1738,1,1,SATISFIABLE,SATISFIABLE,True,True,23,23,0,0,0.001154,0.001258,0.00010399999999999993,True,True,True,True,True,
repeat=2|base=tseitin_k8_even|variant=perm_seed1739,2,tseitin_k8_even,perm_seed1739,1,1,SATISFIABLE,SATISFIABLE,True,True,22,22,0,0,0.001223,0.001108,-0.00011499999999999987,True,True,True,True,True,
repeat=2|base=tseitin_k8_even|variant=perm_seed1740,2,tseitin_k8_even,perm_seed1740,1,1,SATISFIABLE,SATISFIABLE,True,True,22,22,0,0,0.001101,0.001158,5.6999999999999976e-05,True,True,True,True,True,
repeat=2|base=tseitin_k8_even|variant=perm_seed1741,2,tseitin_k8_even,perm_seed1741,1,1,SATISFIABLE,SATISFIABLE,True,True,22,22,0,0,0.00109,0.001108,1.8000000000000004e-05,True,True,True,True,True,
repeat=2|base=tseitin_k8_even|variant=perm_seed1742,2,tseitin_k8_even,perm_seed1742,1,1,SATISFIABLE,SATISFIABLE,True,True,22,22,0,0,0.001346,0.001134,-0.00021199999999999995,True,True,True,True,True,
repeat=2|base=tseitin_k8_even|variant=perm_seed1743,2,tseitin_k8_even,perm_seed1743,1,1,SATISFIABLE,SATISFIABLE,True,True,22,22,0,0,0.001094,0.00106,-3.399999999999996e-05,True,True,True,True,True,
repeat=2|base=tseitin_k8_even|variant=perm_seed1744,2,tseitin_k8_even,perm_seed1744,1,1,SATISFIABLE,SATISFIABLE,True,True,22,22,0,0,0.001081,0.001016,-6.499999999999995e-05,True,True,True,True,True,
repeat=2|base=tseitin_k8_even|variant=perm_seed1745,2,tseitin_k8_even,perm_seed1745,1,1,SATISFIABLE,SATISFIABLE,True,True,22,22,0,0,0.001038,0.001035,-3.0000000000001813e-06,True,True,True,True,True,
repeat=2|base=tseitin_k8_odd|variant=base,2,tseitin_k8_odd,base,1,1,INDETERMINATE,INDETERMINATE,False,False,138197,138197,100000,100000,0.34832,0.339246,-0.009074000000000026,True,True,True,True,True,
repeat=2|base=tseitin_k8_odd|variant=perm_seed1730,2,tseitin_k8_odd,perm_seed1730,1,1,INDETERMINATE,INDETERMINATE,False,False,152324,152324,100000,100000,0.302761,0.277078,-0.02568300000000001,True,True,True,True,True,
repeat=2|base=tseitin_k8_odd|variant=perm_seed1731,2,tseitin_k8_odd,perm_seed1731,1,1,INDETERMINATE,INDETERMINATE,False,False,148284,148284,100000,100000,0.304725,0.272115,-0.03261000000000003,True,True,True,True,True,
repeat=2|base=tseitin_k8_odd|variant=perm_seed1732,2,tseitin_k8_odd,perm_seed1732,1,1,INDETERMINATE,INDETERMINATE,False,False,138540,138540,100000,100000,0.369418,0.333407,-0.036011000000000015,True,True,True,True,True,
repeat=2|base=tseitin_k8_odd|variant=perm_seed1733,2,tseitin_k8_odd,perm_seed1733,1,1,INDETERMINATE,INDETERMINATE,False,False,145077,145077,100000,100000,0.294159,0.286728,-0.007431000000000021,True,True,True,True,True,
repeat=2|base=tseitin_k8_odd|variant=perm_seed1734,2,tseitin_k8_odd,perm_seed1734,1,1,INDETERMINATE,INDETERMINATE,False,False,144418,144418,100000,100000,0.308127,0.2801,-0.02802699999999997,True,True,True,True,True,
repeat=2|base=tseitin_k8_odd|variant=perm_seed1735,2,tseitin_k8_odd,perm_seed1735,1,1,INDETERMINATE,INDETERMINATE,False,False,139600,139600,100000,100000,0.313864,0.309179,-0.004684999999999995,True,True,True,True,True,
repeat=2|base=tseitin_k8_odd|variant=perm_seed1736,2,tseitin_k8_odd,perm_seed1736,1,1,INDETERMINATE,INDETERMINATE,False,False,137243,137243,100000,100000,0.343766,0.313252,-0.03051400000000004,True,True,True,True,True,
repeat=2|base=tseitin_k8_odd|variant=perm_seed1737,2,tseitin_k8_odd,perm_seed1737,1,1,INDETERMINATE,INDETERMINATE,False,False,137154,137154,100000,100000,0.343443,0.315763,-0.027679999999999982,True,True,True,True,True,
repeat=2|base=tseitin_k8_odd|variant=perm_seed1738,2,tseitin_k8_odd,perm_seed1738,1,1,INDETERMINATE,INDETERMINATE,False,False,137764,137764,100000,100000,0.36133,0.340891,-0.020438999999999985,True,True,True,True,True,
repeat=2|base=tseitin_k8_odd|variant=perm_seed1739,2,tseitin_k8_odd,perm_seed1739,1,1,INDETERMINATE,INDETERMINATE,False,False,146278,146278,100000,100000,0.292238,0.284307,-0.007931000000000021,True,True,True,True,True,
repeat=2|base=tseitin_k8_odd|variant=perm_seed1740,2,tseitin_k8_odd,perm_seed1740,1,1,INDETERMINATE,INDETERMINATE,False,False,139860,139860,100000,100000,0.326351,0.321136,-0.005215000000000025,True,True,True,True,True,
repeat=2|base=tseitin_k8_odd|variant=perm_seed1741,2,tseitin_k8_odd,perm_seed1741,1,1,INDETERMINATE,INDETERMINATE,False,False,144168,144168,100000,100000,0.310153,0.28147,-0.028683000000000014,True,True,True,True,True,
repeat=2|base=tseitin_k8_odd|variant=perm_seed1742,2,tseitin_k8_odd,perm_seed1742,1,1,INDETERMINATE,INDETERMINATE,False,False,143800,143800,100000,100000,0.323573,0.306261,-0.017311999999999994,True,True,True,True,True,
repeat=2|base=tseitin_k8_odd|variant=perm_seed1743,2,tseitin_k8_odd,perm_seed1743,1,1,INDETERMINATE,INDETERMINATE,False,False,134722,134722,100000,100000,0.341006,0.315222,-0.025783999999999974,True,True,True,True,True,
repeat=2|base=tseitin_k8_odd|variant=perm_seed1744,2,tseitin_k8_odd,perm_seed1744,1,1,INDETERMINATE,INDETERMINATE,False,False,145216,145216,100000,100000,0.314961,0.268249,-0.046711999999999976,True,True,True,True,True,
repeat=2|base=tseitin_k8_odd|variant=perm_seed1745,2,tseitin_k8_odd,perm_seed1745,1,1,INDETERMINATE,INDETERMINATE,False,False,145463,145463,100000,100000,0.277241,0.257629,-0.01961200000000002,True,True,True,True,True,
repeat=2|base=tseitin_k9_even|variant=base,2,tseitin_k9_even,base,1,1,SATISFIABLE,SATISFIABLE,True,True,29,29,0,0,0.003571,0.002437,-0.001134,True,True,True,True,True,
repeat=2|base=tseitin_k9_even|variant=perm_seed1730,2,tseitin_k9_even,perm_seed1730,1,1,SATISFIABLE,SATISFIABLE,True,True,29,29,0,0,0.002467,0.002409,-5.799999999999989e-05,True,True,True,True,True,
repeat=2|base=tseitin_k9_even|variant=perm_seed1731,2,tseitin_k9_even,perm_seed1731,1,1,SATISFIABLE,SATISFIABLE,True,True,29,29,0,0,0.002462,0.002232,-0.00023000000000000017,True,True,True,True,True,
repeat=2|base=tseitin_k9_even|variant=perm_seed1732,2,tseitin_k9_even,perm_seed1732,1,1,SATISFIABLE,SATISFIABLE,True,True,29,29,0,0,0.002409,0.002536,0.00012699999999999994,True,True,True,True,True,
repeat=2|base=tseitin_k9_even|variant=perm_seed1733,2,tseitin_k9_even,perm_seed1733,1,1,SATISFIABLE,SATISFIABLE,True,True,29,29,0,0,0.002355,0.002254,-0.00010099999999999996,True,True,True,True,True,
repeat=2|base=tseitin_k9_even|variant=perm_seed1734,2,tseitin_k9_even,perm_seed1734,1,1,SATISFIABLE,SATISFIABLE,True,True,29,29,0,0,0.002417,0.002358,-5.9000000000000025e-05,True,True,True,True,True,
repeat=2|base=tseitin_k9_even|variant=perm_seed1735,2,tseitin_k9_even,perm_seed1735,1,1,SATISFIABLE,SATISFIABLE,True,True,29,29,0,0,0.002449,0.002598,0.00014900000000000026,True,True,True,True,True,
repeat=2|base=tseitin_k9_even|variant=perm_seed1736,2,tseitin_k9_even,perm_seed1736,1,1,SATISFIABLE,SATISFIABLE,True,True,29,29,0,0,0.002468,0.002304,-0.00016400000000000008,True,True,True,True,True,
repeat=2|base=tseitin_k9_even|variant=perm_seed1737,2,tseitin_k9_even,perm_seed1737,1,1,SATISFIABLE,SATISFIABLE,True,True,29,29,0,0,0.002408,0.00223,-0.00017799999999999977,True,True,True,True,True,
repeat=2|base=tseitin_k9_even|variant=perm_seed1738,2,tseitin_k9_even,perm_seed1738,1,1,SATISFIABLE,SATISFIABLE,True,True,29,29,0,0,0.002494,0.002291,-0.00020300000000000006,True,True,True,True,True,
repeat=2|base=tseitin_k9_even|variant=perm_seed1739,2,tseitin_k9_even,perm_seed1739,1,1,SATISFIABLE,SATISFIABLE,True,True,29,29,0,0,0.002356,0.002192,-0.00016400000000000008,True,True,True,True,True,
repeat=2|base=tseitin_k9_even|variant=perm_seed1740,2,tseitin_k9_even,perm_seed1740,1,1,SATISFIABLE,SATISFIABLE,True,True,29,29,0,0,0.002399,0.002268,-0.00013100000000000004,True,True,True,True,True,
repeat=2|base=tseitin_k9_even|variant=perm_seed1741,2,tseitin_k9_even,perm_seed1741,1,1,SATISFIABLE,SATISFIABLE,True,True,29,29,0,0,0.002331,0.002284,-4.700000000000017e-05,True,True,True,True,True,
repeat=2|base=tseitin_k9_even|variant=perm_seed1742,2,tseitin_k9_even,perm_seed1742,1,1,SATISFIABLE,SATISFIABLE,True,True,29,29,0,0,0.002321,0.002372,5.099999999999983e-05,True,True,True,True,True,
repeat=2|base=tseitin_k9_even|variant=perm_seed1743,2,tseitin_k9_even,perm_seed1743,1,1,SATISFIABLE,SATISFIABLE,True,True,29,29,0,0,0.002566,0.002355,-0.00021100000000000025,True,True,True,True,True,
repeat=2|base=tseitin_k9_even|variant=perm_seed1744,2,tseitin_k9_even,perm_seed1744,1,1,SATISFIABLE,SATISFIABLE,True,True,29,29,0,0,0.002417,0.00227,-0.000147,True,True,True,True,True,
repeat=2|base=tseitin_k9_even|variant=perm_seed1745,2,tseitin_k9_even,perm_seed1745,1,1,SATISFIABLE,SATISFIABLE,True,True,29,29,0,0,0.002722,0.002371,-0.0003510000000000002,True,True,True,True,True,
repeat=2|base=tseitin_k9_odd|variant=base,2,tseitin_k9_odd,base,1,1,INDETERMINATE,INDETERMINATE,False,False,130173,130173,100000,100000,0.339597,0.320616,-0.01898099999999997,True,True,True,True,True,
repeat=2|base=tseitin_k9_odd|variant=perm_seed1730,2,tseitin_k9_odd,perm_seed1730,1,1,INDETERMINATE,INDETERMINATE,False,False,133302,133302,100000,100000,0.290185,0.296674,0.006488999999999967,True,True,True,True,True,
repeat=2|base=tseitin_k9_odd|variant=perm_seed1731,2,tseitin_k9_odd,perm_seed1731,1,1,INDETERMINATE,INDETERMINATE,False,False,117270,117270,100000,100000,0.29959,0.295837,-0.0037530000000000063,True,True,True,True,True,
repeat=2|base=tseitin_k9_odd|variant=perm_seed1732,2,tseitin_k9_odd,perm_seed1732,1,1,INDETERMINATE,INDETERMINATE,False,False,112707,112707,100000,100000,0.286638,0.277452,-0.009186000000000027,True,True,True,True,True,
repeat=2|base=tseitin_k9_odd|variant=perm_seed1733,2,tseitin_k9_odd,perm_seed1733,1,1,INDETERMINATE,INDETERMINATE,False,False,114960,114960,100000,100000,0.344572,0.313519,-0.031052999999999997,True,True,True,True,True,
repeat=2|base=tseitin_k9_odd|variant=perm_seed1734,2,tseitin_k9_odd,perm_seed1734,1,1,INDETERMINATE,INDETERMINATE,False,False,124076,124076,100000,100000,0.327409,0.305679,-0.021730000000000027,True,True,True,True,True,
repeat=2|base=tseitin_k9_odd|variant=perm_seed1735,2,tseitin_k9_odd,perm_seed1735,1,1,INDETERMINATE,INDETERMINATE,False,False,127697,127697,100000,100000,0.34036,0.311248,-0.02911199999999997,True,True,True,True,True,
repeat=2|base=tseitin_k9_odd|variant=perm_seed1736,2,tseitin_k9_odd,perm_seed1736,1,1,INDETERMINATE,INDETERMINATE,False,False,129050,129050,100000,100000,0.305647,0.270488,-0.035158999999999996,True,True,True,True,True,
repeat=2|base=tseitin_k9_odd|variant=perm_seed1737,2,tseitin_k9_odd,perm_seed1737,1,1,INDETERMINATE,INDETERMINATE,False,False,123258,123258,100000,100000,0.318755,0.308867,-0.009888000000000008,True,True,True,True,True,
repeat=2|base=tseitin_k9_odd|variant=perm_seed1738,2,tseitin_k9_odd,perm_seed1738,1,1,INDETERMINATE,INDETERMINATE,False,False,137652,137652,100000,100000,0.282788,0.271606,-0.01118199999999997,True,True,True,True,True,
repeat=2|base=tseitin_k9_odd|variant=perm_seed1739,2,tseitin_k9_odd,perm_seed1739,1,1,INDETERMINATE,INDETERMINATE,False,False,116469,116469,100000,100000,0.298541,0.289148,-0.009392999999999985,True,True,True,True,True,
repeat=2|base=tseitin_k9_odd|variant=perm_seed1740,2,tseitin_k9_odd,perm_seed1740,1,1,INDETERMINATE,INDETERMINATE,False,False,131463,131463,100000,100000,0.289992,0.27899,-0.011002000000000012,True,True,True,True,True,
repeat=2|base=tseitin_k9_odd|variant=perm_seed1741,2,tseitin_k9_odd,perm_seed1741,1,1,INDETERMINATE,INDETERMINATE,False,False,120676,120676,100000,100000,0.322711,0.310246,-0.012465000000000004,True,True,True,True,True,
repeat=2|base=tseitin_k9_odd|variant=perm_seed1742,2,tseitin_k9_odd,perm_seed1742,1,1,INDETERMINATE,INDETERMINATE,False,False,122217,122217,100000,100000,0.308407,0.296345,-0.012061999999999962,True,True,True,True,True,
repeat=2|base=tseitin_k9_odd|variant=perm_seed1743,2,tseitin_k9_odd,perm_seed1743,1,1,INDETERMINATE,INDETERMINATE,False,False,126113,126113,100000,100000,0.272924,0.259868,-0.013056000000000012,True,True,True,True,True,
repeat=2|base=tseitin_k9_odd|variant=perm_seed1744,2,tseitin_k9_odd,perm_seed1744,1,1,INDETERMINATE,INDETERMINATE,False,False,128003,128003,100000,100000,0.328784,0.314836,-0.013948000000000016,True,True,True,True,True,
repeat=2|base=tseitin_k9_odd|variant=perm_seed1745,2,tseitin_k9_odd,perm_seed1745,1,1,INDETERMINATE,INDETERMINATE,False,False,132656,132656,100000,100000,0.319488,0.305096,-0.014392000000000016,True,True,True,True,True,
repeat=2|base=vertex_cover_torus_3x4_k4_event|variant=base,2,vertex_cover_torus_3x4_k4_event,base,1,1,UNSATISFIABLE,UNSATISFIABLE,True,True,4,4,5,5,0.001209,0.00113,-7.900000000000008e-05,True,True,True,True,True,
repeat=2|base=vertex_cover_torus_3x4_k4_event|variant=perm_seed1730,2,vertex_cover_torus_3x4_k4_event,perm_seed1730,1,1,UNSATISFIABLE,UNSATISFIABLE,True,True,4,4,5,5,0.001013,0.001109,9.599999999999995e-05,True,True,True,True,True,
repeat=2|base=vertex_cover_torus_3x4_k4_event|variant=perm_seed1731,2,vertex_cover_torus_3x4_k4_event,perm_seed1731,1,1,UNSATISFIABLE,UNSATISFIABLE,True,True,4,4,5,5,0.001041,0.001018,-2.3000000000000017e-05,True,True,True,True,True,
repeat=2|base=vertex_cover_torus_3x4_k4_event|variant=perm_seed1732,2,vertex_cover_torus_3x4_k4_event,perm_seed1732,1,1,UNSATISFIABLE,UNSATISFIABLE,True,True,4,4,5,5,0.001097,0.00097,-0.00012700000000000005,True,True,True,True,True,
repeat=2|base=vertex_cover_torus_3x4_k4_event|variant=perm_seed1733,2,vertex_cover_torus_3x4_k4_event,perm_seed1733,1,1,UNSATISFIABLE,UNSATISFIABLE,True,True,4,4,5,5,0.000977,0.001058,8.099999999999991e-05,True,True,True,True,True,
repeat=2|base=vertex_cover_torus_3x4_k4_event|variant=perm_seed1734,2,vertex_cover_torus_3x4_k4_event,perm_seed1734,1,1,UNSATISFIABLE,UNSATISFIABLE,True,True,4,4,5,5,0.001042,0.001092,5.000000000000013e-05,True,True,True,True,True,
repeat=2|base=vertex_cover_torus_3x4_k4_event|variant=perm_seed1735,2,vertex_cover_torus_3x4_k4_event,perm_seed1735,1,1,UNSATISFIABLE,UNSATISFIABLE,True,True,4,4,5,5,0.001005,0.001005,0.0,True,True,True,True,True,
repeat=2|base=vertex_cover_torus_3x4_k4_event|variant=perm_seed1736,2,vertex_cover_torus_3x4_k4_event,perm_seed1736,1,1,UNSATISFIABLE,UNSATISFIABLE,True,True,4,4,5,5,0.001055,0.00099,-6.499999999999995e-05,True,True,True,True,True,
repeat=2|base=vertex_cover_torus_3x4_k4_event|variant=perm_seed1737,2,vertex_cover_torus_3x4_k4_event,perm_seed1737,1,1,UNSATISFIABLE,UNSATISFIABLE,True,True,4,4,5,5,0.000919,0.001278,0.00035900000000000005,True,True,True,True,True,
repeat=2|base=vertex_cover_torus_3x4_k4_event|variant=perm_seed1738,2,vertex_cover_torus_3x4_k4_event,perm_seed1738,1,1,UNSATISFIABLE,UNSATISFIABLE,True,True,4,4,5,5,0.000971,0.000985,1.4000000000000015e-05,True,True,True,True,True,
repeat=2|base=vertex_cover_torus_3x4_k4_event|variant=perm_seed1739,2,vertex_cover_torus_3x4_k4_event,perm_seed1739,1,1,UNSATISFIABLE,UNSATISFIABLE,True,True,4,4,5,5,0.001053,0.000999,-5.3999999999999795e-05,True,True,True,True,True,
repeat=2|base=vertex_cover_torus_3x4_k4_event|variant=perm_seed1740,2,vertex_cover_torus_3x4_k4_event,perm_seed1740,1,1,UNSATISFIABLE,UNSATISFIABLE,True,True,4,4,5,5,0.001027,0.000987,-3.999999999999989e-05,True,True,True,True,True,
repeat=2|base=vertex_cover_torus_3x4_k4_event|variant=perm_seed1741,2,vertex_cover_torus_3x4_k4_event,perm_seed1741,1,1,UNSATISFIABLE,UNSATISFIABLE,True,True,4,4,5,5,0.000948,0.000988,3.9999999999999996e-05,True,True,True,True,True,
repeat=2|base=vertex_cover_torus_3x4_k4_event|variant=perm_seed1742,2,vertex_cover_torus_3x4_k4_event,perm_seed1742,1,1,UNSATISFIABLE,UNSATISFIABLE,True,True,4,4,5,5,0.001044,0.001042,-2.0000000000000486e-06,True,True,True,True,True,
repeat=2|base=vertex_cover_torus_3x4_k4_event|variant=perm_seed1743,2,vertex_cover_torus_3x4_k4_event,perm_seed1743,1,1,UNSATISFIABLE,UNSATISFIABLE,True,True,4,4,5,5,0.001062,0.000956,-0.00010599999999999997,True,True,True,True,True,
repeat=2|base=vertex_cover_torus_3x4_k4_event|variant=perm_seed1744,2,vertex_cover_torus_3x4_k4_event,perm_seed1744,1,1,UNSATISFIABLE,UNSATISFIABLE,True,True,4,4,5,5,0.000959,0.000986,2.6999999999999897e-05,True,True,True,True,True,
repeat=2|base=vertex_cover_torus_3x4_k4_event|variant=perm_seed1745,2,vertex_cover_torus_3x4_k4_event,perm_seed1745,1,1,UNSATISFIABLE,UNSATISFIABLE,True,True,4,4,5,5,0.001233,0.000927,-0.00030599999999999996,True,True,True,True,True,
repeat=2|base=vertex_cover_torus_3x4_k5_event|variant=base,2,vertex_cover_torus_3x4_k5_event,base,1,1,UNSATISFIABLE,UNSATISFIABLE,True,True,6,6,7,7,0.001098,0.001179,8.099999999999991e-05,True,True,True,True,True,
repeat=2|base=vertex_cover_torus_3x4_k5_event|variant=perm_seed1730,2,vertex_cover_torus_3x4_k5_event,perm_seed1730,1,1,UNSATISFIABLE,UNSATISFIABLE,True,True,6,6,7,7,0.001212,0.001205,-7.000000000000062e-06,True,True,True,True,True,
repeat=2|base=vertex_cover_torus_3x4_k5_event|variant=perm_seed1731,2,vertex_cover_torus_3x4_k5_event,perm_seed1731,1,1,UNSATISFIABLE,UNSATISFIABLE,True,True,7,7,8,8,0.001092,0.001457,0.0003649999999999999,True,True,True,True,True,
repeat=2|base=vertex_cover_torus_3x4_k5_event|variant=perm_seed1732,2,vertex_cover_torus_3x4_k5_event,perm_seed1732,1,1,UNSATISFIABLE,UNSATISFIABLE,True,True,9,9,9,9,0.001261,0.001141,-0.00011999999999999988,True,True,True,True,True,
repeat=2|base=vertex_cover_torus_3x4_k5_event|variant=perm_seed1733,2,vertex_cover_torus_3x4_k5_event,perm_seed1733,1,1,UNSATISFIABLE,UNSATISFIABLE,True,True,6,6,7,7,0.001137,0.001317,0.00018000000000000004,True,True,True,True,True,
repeat=2|base=vertex_cover_torus_3x4_k5_event|variant=perm_seed1734,2,vertex_cover_torus_3x4_k5_event,perm_seed1734,1,1,UNSATISFIABLE,UNSATISFIABLE,True,True,7,7,8,8,0.00116,0.001312,0.000152,True,True,True,True,True,
repeat=2|base=vertex_cover_torus_3x4_k5_event|variant=perm_seed1735,2,vertex_cover_torus_3x4_k5_event,perm_seed1735,1,1,UNSATISFIABLE,UNSATISFIABLE,True,True,6,6,7,7,0.001254,0.00123,-2.3999999999999933e-05,True,True,True,True,True,
repeat=2|base=vertex_cover_torus_3x4_k5_event|variant=perm_seed1736,2,vertex_cover_torus_3x4_k5_event,perm_seed1736,1,1,UNSATISFIABLE,UNSATISFIABLE,True,True,7,7,8,8,0.001267,0.001136,-0.00013099999999999982,True,True,True,True,True,
repeat=2|base=vertex_cover_torus_3x4_k5_event|variant=perm_seed1737,2,vertex_cover_torus_3x4_k5_event,perm_seed1737,1,1,UNSATISFIABLE,UNSATISFIABLE,True,True,6,6,7,7,0.001213,0.001146,-6.7e-05,True,True,True,True,True,
repeat=2|base=vertex_cover_torus_3x4_k5_event|variant=perm_seed1738,2,vertex_cover_torus_3x4_k5_event,perm_seed1738,1,1,UNSATISFIABLE,UNSATISFIABLE,True,True,7,7,8,8,0.001385,0.00122,-0.000165,True,True,True,True,True,
repeat=2|base=vertex_cover_torus_3x4_k5_event|variant=perm_seed1739,2,vertex_cover_torus_3x4_k5_event,perm_seed1739,1,1,UNSATISFIABLE,UNSATISFIABLE,True,True,7,7,8,8,0.001177,0.001159,-1.8000000000000004e-05,True,True,True,True,True,
repeat=2|base=vertex_cover_torus_3x4_k5_event|variant=perm_seed1740,2,vertex_cover_torus_3x4_k5_event,perm_seed1740,1,1,UNSATISFIABLE,UNSATISFIABLE,True,True,7,7,8,8,0.001166,0.001186,2.0000000000000052e-05,True,True,True,True,True,
repeat=2|base=vertex_cover_torus_3x4_k5_event|variant=perm_seed1741,2,vertex_cover_torus_3x4_k5_event,perm_seed1741,1,1,UNSATISFIABLE,UNSATISFIABLE,True,True,8,8,8,8,0.001292,0.001244,-4.7999999999999866e-05,True,True,True,True,True,
repeat=2|base=vertex_cover_torus_3x4_k5_event|variant=perm_seed1742,2,vertex_cover_torus_3x4_k5_event,perm_seed1742,1,1,UNSATISFIABLE,UNSATISFIABLE,True,True,6,6,7,7,0.001257,0.001223,-3.4000000000000176e-05,True,True,True,True,True,
repeat=2|base=vertex_cover_torus_3x4_k5_event|variant=perm_seed1743,2,vertex_cover_torus_3x4_k5_event,perm_seed1743,1,1,UNSATISFIABLE,UNSATISFIABLE,True,True,6,6,7,7,0.001196,0.001237,4.100000000000002e-05,True,True,True,True,True,
repeat=2|base=vertex_cover_torus_3x4_k5_event|variant=perm_seed1744,2,vertex_cover_torus_3x4_k5_event,perm_seed1744,1,1,UNSATISFIABLE,UNSATISFIABLE,True,True,6,6,7,7,0.001203,0.001252,4.9e-05,True,True,True,True,True,
repeat=2|base=vertex_cover_torus_3x4_k5_event|variant=perm_seed1745,2,vertex_cover_torus_3x4_k5_event,perm_seed1745,1,1,UNSATISFIABLE,UNSATISFIABLE,True,True,7,7,8,8,0.001151,0.001288,0.00013700000000000019,True,True,True,True,True,
repeat=2|base=vertex_cover_torus_3x5_k5_event|variant=base,2,vertex_cover_torus_3x5_k5_event,base,1,1,UNSATISFIABLE,UNSATISFIABLE,True,True,8,8,8,8,0.009672,0.009632,-4.0000000000000105e-05,True,True,True,True,True,
repeat=2|base=vertex_cover_torus_3x5_k5_event|variant=perm_seed1730,2,vertex_cover_torus_3x5_k5_event,perm_seed1730,1,1,UNSATISFIABLE,UNSATISFIABLE,True,True,6,6,7,7,0.009059,0.009205,0.0001460000000000003,True,True,True,True,True,
repeat=2|base=vertex_cover_torus_3x5_k5_event|variant=perm_seed1731,2,vertex_cover_torus_3x5_k5_event,perm_seed1731,1,1,UNSATISFIABLE,UNSATISFIABLE,True,True,6,6,7,7,0.008802,0.009184,0.00038199999999999866,True,True,True,True,True,
repeat=2|base=vertex_cover_torus_3x5_k5_event|variant=perm_seed1732,2,vertex_cover_torus_3x5_k5_event,perm_seed1732,1,1,UNSATISFIABLE,UNSATISFIABLE,True,True,8,8,8,8,0.009533,0.008619,-0.0009139999999999999,True,True,True,True,True,
repeat=2|base=vertex_cover_torus_3x5_k5_event|variant=perm_seed1733,2,vertex_cover_torus_3x5_k5_event,perm_seed1733,1,1,UNSATISFIABLE,UNSATISFIABLE,True,True,6,6,7,7,0.009702,0.009132,-0.0005700000000000011,True,True,True,True,True,
repeat=2|base=vertex_cover_torus_3x5_k5_event|variant=perm_seed1734,2,vertex_cover_torus_3x5_k5_event,perm_seed1734,1,1,UNSATISFIABLE,UNSATISFIABLE,True,True,6,6,7,7,0.009624,0.008853,-0.0007710000000000009,True,True,True,True,True,
repeat=2|base=vertex_cover_torus_3x5_k5_event|variant=perm_seed1735,2,vertex_cover_torus_3x5_k5_event,perm_seed1735,1,1,UNSATISFIABLE,UNSATISFIABLE,True,True,6,6,7,7,0.009198,0.009244,4.60000000000009e-05,True,True,True,True,True,
repeat=2|base=vertex_cover_torus_3x5_k5_event|variant=perm_seed1736,2,vertex_cover_torus_3x5_k5_event,perm_seed1736,1,1,UNSATISFIABLE,UNSATISFIABLE,True,True,7,7,8,8,0.009579,0.009371,-0.00020799999999999985,True,True,True,True,True,
repeat=2|base=vertex_cover_torus_3x5_k5_event|variant=perm_seed1737,2,vertex_cover_torus_3x5_k5_event,perm_seed1737,1,1,UNSATISFIABLE,UNSATISFIABLE,True,True,6,6,7,7,0.00949,0.009083,-0.0004069999999999994,True,True,True,True,True,
repeat=2|base=vertex_cover_torus_3x5_k5_event|variant=perm_seed1738,2,vertex_cover_torus_3x5_k5_event,perm_seed1738,1,1,UNSATISFIABLE,UNSATISFIABLE,True,True,5,5,6,6,0.008939,0.008834,-0.00010500000000000093,True,True,True,True,True,
repeat=2|base=vertex_cover_torus_3x5_k5_event|variant=perm_seed1739,2,vertex_cover_torus_3x5_k5_event,perm_seed1739,1,1,UNSATISFIABLE,UNSATISFIABLE,True,True,6,6,7,7,0.008854,0.008903,4.89999999999987e-05,True,True,True,True,True,
repeat=2|base=vertex_cover_torus_3x5_k5_event|variant=perm_seed1740,2,vertex_cover_torus_3x5_k5_event,perm_seed1740,1,1,UNSATISFIABLE,UNSATISFIABLE,True,True,6,6,7,7,0.009677,0.009297,-0.00038000000000000013,True,True,True,True,True,
repeat=2|base=vertex_cover_torus_3x5_k5_event|variant=perm_seed1741,2,vertex_cover_torus_3x5_k5_event,perm_seed1741,1,1,UNSATISFIABLE,UNSATISFIABLE,True,True,6,6,7,7,0.008941,0.008355,-0.0005859999999999997,True,True,True,True,True,
repeat=2|base=vertex_cover_torus_3x5_k5_event|variant=perm_seed1742,2,vertex_cover_torus_3x5_k5_event,perm_seed1742,1,1,UNSATISFIABLE,UNSATISFIABLE,True,True,6,6,7,7,0.009578,0.008837,-0.0007410000000000003,True,True,True,True,True,
repeat=2|base=vertex_cover_torus_3x5_k5_event|variant=perm_seed1743,2,vertex_cover_torus_3x5_k5_event,perm_seed1743,1,1,UNSATISFIABLE,UNSATISFIABLE,True,True,6,6,7,7,0.009439,0.00886,-0.0005789999999999997,True,True,True,True,True,
repeat=2|base=vertex_cover_torus_3x5_k5_event|variant=perm_seed1744,2,vertex_cover_torus_3x5_k5_event,perm_seed1744,1,1,UNSATISFIABLE,UNSATISFIABLE,True,True,7,7,8,8,0.009067,0.009216,0.00014899999999999983,True,True,True,True,True,
repeat=2|base=vertex_cover_torus_3x5_k5_event|variant=perm_seed1745,2,vertex_cover_torus_3x5_k5_event,perm_seed1745,1,1,UNSATISFIABLE,UNSATISFIABLE,True,True,7,7,8,8,0.009244,0.008586,-0.0006580000000000006,True,True,True,True,True,
repeat=2|base=vertex_cover_torus_3x5_k6_event|variant=base,2,vertex_cover_torus_3x5_k6_event,base,1,1,UNSATISFIABLE,UNSATISFIABLE,True,True,10,10,11,11,0.016731,0.016522,-0.00020900000000000085,True,True,True,True,True,
repeat=2|base=vertex_cover_torus_3x5_k6_event|variant=perm_seed1730,2,vertex_cover_torus_3x5_k6_event,perm_seed1730,1,1,UNSATISFIABLE,UNSATISFIABLE,True,True,10,10,11,11,0.016534,0.016121,-0.00041300000000000017,True,True,True,True,True,
repeat=2|base=vertex_cover_torus_3x5_k6_event|variant=perm_seed1731,2,vertex_cover_torus_3x5_k6_event,perm_seed1731,1,1,UNSATISFIABLE,UNSATISFIABLE,True,True,12,12,12,12,0.01618,0.016616,0.0004359999999999989,True,True,True,True,True,
repeat=2|base=vertex_cover_torus_3x5_k6_event|variant=perm_seed1732,2,vertex_cover_torus_3x5_k6_event,perm_seed1732,1,1,UNSATISFIABLE,UNSATISFIABLE,True,True,10,10,11,11,0.016223,0.016558,0.0003349999999999985,True,True,True,True,True,
repeat=2|base=vertex_cover_torus_3x5_k6_event|variant=perm_seed1733,2,vertex_cover_torus_3x5_k6_event,perm_seed1733,1,1,UNSATISFIABLE,UNSATISFIABLE,True,True,10,10,11,11,0.016901,0.0168,-0.0001010000000000004,True,True,True,True,True,
repeat=2|base=vertex_cover_torus_3x5_k6_event|variant=perm_seed1734,2,vertex_cover_torus_3x5_k6_event,perm_seed1734,1,1,UNSATISFIABLE,UNSATISFIABLE,True,True,11,11,12,12,0.016885,0.015828,-0.0010570000000000024,True,True,True,True,True,
repeat=2|base=vertex_cover_torus_3x5_k6_event|variant=perm_seed1735,2,vertex_cover_torus_3x5_k6_event,perm_seed1735,1,1,UNSATISFIABLE,UNSATISFIABLE,True,True,11,11,12,12,0.016628,0.016719,9.10000000000008e-05,True,True,True,True,True,
repeat=2|base=vertex_cover_torus_3x5_k6_event|variant=perm_seed1736,2,vertex_cover_torus_3x5_k6_event,perm_seed1736,1,1,UNSATISFIABLE,UNSATISFIABLE,True,True,10,10,11,11,0.016217,0.016847,0.0006300000000000021,True,True,True,True,True,
repeat=2|base=vertex_cover_torus_3x5_k6_event|variant=perm_seed1737,2,vertex_cover_torus_3x5_k6_event,perm_seed1737,1,1,UNSATISFIABLE,UNSATISFIABLE,True,True,9,9,10,10,0.016577,0.016202,-0.00037500000000000033,True,True,True,True,True,
repeat=2|base=vertex_cover_torus_3x5_k6_event|variant=perm_seed1738,2,vertex_cover_torus_3x5_k6_event,perm_seed1738,1,1,UNSATISFIABLE,UNSATISFIABLE,True,True,9,9,10,10,0.016028,0.016137,0.00010899999999999799,True,True,True,True,True,
repeat=2|base=vertex_cover_torus_3x5_k6_event|variant=perm_seed1739,2,vertex_cover_torus_3x5_k6_event,perm_seed1739,1,1,UNSATISFIABLE,UNSATISFIABLE,True,True,10,10,11,11,0.016937,0.017571,0.0006339999999999991,True,True,True,True,True,
repeat=2|base=vertex_cover_torus_3x5_k6_event|variant=perm_seed1740,2,vertex_cover_torus_3x5_k6_event,perm_seed1740,1,1,UNSATISFIABLE,UNSATISFIABLE,True,True,11,11,11,11,0.016744,0.017891,0.0011470000000000022,True,True,True,True,True,
repeat=2|base=vertex_cover_torus_3x5_k6_event|variant=perm_seed1741,2,vertex_cover_torus_3x5_k6_event,perm_seed1741,1,1,UNSATISFIABLE,UNSATISFIABLE,True,True,10,10,11,11,0.016473,0.016682,0.00020899999999999738,True,True,True,True,True,
repeat=2|base=vertex_cover_torus_3x5_k6_event|variant=perm_seed1742,2,vertex_cover_torus_3x5_k6_event,perm_seed1742,1,1,UNSATISFIABLE,UNSATISFIABLE,True,True,10,10,11,11,0.017679,0.017147,-0.0005320000000000012,True,True,True,True,True,
repeat=2|base=vertex_cover_torus_3x5_k6_event|variant=perm_seed1743,2,vertex_cover_torus_3x5_k6_event,perm_seed1743,1,1,UNSATISFIABLE,UNSATISFIABLE,True,True,11,11,12,12,0.016836,0.017503,0.0006670000000000009,True,True,True,True,True,
repeat=2|base=vertex_cover_torus_3x5_k6_event|variant=perm_seed1744,2,vertex_cover_torus_3x5_k6_event,perm_seed1744,1,1,UNSATISFIABLE,UNSATISFIABLE,True,True,11,11,12,12,0.017088,0.016469,-0.000618999999999998,True,True,True,True,True,
repeat=2|base=vertex_cover_torus_3x5_k6_event|variant=perm_seed1745,2,vertex_cover_torus_3x5_k6_event,perm_seed1745,1,1,UNSATISFIABLE,UNSATISFIABLE,True,True,14,14,13,13,0.016336,0.016248,-8.800000000000127e-05,True,True,True,True,True,
repeat=2|base=vertex_cover_torus_4x4_k5_event|variant=base,2,vertex_cover_torus_4x4_k5_event,base,1,1,UNSATISFIABLE,UNSATISFIABLE,True,True,6,6,7,7,0.019196,0.020491,0.0012949999999999975,True,True,True,True,True,
repeat=2|base=vertex_cover_torus_4x4_k5_event|variant=perm_seed1730,2,vertex_cover_torus_4x4_k5_event,perm_seed1730,1,1,UNSATISFIABLE,UNSATISFIABLE,True,True,6,6,7,7,0.019797,0.019468,-0.00032899999999999943,True,True,True,True,True,
repeat=2|base=vertex_cover_torus_4x4_k5_event|variant=perm_seed1731,2,vertex_cover_torus_4x4_k5_event,perm_seed1731,1,1,UNSATISFIABLE,UNSATISFIABLE,True,True,6,6,7,7,0.018381,0.01986,0.0014789999999999977,True,True,True,True,True,
repeat=2|base=vertex_cover_torus_4x4_k5_event|variant=perm_seed1732,2,vertex_cover_torus_4x4_k5_event,perm_seed1732,1,1,UNSATISFIABLE,UNSATISFIABLE,True,True,7,7,8,8,0.019778,0.020717,0.0009389999999999989,True,True,True,True,True,
repeat=2|base=vertex_cover_torus_4x4_k5_event|variant=perm_seed1733,2,vertex_cover_torus_4x4_k5_event,perm_seed1733,1,1,UNSATISFIABLE,UNSATISFIABLE,True,True,6,6,7,7,0.020447,0.020021,-0.0004259999999999993,True,True,True,True,True,
repeat=2|base=vertex_cover_torus_4x4_k5_event|variant=perm_seed1734,2,vertex_cover_torus_4x4_k5_event,perm_seed1734,1,1,UNSATISFIABLE,UNSATISFIABLE,True,True,8,8,7,7,0.019575,0.021482,0.0019070000000000024,True,True,True,True,True,
repeat=2|base=vertex_cover_torus_4x4_k5_event|variant=perm_seed1735,2,vertex_cover_torus_4x4_k5_event,perm_seed1735,1,1,UNSATISFIABLE,UNSATISFIABLE,True,True,6,6,7,7,0.019868,0.020281,0.00041300000000000017,True,True,True,True,True,
repeat=2|base=vertex_cover_torus_4x4_k5_event|variant=perm_seed1736,2,vertex_cover_torus_4x4_k5_event,perm_seed1736,1,1,UNSATISFIABLE,UNSATISFIABLE,True,True,7,7,7,7,0.01838,0.020272,0.0018919999999999979,True,True,True,True,True,
repeat=2|base=vertex_cover_torus_4x4_k5_event|variant=perm_seed1737,2,vertex_cover_torus_4x4_k5_event,perm_seed1737,1,1,UNSATISFIABLE,UNSATISFIABLE,True,True,6,6,7,7,0.020358,0.020348,-9.999999999999593e-06,True,True,True,True,True,
repeat=2|base=vertex_cover_torus_4x4_k5_event|variant=perm_seed1738,2,vertex_cover_torus_4x4_k5_event,perm_seed1738,1,1,UNSATISFIABLE,UNSATISFIABLE,True,True,6,6,7,7,0.019614,0.019976,0.0003620000000000012,True,True,True,True,True,
repeat=2|base=vertex_cover_torus_4x4_k5_event|variant=perm_seed1739,2,vertex_cover_torus_4x4_k5_event,perm_seed1739,1,1,UNSATISFIABLE,UNSATISFIABLE,True,True,6,6,7,7,0.021108,0.021073,-3.499999999999684e-05,True,True,True,True,True,
repeat=2|base=vertex_cover_torus_4x4_k5_event|variant=perm_seed1740,2,vertex_cover_torus_4x4_k5_event,perm_seed1740,1,1,UNSATISFIABLE,UNSATISFIABLE,True,True,6,6,7,7,0.021186,0.018899,-0.002287000000000001,True,True,True,True,True,
repeat=2|base=vertex_cover_torus_4x4_k5_event|variant=perm_seed1741,2,vertex_cover_torus_4x4_k5_event,perm_seed1741,1,1,UNSATISFIABLE,UNSATISFIABLE,True,True,7,7,8,8,0.022029,0.020059,-0.0019699999999999995,True,True,True,True,True,
repeat=2|base=vertex_cover_torus_4x4_k5_event|variant=perm_seed1742,2,vertex_cover_torus_4x4_k5_event,perm_seed1742,1,1,UNSATISFIABLE,UNSATISFIABLE,True,True,8,8,8,8,0.019689,0.019709,1.9999999999999185e-05,True,True,True,True,True,
repeat=2|base=vertex_cover_torus_4x4_k5_event|variant=perm_seed1743,2,vertex_cover_torus_4x4_k5_event,perm_seed1743,1,1,UNSATISFIABLE,UNSATISFIABLE,True,True,6,6,7,7,0.021592,0.020686,-0.0009060000000000006,True,True,True,True,True,
repeat=2|base=vertex_cover_torus_4x4_k5_event|variant=perm_seed1744,2,vertex_cover_torus_4x4_k5_event,perm_seed1744,1,1,UNSATISFIABLE,UNSATISFIABLE,True,True,6,6,7,7,0.020578,0.019832,-0.0007460000000000001,True,True,True,True,True,
repeat=2|base=vertex_cover_torus_4x4_k5_event|variant=perm_seed1745,2,vertex_cover_torus_4x4_k5_event,perm_seed1745,1,1,UNSATISFIABLE,UNSATISFIABLE,True,True,6,6,7,7,0.019437,0.020106,0.0006689999999999995,True,True,True,True,True,
