pair_id,repeat_id,base_instance_id,variant,plain_method_count,neutral_method_count,plain_final_result,neutral_final_result,plain_final_solved,neutral_final_solved,plain_final_decisions,neutral_final_decisions,plain_final_conflicts,neutral_final_conflicts,plain_final_cpu_time,neutral_final_cpu_time,final_cpu_time_delta,result_match,solved_match,decisions_match,conflicts_match,accepted,rejection_reason
repeat=0|base=dominating_set_hex_3x5_s3|variant=base,0,dominating_set_hex_3x5_s3,base,1,1,SATISFIABLE,SATISFIABLE,True,True,6,6,0,0,0.002344,0.002359,1.4999999999999823e-05,True,True,True,True,True,
repeat=0|base=dominating_set_hex_3x5_s3|variant=perm_seed1730,0,dominating_set_hex_3x5_s3,perm_seed1730,1,1,SATISFIABLE,SATISFIABLE,True,True,1,1,0,0,0.002166,0.002215,4.9e-05,True,True,True,True,True,
repeat=0|base=dominating_set_hex_3x5_s3|variant=perm_seed1731,0,dominating_set_hex_3x5_s3,perm_seed1731,1,1,SATISFIABLE,SATISFIABLE,True,True,5,5,0,0,0.002294,0.002308,1.4000000000000123e-05,True,True,True,True,True,
repeat=0|base=dominating_set_hex_3x5_s3|variant=perm_seed1732,0,dominating_set_hex_3x5_s3,perm_seed1732,1,1,SATISFIABLE,SATISFIABLE,True,True,1,1,0,0,0.003048,0.002446,-0.0006020000000000001,True,True,True,True,True,
repeat=0|base=dominating_set_hex_3x5_s3|variant=perm_seed1733,0,dominating_set_hex_3x5_s3,perm_seed1733,1,1,SATISFIABLE,SATISFIABLE,True,True,1,1,0,0,0.002143,0.002229,8.600000000000014e-05,True,True,True,True,True,
repeat=0|base=dominating_set_hex_3x5_s3|variant=perm_seed1734,0,dominating_set_hex_3x5_s3,perm_seed1734,1,1,SATISFIABLE,SATISFIABLE,True,True,5,5,1,1,0.002287,0.002307,2.0000000000000052e-05,True,True,True,True,True,
repeat=0|base=dominating_set_hex_3x5_s3|variant=perm_seed1735,0,dominating_set_hex_3x5_s3,perm_seed1735,1,1,SATISFIABLE,SATISFIABLE,True,True,1,1,0,0,0.002278,0.002287,8.999999999999894e-06,True,True,True,True,True,
repeat=0|base=dominating_set_hex_3x5_s3|variant=perm_seed1736,0,dominating_set_hex_3x5_s3,perm_seed1736,1,1,SATISFIABLE,SATISFIABLE,True,True,1,1,0,0,0.002148,0.002168,1.999999999999962e-05,True,True,True,True,True,
repeat=0|base=dominating_set_hex_3x5_s3|variant=perm_seed1737,0,dominating_set_hex_3x5_s3,perm_seed1737,1,1,SATISFIABLE,SATISFIABLE,True,True,1,1,0,0,0.002325,0.002192,-0.00013299999999999987,True,True,True,True,True,
repeat=0|base=dominating_set_hex_3x5_s3|variant=perm_seed1738,0,dominating_set_hex_3x5_s3,perm_seed1738,1,1,SATISFIABLE,SATISFIABLE,True,True,1,1,0,0,0.002135,0.003679,0.0015439999999999998,True,True,True,True,True,
repeat=0|base=dominating_set_hex_3x5_s3|variant=perm_seed1739,0,dominating_set_hex_3x5_s3,perm_seed1739,1,1,SATISFIABLE,SATISFIABLE,True,True,10,10,2,2,0.002289,0.002279,-9.999999999999593e-06,True,True,True,True,True,
repeat=0|base=dominating_set_hex_3x5_s3|variant=perm_seed1740,0,dominating_set_hex_3x5_s3,perm_seed1740,1,1,SATISFIABLE,SATISFIABLE,True,True,2,2,0,0,0.002263,0.002375,0.00011200000000000012,True,True,True,True,True,
repeat=0|base=dominating_set_hex_3x5_s3|variant=perm_seed1741,0,dominating_set_hex_3x5_s3,perm_seed1741,1,1,SATISFIABLE,SATISFIABLE,True,True,1,1,0,0,0.002183,0.002654,0.00047100000000000006,True,True,True,True,True,
repeat=0|base=dominating_set_hex_3x5_s3|variant=perm_seed1742,0,dominating_set_hex_3x5_s3,perm_seed1742,1,1,SATISFIABLE,SATISFIABLE,True,True,1,1,0,0,0.002287,0.002279,-7.99999999999976e-06,True,True,True,True,True,
repeat=0|base=dominating_set_hex_3x5_s3|variant=perm_seed1743,0,dominating_set_hex_3x5_s3,perm_seed1743,1,1,SATISFIABLE,SATISFIABLE,True,True,6,6,0,0,0.002256,0.002266,9.999999999999593e-06,True,True,True,True,True,
repeat=0|base=dominating_set_hex_3x5_s3|variant=perm_seed1744,0,dominating_set_hex_3x5_s3,perm_seed1744,1,1,SATISFIABLE,SATISFIABLE,True,True,1,1,0,0,0.002287,0.002457,0.00017,True,True,True,True,True,
repeat=0|base=dominating_set_hex_3x5_s3|variant=perm_seed1745,0,dominating_set_hex_3x5_s3,perm_seed1745,1,1,SATISFIABLE,SATISFIABLE,True,True,5,5,1,1,0.002216,0.002188,-2.8000000000000247e-05,True,True,True,True,True,
repeat=0|base=dominating_set_hex_3x6_s4|variant=base,0,dominating_set_hex_3x6_s4,base,1,1,SATISFIABLE,SATISFIABLE,True,True,8,8,0,0,0.038421,0.039612,0.0011910000000000046,True,True,True,True,True,
repeat=0|base=dominating_set_hex_3x6_s4|variant=perm_seed1730,0,dominating_set_hex_3x6_s4,perm_seed1730,1,1,SATISFIABLE,SATISFIABLE,True,True,7,7,0,0,0.0413,0.042656,0.001355999999999996,True,True,True,True,True,
repeat=0|base=dominating_set_hex_3x6_s4|variant=perm_seed1731,0,dominating_set_hex_3x6_s4,perm_seed1731,1,1,SATISFIABLE,SATISFIABLE,True,True,13,13,2,2,0.03987,0.040625,0.0007549999999999987,True,True,True,True,True,
repeat=0|base=dominating_set_hex_3x6_s4|variant=perm_seed1732,0,dominating_set_hex_3x6_s4,perm_seed1732,1,1,SATISFIABLE,SATISFIABLE,True,True,11,11,1,1,0.038367,0.039082,0.0007150000000000004,True,True,True,True,True,
repeat=0|base=dominating_set_hex_3x6_s4|variant=perm_seed1733,0,dominating_set_hex_3x6_s4,perm_seed1733,1,1,SATISFIABLE,SATISFIABLE,True,True,7,7,0,0,0.041118,0.040445,-0.000673,True,True,True,True,True,
repeat=0|base=dominating_set_hex_3x6_s4|variant=perm_seed1734,0,dominating_set_hex_3x6_s4,perm_seed1734,1,1,SATISFIABLE,SATISFIABLE,True,True,10,10,1,1,0.040488,0.040506,1.7999999999997185e-05,True,True,True,True,True,
repeat=0|base=dominating_set_hex_3x6_s4|variant=perm_seed1735,0,dominating_set_hex_3x6_s4,perm_seed1735,1,1,SATISFIABLE,SATISFIABLE,True,True,5,5,0,0,0.04204,0.043116,0.0010760000000000006,True,True,True,True,True,
repeat=0|base=dominating_set_hex_3x6_s4|variant=perm_seed1736,0,dominating_set_hex_3x6_s4,perm_seed1736,1,1,SATISFIABLE,SATISFIABLE,True,True,12,12,0,0,0.040241,0.040841,0.0006000000000000033,True,True,True,True,True,
repeat=0|base=dominating_set_hex_3x6_s4|variant=perm_seed1737,0,dominating_set_hex_3x6_s4,perm_seed1737,1,1,SATISFIABLE,SATISFIABLE,True,True,8,8,1,1,0.04244,0.043005,0.000565000000000003,True,True,True,True,True,
repeat=0|base=dominating_set_hex_3x6_s4|variant=perm_seed1738,0,dominating_set_hex_3x6_s4,perm_seed1738,1,1,SATISFIABLE,SATISFIABLE,True,True,11,11,1,1,0.041357,0.041182,-0.0001749999999999946,True,True,True,True,True,
repeat=0|base=dominating_set_hex_3x6_s4|variant=perm_seed1739,0,dominating_set_hex_3x6_s4,perm_seed1739,1,1,SATISFIABLE,SATISFIABLE,True,True,11,11,2,2,0.039778,0.04007,0.0002920000000000006,True,True,True,True,True,
repeat=0|base=dominating_set_hex_3x6_s4|variant=perm_seed1740,0,dominating_set_hex_3x6_s4,perm_seed1740,1,1,SATISFIABLE,SATISFIABLE,True,True,8,8,0,0,0.039666,0.039738,7.200000000000262e-05,True,True,True,True,True,
repeat=0|base=dominating_set_hex_3x6_s4|variant=perm_seed1741,0,dominating_set_hex_3x6_s4,perm_seed1741,1,1,SATISFIABLE,SATISFIABLE,True,True,11,11,2,2,0.038794,0.039265,0.0004709999999999992,True,True,True,True,True,
repeat=0|base=dominating_set_hex_3x6_s4|variant=perm_seed1742,0,dominating_set_hex_3x6_s4,perm_seed1742,1,1,SATISFIABLE,SATISFIABLE,True,True,9,9,1,1,0.039172,0.040136,0.0009639999999999996,True,True,True,True,True,
repeat=0|base=dominating_set_hex_3x6_s4|variant=perm_seed1743,0,dominating_set_hex_3x6_s4,perm_seed1743,1,1,SATISFIABLE,SATISFIABLE,True,True,11,11,3,3,0.041554,0.041461,-9.30000000000028e-05,True,True,True,True,True,
repeat=0|base=dominating_set_hex_3x6_s4|variant=perm_seed1744,0,dominating_set_hex_3x6_s4,perm_seed1744,1,1,SATISFIABLE,SATISFIABLE,True,True,11,11,1,1,0.039575,0.038613,-0.0009619999999999976,True,True,True,True,True,
repeat=0|base=dominating_set_hex_3x6_s4|variant=perm_seed1745,0,dominating_set_hex_3x6_s4,perm_seed1745,1,1,SATISFIABLE,SATISFIABLE,True,True,5,5,0,0,0.037911,0.04463,0.006719000000000003,True,True,True,True,True,
repeat=0|base=even_colouring_torus_4x5_split|variant=base,0,even_colouring_torus_4x5_split,base,1,1,SATISFIABLE,SATISFIABLE,True,True,22,22,0,0,0.00067,0.000669,-1.0000000000000243e-06,True,True,True,True,True,
repeat=0|base=even_colouring_torus_4x5_split|variant=perm_seed1730,0,even_colouring_torus_4x5_split,perm_seed1730,1,1,SATISFIABLE,SATISFIABLE,True,True,22,22,0,0,0.00069,0.000669,-2.099999999999997e-05,True,True,True,True,True,
repeat=0|base=even_colouring_torus_4x5_split|variant=perm_seed1731,0,even_colouring_torus_4x5_split,perm_seed1731,1,1,SATISFIABLE,SATISFIABLE,True,True,23,23,0,0,0.000628,0.000664,3.600000000000001e-05,True,True,True,True,True,
repeat=0|base=even_colouring_torus_4x5_split|variant=perm_seed1732,0,even_colouring_torus_4x5_split,perm_seed1732,1,1,SATISFIABLE,SATISFIABLE,True,True,22,22,0,0,0.00068,0.000673,-7.000000000000062e-06,True,True,True,True,True,
repeat=0|base=even_colouring_torus_4x5_split|variant=perm_seed1733,0,even_colouring_torus_4x5_split,perm_seed1733,1,1,SATISFIABLE,SATISFIABLE,True,True,22,22,0,0,0.000684,0.000681,-3.000000000000073e-06,True,True,True,True,True,
repeat=0|base=even_colouring_torus_4x5_split|variant=perm_seed1734,0,even_colouring_torus_4x5_split,perm_seed1734,1,1,SATISFIABLE,SATISFIABLE,True,True,22,22,0,0,0.00065,0.000633,-1.699999999999998e-05,True,True,True,True,True,
repeat=0|base=even_colouring_torus_4x5_split|variant=perm_seed1735,0,even_colouring_torus_4x5_split,perm_seed1735,1,1,SATISFIABLE,SATISFIABLE,True,True,22,22,0,0,0.000634,0.000632,-2.0000000000000486e-06,True,True,True,True,True,
repeat=0|base=even_colouring_torus_4x5_split|variant=perm_seed1736,0,even_colouring_torus_4x5_split,perm_seed1736,1,1,SATISFIABLE,SATISFIABLE,True,True,23,23,0,0,0.000625,0.000631,6.000000000000037e-06,True,True,True,True,True,
repeat=0|base=even_colouring_torus_4x5_split|variant=perm_seed1737,0,even_colouring_torus_4x5_split,perm_seed1737,1,1,SATISFIABLE,SATISFIABLE,True,True,22,22,0,0,0.000615,0.000628,1.299999999999999e-05,True,True,True,True,True,
repeat=0|base=even_colouring_torus_4x5_split|variant=perm_seed1738,0,even_colouring_torus_4x5_split,perm_seed1738,1,1,SATISFIABLE,SATISFIABLE,True,True,23,23,0,0,0.000615,0.0007,8.5e-05,True,True,True,True,True,
repeat=0|base=even_colouring_torus_4x5_split|variant=perm_seed1739,0,even_colouring_torus_4x5_split,perm_seed1739,1,1,SATISFIABLE,SATISFIABLE,True,True,22,22,0,0,0.000656,0.000724,6.800000000000003e-05,True,True,True,True,True,
repeat=0|base=even_colouring_torus_4x5_split|variant=perm_seed1740,0,even_colouring_torus_4x5_split,perm_seed1740,1,1,SATISFIABLE,SATISFIABLE,True,True,22,22,0,0,0.000709,0.000665,-4.3999999999999985e-05,True,True,True,True,True,
repeat=0|base=even_colouring_torus_4x5_split|variant=perm_seed1741,0,even_colouring_torus_4x5_split,perm_seed1741,1,1,SATISFIABLE,SATISFIABLE,True,True,22,22,0,0,0.000629,0.000641,1.1999999999999966e-05,True,True,True,True,True,
repeat=0|base=even_colouring_torus_4x5_split|variant=perm_seed1742,0,even_colouring_torus_4x5_split,perm_seed1742,1,1,SATISFIABLE,SATISFIABLE,True,True,22,22,0,0,0.000614,0.000629,1.500000000000004e-05,True,True,True,True,True,
repeat=0|base=even_colouring_torus_4x5_split|variant=perm_seed1743,0,even_colouring_torus_4x5_split,perm_seed1743,1,1,SATISFIABLE,SATISFIABLE,True,True,22,22,0,0,0.000769,0.000689,-7.999999999999999e-05,True,True,True,True,True,
repeat=0|base=even_colouring_torus_4x5_split|variant=perm_seed1744,0,even_colouring_torus_4x5_split,perm_seed1744,1,1,SATISFIABLE,SATISFIABLE,True,True,22,22,0,0,0.000638,0.000653,1.500000000000004e-05,True,True,True,True,True,
repeat=0|base=even_colouring_torus_4x5_split|variant=perm_seed1745,0,even_colouring_torus_4x5_split,perm_seed1745,1,1,SATISFIABLE,SATISFIABLE,True,True,22,22,0,0,0.000708,0.000673,-3.499999999999998e-05,True,True,True,True,True,
repeat=0|base=even_colouring_torus_4x6_split|variant=base,0,even_colouring_torus_4x6_split,base,1,1,SATISFIABLE,SATISFIABLE,True,True,26,26,0,0,0.000743,0.00072,-2.299999999999991e-05,True,True,True,True,True,
repeat=0|base=even_colouring_torus_4x6_split|variant=perm_seed1730,0,even_colouring_torus_4x6_split,perm_seed1730,1,1,SATISFIABLE,SATISFIABLE,True,True,26,26,0,0,0.000738,0.000756,1.8000000000000004e-05,True,True,True,True,True,
repeat=0|base=even_colouring_torus_4x6_split|variant=perm_seed1731,0,even_colouring_torus_4x6_split,perm_seed1731,1,1,SATISFIABLE,SATISFIABLE,True,True,26,26,0,0,0.000732,0.000723,-9.000000000000002e-06,True,True,True,True,True,
repeat=0|base=even_colouring_torus_4x6_split|variant=perm_seed1732,0,even_colouring_torus_4x6_split,perm_seed1732,1,1,SATISFIABLE,SATISFIABLE,True,True,26,26,0,0,0.000863,0.000797,-6.600000000000009e-05,True,True,True,True,True,
repeat=0|base=even_colouring_torus_4x6_split|variant=perm_seed1733,0,even_colouring_torus_4x6_split,perm_seed1733,1,1,SATISFIABLE,SATISFIABLE,True,True,27,27,0,0,0.001013,0.000819,-0.00019400000000000005,True,True,True,True,True,
repeat=0|base=even_colouring_torus_4x6_split|variant=perm_seed1734,0,even_colouring_torus_4x6_split,perm_seed1734,1,1,SATISFIABLE,SATISFIABLE,True,True,26,26,0,0,0.00077,0.000788,1.8000000000000004e-05,True,True,True,True,True,
repeat=0|base=even_colouring_torus_4x6_split|variant=perm_seed1735,0,even_colouring_torus_4x6_split,perm_seed1735,1,1,SATISFIABLE,SATISFIABLE,True,True,26,26,0,0,0.000789,0.000746,-4.299999999999996e-05,True,True,True,True,True,
repeat=0|base=even_colouring_torus_4x6_split|variant=perm_seed1736,0,even_colouring_torus_4x6_split,perm_seed1736,1,1,SATISFIABLE,SATISFIABLE,True,True,26,26,0,0,0.000734,0.001354,0.00062,True,True,True,True,True,
repeat=0|base=even_colouring_torus_4x6_split|variant=perm_seed1737,0,even_colouring_torus_4x6_split,perm_seed1737,1,1,SATISFIABLE,SATISFIABLE,True,True,26,26,0,0,0.001345,0.00086,-0.0004850000000000001,True,True,True,True,True,
repeat=0|base=even_colouring_torus_4x6_split|variant=perm_seed1738,0,even_colouring_torus_4x6_split,perm_seed1738,1,1,SATISFIABLE,SATISFIABLE,True,True,26,26,0,0,0.000908,0.000815,-9.299999999999998e-05,True,True,True,True,True,
repeat=0|base=even_colouring_torus_4x6_split|variant=perm_seed1739,0,even_colouring_torus_4x6_split,perm_seed1739,1,1,SATISFIABLE,SATISFIABLE,True,True,26,26,0,0,0.000816,0.00078,-3.600000000000001e-05,True,True,True,True,True,
repeat=0|base=even_colouring_torus_4x6_split|variant=perm_seed1740,0,even_colouring_torus_4x6_split,perm_seed1740,1,1,SATISFIABLE,SATISFIABLE,True,True,26,26,0,0,0.000699,0.000733,3.400000000000007e-05,True,True,True,True,True,
repeat=0|base=even_colouring_torus_4x6_split|variant=perm_seed1741,0,even_colouring_torus_4x6_split,perm_seed1741,1,1,SATISFIABLE,SATISFIABLE,True,True,26,26,0,0,0.000682,0.000675,-6.999999999999953e-06,True,True,True,True,True,
repeat=0|base=even_colouring_torus_4x6_split|variant=perm_seed1742,0,even_colouring_torus_4x6_split,perm_seed1742,1,1,SATISFIABLE,SATISFIABLE,True,True,26,26,0,0,0.000647,0.000756,0.00010900000000000005,True,True,True,True,True,
repeat=0|base=even_colouring_torus_4x6_split|variant=perm_seed1743,0,even_colouring_torus_4x6_split,perm_seed1743,1,1,SATISFIABLE,SATISFIABLE,True,True,26,26,0,0,0.000636,0.000754,0.00011800000000000005,True,True,True,True,True,
repeat=0|base=even_colouring_torus_4x6_split|variant=perm_seed1744,0,even_colouring_torus_4x6_split,perm_seed1744,1,1,SATISFIABLE,SATISFIABLE,True,True,27,27,0,0,0.000687,0.000669,-1.8000000000000004e-05,True,True,True,True,True,
repeat=0|base=even_colouring_torus_4x6_split|variant=perm_seed1745,0,even_colouring_torus_4x6_split,perm_seed1745,1,1,SATISFIABLE,SATISFIABLE,True,True,26,26,0,0,0.000649,0.000667,1.8000000000000004e-05,True,True,True,True,True,
repeat=0|base=even_colouring_torus_5x5_split|variant=base,0,even_colouring_torus_5x5_split,base,1,1,SATISFIABLE,SATISFIABLE,True,True,27,27,0,0,0.000658,0.000655,-2.9999999999999645e-06,True,True,True,True,True,
repeat=0|base=even_colouring_torus_5x5_split|variant=perm_seed1730,0,even_colouring_torus_5x5_split,perm_seed1730,1,1,SATISFIABLE,SATISFIABLE,True,True,27,27,0,0,0.000647,0.000652,5.000000000000013e-06,True,True,True,True,True,
repeat=0|base=even_colouring_torus_5x5_split|variant=perm_seed1731,0,even_colouring_torus_5x5_split,perm_seed1731,1,1,SATISFIABLE,SATISFIABLE,True,True,27,27,0,0,0.000623,0.000628,5.000000000000013e-06,True,True,True,True,True,
repeat=0|base=even_colouring_torus_5x5_split|variant=perm_seed1732,0,even_colouring_torus_5x5_split,perm_seed1732,1,1,SATISFIABLE,SATISFIABLE,True,True,27,27,0,0,0.000623,0.000726,0.00010300000000000001,True,True,True,True,True,
repeat=0|base=even_colouring_torus_5x5_split|variant=perm_seed1733,0,even_colouring_torus_5x5_split,perm_seed1733,1,1,SATISFIABLE,SATISFIABLE,True,True,27,27,0,0,0.000663,0.000661,-1.99999999999994e-06,True,True,True,True,True,
repeat=0|base=even_colouring_torus_5x5_split|variant=perm_seed1734,0,even_colouring_torus_5x5_split,perm_seed1734,1,1,SATISFIABLE,SATISFIABLE,True,True,27,27,0,0,0.000635,0.000651,1.5999999999999955e-05,True,True,True,True,True,
repeat=0|base=even_colouring_torus_5x5_split|variant=perm_seed1735,0,even_colouring_torus_5x5_split,perm_seed1735,1,1,SATISFIABLE,SATISFIABLE,True,True,27,27,0,0,0.000699,0.000682,-1.699999999999998e-05,True,True,True,True,True,
repeat=0|base=even_colouring_torus_5x5_split|variant=perm_seed1736,0,even_colouring_torus_5x5_split,perm_seed1736,1,1,SATISFIABLE,SATISFIABLE,True,True,27,27,0,0,0.000707,0.000664,-4.299999999999996e-05,True,True,True,True,True,
repeat=0|base=even_colouring_torus_5x5_split|variant=perm_seed1737,0,even_colouring_torus_5x5_split,perm_seed1737,1,1,SATISFIABLE,SATISFIABLE,True,True,27,27,0,0,0.000661,0.000667,5.999999999999929e-06,True,True,True,True,True,
repeat=0|base=even_colouring_torus_5x5_split|variant=perm_seed1738,0,even_colouring_torus_5x5_split,perm_seed1738,1,1,SATISFIABLE,SATISFIABLE,True,True,28,28,0,0,0.000636,0.000637,1.0000000000000243e-06,True,True,True,True,True,
repeat=0|base=even_colouring_torus_5x5_split|variant=perm_seed1739,0,even_colouring_torus_5x5_split,perm_seed1739,1,1,SATISFIABLE,SATISFIABLE,True,True,27,27,0,0,0.00063,0.000623,-7.000000000000062e-06,True,True,True,True,True,
repeat=0|base=even_colouring_torus_5x5_split|variant=perm_seed1740,0,even_colouring_torus_5x5_split,perm_seed1740,1,1,SATISFIABLE,SATISFIABLE,True,True,27,27,0,0,0.000619,0.000711,9.200000000000007e-05,True,True,True,True,True,
repeat=0|base=even_colouring_torus_5x5_split|variant=perm_seed1741,0,even_colouring_torus_5x5_split,perm_seed1741,1,1,SATISFIABLE,SATISFIABLE,True,True,28,28,0,0,0.000684,0.000677,-7.000000000000062e-06,True,True,True,True,True,
repeat=0|base=even_colouring_torus_5x5_split|variant=perm_seed1742,0,even_colouring_torus_5x5_split,perm_seed1742,1,1,SATISFIABLE,SATISFIABLE,True,True,27,27,0,0,0.000644,0.000654,9.999999999999918e-06,True,True,True,True,True,
repeat=0|base=even_colouring_torus_5x5_split|variant=perm_seed1743,0,even_colouring_torus_5x5_split,perm_seed1743,1,1,SATISFIABLE,SATISFIABLE,True,True,27,27,0,0,0.00064,0.000639,-1.0000000000000243e-06,True,True,True,True,True,
repeat=0|base=even_colouring_torus_5x5_split|variant=perm_seed1744,0,even_colouring_torus_5x5_split,perm_seed1744,1,1,SATISFIABLE,SATISFIABLE,True,True,27,27,0,0,0.000622,0.00064,1.8000000000000004e-05,True,True,True,True,True,
repeat=0|base=even_colouring_torus_5x5_split|variant=perm_seed1745,0,even_colouring_torus_5x5_split,perm_seed1745,1,1,SATISFIABLE,SATISFIABLE,True,True,27,27,0,0,0.000634,0.000644,1.0000000000000026e-05,True,True,True,True,True,
repeat=0|base=even_colouring_torus_5x6_split|variant=base,0,even_colouring_torus_5x6_split,base,1,1,SATISFIABLE,SATISFIABLE,True,True,32,32,0,0,0.000626,0.000645,1.899999999999992e-05,True,True,True,True,True,
repeat=0|base=even_colouring_torus_5x6_split|variant=perm_seed1730,0,even_colouring_torus_5x6_split,perm_seed1730,1,1,SATISFIABLE,SATISFIABLE,True,True,33,33,0,0,0.000633,0.000665,3.200000000000002e-05,True,True,True,True,True,
repeat=0|base=even_colouring_torus_5x6_split|variant=perm_seed1731,0,even_colouring_torus_5x6_split,perm_seed1731,1,1,SATISFIABLE,SATISFIABLE,True,True,32,32,0,0,0.000665,0.000666,1.0000000000000243e-06,True,True,True,True,True,
repeat=0|base=even_colouring_torus_5x6_split|variant=perm_seed1732,0,even_colouring_torus_5x6_split,perm_seed1732,1,1,SATISFIABLE,SATISFIABLE,True,True,32,32,0,0,0.000705,0.000765,5.999999999999994e-05,True,True,True,True,True,
repeat=0|base=even_colouring_torus_5x6_split|variant=perm_seed1733,0,even_colouring_torus_5x6_split,perm_seed1733,1,1,SATISFIABLE,SATISFIABLE,True,True,32,32,0,0,0.000726,0.000671,-5.499999999999993e-05,True,True,True,True,True,
repeat=0|base=even_colouring_torus_5x6_split|variant=perm_seed1734,0,even_colouring_torus_5x6_split,perm_seed1734,1,1,SATISFIABLE,SATISFIABLE,True,True,33,33,0,0,0.000647,0.000702,5.5000000000000036e-05,True,True,True,True,True,
repeat=0|base=even_colouring_torus_5x6_split|variant=perm_seed1735,0,even_colouring_torus_5x6_split,perm_seed1735,1,1,SATISFIABLE,SATISFIABLE,True,True,32,32,0,0,0.000651,0.000666,1.500000000000004e-05,True,True,True,True,True,
repeat=0|base=even_colouring_torus_5x6_split|variant=perm_seed1736,0,even_colouring_torus_5x6_split,perm_seed1736,1,1,SATISFIABLE,SATISFIABLE,True,True,32,32,0,0,0.000639,0.000642,2.9999999999999645e-06,True,True,True,True,True,
repeat=0|base=even_colouring_torus_5x6_split|variant=perm_seed1737,0,even_colouring_torus_5x6_split,perm_seed1737,1,1,SATISFIABLE,SATISFIABLE,True,True,33,33,0,0,0.000645,0.000656,1.100000000000005e-05,True,True,True,True,True,
repeat=0|base=even_colouring_torus_5x6_split|variant=perm_seed1738,0,even_colouring_torus_5x6_split,perm_seed1738,1,1,SATISFIABLE,SATISFIABLE,True,True,32,32,0,0,0.000632,0.000777,0.00014500000000000006,True,True,True,True,True,
repeat=0|base=even_colouring_torus_5x6_split|variant=perm_seed1739,0,even_colouring_torus_5x6_split,perm_seed1739,1,1,SATISFIABLE,SATISFIABLE,True,True,32,32,0,0,0.000715,0.00071,-5.000000000000013e-06,True,True,True,True,True,
repeat=0|base=even_colouring_torus_5x6_split|variant=perm_seed1740,0,even_colouring_torus_5x6_split,perm_seed1740,1,1,SATISFIABLE,SATISFIABLE,True,True,33,33,0,0,0.000721,0.000659,-6.199999999999999e-05,True,True,True,True,True,
repeat=0|base=even_colouring_torus_5x6_split|variant=perm_seed1741,0,even_colouring_torus_5x6_split,perm_seed1741,1,1,SATISFIABLE,SATISFIABLE,True,True,33,33,0,0,0.000742,0.000723,-1.9000000000000028e-05,True,True,True,True,True,
repeat=0|base=even_colouring_torus_5x6_split|variant=perm_seed1742,0,even_colouring_torus_5x6_split,perm_seed1742,1,1,SATISFIABLE,SATISFIABLE,True,True,32,32,0,0,0.000688,0.000658,-3.000000000000008e-05,True,True,True,True,True,
repeat=0|base=even_colouring_torus_5x6_split|variant=perm_seed1743,0,even_colouring_torus_5x6_split,perm_seed1743,1,1,SATISFIABLE,SATISFIABLE,True,True,33,33,0,0,0.000656,0.000659,2.9999999999999645e-06,True,True,True,True,True,
repeat=0|base=even_colouring_torus_5x6_split|variant=perm_seed1744,0,even_colouring_torus_5x6_split,perm_seed1744,1,1,SATISFIABLE,SATISFIABLE,True,True,32,32,0,0,0.000633,0.000656,2.3000000000000017e-05,True,True,True,True,True,
repeat=0|base=even_colouring_torus_5x6_split|variant=perm_seed1745,0,even_colouring_torus_5x6_split,perm_seed1745,1,1,SATISFIABLE,SATISFIABLE,True,True,32,32,0,0,0.000664,0.000671,7.000000000000062e-06,True,True,True,True,True,
repeat=0|base=even_colouring_torus_6x6_split|variant=base,0,even_colouring_torus_6x6_split,base,1,1,SATISFIABLE,SATISFIABLE,True,True,38,38,0,0,0.000653,0.000657,3.999999999999989e-06,True,True,True,True,True,
repeat=0|base=even_colouring_torus_6x6_split|variant=perm_seed1730,0,even_colouring_torus_6x6_split,perm_seed1730,1,1,SATISFIABLE,SATISFIABLE,True,True,38,38,0,0,0.000661,0.000668,6.999999999999953e-06,True,True,True,True,True,
repeat=0|base=even_colouring_torus_6x6_split|variant=perm_seed1731,0,even_colouring_torus_6x6_split,perm_seed1731,1,1,SATISFIABLE,SATISFIABLE,True,True,39,39,0,0,0.000644,0.000733,8.9e-05,True,True,True,True,True,
repeat=0|base=even_colouring_torus_6x6_split|variant=perm_seed1732,0,even_colouring_torus_6x6_split,perm_seed1732,1,1,SATISFIABLE,SATISFIABLE,True,True,39,39,0,0,0.000674,0.000691,1.699999999999998e-05,True,True,True,True,True,
repeat=0|base=even_colouring_torus_6x6_split|variant=perm_seed1733,0,even_colouring_torus_6x6_split,perm_seed1733,1,1,SATISFIABLE,SATISFIABLE,True,True,38,38,0,0,0.000651,0.000663,1.1999999999999966e-05,True,True,True,True,True,
repeat=0|base=even_colouring_torus_6x6_split|variant=perm_seed1734,0,even_colouring_torus_6x6_split,perm_seed1734,1,1,SATISFIABLE,SATISFIABLE,True,True,39,39,0,0,0.000659,0.000666,7.000000000000062e-06,True,True,True,True,True,
repeat=0|base=even_colouring_torus_6x6_split|variant=perm_seed1735,0,even_colouring_torus_6x6_split,perm_seed1735,1,1,SATISFIABLE,SATISFIABLE,True,True,38,38,0,0,0.000649,0.000654,5.000000000000013e-06,True,True,True,True,True,
repeat=0|base=even_colouring_torus_6x6_split|variant=perm_seed1736,0,even_colouring_torus_6x6_split,perm_seed1736,1,1,SATISFIABLE,SATISFIABLE,True,True,38,38,0,0,0.000635,0.00067,3.499999999999998e-05,True,True,True,True,True,
repeat=0|base=even_colouring_torus_6x6_split|variant=perm_seed1737,0,even_colouring_torus_6x6_split,perm_seed1737,1,1,SATISFIABLE,SATISFIABLE,True,True,38,38,0,0,0.000639,0.000696,5.6999999999999976e-05,True,True,True,True,True,
repeat=0|base=even_colouring_torus_6x6_split|variant=perm_seed1738,0,even_colouring_torus_6x6_split,perm_seed1738,1,1,SATISFIABLE,SATISFIABLE,True,True,38,38,0,0,0.000671,0.000729,5.8e-05,True,True,True,True,True,
repeat=0|base=even_colouring_torus_6x6_split|variant=perm_seed1739,0,even_colouring_torus_6x6_split,perm_seed1739,1,1,SATISFIABLE,SATISFIABLE,True,True,39,39,0,0,0.000736,0.000668,-6.800000000000003e-05,True,True,True,True,True,
repeat=0|base=even_colouring_torus_6x6_split|variant=perm_seed1740,0,even_colouring_torus_6x6_split,perm_seed1740,1,1,SATISFIABLE,SATISFIABLE,True,True,38,38,0,0,0.000736,0.000714,-2.1999999999999993e-05,True,True,True,True,True,
repeat=0|base=even_colouring_torus_6x6_split|variant=perm_seed1741,0,even_colouring_torus_6x6_split,perm_seed1741,1,1,SATISFIABLE,SATISFIABLE,True,True,38,38,0,0,0.000729,0.000651,-7.800000000000005e-05,True,True,True,True,True,
repeat=0|base=even_colouring_torus_6x6_split|variant=perm_seed1742,0,even_colouring_torus_6x6_split,perm_seed1742,1,1,SATISFIABLE,SATISFIABLE,True,True,38,38,0,0,0.00066,0.000647,-1.299999999999999e-05,True,True,True,True,True,
repeat=0|base=even_colouring_torus_6x6_split|variant=perm_seed1743,0,even_colouring_torus_6x6_split,perm_seed1743,1,1,SATISFIABLE,SATISFIABLE,True,True,38,38,0,0,0.000663,0.000694,3.0999999999999995e-05,True,True,True,True,True,
repeat=0|base=even_colouring_torus_6x6_split|variant=perm_seed1744,0,even_colouring_torus_6x6_split,perm_seed1744,1,1,SATISFIABLE,SATISFIABLE,True,True,39,39,0,0,0.000639,0.000634,-5.000000000000013e-06,True,True,True,True,True,
repeat=0|base=even_colouring_torus_6x6_split|variant=perm_seed1745,0,even_colouring_torus_6x6_split,perm_seed1745,1,1,SATISFIABLE,SATISFIABLE,True,True,38,38,0,0,0.000664,0.000666,2.0000000000000486e-06,True,True,True,True,True,
repeat=0|base=k10_color9|variant=base,0,k10_color9,base,1,1,UNSATISFIABLE,UNSATISFIABLE,True,True,340861,340861,314066,314066,1.49303,1.48468,-0.00835000000000008,True,True,True,True,True,
repeat=0|base=k10_color9|variant=perm_seed1730,0,k10_color9,perm_seed1730,1,1,UNSATISFIABLE,UNSATISFIABLE,True,True,413643,413643,382655,382655,1.84089,1.82367,-0.017220000000000013,True,True,True,True,True,
repeat=0|base=k10_color9|variant=perm_seed1731,0,k10_color9,perm_seed1731,1,1,UNSATISFIABLE,UNSATISFIABLE,True,True,340033,340033,312592,312592,1.53877,1.52689,-0.01187999999999989,True,True,True,True,True,
repeat=0|base=k4_color3|variant=base,0,k4_color3,base,1,1,UNSATISFIABLE,UNSATISFIABLE,True,True,0,0,0,0,0.000761,0.000726,-3.499999999999998e-05,True,True,True,True,True,
repeat=0|base=k4_color3|variant=perm_seed1730,0,k4_color3,perm_seed1730,1,1,UNSATISFIABLE,UNSATISFIABLE,True,True,0,0,0,0,0.000641,0.000774,0.00013299999999999998,True,True,True,True,True,
repeat=0|base=k4_color3|variant=perm_seed1731,0,k4_color3,perm_seed1731,1,1,UNSATISFIABLE,UNSATISFIABLE,True,True,0,0,0,0,0.000674,0.000754,7.999999999999999e-05,True,True,True,True,True,
repeat=0|base=k4_color3|variant=perm_seed1732,0,k4_color3,perm_seed1732,1,1,UNSATISFIABLE,UNSATISFIABLE,True,True,0,0,0,0,0.000628,0.000619,-9.000000000000002e-06,True,True,True,True,True,
repeat=0|base=k4_color3|variant=perm_seed1733,0,k4_color3,perm_seed1733,1,1,UNSATISFIABLE,UNSATISFIABLE,True,True,0,0,0,0,0.000643,0.000584,-5.9000000000000025e-05,True,True,True,True,True,
repeat=0|base=k4_color3|variant=perm_seed1734,0,k4_color3,perm_seed1734,1,1,UNSATISFIABLE,UNSATISFIABLE,True,True,0,0,0,0,0.000587,0.000601,1.4000000000000015e-05,True,True,True,True,True,
repeat=0|base=k4_color3|variant=perm_seed1735,0,k4_color3,perm_seed1735,1,1,UNSATISFIABLE,UNSATISFIABLE,True,True,0,0,0,0,0.000665,0.000618,-4.700000000000006e-05,True,True,True,True,True,
repeat=0|base=k4_color3|variant=perm_seed1736,0,k4_color3,perm_seed1736,1,1,UNSATISFIABLE,UNSATISFIABLE,True,True,0,0,0,0,0.000665,0.001041,0.00037600000000000003,True,True,True,True,True,
repeat=0|base=k4_color3|variant=perm_seed1737,0,k4_color3,perm_seed1737,1,1,UNSATISFIABLE,UNSATISFIABLE,True,True,0,0,0,0,0.000719,0.000712,-7.000000000000062e-06,True,True,True,True,True,
repeat=0|base=k4_color3|variant=perm_seed1738,0,k4_color3,perm_seed1738,1,1,UNSATISFIABLE,UNSATISFIABLE,True,True,0,0,0,0,0.000614,0.000608,-5.999999999999929e-06,True,True,True,True,True,
repeat=0|base=k4_color3|variant=perm_seed1739,0,k4_color3,perm_seed1739,1,1,UNSATISFIABLE,UNSATISFIABLE,True,True,0,0,0,0,0.000646,0.000615,-3.0999999999999995e-05,True,True,True,True,True,
repeat=0|base=k4_color3|variant=perm_seed1740,0,k4_color3,perm_seed1740,1,1,UNSATISFIABLE,UNSATISFIABLE,True,True,0,0,0,0,0.000592,0.000641,4.9e-05,True,True,True,True,True,
repeat=0|base=k4_color3|variant=perm_seed1741,0,k4_color3,perm_seed1741,1,1,UNSATISFIABLE,UNSATISFIABLE,True,True,0,0,0,0,0.000599,0.000593,-6.000000000000037e-06,True,True,True,True,True,
repeat=0|base=k4_color3|variant=perm_seed1742,0,k4_color3,perm_seed1742,1,1,UNSATISFIABLE,UNSATISFIABLE,True,True,0,0,0,0,0.000623,0.000653,3.000000000000008e-05,True,True,True,True,True,
repeat=0|base=k4_color3|variant=perm_seed1743,0,k4_color3,perm_seed1743,1,1,UNSATISFIABLE,UNSATISFIABLE,True,True,0,0,0,0,0.000611,0.000603,-7.999999999999978e-06,True,True,True,True,True,
repeat=0|base=k4_color3|variant=perm_seed1744,0,k4_color3,perm_seed1744,1,1,UNSATISFIABLE,UNSATISFIABLE,True,True,0,0,0,0,0.000586,0.000581,-5.000000000000013e-06,True,True,True,True,True,
repeat=0|base=k4_color3|variant=perm_seed1745,0,k4_color3,perm_seed1745,1,1,UNSATISFIABLE,UNSATISFIABLE,True,True,0,0,0,0,0.00057,0.000576,6.000000000000037e-06,True,True,True,True,True,
repeat=0|base=k4_color4|variant=base,0,k4_color4,base,1,1,SATISFIABLE,SATISFIABLE,True,True,1,1,0,0,0.000589,0.00062,3.0999999999999995e-05,True,True,True,True,True,
repeat=0|base=k4_color4|variant=perm_seed1730,0,k4_color4,perm_seed1730,1,1,SATISFIABLE,SATISFIABLE,True,True,1,1,0,0,0.000588,0.00066,7.200000000000002e-05,True,True,True,True,True,
repeat=0|base=k4_color4|variant=perm_seed1731,0,k4_color4,perm_seed1731,1,1,SATISFIABLE,SATISFIABLE,True,True,1,1,0,0,0.000614,0.000636,2.1999999999999993e-05,True,True,True,True,True,
repeat=0|base=k4_color4|variant=perm_seed1732,0,k4_color4,perm_seed1732,1,1,SATISFIABLE,SATISFIABLE,True,True,1,1,0,0,0.000719,0.000649,-7.000000000000008e-05,True,True,True,True,True,
repeat=0|base=k4_color4|variant=perm_seed1733,0,k4_color4,perm_seed1733,1,1,SATISFIABLE,SATISFIABLE,True,True,1,1,0,0,0.000803,0.000707,-9.600000000000006e-05,True,True,True,True,True,
repeat=0|base=k4_color4|variant=perm_seed1734,0,k4_color4,perm_seed1734,1,1,SATISFIABLE,SATISFIABLE,True,True,1,1,0,0,0.000737,0.000773,3.600000000000001e-05,True,True,True,True,True,
repeat=0|base=k4_color4|variant=perm_seed1735,0,k4_color4,perm_seed1735,1,1,SATISFIABLE,SATISFIABLE,True,True,1,1,0,0,0.000704,0.000759,5.5000000000000036e-05,True,True,True,True,True,
repeat=0|base=k4_color4|variant=perm_seed1736,0,k4_color4,perm_seed1736,1,1,SATISFIABLE,SATISFIABLE,True,True,1,1,0,0,0.000704,0.000681,-2.3000000000000017e-05,True,True,True,True,True,
repeat=0|base=k4_color4|variant=perm_seed1737,0,k4_color4,perm_seed1737,1,1,SATISFIABLE,SATISFIABLE,True,True,1,1,0,0,0.000691,0.000698,7.000000000000062e-06,True,True,True,True,True,
repeat=0|base=k4_color4|variant=perm_seed1738,0,k4_color4,perm_seed1738,1,1,SATISFIABLE,SATISFIABLE,True,True,1,1,0,0,0.000644,0.000641,-3.000000000000073e-06,True,True,True,True,True,
repeat=0|base=k4_color4|variant=perm_seed1739,0,k4_color4,perm_seed1739,1,1,SATISFIABLE,SATISFIABLE,True,True,1,1,0,0,0.00061,0.000633,2.3000000000000017e-05,True,True,True,True,True,
repeat=0|base=k4_color4|variant=perm_seed1740,0,k4_color4,perm_seed1740,1,1,SATISFIABLE,SATISFIABLE,True,True,1,1,0,0,0.000612,0.000615,2.9999999999999645e-06,True,True,True,True,True,
repeat=0|base=k4_color4|variant=perm_seed1741,0,k4_color4,perm_seed1741,1,1,SATISFIABLE,SATISFIABLE,True,True,1,1,0,0,0.000595,0.000961,0.000366,True,True,True,True,True,
repeat=0|base=k4_color4|variant=perm_seed1742,0,k4_color4,perm_seed1742,1,1,SATISFIABLE,SATISFIABLE,True,True,1,1,0,0,0.000679,0.00066,-1.9000000000000028e-05,True,True,True,True,True,
repeat=0|base=k4_color4|variant=perm_seed1743,0,k4_color4,perm_seed1743,1,1,SATISFIABLE,SATISFIABLE,True,True,1,1,0,0,0.000699,0.000616,-8.299999999999996e-05,True,True,True,True,True,
repeat=0|base=k4_color4|variant=perm_seed1744,0,k4_color4,perm_seed1744,1,1,SATISFIABLE,SATISFIABLE,True,True,1,1,0,0,0.00061,0.000621,1.100000000000005e-05,True,True,True,True,True,
repeat=0|base=k4_color4|variant=perm_seed1745,0,k4_color4,perm_seed1745,1,1,SATISFIABLE,SATISFIABLE,True,True,1,1,0,0,0.000711,0.000669,-4.2000000000000045e-05,True,True,True,True,True,
repeat=0|base=k5_color4|variant=base,0,k5_color4,base,1,1,UNSATISFIABLE,UNSATISFIABLE,True,True,32,32,27,27,0.000695,0.000661,-3.399999999999996e-05,True,True,True,True,True,
repeat=0|base=k5_color4|variant=perm_seed1730,0,k5_color4,perm_seed1730,1,1,UNSATISFIABLE,UNSATISFIABLE,True,True,31,31,28,28,0.000643,0.000685,4.199999999999994e-05,True,True,True,True,True,
repeat=0|base=k5_color4|variant=perm_seed1731,0,k5_color4,perm_seed1731,1,1,UNSATISFIABLE,UNSATISFIABLE,True,True,32,32,31,31,0.000673,0.000658,-1.500000000000004e-05,True,True,True,True,True,
repeat=0|base=k5_color4|variant=perm_seed1732,0,k5_color4,perm_seed1732,1,1,UNSATISFIABLE,UNSATISFIABLE,True,True,31,31,30,30,0.0008,0.000672,-0.00012800000000000008,True,True,True,True,True,
repeat=0|base=k5_color4|variant=perm_seed1733,0,k5_color4,perm_seed1733,1,1,UNSATISFIABLE,UNSATISFIABLE,True,True,31,31,27,27,0.000628,0.000636,7.999999999999978e-06,True,True,True,True,True,
repeat=0|base=k5_color4|variant=perm_seed1734,0,k5_color4,perm_seed1734,1,1,UNSATISFIABLE,UNSATISFIABLE,True,True,27,27,25,25,0.000605,0.000612,7.000000000000062e-06,True,True,True,True,True,
repeat=0|base=k5_color4|variant=perm_seed1735,0,k5_color4,perm_seed1735,1,1,UNSATISFIABLE,UNSATISFIABLE,True,True,30,30,27,27,0.000622,0.00062,-2.0000000000000486e-06,True,True,True,True,True,
repeat=0|base=k5_color4|variant=perm_seed1736,0,k5_color4,perm_seed1736,1,1,UNSATISFIABLE,UNSATISFIABLE,True,True,27,27,25,25,0.000609,0.000798,0.00018900000000000004,True,True,True,True,True,
repeat=0|base=k5_color4|variant=perm_seed1737,0,k5_color4,perm_seed1737,1,1,UNSATISFIABLE,UNSATISFIABLE,True,True,31,31,30,30,0.000777,0.000734,-4.300000000000007e-05,True,True,True,True,True,
repeat=0|base=k5_color4|variant=perm_seed1738,0,k5_color4,perm_seed1738,1,1,UNSATISFIABLE,UNSATISFIABLE,True,True,33,33,27,27,0.000699,0.000661,-3.799999999999995e-05,True,True,True,True,True,
repeat=0|base=k5_color4|variant=perm_seed1739,0,k5_color4,perm_seed1739,1,1,UNSATISFIABLE,UNSATISFIABLE,True,True,33,33,29,29,0.000684,0.000666,-1.8000000000000004e-05,True,True,True,True,True,
repeat=0|base=k5_color4|variant=perm_seed1740,0,k5_color4,perm_seed1740,1,1,UNSATISFIABLE,UNSATISFIABLE,True,True,27,27,26,26,0.000642,0.000633,-9.000000000000002e-06,True,True,True,True,True,
repeat=0|base=k5_color4|variant=perm_seed1741,0,k5_color4,perm_seed1741,1,1,UNSATISFIABLE,UNSATISFIABLE,True,True,30,30,27,27,0.000626,0.000624,-2.0000000000000486e-06,True,True,True,True,True,
repeat=0|base=k5_color4|variant=perm_seed1742,0,k5_color4,perm_seed1742,1,1,UNSATISFIABLE,UNSATISFIABLE,True,True,38,38,31,31,0.001038,0.000698,-0.00034,True,True,True,True,True,
repeat=0|base=k5_color4|variant=perm_seed1743,0,k5_color4,perm_seed1743,1,1,UNSATISFIABLE,UNSATISFIABLE,True,True,24,24,25,25,0.000652,0.000697,4.500000000000001e-05,True,True,True,True,True,
repeat=0|base=k5_color4|variant=perm_seed1744,0,k5_color4,perm_seed1744,1,1,UNSATISFIABLE,UNSATISFIABLE,True,True,28,28,26,26,0.000638,0.000732,9.400000000000001e-05,True,True,True,True,True,
repeat=0|base=k5_color4|variant=perm_seed1745,0,k5_color4,perm_seed1745,1,1,UNSATISFIABLE,UNSATISFIABLE,True,True,31,31,28,28,0.000655,0.000632,-2.3000000000000017e-05,True,True,True,True,True,
repeat=0|base=k5_color5|variant=base,0,k5_color5,base,1,1,SATISFIABLE,SATISFIABLE,True,True,12,12,0,0,0.000617,0.000671,5.400000000000001e-05,True,True,True,True,True,
repeat=0|base=k5_color5|variant=perm_seed1730,0,k5_color5,perm_seed1730,1,1,SATISFIABLE,SATISFIABLE,True,True,16,16,0,0,0.00065,0.000634,-1.5999999999999955e-05,True,True,True,True,True,
repeat=0|base=k5_color5|variant=perm_seed1731,0,k5_color5,perm_seed1731,1,1,SATISFIABLE,SATISFIABLE,True,True,17,17,0,0,0.000591,0.000609,1.7999999999999895e-05,True,True,True,True,True,
repeat=0|base=k5_color5|variant=perm_seed1732,0,k5_color5,perm_seed1732,1,1,SATISFIABLE,SATISFIABLE,True,True,14,14,0,0,0.000594,0.000665,7.099999999999999e-05,True,True,True,True,True,
repeat=0|base=k5_color5|variant=perm_seed1733,0,k5_color5,perm_seed1733,1,1,SATISFIABLE,SATISFIABLE,True,True,16,16,0,0,0.000793,0.0007,-9.299999999999998e-05,True,True,True,True,True,
repeat=0|base=k5_color5|variant=perm_seed1734,0,k5_color5,perm_seed1734,1,1,SATISFIABLE,SATISFIABLE,True,True,14,14,0,0,0.000661,0.000625,-3.600000000000001e-05,True,True,True,True,True,
repeat=0|base=k5_color5|variant=perm_seed1735,0,k5_color5,perm_seed1735,1,1,SATISFIABLE,SATISFIABLE,True,True,16,16,0,0,0.000704,0.000815,0.00011099999999999999,True,True,True,True,True,
repeat=0|base=k5_color5|variant=perm_seed1736,0,k5_color5,perm_seed1736,1,1,SATISFIABLE,SATISFIABLE,True,True,17,17,0,0,0.000642,0.000686,4.3999999999999985e-05,True,True,True,True,True,
repeat=0|base=k5_color5|variant=perm_seed1737,0,k5_color5,perm_seed1737,1,1,SATISFIABLE,SATISFIABLE,True,True,15,15,1,1,0.00064,0.000644,3.999999999999989e-06,True,True,True,True,True,
repeat=0|base=k5_color5|variant=perm_seed1738,0,k5_color5,perm_seed1738,1,1,SATISFIABLE,SATISFIABLE,True,True,18,18,0,0,0.000604,0.000603,-1.0000000000000243e-06,True,True,True,True,True,
repeat=0|base=k5_color5|variant=perm_seed1739,0,k5_color5,perm_seed1739,1,1,SATISFIABLE,SATISFIABLE,True,True,15,15,0,0,0.000591,0.000666,7.499999999999998e-05,True,True,True,True,True,
repeat=0|base=k5_color5|variant=perm_seed1740,0,k5_color5,perm_seed1740,1,1,SATISFIABLE,SATISFIABLE,True,True,17,17,1,1,0.00115,0.001024,-0.00012600000000000003,True,True,True,True,True,
repeat=0|base=k5_color5|variant=perm_seed1741,0,k5_color5,perm_seed1741,1,1,SATISFIABLE,SATISFIABLE,True,True,17,17,0,0,0.00104,0.001182,0.0001420000000000002,True,True,True,True,True,
repeat=0|base=k5_color5|variant=perm_seed1742,0,k5_color5,perm_seed1742,1,1,SATISFIABLE,SATISFIABLE,True,True,14,14,0,0,0.001041,0.00078,-0.00026100000000000006,True,True,True,True,True,
repeat=0|base=k5_color5|variant=perm_seed1743,0,k5_color5,perm_seed1743,1,1,SATISFIABLE,SATISFIABLE,True,True,15,15,0,0,0.000989,0.00069,-0.0002990000000000001,True,True,True,True,True,
repeat=0|base=k5_color5|variant=perm_seed1744,0,k5_color5,perm_seed1744,1,1,SATISFIABLE,SATISFIABLE,True,True,15,15,0,0,0.000643,0.000623,-2.0000000000000052e-05,True,True,True,True,True,
repeat=0|base=k5_color5|variant=perm_seed1745,0,k5_color5,perm_seed1745,1,1,SATISFIABLE,SATISFIABLE,True,True,17,17,0,0,0.000665,0.000646,-1.9000000000000028e-05,True,True,True,True,True,
repeat=0|base=k6_color5|variant=base,0,k6_color5,base,1,1,UNSATISFIABLE,UNSATISFIABLE,True,True,157,157,139,139,0.000789,0.000807,1.8000000000000004e-05,True,True,True,True,True,
repeat=0|base=k6_color5|variant=perm_seed1730,0,k6_color5,perm_seed1730,1,1,UNSATISFIABLE,UNSATISFIABLE,True,True,161,161,142,142,0.000809,0.000814,5.000000000000013e-06,True,True,True,True,True,
repeat=0|base=k6_color5|variant=perm_seed1731,0,k6_color5,perm_seed1731,1,1,UNSATISFIABLE,UNSATISFIABLE,True,True,160,160,141,141,0.000824,0.000831,7.000000000000062e-06,True,True,True,True,True,
repeat=0|base=k6_color5|variant=perm_seed1732,0,k6_color5,perm_seed1732,1,1,UNSATISFIABLE,UNSATISFIABLE,True,True,157,157,137,137,0.000868,0.000841,-2.7000000000000006e-05,True,True,True,True,True,
repeat=0|base=k6_color5|variant=perm_seed1733,0,k6_color5,perm_seed1733,1,1,UNSATISFIABLE,UNSATISFIABLE,True,True,158,158,142,142,0.000911,0.000833,-7.800000000000005e-05,True,True,True,True,True,
repeat=0|base=k6_color5|variant=perm_seed1734,0,k6_color5,perm_seed1734,1,1,UNSATISFIABLE,UNSATISFIABLE,True,True,171,171,146,146,0.000808,0.000827,1.9000000000000028e-05,True,True,True,True,True,
repeat=0|base=k6_color5|variant=perm_seed1735,0,k6_color5,perm_seed1735,1,1,UNSATISFIABLE,UNSATISFIABLE,True,True,174,174,155,155,0.000848,0.000834,-1.4000000000000015e-05,True,True,True,True,True,
repeat=0|base=k6_color5|variant=perm_seed1736,0,k6_color5,perm_seed1736,1,1,UNSATISFIABLE,UNSATISFIABLE,True,True,158,158,145,145,0.00083,0.000891,6.0999999999999965e-05,True,True,True,True,True,
repeat=0|base=k6_color5|variant=perm_seed1737,0,k6_color5,perm_seed1737,1,1,UNSATISFIABLE,UNSATISFIABLE,True,True,163,163,145,145,0.000848,0.000842,-6.000000000000037e-06,True,True,True,True,True,
repeat=0|base=k6_color5|variant=perm_seed1738,0,k6_color5,perm_seed1738,1,1,UNSATISFIABLE,UNSATISFIABLE,True,True,140,140,130,130,0.000804,0.000807,2.9999999999999645e-06,True,True,True,True,True,
repeat=0|base=k6_color5|variant=perm_seed1739,0,k6_color5,perm_seed1739,1,1,UNSATISFIABLE,UNSATISFIABLE,True,True,157,157,143,143,0.000805,0.00081,4.999999999999905e-06,True,True,True,True,True,
repeat=0|base=k6_color5|variant=perm_seed1740,0,k6_color5,perm_seed1740,1,1,UNSATISFIABLE,UNSATISFIABLE,True,True,163,163,138,138,0.000783,0.00081,2.7000000000000006e-05,True,True,True,True,True,
repeat=0|base=k6_color5|variant=perm_seed1741,0,k6_color5,perm_seed1741,1,1,UNSATISFIABLE,UNSATISFIABLE,True,True,158,158,140,140,0.000774,0.000812,3.8000000000000056e-05,True,True,True,True,True,
repeat=0|base=k6_color5|variant=perm_seed1742,0,k6_color5,perm_seed1742,1,1,UNSATISFIABLE,UNSATISFIABLE,True,True,155,155,137,137,0.000806,0.001169,0.00036299999999999993,True,True,True,True,True,
repeat=0|base=k6_color5|variant=perm_seed1743,0,k6_color5,perm_seed1743,1,1,UNSATISFIABLE,UNSATISFIABLE,True,True,147,147,135,135,0.000863,0.00085,-1.3000000000000099e-05,True,True,True,True,True,
repeat=0|base=k6_color5|variant=perm_seed1744,0,k6_color5,perm_seed1744,1,1,UNSATISFIABLE,UNSATISFIABLE,True,True,147,147,133,133,0.001172,0.000931,-0.0002410000000000001,True,True,True,True,True,
repeat=0|base=k6_color5|variant=perm_seed1745,0,k6_color5,perm_seed1745,1,1,UNSATISFIABLE,UNSATISFIABLE,True,True,156,156,137,137,0.000821,0.000883,6.199999999999999e-05,True,True,True,True,True,
repeat=0|base=k6_color6|variant=base,0,k6_color6,base,1,1,SATISFIABLE,SATISFIABLE,True,True,17,17,0,0,0.000794,0.000756,-3.799999999999995e-05,True,True,True,True,True,
repeat=0|base=k6_color6|variant=perm_seed1730,0,k6_color6,perm_seed1730,1,1,SATISFIABLE,SATISFIABLE,True,True,25,25,4,4,0.000789,0.000861,7.200000000000002e-05,True,True,True,True,True,
repeat=0|base=k6_color6|variant=perm_seed1731,0,k6_color6,perm_seed1731,1,1,SATISFIABLE,SATISFIABLE,True,True,22,22,0,0,0.000739,0.000767,2.800000000000003e-05,True,True,True,True,True,
repeat=0|base=k6_color6|variant=perm_seed1732,0,k6_color6,perm_seed1732,1,1,SATISFIABLE,SATISFIABLE,True,True,33,33,10,10,0.000772,0.001131,0.00035900000000000005,True,True,True,True,True,
repeat=0|base=k6_color6|variant=perm_seed1733,0,k6_color6,perm_seed1733,1,1,SATISFIABLE,SATISFIABLE,True,True,46,46,24,24,0.00077,0.000867,9.700000000000008e-05,True,True,True,True,True,
repeat=0|base=k6_color6|variant=perm_seed1734,0,k6_color6,perm_seed1734,1,1,SATISFIABLE,SATISFIABLE,True,True,26,26,1,1,0.000761,0.000731,-2.999999999999997e-05,True,True,True,True,True,
repeat=0|base=k6_color6|variant=perm_seed1735,0,k6_color6,perm_seed1735,1,1,SATISFIABLE,SATISFIABLE,True,True,25,25,0,0,0.000687,0.000728,4.100000000000002e-05,True,True,True,True,True,
repeat=0|base=k6_color6|variant=perm_seed1736,0,k6_color6,perm_seed1736,1,1,SATISFIABLE,SATISFIABLE,True,True,23,23,0,0,0.000776,0.000874,9.8e-05,True,True,True,True,True,
repeat=0|base=k6_color6|variant=perm_seed1737,0,k6_color6,perm_seed1737,1,1,SATISFIABLE,SATISFIABLE,True,True,25,25,0,0,0.000771,0.000735,-3.600000000000001e-05,True,True,True,True,True,
repeat=0|base=k6_color6|variant=perm_seed1738,0,k6_color6,perm_seed1738,1,1,SATISFIABLE,SATISFIABLE,True,True,28,28,1,1,0.000776,0.000749,-2.7000000000000006e-05,True,True,True,True,True,
repeat=0|base=k6_color6|variant=perm_seed1739,0,k6_color6,perm_seed1739,1,1,SATISFIABLE,SATISFIABLE,True,True,23,23,1,1,0.00083,0.000755,-7.499999999999998e-05,True,True,True,True,True,
repeat=0|base=k6_color6|variant=perm_seed1740,0,k6_color6,perm_seed1740,1,1,SATISFIABLE,SATISFIABLE,True,True,27,27,1,1,0.000725,0.000764,3.900000000000008e-05,True,True,True,True,True,
repeat=0|base=k6_color6|variant=perm_seed1741,0,k6_color6,perm_seed1741,1,1,SATISFIABLE,SATISFIABLE,True,True,23,23,0,0,0.000701,0.000689,-1.1999999999999966e-05,True,True,True,True,True,
repeat=0|base=k6_color6|variant=perm_seed1742,0,k6_color6,perm_seed1742,1,1,SATISFIABLE,SATISFIABLE,True,True,30,30,2,2,0.000815,0.000662,-0.00015299999999999992,True,True,True,True,True,
repeat=0|base=k6_color6|variant=perm_seed1743,0,k6_color6,perm_seed1743,1,1,SATISFIABLE,SATISFIABLE,True,True,22,22,1,1,0.000668,0.000703,3.499999999999998e-05,True,True,True,True,True,
repeat=0|base=k6_color6|variant=perm_seed1744,0,k6_color6,perm_seed1744,1,1,SATISFIABLE,SATISFIABLE,True,True,27,27,0,0,0.000641,0.000671,3.000000000000008e-05,True,True,True,True,True,
repeat=0|base=k6_color6|variant=perm_seed1745,0,k6_color6,perm_seed1745,1,1,SATISFIABLE,SATISFIABLE,True,True,23,23,0,0,0.000688,0.00067,-1.8000000000000004e-05,True,True,True,True,True,
repeat=0|base=k7_color6|variant=base,0,k7_color6,base,1,1,UNSATISFIABLE,UNSATISFIABLE,True,True,970,970,845,845,0.00214,0.002177,3.700000000000014e-05,True,True,True,True,True,
repeat=0|base=k7_color6|variant=perm_seed1730,0,k7_color6,perm_seed1730,1,1,UNSATISFIABLE,UNSATISFIABLE,True,True,913,913,812,812,0.002199,0.002257,5.799999999999989e-05,True,True,True,True,True,
repeat=0|base=k7_color6|variant=perm_seed1731,0,k7_color6,perm_seed1731,1,1,UNSATISFIABLE,UNSATISFIABLE,True,True,1013,1013,877,877,0.001991,0.002009,1.7999999999999787e-05,True,True,True,True,True,
repeat=0|base=k7_color6|variant=perm_seed1732,0,k7_color6,perm_seed1732,1,1,UNSATISFIABLE,UNSATISFIABLE,True,True,949,949,839,839,0.002022,0.002062,4.0000000000000105e-05,True,True,True,True,True,
repeat=0|base=k7_color6|variant=perm_seed1733,0,k7_color6,perm_seed1733,1,1,UNSATISFIABLE,UNSATISFIABLE,True,True,937,937,837,837,0.002088,0.002114,2.599999999999998e-05,True,True,True,True,True,
repeat=0|base=k7_color6|variant=perm_seed1734,0,k7_color6,perm_seed1734,1,1,UNSATISFIABLE,UNSATISFIABLE,True,True,893,893,821,821,0.002223,0.002263,3.999999999999967e-05,True,True,True,True,True,
repeat=0|base=k7_color6|variant=perm_seed1735,0,k7_color6,perm_seed1735,1,1,UNSATISFIABLE,UNSATISFIABLE,True,True,967,967,866,866,0.002224,0.002266,4.199999999999994e-05,True,True,True,True,True,
repeat=0|base=k7_color6|variant=perm_seed1736,0,k7_color6,perm_seed1736,1,1,UNSATISFIABLE,UNSATISFIABLE,True,True,891,891,832,832,0.002278,0.002288,1.0000000000000026e-05,True,True,True,True,True,
repeat=0|base=k7_color6|variant=perm_seed1737,0,k7_color6,perm_seed1737,1,1,UNSATISFIABLE,UNSATISFIABLE,True,True,935,935,832,832,0.002278,0.00225,-2.8000000000000247e-05,True,True,True,True,True,
repeat=0|base=k7_color6|variant=perm_seed1738,0,k7_color6,perm_seed1738,1,1,UNSATISFIABLE,UNSATISFIABLE,True,True,959,959,852,852,0.002244,0.002399,0.0001550000000000002,True,True,True,True,True,
repeat=0|base=k7_color6|variant=perm_seed1739,0,k7_color6,perm_seed1739,1,1,UNSATISFIABLE,UNSATISFIABLE,True,True,889,889,813,813,0.002291,0.002564,0.0002729999999999998,True,True,True,True,True,
repeat=0|base=k7_color6|variant=perm_seed1740,0,k7_color6,perm_seed1740,1,1,UNSATISFIABLE,UNSATISFIABLE,True,True,938,938,850,850,0.002591,0.002419,-0.00017199999999999984,True,True,True,True,True,
repeat=0|base=k7_color6|variant=perm_seed1741,0,k7_color6,perm_seed1741,1,1,UNSATISFIABLE,UNSATISFIABLE,True,True,998,998,873,873,0.00244,0.002457,1.7000000000000088e-05,True,True,True,True,True,
repeat=0|base=k7_color6|variant=perm_seed1742,0,k7_color6,perm_seed1742,1,1,UNSATISFIABLE,UNSATISFIABLE,True,True,975,975,865,865,0.002608,0.002187,-0.00042099999999999993,True,True,True,True,True,
repeat=0|base=k7_color6|variant=perm_seed1743,0,k7_color6,perm_seed1743,1,1,UNSATISFIABLE,UNSATISFIABLE,True,True,971,971,852,852,0.002239,0.002397,0.00015799999999999972,True,True,True,True,True,
repeat=0|base=k7_color6|variant=perm_seed1744,0,k7_color6,perm_seed1744,1,1,UNSATISFIABLE,UNSATISFIABLE,True,True,912,912,833,833,0.002199,0.002191,-8.000000000000194e-06,True,True,True,True,True,
repeat=0|base=k7_color6|variant=perm_seed1745,0,k7_color6,perm_seed1745,1,1,UNSATISFIABLE,UNSATISFIABLE,True,True,967,967,854,854,0.002222,0.002137,-8.5e-05,True,True,True,True,True,
repeat=0|base=k7_color7|variant=base,0,k7_color7,base,1,1,SATISFIABLE,SATISFIABLE,True,True,23,23,0,0,0.000722,0.000738,1.6000000000000064e-05,True,True,True,True,True,
repeat=0|base=k7_color7|variant=perm_seed1730,0,k7_color7,perm_seed1730,1,1,SATISFIABLE,SATISFIABLE,True,True,35,35,1,1,0.000718,0.00071,-7.999999999999978e-06,True,True,True,True,True,
repeat=0|base=k7_color7|variant=perm_seed1731,0,k7_color7,perm_seed1731,1,1,SATISFIABLE,SATISFIABLE,True,True,36,36,0,0,0.000751,0.000721,-3.000000000000008e-05,True,True,True,True,True,
repeat=0|base=k7_color7|variant=perm_seed1732,0,k7_color7,perm_seed1732,1,1,SATISFIABLE,SATISFIABLE,True,True,30,30,0,0,0.000679,0.000722,4.299999999999996e-05,True,True,True,True,True,
repeat=0|base=k7_color7|variant=perm_seed1733,0,k7_color7,perm_seed1733,1,1,SATISFIABLE,SATISFIABLE,True,True,39,39,0,0,0.000702,0.000702,0.0,True,True,True,True,True,
repeat=0|base=k7_color7|variant=perm_seed1734,0,k7_color7,perm_seed1734,1,1,SATISFIABLE,SATISFIABLE,True,True,38,38,0,0,0.000696,0.000727,3.0999999999999995e-05,True,True,True,True,True,
repeat=0|base=k7_color7|variant=perm_seed1735,0,k7_color7,perm_seed1735,1,1,SATISFIABLE,SATISFIABLE,True,True,43,43,14,14,0.000818,0.000779,-3.900000000000008e-05,True,True,True,True,True,
repeat=0|base=k7_color7|variant=perm_seed1736,0,k7_color7,perm_seed1736,1,1,SATISFIABLE,SATISFIABLE,True,True,38,38,5,5,0.000726,0.000704,-2.1999999999999993e-05,True,True,True,True,True,
repeat=0|base=k7_color7|variant=perm_seed1737,0,k7_color7,perm_seed1737,1,1,SATISFIABLE,SATISFIABLE,True,True,32,32,0,0,0.000695,0.000746,5.100000000000005e-05,True,True,True,True,True,
repeat=0|base=k7_color7|variant=perm_seed1738,0,k7_color7,perm_seed1738,1,1,SATISFIABLE,SATISFIABLE,True,True,33,33,0,0,0.00069,0.000709,1.9000000000000028e-05,True,True,True,True,True,
repeat=0|base=k7_color7|variant=perm_seed1739,0,k7_color7,perm_seed1739,1,1,SATISFIABLE,SATISFIABLE,True,True,36,36,0,0,0.000838,0.000731,-0.000107,True,True,True,True,True,
repeat=0|base=k7_color7|variant=perm_seed1740,0,k7_color7,perm_seed1740,1,1,SATISFIABLE,SATISFIABLE,True,True,32,32,0,0,0.0008,0.000729,-7.099999999999999e-05,True,True,True,True,True,
repeat=0|base=k7_color7|variant=perm_seed1741,0,k7_color7,perm_seed1741,1,1,SATISFIABLE,SATISFIABLE,True,True,36,36,1,1,0.001209,0.000808,-0.000401,True,True,True,True,True,
repeat=0|base=k7_color7|variant=perm_seed1742,0,k7_color7,perm_seed1742,1,1,SATISFIABLE,SATISFIABLE,True,True,39,39,3,3,0.000721,0.000705,-1.5999999999999955e-05,True,True,True,True,True,
repeat=0|base=k7_color7|variant=perm_seed1743,0,k7_color7,perm_seed1743,1,1,SATISFIABLE,SATISFIABLE,True,True,43,43,9,9,0.000844,0.000868,2.3999999999999933e-05,True,True,True,True,True,
repeat=0|base=k7_color7|variant=perm_seed1744,0,k7_color7,perm_seed1744,1,1,SATISFIABLE,SATISFIABLE,True,True,38,38,0,0,0.000742,0.000735,-7.000000000000062e-06,True,True,True,True,True,
repeat=0|base=k7_color7|variant=perm_seed1745,0,k7_color7,perm_seed1745,1,1,SATISFIABLE,SATISFIABLE,True,True,35,35,2,2,0.000761,0.000759,-1.99999999999994e-06,True,True,True,True,True,
repeat=0|base=k8_color7|variant=base,0,k8_color7,base,1,1,UNSATISFIABLE,UNSATISFIABLE,True,True,6158,6158,5600,5600,0.019672,0.019789,0.00011700000000000252,True,True,True,True,True,
repeat=0|base=k8_color7|variant=perm_seed1730,0,k8_color7,perm_seed1730,1,1,UNSATISFIABLE,UNSATISFIABLE,True,True,6138,6138,5624,5624,0.01863,0.018659,2.8999999999997778e-05,True,True,True,True,True,
repeat=0|base=k8_color7|variant=perm_seed1731,0,k8_color7,perm_seed1731,1,1,UNSATISFIABLE,UNSATISFIABLE,True,True,5800,5800,5271,5271,0.014446,0.01812,0.003674,True,True,True,True,True,
repeat=0|base=k8_color7|variant=perm_seed1732,0,k8_color7,perm_seed1732,1,1,UNSATISFIABLE,UNSATISFIABLE,True,True,5924,5924,5469,5469,0.018337,0.017995,-0.00034199999999999856,True,True,True,True,True,
repeat=0|base=k8_color7|variant=perm_seed1733,0,k8_color7,perm_seed1733,1,1,UNSATISFIABLE,UNSATISFIABLE,True,True,5998,5998,5468,5468,0.016504,0.016314,-0.00019000000000000267,True,True,True,True,True,
repeat=0|base=k8_color7|variant=perm_seed1734,0,k8_color7,perm_seed1734,1,1,UNSATISFIABLE,UNSATISFIABLE,True,True,6065,6065,5514,5514,0.016762,0.016301,-0.0004609999999999996,True,True,True,True,True,
repeat=0|base=k8_color7|variant=perm_seed1735,0,k8_color7,perm_seed1735,1,1,UNSATISFIABLE,UNSATISFIABLE,True,True,6386,6386,5811,5811,0.016681,0.016315,-0.00036600000000000174,True,True,True,True,True,
repeat=0|base=k8_color7|variant=perm_seed1736,0,k8_color7,perm_seed1736,1,1,UNSATISFIABLE,UNSATISFIABLE,True,True,6265,6265,5729,5729,0.017792,0.017481,-0.0003109999999999988,True,True,True,True,True,
repeat=0|base=k8_color7|variant=perm_seed1737,0,k8_color7,perm_seed1737,1,1,UNSATISFIABLE,UNSATISFIABLE,True,True,5646,5646,5224,5224,0.016632,0.016591,-4.099999999999937e-05,True,True,True,True,True,
repeat=0|base=k8_color7|variant=perm_seed1738,0,k8_color7,perm_seed1738,1,1,UNSATISFIABLE,UNSATISFIABLE,True,True,5875,5875,5336,5336,0.016282,0.016186,-9.600000000000233e-05,True,True,True,True,True,
repeat=0|base=k8_color7|variant=perm_seed1739,0,k8_color7,perm_seed1739,1,1,UNSATISFIABLE,UNSATISFIABLE,True,True,6199,6199,5714,5714,0.019294,0.01969,0.0003960000000000005,True,True,True,True,True,
repeat=0|base=k8_color7|variant=perm_seed1740,0,k8_color7,perm_seed1740,1,1,UNSATISFIABLE,UNSATISFIABLE,True,True,5664,5664,5199,5199,0.017028,0.016828,-0.00020000000000000226,True,True,True,True,True,
repeat=0|base=k8_color7|variant=perm_seed1741,0,k8_color7,perm_seed1741,1,1,UNSATISFIABLE,UNSATISFIABLE,True,True,6125,6125,5545,5545,0.019039,0.018519,-0.0005199999999999996,True,True,True,True,True,
repeat=0|base=k8_color7|variant=perm_seed1742,0,k8_color7,perm_seed1742,1,1,UNSATISFIABLE,UNSATISFIABLE,True,True,5850,5850,5407,5407,0.018519,0.017903,-0.000616000000000002,True,True,True,True,True,
repeat=0|base=k8_color7|variant=perm_seed1743,0,k8_color7,perm_seed1743,1,1,UNSATISFIABLE,UNSATISFIABLE,True,True,6238,6238,5695,5695,0.018047,0.01818,0.00013300000000000117,True,True,True,True,True,
repeat=0|base=k8_color7|variant=perm_seed1744,0,k8_color7,perm_seed1744,1,1,UNSATISFIABLE,UNSATISFIABLE,True,True,6140,6140,5609,5609,0.017807,0.017122,-0.0006850000000000016,True,True,True,True,True,
repeat=0|base=k8_color7|variant=perm_seed1745,0,k8_color7,perm_seed1745,1,1,UNSATISFIABLE,UNSATISFIABLE,True,True,5774,5774,5262,5262,0.018556,0.01832,-0.0002360000000000001,True,True,True,True,True,
repeat=0|base=k9_color8|variant=base,0,k9_color8,base,1,1,UNSATISFIABLE,UNSATISFIABLE,True,True,46557,46557,43529,43529,0.262093,0.258297,-0.0037960000000000216,True,True,True,True,True,
repeat=0|base=k9_color8|variant=perm_seed1730,0,k9_color8,perm_seed1730,1,1,UNSATISFIABLE,UNSATISFIABLE,True,True,39708,39708,36681,36681,0.180388,0.177446,-0.002942,True,True,True,True,True,
repeat=0|base=k9_color8|variant=perm_seed1731,0,k9_color8,perm_seed1731,1,1,UNSATISFIABLE,UNSATISFIABLE,True,True,47177,47177,43763,43763,0.233856,0.231023,-0.002833000000000002,True,True,True,True,True,
repeat=0|base=php_exit_all_p10_h9|variant=base,0,php_exit_all_p10_h9,base,1,1,SATISFIABLE,SATISFIABLE,True,True,47,47,0,0,0.001091,0.001052,-3.899999999999997e-05,True,True,True,True,True,
repeat=0|base=php_exit_all_p10_h9|variant=perm_seed1730,0,php_exit_all_p10_h9,perm_seed1730,1,1,SATISFIABLE,SATISFIABLE,True,True,82,82,5,5,0.001037,0.001011,-2.599999999999998e-05,True,True,True,True,True,
repeat=0|base=php_exit_all_p10_h9|variant=perm_seed1731,0,php_exit_all_p10_h9,perm_seed1731,1,1,SATISFIABLE,SATISFIABLE,True,True,70,70,1,1,0.000969,0.000997,2.800000000000003e-05,True,True,True,True,True,
repeat=0|base=php_exit_all_p10_h9|variant=perm_seed1732,0,php_exit_all_p10_h9,perm_seed1732,1,1,SATISFIABLE,SATISFIABLE,True,True,77,77,2,2,0.000956,0.00098,2.3999999999999933e-05,True,True,True,True,True,
repeat=0|base=php_exit_all_p10_h9|variant=perm_seed1733,0,php_exit_all_p10_h9,perm_seed1733,1,1,SATISFIABLE,SATISFIABLE,True,True,75,75,1,1,0.000946,0.000969,2.3000000000000017e-05,True,True,True,True,True,
repeat=0|base=php_exit_all_p10_h9|variant=perm_seed1734,0,php_exit_all_p10_h9,perm_seed1734,1,1,SATISFIABLE,SATISFIABLE,True,True,77,77,7,7,0.000997,0.001,2.9999999999999645e-06,True,True,True,True,True,
repeat=0|base=php_exit_all_p10_h9|variant=perm_seed1735,0,php_exit_all_p10_h9,perm_seed1735,1,1,SATISFIABLE,SATISFIABLE,True,True,91,91,17,17,0.000954,0.000987,3.300000000000004e-05,True,True,True,True,True,
repeat=0|base=php_exit_all_p10_h9|variant=perm_seed1736,0,php_exit_all_p10_h9,perm_seed1736,1,1,SATISFIABLE,SATISFIABLE,True,True,71,71,1,1,0.000945,0.001001,5.599999999999995e-05,True,True,True,True,True,
repeat=0|base=php_exit_all_p10_h9|variant=perm_seed1737,0,php_exit_all_p10_h9,perm_seed1737,1,1,SATISFIABLE,SATISFIABLE,True,True,79,79,1,1,0.000979,0.000945,-3.400000000000007e-05,True,True,True,True,True,
repeat=0|base=php_exit_all_p10_h9|variant=perm_seed1738,0,php_exit_all_p10_h9,perm_seed1738,1,1,SATISFIABLE,SATISFIABLE,True,True,144,144,62,62,0.001108,0.001238,0.0001299999999999999,True,True,True,True,True,
repeat=0|base=php_exit_all_p10_h9|variant=perm_seed1739,0,php_exit_all_p10_h9,perm_seed1739,1,1,SATISFIABLE,SATISFIABLE,True,True,71,71,1,1,0.000986,0.001106,0.0001200000000000001,True,True,True,True,True,
repeat=0|base=php_exit_all_p10_h9|variant=perm_seed1740,0,php_exit_all_p10_h9,perm_seed1740,1,1,SATISFIABLE,SATISFIABLE,True,True,64,64,0,0,0.001163,0.000967,-0.000196,True,True,True,True,True,
repeat=0|base=php_exit_all_p10_h9|variant=perm_seed1741,0,php_exit_all_p10_h9,perm_seed1741,1,1,SATISFIABLE,SATISFIABLE,True,True,69,69,0,0,0.000975,0.000995,2.0000000000000052e-05,True,True,True,True,True,
repeat=0|base=php_exit_all_p10_h9|variant=perm_seed1742,0,php_exit_all_p10_h9,perm_seed1742,1,1,SATISFIABLE,SATISFIABLE,True,True,89,89,17,17,0.000985,0.001081,9.599999999999995e-05,True,True,True,True,True,
repeat=0|base=php_exit_all_p10_h9|variant=perm_seed1743,0,php_exit_all_p10_h9,perm_seed1743,1,1,SATISFIABLE,SATISFIABLE,True,True,211,211,131,131,0.001344,0.001266,-7.799999999999994e-05,True,True,True,True,True,
repeat=0|base=php_exit_all_p10_h9|variant=perm_seed1744,0,php_exit_all_p10_h9,perm_seed1744,1,1,SATISFIABLE,SATISFIABLE,True,True,123,123,48,48,0.00108,0.001076,-4.000000000000097e-06,True,True,True,True,True,
repeat=0|base=php_exit_all_p10_h9|variant=perm_seed1745,0,php_exit_all_p10_h9,perm_seed1745,1,1,SATISFIABLE,SATISFIABLE,True,True,146,146,71,71,0.001188,0.001137,-5.100000000000005e-05,True,True,True,True,True,
repeat=0|base=php_exit_all_p5_h4|variant=base,0,php_exit_all_p5_h4,base,1,1,SATISFIABLE,SATISFIABLE,True,True,12,12,0,0,0.000649,0.000662,1.3000000000000099e-05,True,True,True,True,True,
repeat=0|base=php_exit_all_p5_h4|variant=perm_seed1730,0,php_exit_all_p5_h4,perm_seed1730,1,1,SATISFIABLE,SATISFIABLE,True,True,12,12,0,0,0.000635,0.000619,-1.6000000000000064e-05,True,True,True,True,True,
repeat=0|base=php_exit_all_p5_h4|variant=perm_seed1731,0,php_exit_all_p5_h4,perm_seed1731,1,1,SATISFIABLE,SATISFIABLE,True,True,16,16,1,1,0.000608,0.000602,-6.000000000000037e-06,True,True,True,True,True,
repeat=0|base=php_exit_all_p6_h5|variant=base,0,php_exit_all_p6_h5,base,1,1,SATISFIABLE,SATISFIABLE,True,True,17,17,0,0,0.000666,0.000625,-4.100000000000002e-05,True,True,True,True,True,
repeat=0|base=php_exit_all_p6_h5|variant=perm_seed1730,0,php_exit_all_p6_h5,perm_seed1730,1,1,SATISFIABLE,SATISFIABLE,True,True,23,23,0,0,0.000731,0.000694,-3.700000000000003e-05,True,True,True,True,True,
repeat=0|base=php_exit_all_p6_h5|variant=perm_seed1731,0,php_exit_all_p6_h5,perm_seed1731,1,1,SATISFIABLE,SATISFIABLE,True,True,21,21,0,0,0.000721,0.000791,7.000000000000008e-05,True,True,True,True,True,
repeat=0|base=php_exit_all_p6_h5|variant=perm_seed1732,0,php_exit_all_p6_h5,perm_seed1732,1,1,SATISFIABLE,SATISFIABLE,True,True,26,26,3,3,0.000757,0.00067,-8.699999999999995e-05,True,True,True,True,True,
repeat=0|base=php_exit_all_p6_h5|variant=perm_seed1733,0,php_exit_all_p6_h5,perm_seed1733,1,1,SATISFIABLE,SATISFIABLE,True,True,22,22,0,0,0.000648,0.000653,5.000000000000013e-06,True,True,True,True,True,
repeat=0|base=php_exit_all_p6_h5|variant=perm_seed1734,0,php_exit_all_p6_h5,perm_seed1734,1,1,SATISFIABLE,SATISFIABLE,True,True,21,21,1,1,0.000666,0.000703,3.6999999999999924e-05,True,True,True,True,True,
repeat=0|base=php_exit_all_p6_h5|variant=perm_seed1735,0,php_exit_all_p6_h5,perm_seed1735,1,1,SATISFIABLE,SATISFIABLE,True,True,24,24,1,1,0.000631,0.000637,5.999999999999929e-06,True,True,True,True,True,
repeat=0|base=php_exit_all_p6_h5|variant=perm_seed1736,0,php_exit_all_p6_h5,perm_seed1736,1,1,SATISFIABLE,SATISFIABLE,True,True,26,26,2,2,0.000618,0.000681,6.300000000000001e-05,True,True,True,True,True,
repeat=0|base=php_exit_all_p6_h5|variant=perm_seed1737,0,php_exit_all_p6_h5,perm_seed1737,1,1,SATISFIABLE,SATISFIABLE,True,True,21,21,0,0,0.000626,0.000636,9.999999999999918e-06,True,True,True,True,True,
repeat=0|base=php_exit_all_p6_h5|variant=perm_seed1738,0,php_exit_all_p6_h5,perm_seed1738,1,1,SATISFIABLE,SATISFIABLE,True,True,22,22,2,2,0.000609,0.000656,4.700000000000006e-05,True,True,True,True,True,
repeat=0|base=php_exit_all_p6_h5|variant=perm_seed1739,0,php_exit_all_p6_h5,perm_seed1739,1,1,SATISFIABLE,SATISFIABLE,True,True,21,21,0,0,0.000609,0.000621,1.2000000000000075e-05,True,True,True,True,True,
repeat=0|base=php_exit_all_p6_h5|variant=perm_seed1740,0,php_exit_all_p6_h5,perm_seed1740,1,1,SATISFIABLE,SATISFIABLE,True,True,21,21,0,0,0.000625,0.000632,6.999999999999953e-06,True,True,True,True,True,
repeat=0|base=php_exit_all_p6_h5|variant=perm_seed1741,0,php_exit_all_p6_h5,perm_seed1741,1,1,SATISFIABLE,SATISFIABLE,True,True,25,25,3,3,0.000622,0.000615,-7.000000000000062e-06,True,True,True,True,True,
repeat=0|base=php_exit_all_p6_h5|variant=perm_seed1742,0,php_exit_all_p6_h5,perm_seed1742,1,1,SATISFIABLE,SATISFIABLE,True,True,25,25,1,1,0.000671,0.000651,-2.0000000000000052e-05,True,True,True,True,True,
repeat=0|base=php_exit_all_p6_h5|variant=perm_seed1743,0,php_exit_all_p6_h5,perm_seed1743,1,1,SATISFIABLE,SATISFIABLE,True,True,61,61,37,37,0.000732,0.000741,9.000000000000002e-06,True,True,True,True,True,
repeat=0|base=php_exit_all_p6_h5|variant=perm_seed1744,0,php_exit_all_p6_h5,perm_seed1744,1,1,SATISFIABLE,SATISFIABLE,True,True,22,22,0,0,0.000649,0.000652,3.000000000000073e-06,True,True,True,True,True,
repeat=0|base=php_exit_all_p6_h5|variant=perm_seed1745,0,php_exit_all_p6_h5,perm_seed1745,1,1,SATISFIABLE,SATISFIABLE,True,True,20,20,0,0,0.000633,0.000673,3.9999999999999996e-05,True,True,True,True,True,
repeat=0|base=php_exit_all_p7_h6|variant=base,0,php_exit_all_p7_h6,base,1,1,SATISFIABLE,SATISFIABLE,True,True,23,23,0,0,0.000662,0.000699,3.6999999999999924e-05,True,True,True,True,True,
repeat=0|base=php_exit_all_p7_h6|variant=perm_seed1730,0,php_exit_all_p7_h6,perm_seed1730,1,1,SATISFIABLE,SATISFIABLE,True,True,39,39,12,12,0.00074,0.000705,-3.499999999999998e-05,True,True,True,True,True,
repeat=0|base=php_exit_all_p7_h6|variant=perm_seed1731,0,php_exit_all_p7_h6,perm_seed1731,1,1,SATISFIABLE,SATISFIABLE,True,True,37,37,2,2,0.000677,0.000706,2.9000000000000054e-05,True,True,True,True,True,
repeat=0|base=php_exit_all_p7_h6|variant=perm_seed1732,0,php_exit_all_p7_h6,perm_seed1732,1,1,SATISFIABLE,SATISFIABLE,True,True,41,41,8,8,0.000677,0.000692,1.500000000000004e-05,True,True,True,True,True,
repeat=0|base=php_exit_all_p7_h6|variant=perm_seed1733,0,php_exit_all_p7_h6,perm_seed1733,1,1,SATISFIABLE,SATISFIABLE,True,True,35,35,1,1,0.000727,0.000728,1.0000000000000243e-06,True,True,True,True,True,
repeat=0|base=php_exit_all_p7_h6|variant=perm_seed1734,0,php_exit_all_p7_h6,perm_seed1734,1,1,SATISFIABLE,SATISFIABLE,True,True,41,41,6,6,0.000647,0.000715,6.800000000000003e-05,True,True,True,True,True,
repeat=0|base=php_exit_all_p7_h6|variant=perm_seed1735,0,php_exit_all_p7_h6,perm_seed1735,1,1,SATISFIABLE,SATISFIABLE,True,True,32,32,0,0,0.000715,0.00075,3.499999999999998e-05,True,True,True,True,True,
repeat=0|base=php_exit_all_p7_h6|variant=perm_seed1736,0,php_exit_all_p7_h6,perm_seed1736,1,1,SATISFIABLE,SATISFIABLE,True,True,33,33,1,1,0.000699,0.000926,0.000227,True,True,True,True,True,
repeat=0|base=php_exit_all_p7_h6|variant=perm_seed1737,0,php_exit_all_p7_h6,perm_seed1737,1,1,SATISFIABLE,SATISFIABLE,True,True,37,37,1,1,0.000688,0.000736,4.7999999999999974e-05,True,True,True,True,True,
repeat=0|base=php_exit_all_p7_h6|variant=perm_seed1738,0,php_exit_all_p7_h6,perm_seed1738,1,1,SATISFIABLE,SATISFIABLE,True,True,66,66,41,41,0.000818,0.000787,-3.0999999999999995e-05,True,True,True,True,True,
repeat=0|base=php_exit_all_p7_h6|variant=perm_seed1739,0,php_exit_all_p7_h6,perm_seed1739,1,1,SATISFIABLE,SATISFIABLE,True,True,34,34,1,1,0.000757,0.000719,-3.799999999999995e-05,True,True,True,True,True,
repeat=0|base=php_exit_all_p7_h6|variant=perm_seed1740,0,php_exit_all_p7_h6,perm_seed1740,1,1,SATISFIABLE,SATISFIABLE,True,True,29,29,0,0,0.000889,0.000677,-0.00021200000000000006,True,True,True,True,True,
repeat=0|base=php_exit_all_p7_h6|variant=perm_seed1741,0,php_exit_all_p7_h6,perm_seed1741,1,1,SATISFIABLE,SATISFIABLE,True,True,32,32,0,0,0.000691,0.000723,3.200000000000002e-05,True,True,True,True,True,
repeat=0|base=php_exit_all_p7_h6|variant=perm_seed1742,0,php_exit_all_p7_h6,perm_seed1742,1,1,SATISFIABLE,SATISFIABLE,True,True,35,35,3,3,0.000733,0.000814,8.100000000000002e-05,True,True,True,True,True,
repeat=0|base=php_exit_all_p7_h6|variant=perm_seed1743,0,php_exit_all_p7_h6,perm_seed1743,1,1,SATISFIABLE,SATISFIABLE,True,True,33,33,0,0,0.00066,0.000706,4.6000000000000034e-05,True,True,True,True,True,
repeat=0|base=php_exit_all_p7_h6|variant=perm_seed1744,0,php_exit_all_p7_h6,perm_seed1744,1,1,SATISFIABLE,SATISFIABLE,True,True,36,36,4,4,0.000715,0.000711,-3.999999999999989e-06,True,True,True,True,True,
repeat=0|base=php_exit_all_p7_h6|variant=perm_seed1745,0,php_exit_all_p7_h6,perm_seed1745,1,1,SATISFIABLE,SATISFIABLE,True,True,29,29,0,0,0.000706,0.000704,-2.0000000000000486e-06,True,True,True,True,True,
repeat=0|base=php_exit_all_p8_h7|variant=base,0,php_exit_all_p8_h7,base,1,1,SATISFIABLE,SATISFIABLE,True,True,30,30,0,0,0.000728,0.000759,3.0999999999999995e-05,True,True,True,True,True,
repeat=0|base=php_exit_all_p8_h7|variant=perm_seed1730,0,php_exit_all_p8_h7,perm_seed1730,1,1,SATISFIABLE,SATISFIABLE,True,True,39,39,0,0,0.000737,0.000832,9.499999999999992e-05,True,True,True,True,True,
repeat=0|base=php_exit_all_p8_h7|variant=perm_seed1731,0,php_exit_all_p8_h7,perm_seed1731,1,1,SATISFIABLE,SATISFIABLE,True,True,56,56,7,7,0.000774,0.000857,8.300000000000007e-05,True,True,True,True,True,
repeat=0|base=php_exit_all_p8_h7|variant=perm_seed1732,0,php_exit_all_p8_h7,perm_seed1732,1,1,SATISFIABLE,SATISFIABLE,True,True,38,38,0,0,0.000793,0.000788,-5.000000000000013e-06,True,True,True,True,True,
repeat=0|base=php_exit_all_p8_h7|variant=perm_seed1733,0,php_exit_all_p8_h7,perm_seed1733,1,1,SATISFIABLE,SATISFIABLE,True,True,44,44,3,3,0.000777,0.000793,1.5999999999999955e-05,True,True,True,True,True,
repeat=0|base=php_exit_all_p8_h7|variant=perm_seed1734,0,php_exit_all_p8_h7,perm_seed1734,1,1,SATISFIABLE,SATISFIABLE,True,True,37,37,1,1,0.00073,0.000822,9.200000000000007e-05,True,True,True,True,True,
repeat=0|base=php_exit_all_p8_h7|variant=perm_seed1735,0,php_exit_all_p8_h7,perm_seed1735,1,1,SATISFIABLE,SATISFIABLE,True,True,65,65,23,23,0.00081,0.000798,-1.1999999999999966e-05,True,True,True,True,True,
repeat=0|base=php_exit_all_p8_h7|variant=perm_seed1736,0,php_exit_all_p8_h7,perm_seed1736,1,1,SATISFIABLE,SATISFIABLE,True,True,42,42,0,0,0.000786,0.000764,-2.1999999999999993e-05,True,True,True,True,True,
repeat=0|base=php_exit_all_p8_h7|variant=perm_seed1737,0,php_exit_all_p8_h7,perm_seed1737,1,1,SATISFIABLE,SATISFIABLE,True,True,46,46,1,1,0.00085,0.000812,-3.799999999999995e-05,True,True,True,True,True,
repeat=0|base=php_exit_all_p8_h7|variant=perm_seed1738,0,php_exit_all_p8_h7,perm_seed1738,1,1,SATISFIABLE,SATISFIABLE,True,True,44,44,3,3,0.000758,0.000793,3.499999999999998e-05,True,True,True,True,True,
repeat=0|base=php_exit_all_p8_h7|variant=perm_seed1739,0,php_exit_all_p8_h7,perm_seed1739,1,1,SATISFIABLE,SATISFIABLE,True,True,95,95,60,60,0.000867,0.000869,1.99999999999994e-06,True,True,True,True,True,
repeat=0|base=php_exit_all_p8_h7|variant=perm_seed1740,0,php_exit_all_p8_h7,perm_seed1740,1,1,SATISFIABLE,SATISFIABLE,True,True,47,47,1,1,0.000785,0.000782,-2.9999999999999645e-06,True,True,True,True,True,
repeat=0|base=php_exit_all_p8_h7|variant=perm_seed1741,0,php_exit_all_p8_h7,perm_seed1741,1,1,SATISFIABLE,SATISFIABLE,True,True,226,226,173,173,0.001062,0.001102,3.999999999999989e-05,True,True,True,True,True,
repeat=0|base=php_exit_all_p8_h7|variant=perm_seed1742,0,php_exit_all_p8_h7,perm_seed1742,1,1,SATISFIABLE,SATISFIABLE,True,True,49,49,1,1,0.000799,0.000773,-2.599999999999998e-05,True,True,True,True,True,
repeat=0|base=php_exit_all_p8_h7|variant=perm_seed1743,0,php_exit_all_p8_h7,perm_seed1743,1,1,SATISFIABLE,SATISFIABLE,True,True,70,70,26,26,0.000809,0.000888,7.899999999999997e-05,True,True,True,True,True,
repeat=0|base=php_exit_all_p8_h7|variant=perm_seed1744,0,php_exit_all_p8_h7,perm_seed1744,1,1,SATISFIABLE,SATISFIABLE,True,True,40,40,0,0,0.000846,0.000838,-7.999999999999978e-06,True,True,True,True,True,
repeat=0|base=php_exit_all_p8_h7|variant=perm_seed1745,0,php_exit_all_p8_h7,perm_seed1745,1,1,SATISFIABLE,SATISFIABLE,True,True,41,41,0,0,0.000931,0.001067,0.00013600000000000005,True,True,True,True,True,
repeat=0|base=php_exit_all_p9_h8|variant=base,0,php_exit_all_p9_h8,base,1,1,SATISFIABLE,SATISFIABLE,True,True,38,38,0,0,0.000865,0.000819,-4.6000000000000034e-05,True,True,True,True,True,
repeat=0|base=php_exit_all_p9_h8|variant=perm_seed1730,0,php_exit_all_p9_h8,perm_seed1730,1,1,SATISFIABLE,SATISFIABLE,True,True,50,50,0,0,0.000831,0.000903,7.200000000000002e-05,True,True,True,True,True,
repeat=0|base=php_exit_all_p9_h8|variant=perm_seed1731,0,php_exit_all_p9_h8,perm_seed1731,1,1,SATISFIABLE,SATISFIABLE,True,True,58,58,1,1,0.000811,0.000963,0.000152,True,True,True,True,True,
repeat=0|base=php_exit_all_p9_h8|variant=perm_seed1732,0,php_exit_all_p9_h8,perm_seed1732,1,1,SATISFIABLE,SATISFIABLE,True,True,283,283,217,217,0.00129,0.001317,2.7000000000000114e-05,True,True,True,True,True,
repeat=0|base=php_exit_all_p9_h8|variant=perm_seed1733,0,php_exit_all_p9_h8,perm_seed1733,1,1,SATISFIABLE,SATISFIABLE,True,True,136,136,79,79,0.000996,0.001022,2.599999999999998e-05,True,True,True,True,True,
repeat=0|base=php_exit_all_p9_h8|variant=perm_seed1734,0,php_exit_all_p9_h8,perm_seed1734,1,1,SATISFIABLE,SATISFIABLE,True,True,61,61,1,1,0.000914,0.000946,3.200000000000002e-05,True,True,True,True,True,
repeat=0|base=php_exit_all_p9_h8|variant=perm_seed1735,0,php_exit_all_p9_h8,perm_seed1735,1,1,SATISFIABLE,SATISFIABLE,True,True,79,79,18,18,0.000841,0.00088,3.900000000000008e-05,True,True,True,True,True,
repeat=0|base=php_exit_all_p9_h8|variant=perm_seed1736,0,php_exit_all_p9_h8,perm_seed1736,1,1,SATISFIABLE,SATISFIABLE,True,True,54,54,0,0,0.000868,0.000838,-2.999999999999997e-05,True,True,True,True,True,
repeat=0|base=php_exit_all_p9_h8|variant=perm_seed1737,0,php_exit_all_p9_h8,perm_seed1737,1,1,SATISFIABLE,SATISFIABLE,True,True,82,82,20,20,0.000864,0.000898,3.400000000000007e-05,True,True,True,True,True,
repeat=0|base=php_exit_all_p9_h8|variant=perm_seed1738,0,php_exit_all_p9_h8,perm_seed1738,1,1,SATISFIABLE,SATISFIABLE,True,True,356,356,279,279,0.001373,0.001414,4.0999999999999804e-05,True,True,True,True,True,
repeat=0|base=php_exit_all_p9_h8|variant=perm_seed1739,0,php_exit_all_p9_h8,perm_seed1739,1,1,SATISFIABLE,SATISFIABLE,True,True,61,61,4,4,0.000906,0.000972,6.599999999999998e-05,True,True,True,True,True,
repeat=0|base=php_exit_all_p9_h8|variant=perm_seed1740,0,php_exit_all_p9_h8,perm_seed1740,1,1,SATISFIABLE,SATISFIABLE,True,True,60,60,2,2,0.000846,0.001008,0.00016200000000000003,True,True,True,True,True,
repeat=0|base=php_exit_all_p9_h8|variant=perm_seed1741,0,php_exit_all_p9_h8,perm_seed1741,1,1,SATISFIABLE,SATISFIABLE,True,True,63,63,6,6,0.000881,0.000902,2.1000000000000077e-05,True,True,True,True,True,
repeat=0|base=php_exit_all_p9_h8|variant=perm_seed1742,0,php_exit_all_p9_h8,perm_seed1742,1,1,SATISFIABLE,SATISFIABLE,True,True,57,57,1,1,0.000831,0.000899,6.799999999999992e-05,True,True,True,True,True,
repeat=0|base=php_exit_all_p9_h8|variant=perm_seed1743,0,php_exit_all_p9_h8,perm_seed1743,1,1,SATISFIABLE,SATISFIABLE,True,True,60,60,2,2,0.000838,0.000847,9.000000000000002e-06,True,True,True,True,True,
repeat=0|base=php_exit_all_p9_h8|variant=perm_seed1744,0,php_exit_all_p9_h8,perm_seed1744,1,1,SATISFIABLE,SATISFIABLE,True,True,55,55,0,0,0.000865,0.000896,3.0999999999999995e-05,True,True,True,True,True,
repeat=0|base=php_exit_all_p9_h8|variant=perm_seed1745,0,php_exit_all_p9_h8,perm_seed1745,1,1,SATISFIABLE,SATISFIABLE,True,True,59,59,1,1,0.000855,0.000844,-1.0999999999999942e-05,True,True,True,True,True,
repeat=0|base=php_exit_single_p10_h9|variant=base,0,php_exit_single_p10_h9,base,1,1,SATISFIABLE,SATISFIABLE,True,True,38,38,0,0,0.000829,0.000838,9.000000000000002e-06,True,True,True,True,True,
repeat=0|base=php_exit_single_p10_h9|variant=perm_seed1730,0,php_exit_single_p10_h9,perm_seed1730,1,1,SATISFIABLE,SATISFIABLE,True,True,63,63,0,0,0.000827,0.000813,-1.4000000000000015e-05,True,True,True,True,True,
repeat=0|base=php_exit_single_p10_h9|variant=perm_seed1731,0,php_exit_single_p10_h9,perm_seed1731,1,1,SATISFIABLE,SATISFIABLE,True,True,64,64,0,0,0.000831,0.000831,0.0,True,True,True,True,True,
repeat=0|base=php_exit_single_p10_h9|variant=perm_seed1732,0,php_exit_single_p10_h9,perm_seed1732,1,1,SATISFIABLE,SATISFIABLE,True,True,82,82,22,22,0.000916,0.000864,-5.200000000000007e-05,True,True,True,True,True,
repeat=0|base=php_exit_single_p10_h9|variant=perm_seed1733,0,php_exit_single_p10_h9,perm_seed1733,1,1,SATISFIABLE,SATISFIABLE,True,True,59,59,1,1,0.000833,0.000835,2.0000000000000486e-06,True,True,True,True,True,
repeat=0|base=php_exit_single_p10_h9|variant=perm_seed1734,0,php_exit_single_p10_h9,perm_seed1734,1,1,SATISFIABLE,SATISFIABLE,True,True,65,65,1,1,0.000814,0.000828,1.3999999999999907e-05,True,True,True,True,True,
repeat=0|base=php_exit_single_p10_h9|variant=perm_seed1735,0,php_exit_single_p10_h9,perm_seed1735,1,1,SATISFIABLE,SATISFIABLE,True,True,181,181,104,104,0.000999,0.001011,1.1999999999999858e-05,True,True,True,True,True,
repeat=0|base=php_exit_single_p10_h9|variant=perm_seed1736,0,php_exit_single_p10_h9,perm_seed1736,1,1,SATISFIABLE,SATISFIABLE,True,True,62,62,0,0,0.000857,0.000826,-3.0999999999999995e-05,True,True,True,True,True,
repeat=0|base=php_exit_single_p10_h9|variant=perm_seed1737,0,php_exit_single_p10_h9,perm_seed1737,1,1,SATISFIABLE,SATISFIABLE,True,True,107,107,39,39,0.000877,0.000902,2.5000000000000066e-05,True,True,True,True,True,
repeat=0|base=php_exit_single_p10_h9|variant=perm_seed1738,0,php_exit_single_p10_h9,perm_seed1738,1,1,SATISFIABLE,SATISFIABLE,True,True,67,67,7,7,0.000822,0.000855,3.2999999999999935e-05,True,True,True,True,True,
repeat=0|base=php_exit_single_p10_h9|variant=perm_seed1739,0,php_exit_single_p10_h9,perm_seed1739,1,1,SATISFIABLE,SATISFIABLE,True,True,59,59,0,0,0.000852,0.000808,-4.3999999999999985e-05,True,True,True,True,True,
repeat=0|base=php_exit_single_p10_h9|variant=perm_seed1740,0,php_exit_single_p10_h9,perm_seed1740,1,1,SATISFIABLE,SATISFIABLE,True,True,60,60,6,6,0.000812,0.000848,3.600000000000001e-05,True,True,True,True,True,
repeat=0|base=php_exit_single_p10_h9|variant=perm_seed1741,0,php_exit_single_p10_h9,perm_seed1741,1,1,SATISFIABLE,SATISFIABLE,True,True,59,59,1,1,0.000874,0.00083,-4.3999999999999985e-05,True,True,True,True,True,
repeat=0|base=php_exit_single_p10_h9|variant=perm_seed1742,0,php_exit_single_p10_h9,perm_seed1742,1,1,SATISFIABLE,SATISFIABLE,True,True,64,64,2,2,0.000834,0.000853,1.9000000000000028e-05,True,True,True,True,True,
repeat=0|base=php_exit_single_p10_h9|variant=perm_seed1743,0,php_exit_single_p10_h9,perm_seed1743,1,1,SATISFIABLE,SATISFIABLE,True,True,57,57,0,0,0.000836,0.000919,8.299999999999996e-05,True,True,True,True,True,
repeat=0|base=php_exit_single_p10_h9|variant=perm_seed1744,0,php_exit_single_p10_h9,perm_seed1744,1,1,SATISFIABLE,SATISFIABLE,True,True,54,54,0,0,0.000805,0.000833,2.799999999999992e-05,True,True,True,True,True,
repeat=0|base=php_exit_single_p10_h9|variant=perm_seed1745,0,php_exit_single_p10_h9,perm_seed1745,1,1,SATISFIABLE,SATISFIABLE,True,True,69,69,9,9,0.001051,0.000962,-8.90000000000001e-05,True,True,True,True,True,
repeat=0|base=php_exit_single_p11_h10|variant=base,0,php_exit_single_p11_h10,base,1,1,SATISFIABLE,SATISFIABLE,True,True,47,47,0,0,0.000993,0.000985,-7.999999999999978e-06,True,True,True,True,True,
repeat=0|base=php_exit_single_p11_h10|variant=perm_seed1730,0,php_exit_single_p11_h10,perm_seed1730,1,1,SATISFIABLE,SATISFIABLE,True,True,79,79,0,0,0.000902,0.000957,5.499999999999993e-05,True,True,True,True,True,
repeat=0|base=php_exit_single_p11_h10|variant=perm_seed1731,0,php_exit_single_p11_h10,perm_seed1731,1,1,SATISFIABLE,SATISFIABLE,True,True,77,77,0,0,0.000995,0.001122,0.00012699999999999994,True,True,True,True,True,
repeat=0|base=php_exit_single_p11_h10|variant=perm_seed1732,0,php_exit_single_p11_h10,perm_seed1732,1,1,SATISFIABLE,SATISFIABLE,True,True,89,89,12,12,0.001034,0.001041,7.000000000000062e-06,True,True,True,True,True,
repeat=0|base=php_exit_single_p11_h10|variant=perm_seed1733,0,php_exit_single_p11_h10,perm_seed1733,1,1,SATISFIABLE,SATISFIABLE,True,True,79,79,0,0,0.000986,0.000986,0.0,True,True,True,True,True,
repeat=0|base=php_exit_single_p11_h10|variant=perm_seed1734,0,php_exit_single_p11_h10,perm_seed1734,1,1,SATISFIABLE,SATISFIABLE,True,True,161,161,85,85,0.001179,0.001121,-5.799999999999989e-05,True,True,True,True,True,
repeat=0|base=php_exit_single_p11_h10|variant=perm_seed1735,0,php_exit_single_p11_h10,perm_seed1735,1,1,SATISFIABLE,SATISFIABLE,True,True,77,77,0,0,0.000964,0.000997,3.300000000000004e-05,True,True,True,True,True,
repeat=0|base=php_exit_single_p11_h10|variant=perm_seed1736,0,php_exit_single_p11_h10,perm_seed1736,1,1,SATISFIABLE,SATISFIABLE,True,True,87,87,9,9,0.001005,0.001063,5.799999999999989e-05,True,True,True,True,True,
repeat=0|base=php_exit_single_p11_h10|variant=perm_seed1737,0,php_exit_single_p11_h10,perm_seed1737,1,1,SATISFIABLE,SATISFIABLE,True,True,72,72,0,0,0.000937,0.000918,-1.9000000000000028e-05,True,True,True,True,True,
repeat=0|base=php_exit_single_p11_h10|variant=perm_seed1738,0,php_exit_single_p11_h10,perm_seed1738,1,1,SATISFIABLE,SATISFIABLE,True,True,72,72,0,0,0.000969,0.000916,-5.299999999999999e-05,True,True,True,True,True,
repeat=0|base=php_exit_single_p11_h10|variant=perm_seed1739,0,php_exit_single_p11_h10,perm_seed1739,1,1,SATISFIABLE,SATISFIABLE,True,True,77,77,4,4,0.00094,0.000988,4.7999999999999974e-05,True,True,True,True,True,
repeat=0|base=php_exit_single_p11_h10|variant=perm_seed1740,0,php_exit_single_p11_h10,perm_seed1740,1,1,SATISFIABLE,SATISFIABLE,True,True,92,92,15,15,0.000938,0.00094,1.99999999999994e-06,True,True,True,True,True,
repeat=0|base=php_exit_single_p11_h10|variant=perm_seed1741,0,php_exit_single_p11_h10,perm_seed1741,1,1,SATISFIABLE,SATISFIABLE,True,True,78,78,2,2,0.000912,0.000958,4.5999999999999925e-05,True,True,True,True,True,
repeat=0|base=php_exit_single_p11_h10|variant=perm_seed1742,0,php_exit_single_p11_h10,perm_seed1742,1,1,SATISFIABLE,SATISFIABLE,True,True,72,72,0,0,0.000985,0.000967,-1.8000000000000004e-05,True,True,True,True,True,
repeat=0|base=php_exit_single_p11_h10|variant=perm_seed1743,0,php_exit_single_p11_h10,perm_seed1743,1,1,SATISFIABLE,SATISFIABLE,True,True,77,77,0,0,0.000929,0.000952,2.3000000000000017e-05,True,True,True,True,True,
repeat=0|base=php_exit_single_p11_h10|variant=perm_seed1744,0,php_exit_single_p11_h10,perm_seed1744,1,1,SATISFIABLE,SATISFIABLE,True,True,73,73,0,0,0.000936,0.000928,-7.999999999999978e-06,True,True,True,True,True,
repeat=0|base=php_exit_single_p11_h10|variant=perm_seed1745,0,php_exit_single_p11_h10,perm_seed1745,1,1,SATISFIABLE,SATISFIABLE,True,True,81,81,2,2,0.0009,0.000918,1.8000000000000004e-05,True,True,True,True,True,
repeat=0|base=php_exit_single_p12_h11|variant=base,0,php_exit_single_p12_h11,base,1,1,SATISFIABLE,SATISFIABLE,True,True,57,57,0,0,0.001777,0.002017,0.0002400000000000002,True,True,True,True,True,
repeat=0|base=php_exit_single_p12_h11|variant=perm_seed1730,0,php_exit_single_p12_h11,perm_seed1730,1,1,SATISFIABLE,SATISFIABLE,True,True,101,101,1,1,0.001109,0.001263,0.00015400000000000006,True,True,True,True,True,
repeat=0|base=php_exit_single_p12_h11|variant=perm_seed1731,0,php_exit_single_p12_h11,perm_seed1731,1,1,SATISFIABLE,SATISFIABLE,True,True,98,98,1,1,0.001223,0.001183,-3.999999999999989e-05,True,True,True,True,True,
repeat=0|base=php_exit_single_p12_h11|variant=perm_seed1732,0,php_exit_single_p12_h11,perm_seed1732,1,1,SATISFIABLE,SATISFIABLE,True,True,112,112,22,22,0.001249,0.001281,3.200000000000013e-05,True,True,True,True,True,
repeat=0|base=php_exit_single_p12_h11|variant=perm_seed1733,0,php_exit_single_p12_h11,perm_seed1733,1,1,SATISFIABLE,SATISFIABLE,True,True,96,96,1,1,0.001364,0.00114,-0.00022400000000000002,True,True,True,True,True,
repeat=0|base=php_exit_single_p12_h11|variant=perm_seed1734,0,php_exit_single_p12_h11,perm_seed1734,1,1,SATISFIABLE,SATISFIABLE,True,True,113,113,19,19,0.001135,0.001105,-2.9999999999999862e-05,True,True,True,True,True,
repeat=0|base=php_exit_single_p12_h11|variant=perm_seed1735,0,php_exit_single_p12_h11,perm_seed1735,1,1,SATISFIABLE,SATISFIABLE,True,True,107,107,12,12,0.001118,0.001074,-4.3999999999999985e-05,True,True,True,True,True,
repeat=0|base=php_exit_single_p12_h11|variant=perm_seed1736,0,php_exit_single_p12_h11,perm_seed1736,1,1,SATISFIABLE,SATISFIABLE,True,True,95,95,0,0,0.001051,0.00113,7.899999999999986e-05,True,True,True,True,True,
repeat=0|base=php_exit_single_p12_h11|variant=perm_seed1737,0,php_exit_single_p12_h11,perm_seed1737,1,1,SATISFIABLE,SATISFIABLE,True,True,101,101,2,2,0.001127,0.001116,-1.0999999999999942e-05,True,True,True,True,True,
repeat=0|base=php_exit_single_p12_h11|variant=perm_seed1738,0,php_exit_single_p12_h11,perm_seed1738,1,1,SATISFIABLE,SATISFIABLE,True,True,129,129,38,38,0.001106,0.001175,6.900000000000005e-05,True,True,True,True,True,
repeat=0|base=php_exit_single_p12_h11|variant=perm_seed1739,0,php_exit_single_p12_h11,perm_seed1739,1,1,SATISFIABLE,SATISFIABLE,True,True,91,91,0,0,0.001053,0.001077,2.400000000000015e-05,True,True,True,True,True,
repeat=0|base=php_exit_single_p12_h11|variant=perm_seed1740,0,php_exit_single_p12_h11,perm_seed1740,1,1,SATISFIABLE,SATISFIABLE,True,True,97,97,0,0,0.001139,0.001119,-2.0000000000000052e-05,True,True,True,True,True,
repeat=0|base=php_exit_single_p12_h11|variant=perm_seed1741,0,php_exit_single_p12_h11,perm_seed1741,1,1,SATISFIABLE,SATISFIABLE,True,True,89,89,0,0,0.001075,0.001094,1.899999999999992e-05,True,True,True,True,True,
repeat=0|base=php_exit_single_p12_h11|variant=perm_seed1742,0,php_exit_single_p12_h11,perm_seed1742,1,1,SATISFIABLE,SATISFIABLE,True,True,96,96,9,9,0.001168,0.001201,3.300000000000004e-05,True,True,True,True,True,
repeat=0|base=php_exit_single_p12_h11|variant=perm_seed1743,0,php_exit_single_p12_h11,perm_seed1743,1,1,SATISFIABLE,SATISFIABLE,True,True,94,94,1,1,0.001222,0.001127,-9.500000000000003e-05,True,True,True,True,True,
repeat=0|base=php_exit_single_p12_h11|variant=perm_seed1744,0,php_exit_single_p12_h11,perm_seed1744,1,1,SATISFIABLE,SATISFIABLE,True,True,95,95,1,1,0.001107,0.00108,-2.6999999999999897e-05,True,True,True,True,True,
repeat=0|base=php_exit_single_p12_h11|variant=perm_seed1745,0,php_exit_single_p12_h11,perm_seed1745,1,1,SATISFIABLE,SATISFIABLE,True,True,92,92,1,1,0.001083,0.001122,3.899999999999997e-05,True,True,True,True,True,
repeat=0|base=php_exit_single_p5_h4|variant=base,0,php_exit_single_p5_h4,base,1,1,SATISFIABLE,SATISFIABLE,True,True,1,1,0,0,0.000625,0.000704,7.899999999999997e-05,True,True,True,True,True,
repeat=0|base=php_exit_single_p5_h4|variant=perm_seed1730,0,php_exit_single_p5_h4,perm_seed1730,1,1,SATISFIABLE,SATISFIABLE,True,True,1,1,0,0,0.000615,0.000628,1.299999999999999e-05,True,True,True,True,True,
repeat=0|base=php_exit_single_p5_h4|variant=perm_seed1731,0,php_exit_single_p5_h4,perm_seed1731,1,1,SATISFIABLE,SATISFIABLE,True,True,1,1,0,0,0.000658,0.00068,2.20000000000001e-05,True,True,True,True,True,
repeat=0|base=php_exit_single_p6_h5|variant=base,0,php_exit_single_p6_h5,base,1,1,SATISFIABLE,SATISFIABLE,True,True,12,12,0,0,0.000572,0.000588,1.5999999999999955e-05,True,True,True,True,True,
repeat=0|base=php_exit_single_p6_h5|variant=perm_seed1730,0,php_exit_single_p6_h5,perm_seed1730,1,1,SATISFIABLE,SATISFIABLE,True,True,18,18,0,0,0.00064,0.000759,0.00011899999999999997,True,True,True,True,True,
repeat=0|base=php_exit_single_p6_h5|variant=perm_seed1731,0,php_exit_single_p6_h5,perm_seed1731,1,1,SATISFIABLE,SATISFIABLE,True,True,16,16,0,0,0.000721,0.000698,-2.299999999999991e-05,True,True,True,True,True,
repeat=0|base=php_exit_single_p6_h5|variant=perm_seed1732,0,php_exit_single_p6_h5,perm_seed1732,1,1,SATISFIABLE,SATISFIABLE,True,True,16,16,1,1,0.000737,0.000663,-7.400000000000006e-05,True,True,True,True,True,
repeat=0|base=php_exit_single_p6_h5|variant=perm_seed1733,0,php_exit_single_p6_h5,perm_seed1733,1,1,SATISFIABLE,SATISFIABLE,True,True,14,14,0,0,0.000634,0.000654,1.9999999999999944e-05,True,True,True,True,True,
repeat=0|base=php_exit_single_p6_h5|variant=perm_seed1734,0,php_exit_single_p6_h5,perm_seed1734,1,1,SATISFIABLE,SATISFIABLE,True,True,14,14,0,0,0.000616,0.000633,1.699999999999998e-05,True,True,True,True,True,
repeat=0|base=php_exit_single_p6_h5|variant=perm_seed1735,0,php_exit_single_p6_h5,perm_seed1735,1,1,SATISFIABLE,SATISFIABLE,True,True,17,17,2,2,0.000592,0.000607,1.500000000000004e-05,True,True,True,True,True,
repeat=0|base=php_exit_single_p6_h5|variant=perm_seed1736,0,php_exit_single_p6_h5,perm_seed1736,1,1,SATISFIABLE,SATISFIABLE,True,True,18,18,2,2,0.000597,0.000646,4.9e-05,True,True,True,True,True,
repeat=0|base=php_exit_single_p6_h5|variant=perm_seed1737,0,php_exit_single_p6_h5,perm_seed1737,1,1,SATISFIABLE,SATISFIABLE,True,True,17,17,1,1,0.000568,0.000787,0.000219,True,True,True,True,True,
repeat=0|base=php_exit_single_p6_h5|variant=perm_seed1738,0,php_exit_single_p6_h5,perm_seed1738,1,1,SATISFIABLE,SATISFIABLE,True,True,16,16,0,0,0.000785,0.000612,-0.00017299999999999998,True,True,True,True,True,
repeat=0|base=php_exit_single_p6_h5|variant=perm_seed1739,0,php_exit_single_p6_h5,perm_seed1739,1,1,SATISFIABLE,SATISFIABLE,True,True,13,13,0,0,0.000622,0.000713,9.099999999999994e-05,True,True,True,True,True,
repeat=0|base=php_exit_single_p6_h5|variant=perm_seed1740,0,php_exit_single_p6_h5,perm_seed1740,1,1,SATISFIABLE,SATISFIABLE,True,True,14,14,0,0,0.00065,0.000676,2.599999999999998e-05,True,True,True,True,True,
repeat=0|base=php_exit_single_p6_h5|variant=perm_seed1741,0,php_exit_single_p6_h5,perm_seed1741,1,1,SATISFIABLE,SATISFIABLE,True,True,18,18,2,2,0.00058,0.000638,5.8e-05,True,True,True,True,True,
repeat=0|base=php_exit_single_p6_h5|variant=perm_seed1742,0,php_exit_single_p6_h5,perm_seed1742,1,1,SATISFIABLE,SATISFIABLE,True,True,14,14,0,0,0.000614,0.000619,5.000000000000013e-06,True,True,True,True,True,
repeat=0|base=php_exit_single_p6_h5|variant=perm_seed1743,0,php_exit_single_p6_h5,perm_seed1743,1,1,SATISFIABLE,SATISFIABLE,True,True,17,17,1,1,0.00062,0.000628,7.999999999999978e-06,True,True,True,True,True,
repeat=0|base=php_exit_single_p6_h5|variant=perm_seed1744,0,php_exit_single_p6_h5,perm_seed1744,1,1,SATISFIABLE,SATISFIABLE,True,True,16,16,0,0,0.000636,0.000615,-2.099999999999997e-05,True,True,True,True,True,
repeat=0|base=php_exit_single_p6_h5|variant=perm_seed1745,0,php_exit_single_p6_h5,perm_seed1745,1,1,SATISFIABLE,SATISFIABLE,True,True,19,19,3,3,0.000652,0.000797,0.00014499999999999995,True,True,True,True,True,
repeat=0|base=php_exit_single_p7_h6|variant=base,0,php_exit_single_p7_h6,base,1,1,SATISFIABLE,SATISFIABLE,True,True,17,17,0,0,0.000654,0.000777,0.00012300000000000006,True,True,True,True,True,
repeat=0|base=php_exit_single_p7_h6|variant=perm_seed1730,0,php_exit_single_p7_h6,perm_seed1730,1,1,SATISFIABLE,SATISFIABLE,True,True,22,22,0,0,0.00064,0.000662,2.1999999999999993e-05,True,True,True,True,True,
repeat=0|base=php_exit_single_p7_h6|variant=perm_seed1731,0,php_exit_single_p7_h6,perm_seed1731,1,1,SATISFIABLE,SATISFIABLE,True,True,28,28,5,5,0.000694,0.000659,-3.499999999999998e-05,True,True,True,True,True,
repeat=0|base=php_exit_single_p7_h6|variant=perm_seed1732,0,php_exit_single_p7_h6,perm_seed1732,1,1,SATISFIABLE,SATISFIABLE,True,True,24,24,0,0,0.000678,0.000637,-4.100000000000002e-05,True,True,True,True,True,
repeat=0|base=php_exit_single_p7_h6|variant=perm_seed1733,0,php_exit_single_p7_h6,perm_seed1733,1,1,SATISFIABLE,SATISFIABLE,True,True,32,32,11,11,0.000648,0.000693,4.500000000000001e-05,True,True,True,True,True,
repeat=0|base=php_exit_single_p7_h6|variant=perm_seed1734,0,php_exit_single_p7_h6,perm_seed1734,1,1,SATISFIABLE,SATISFIABLE,True,True,25,25,0,0,0.00063,0.000705,7.499999999999998e-05,True,True,True,True,True,
repeat=0|base=php_exit_single_p7_h6|variant=perm_seed1735,0,php_exit_single_p7_h6,perm_seed1735,1,1,SATISFIABLE,SATISFIABLE,True,True,23,23,3,3,0.00064,0.000641,9.999999999999159e-07,True,True,True,True,True,
repeat=0|base=php_exit_single_p7_h6|variant=perm_seed1736,0,php_exit_single_p7_h6,perm_seed1736,1,1,SATISFIABLE,SATISFIABLE,True,True,21,21,0,0,0.000626,0.000673,4.699999999999995e-05,True,True,True,True,True,
repeat=0|base=php_exit_single_p7_h6|variant=perm_seed1737,0,php_exit_single_p7_h6,perm_seed1737,1,1,SATISFIABLE,SATISFIABLE,True,True,21,21,0,0,0.000669,0.000671,2.0000000000000486e-06,True,True,True,True,True,
repeat=0|base=php_exit_single_p7_h6|variant=perm_seed1738,0,php_exit_single_p7_h6,perm_seed1738,1,1,SATISFIABLE,SATISFIABLE,True,True,25,25,0,0,0.000603,0.000661,5.8e-05,True,True,True,True,True,
repeat=0|base=php_exit_single_p7_h6|variant=perm_seed1739,0,php_exit_single_p7_h6,perm_seed1739,1,1,SATISFIABLE,SATISFIABLE,True,True,27,27,1,1,0.000637,0.000634,-2.9999999999999645e-06,True,True,True,True,True,
repeat=0|base=php_exit_single_p7_h6|variant=perm_seed1740,0,php_exit_single_p7_h6,perm_seed1740,1,1,SATISFIABLE,SATISFIABLE,True,True,25,25,0,0,0.000614,0.000703,8.9e-05,True,True,True,True,True,
repeat=0|base=php_exit_single_p7_h6|variant=perm_seed1741,0,php_exit_single_p7_h6,perm_seed1741,1,1,SATISFIABLE,SATISFIABLE,True,True,24,24,1,1,0.00062,0.000651,3.0999999999999995e-05,True,True,True,True,True,
repeat=0|base=php_exit_single_p7_h6|variant=perm_seed1742,0,php_exit_single_p7_h6,perm_seed1742,1,1,SATISFIABLE,SATISFIABLE,True,True,26,26,1,1,0.000675,0.000658,-1.7000000000000088e-05,True,True,True,True,True,
repeat=0|base=php_exit_single_p7_h6|variant=perm_seed1743,0,php_exit_single_p7_h6,perm_seed1743,1,1,SATISFIABLE,SATISFIABLE,True,True,23,23,0,0,0.000644,0.000649,4.999999999999905e-06,True,True,True,True,True,
repeat=0|base=php_exit_single_p7_h6|variant=perm_seed1744,0,php_exit_single_p7_h6,perm_seed1744,1,1,SATISFIABLE,SATISFIABLE,True,True,23,23,0,0,0.00065,0.000698,4.800000000000008e-05,True,True,True,True,True,
repeat=0|base=php_exit_single_p7_h6|variant=perm_seed1745,0,php_exit_single_p7_h6,perm_seed1745,1,1,SATISFIABLE,SATISFIABLE,True,True,20,20,0,0,0.000654,0.000641,-1.299999999999999e-05,True,True,True,True,True,
repeat=0|base=php_exit_single_p8_h7|variant=base,0,php_exit_single_p8_h7,base,1,1,SATISFIABLE,SATISFIABLE,True,True,23,23,0,0,0.000697,0.000741,4.3999999999999985e-05,True,True,True,True,True,
repeat=0|base=php_exit_single_p8_h7|variant=perm_seed1730,0,php_exit_single_p8_h7,perm_seed1730,1,1,SATISFIABLE,SATISFIABLE,True,True,35,35,1,1,0.000688,0.000695,6.999999999999953e-06,True,True,True,True,True,
repeat=0|base=php_exit_single_p8_h7|variant=perm_seed1731,0,php_exit_single_p8_h7,perm_seed1731,1,1,SATISFIABLE,SATISFIABLE,True,True,33,33,0,0,0.000702,0.00072,1.8000000000000004e-05,True,True,True,True,True,
repeat=0|base=php_exit_single_p8_h7|variant=perm_seed1732,0,php_exit_single_p8_h7,perm_seed1732,1,1,SATISFIABLE,SATISFIABLE,True,True,31,31,0,0,0.000745,0.000722,-2.3000000000000017e-05,True,True,True,True,True,
repeat=0|base=php_exit_single_p8_h7|variant=perm_seed1733,0,php_exit_single_p8_h7,perm_seed1733,1,1,SATISFIABLE,SATISFIABLE,True,True,37,37,5,5,0.000807,0.000794,-1.299999999999999e-05,True,True,True,True,True,
repeat=0|base=php_exit_single_p8_h7|variant=perm_seed1734,0,php_exit_single_p8_h7,perm_seed1734,1,1,SATISFIABLE,SATISFIABLE,True,True,35,35,0,0,0.000799,0.000896,9.699999999999997e-05,True,True,True,True,True,
repeat=0|base=php_exit_single_p8_h7|variant=perm_seed1735,0,php_exit_single_p8_h7,perm_seed1735,1,1,SATISFIABLE,SATISFIABLE,True,True,30,30,0,0,0.000824,0.000687,-0.00013699999999999997,True,True,True,True,True,
repeat=0|base=php_exit_single_p8_h7|variant=perm_seed1736,0,php_exit_single_p8_h7,perm_seed1736,1,1,SATISFIABLE,SATISFIABLE,True,True,36,36,1,1,0.00078,0.000719,-6.0999999999999965e-05,True,True,True,True,True,
repeat=0|base=php_exit_single_p8_h7|variant=perm_seed1737,0,php_exit_single_p8_h7,perm_seed1737,1,1,SATISFIABLE,SATISFIABLE,True,True,36,36,2,2,0.00076,0.000688,-7.200000000000002e-05,True,True,True,True,True,
repeat=0|base=php_exit_single_p8_h7|variant=perm_seed1738,0,php_exit_single_p8_h7,perm_seed1738,1,1,SATISFIABLE,SATISFIABLE,True,True,35,35,0,0,0.000698,0.000741,4.299999999999996e-05,True,True,True,True,True,
repeat=0|base=php_exit_single_p8_h7|variant=perm_seed1739,0,php_exit_single_p8_h7,perm_seed1739,1,1,SATISFIABLE,SATISFIABLE,True,True,36,36,2,2,0.000675,0.000727,5.199999999999996e-05,True,True,True,True,True,
repeat=0|base=php_exit_single_p8_h7|variant=perm_seed1740,0,php_exit_single_p8_h7,perm_seed1740,1,1,SATISFIABLE,SATISFIABLE,True,True,34,34,1,1,0.000669,0.000763,9.400000000000001e-05,True,True,True,True,True,
repeat=0|base=php_exit_single_p8_h7|variant=perm_seed1741,0,php_exit_single_p8_h7,perm_seed1741,1,1,SATISFIABLE,SATISFIABLE,True,True,38,38,2,2,0.000678,0.000777,9.900000000000002e-05,True,True,True,True,True,
repeat=0|base=php_exit_single_p8_h7|variant=perm_seed1742,0,php_exit_single_p8_h7,perm_seed1742,1,1,SATISFIABLE,SATISFIABLE,True,True,32,32,0,0,0.000715,0.000798,8.299999999999996e-05,True,True,True,True,True,
repeat=0|base=php_exit_single_p8_h7|variant=perm_seed1743,0,php_exit_single_p8_h7,perm_seed1743,1,1,SATISFIABLE,SATISFIABLE,True,True,37,37,0,0,0.000729,0.000714,-1.500000000000004e-05,True,True,True,True,True,
repeat=0|base=php_exit_single_p8_h7|variant=perm_seed1744,0,php_exit_single_p8_h7,perm_seed1744,1,1,SATISFIABLE,SATISFIABLE,True,True,33,33,0,0,0.000734,0.000749,1.500000000000004e-05,True,True,True,True,True,
repeat=0|base=php_exit_single_p8_h7|variant=perm_seed1745,0,php_exit_single_p8_h7,perm_seed1745,1,1,SATISFIABLE,SATISFIABLE,True,True,36,36,0,0,0.000723,0.000734,1.0999999999999942e-05,True,True,True,True,True,
repeat=0|base=php_exit_single_p9_h8|variant=base,0,php_exit_single_p9_h8,base,1,1,SATISFIABLE,SATISFIABLE,True,True,30,30,0,0,0.000773,0.000764,-9.000000000000002e-06,True,True,True,True,True,
repeat=0|base=php_exit_single_p9_h8|variant=perm_seed1730,0,php_exit_single_p9_h8,perm_seed1730,1,1,SATISFIABLE,SATISFIABLE,True,True,47,47,0,0,0.000791,0.000767,-2.400000000000004e-05,True,True,True,True,True,
repeat=0|base=php_exit_single_p9_h8|variant=perm_seed1731,0,php_exit_single_p9_h8,perm_seed1731,1,1,SATISFIABLE,SATISFIABLE,True,True,41,41,0,0,0.000746,0.000753,6.999999999999953e-06,True,True,True,True,True,
repeat=0|base=php_exit_single_p9_h8|variant=perm_seed1732,0,php_exit_single_p9_h8,perm_seed1732,1,1,SATISFIABLE,SATISFIABLE,True,True,42,42,0,0,0.000738,0.000743,4.999999999999905e-06,True,True,True,True,True,
repeat=0|base=php_exit_single_p9_h8|variant=perm_seed1733,0,php_exit_single_p9_h8,perm_seed1733,1,1,SATISFIABLE,SATISFIABLE,True,True,51,51,6,6,0.000739,0.000808,6.900000000000005e-05,True,True,True,True,True,
repeat=0|base=php_exit_single_p9_h8|variant=perm_seed1734,0,php_exit_single_p9_h8,perm_seed1734,1,1,SATISFIABLE,SATISFIABLE,True,True,51,51,3,3,0.000743,0.000762,1.9000000000000028e-05,True,True,True,True,True,
repeat=0|base=php_exit_single_p9_h8|variant=perm_seed1735,0,php_exit_single_p9_h8,perm_seed1735,1,1,SATISFIABLE,SATISFIABLE,True,True,46,46,0,0,0.000782,0.000882,9.999999999999994e-05,True,True,True,True,True,
repeat=0|base=php_exit_single_p9_h8|variant=perm_seed1736,0,php_exit_single_p9_h8,perm_seed1736,1,1,SATISFIABLE,SATISFIABLE,True,True,56,56,7,7,0.000829,0.00087,4.100000000000002e-05,True,True,True,True,True,
repeat=0|base=php_exit_single_p9_h8|variant=perm_seed1737,0,php_exit_single_p9_h8,perm_seed1737,1,1,SATISFIABLE,SATISFIABLE,True,True,51,51,1,1,0.000875,0.000842,-3.300000000000004e-05,True,True,True,True,True,
repeat=0|base=php_exit_single_p9_h8|variant=perm_seed1738,0,php_exit_single_p9_h8,perm_seed1738,1,1,SATISFIABLE,SATISFIABLE,True,True,47,47,0,0,0.00079,0.000801,1.0999999999999942e-05,True,True,True,True,True,
repeat=0|base=php_exit_single_p9_h8|variant=perm_seed1739,0,php_exit_single_p9_h8,perm_seed1739,1,1,SATISFIABLE,SATISFIABLE,True,True,45,45,0,0,0.000815,0.000774,-4.100000000000002e-05,True,True,True,True,True,
repeat=0|base=php_exit_single_p9_h8|variant=perm_seed1740,0,php_exit_single_p9_h8,perm_seed1740,1,1,SATISFIABLE,SATISFIABLE,True,True,50,50,1,1,0.000795,0.00076,-3.499999999999998e-05,True,True,True,True,True,
repeat=0|base=php_exit_single_p9_h8|variant=perm_seed1741,0,php_exit_single_p9_h8,perm_seed1741,1,1,SATISFIABLE,SATISFIABLE,True,True,48,48,0,0,0.000793,0.00078,-1.299999999999999e-05,True,True,True,True,True,
repeat=0|base=php_exit_single_p9_h8|variant=perm_seed1742,0,php_exit_single_p9_h8,perm_seed1742,1,1,SATISFIABLE,SATISFIABLE,True,True,44,44,0,0,0.000798,0.000768,-2.999999999999997e-05,True,True,True,True,True,
repeat=0|base=php_exit_single_p9_h8|variant=perm_seed1743,0,php_exit_single_p9_h8,perm_seed1743,1,1,SATISFIABLE,SATISFIABLE,True,True,48,48,4,4,0.000799,0.000756,-4.299999999999996e-05,True,True,True,True,True,
repeat=0|base=php_exit_single_p9_h8|variant=perm_seed1744,0,php_exit_single_p9_h8,perm_seed1744,1,1,SATISFIABLE,SATISFIABLE,True,True,43,43,0,0,0.000754,0.000792,3.799999999999995e-05,True,True,True,True,True,
repeat=0|base=php_exit_single_p9_h8|variant=perm_seed1745,0,php_exit_single_p9_h8,perm_seed1745,1,1,SATISFIABLE,SATISFIABLE,True,True,38,38,0,0,0.000725,0.000753,2.800000000000003e-05,True,True,True,True,True,
repeat=0|base=php_p10_h9|variant=base,0,php_p10_h9,base,1,1,UNSATISFIABLE,UNSATISFIABLE,True,True,340861,340861,314066,314066,1.48141,1.47978,-0.0016299999999997983,True,True,True,True,True,
repeat=0|base=php_p10_h9|variant=perm_seed1730,0,php_p10_h9,perm_seed1730,1,1,UNSATISFIABLE,UNSATISFIABLE,True,True,413643,413643,382655,382655,1.82782,1.83501,0.00719000000000003,True,True,True,True,True,
repeat=0|base=php_p10_h9|variant=perm_seed1731,0,php_p10_h9,perm_seed1731,1,1,UNSATISFIABLE,UNSATISFIABLE,True,True,340033,340033,312592,312592,1.52906,1.52082,-0.008240000000000025,True,True,True,True,True,
repeat=0|base=php_p10_h9|variant=perm_seed1732,0,php_p10_h9,perm_seed1732,1,1,UNSATISFIABLE,UNSATISFIABLE,True,True,343992,343992,317747,317747,1.64103,1.62083,-0.020199999999999996,True,True,True,True,True,
repeat=0|base=php_p10_h9|variant=perm_seed1733,0,php_p10_h9,perm_seed1733,1,1,UNSATISFIABLE,UNSATISFIABLE,True,True,365838,365838,336996,336996,1.63948,1.6327,-0.006780000000000008,True,True,True,True,True,
repeat=0|base=php_p10_h9|variant=perm_seed1734,0,php_p10_h9,perm_seed1734,1,1,UNSATISFIABLE,UNSATISFIABLE,True,True,365935,365935,336060,336060,1.62499,1.60955,-0.015439999999999898,True,True,True,True,True,
repeat=0|base=php_p10_h9|variant=perm_seed1735,0,php_p10_h9,perm_seed1735,1,1,UNSATISFIABLE,UNSATISFIABLE,True,True,330122,330122,306476,306476,1.6632,1.65276,-0.010440000000000005,True,True,True,True,True,
repeat=0|base=php_p10_h9|variant=perm_seed1736,0,php_p10_h9,perm_seed1736,1,1,UNSATISFIABLE,UNSATISFIABLE,True,True,398736,398736,368877,368877,1.79831,1.78965,-0.008660000000000112,True,True,True,True,True,
repeat=0|base=php_p10_h9|variant=perm_seed1737,0,php_p10_h9,perm_seed1737,1,1,UNSATISFIABLE,UNSATISFIABLE,True,True,342164,342164,314955,314955,1.51489,1.49613,-0.01876000000000011,True,True,True,True,True,
repeat=0|base=php_p10_h9|variant=perm_seed1738,0,php_p10_h9,perm_seed1738,1,1,UNSATISFIABLE,UNSATISFIABLE,True,True,384737,384737,352935,352935,1.7365,1.72324,-0.013259999999999827,True,True,True,True,True,
repeat=0|base=php_p10_h9|variant=perm_seed1739,0,php_p10_h9,perm_seed1739,1,1,UNSATISFIABLE,UNSATISFIABLE,True,True,319534,319534,295751,295751,1.62209,1.59634,-0.02574999999999994,True,True,True,True,True,
repeat=0|base=php_p10_h9|variant=perm_seed1740,0,php_p10_h9,perm_seed1740,1,1,UNSATISFIABLE,UNSATISFIABLE,True,True,330849,330849,304467,304467,1.45183,1.43601,-0.015819999999999945,True,True,True,True,True,
repeat=0|base=php_p10_h9|variant=perm_seed1741,0,php_p10_h9,perm_seed1741,1,1,UNSATISFIABLE,UNSATISFIABLE,True,True,339549,339549,313004,313004,1.69439,1.67418,-0.02021000000000006,True,True,True,True,True,
repeat=0|base=php_p10_h9|variant=perm_seed1742,0,php_p10_h9,perm_seed1742,1,1,UNSATISFIABLE,UNSATISFIABLE,True,True,358341,358341,330928,330928,1.61881,1.60633,-0.012480000000000047,True,True,True,True,True,
repeat=0|base=php_p10_h9|variant=perm_seed1743,0,php_p10_h9,perm_seed1743,1,1,UNSATISFIABLE,UNSATISFIABLE,True,True,347432,347432,320321,320321,1.61623,1.59814,-0.01809000000000016,True,True,True,True,True,
repeat=0|base=php_p10_h9|variant=perm_seed1744,0,php_p10_h9,perm_seed1744,1,1,UNSATISFIABLE,UNSATISFIABLE,True,True,409179,409179,376780,376780,1.81968,1.81404,-0.005639999999999867,True,True,True,True,True,
repeat=0|base=php_p10_h9|variant=perm_seed1745,0,php_p10_h9,perm_seed1745,1,1,UNSATISFIABLE,UNSATISFIABLE,True,True,384710,384710,354679,354679,1.7326,1.71514,-0.01745999999999981,True,True,True,True,True,
repeat=0|base=php_p11_h10|variant=base,0,php_p11_h10,base,1,1,INDETERMINATE,INDETERMINATE,False,False,1382436,1371680,1259649,1249892,4.98377,4.97675,-0.007019999999999804,True,True,False,False,True,
repeat=0|base=php_p11_h10|variant=perm_seed1730,0,php_p11_h10,perm_seed1730,1,1,INDETERMINATE,INDETERMINATE,False,False,1251968,1246409,1134990,1130002,4.97873,4.97701,-0.0017199999999997218,True,True,False,False,True,
repeat=0|base=php_p11_h10|variant=perm_seed1731,0,php_p11_h10,perm_seed1731,1,1,INDETERMINATE,INDETERMINATE,False,False,1358468,1349753,1230000,1222003,4.98105,4.97664,-0.004410000000000025,True,True,False,False,True,
repeat=0|base=php_p11_h10|variant=perm_seed1732,0,php_p11_h10,perm_seed1732,1,1,INDETERMINATE,INDETERMINATE,False,False,1211575,1203808,1095003,1088000,4.97892,4.97547,-0.003449999999999953,True,True,False,False,True,
repeat=0|base=php_p11_h10|variant=perm_seed1733,0,php_p11_h10,perm_seed1733,1,1,INDETERMINATE,INDETERMINATE,False,False,1248822,1254014,1133280,1138002,4.97421,4.9769,0.002689999999999415,True,True,False,False,True,
repeat=0|base=php_p11_h10|variant=perm_seed1734,0,php_p11_h10,perm_seed1734,1,1,INDETERMINATE,INDETERMINATE,False,False,1218604,1224262,1112122,1117267,4.97402,4.97791,0.003889999999999283,True,True,False,False,True,
repeat=0|base=php_p11_h10|variant=perm_seed1735,0,php_p11_h10,perm_seed1735,1,1,INDETERMINATE,INDETERMINATE,False,False,1189948,1192660,1085535,1088000,4.97546,4.97567,0.00021000000000004349,True,True,False,False,True,
repeat=0|base=php_p11_h10|variant=perm_seed1736,0,php_p11_h10,perm_seed1736,1,1,INDETERMINATE,INDETERMINATE,False,False,1352588,1356276,1224595,1228000,4.97383,4.97521,0.0013799999999992707,True,True,False,False,True,
repeat=0|base=php_p11_h10|variant=perm_seed1737,0,php_p11_h10,perm_seed1737,1,1,INDETERMINATE,INDETERMINATE,False,False,1248208,1241953,1132511,1126820,4.97484,4.97741,0.002569999999999517,True,True,False,False,True,
repeat=0|base=php_p11_h10|variant=perm_seed1738,0,php_p11_h10,perm_seed1738,1,1,INDETERMINATE,INDETERMINATE,False,False,1271001,1262675,1151533,1143935,4.97903,4.97707,-0.0019599999999995177,True,True,False,False,True,
repeat=0|base=php_p11_h10|variant=perm_seed1739,0,php_p11_h10,perm_seed1739,1,1,INDETERMINATE,INDETERMINATE,False,False,1210633,1205445,1112001,1107233,4.9795,4.97644,-0.0030599999999996186,True,True,False,False,True,
repeat=0|base=php_p11_h10|variant=perm_seed1740,0,php_p11_h10,perm_seed1740,1,1,INDETERMINATE,INDETERMINATE,False,False,1192543,1186995,1083155,1078398,4.97596,4.97714,0.001180000000000625,True,True,False,False,True,
repeat=0|base=php_p11_h10|variant=perm_seed1741,0,php_p11_h10,perm_seed1741,1,1,INDETERMINATE,INDETERMINATE,False,False,1222547,1232485,1106194,1115354,4.97369,4.975,0.0013099999999992562,True,True,False,False,True,
repeat=0|base=php_p11_h10|variant=perm_seed1742,0,php_p11_h10,perm_seed1742,1,1,INDETERMINATE,INDETERMINATE,False,False,1251077,1261675,1136322,1146000,4.97488,4.97547,0.0005899999999998684,True,True,False,False,True,
repeat=0|base=php_p11_h10|variant=perm_seed1743,0,php_p11_h10,perm_seed1743,1,1,INDETERMINATE,INDETERMINATE,False,False,1282202,1288275,1158420,1163752,4.97519,4.97497,-0.0002199999999996649,True,True,False,False,True,
repeat=0|base=php_p11_h10|variant=perm_seed1744,0,php_p11_h10,perm_seed1744,1,1,INDETERMINATE,INDETERMINATE,False,False,1117186,1125372,1029901,1037461,4.9741,4.97421,0.00011000000000027654,True,True,False,False,True,
repeat=0|base=php_p11_h10|variant=perm_seed1745,0,php_p11_h10,perm_seed1745,1,1,INDETERMINATE,INDETERMINATE,False,False,1176205,1179041,1076809,1079474,4.9765,4.97897,0.0024700000000006384,True,True,False,False,True,
repeat=0|base=php_p12_h11|variant=base,0,php_p12_h11,base,1,1,INDETERMINATE,INDETERMINATE,False,False,996392,1018204,924001,944001,4.97461,4.97451,-9.999999999976694e-05,True,True,False,False,True,
repeat=0|base=php_p12_h11|variant=perm_seed1730,0,php_p12_h11,perm_seed1730,1,1,INDETERMINATE,INDETERMINATE,False,False,1195984,1213815,1089773,1106000,4.97992,4.97747,-0.002449999999999619,True,True,False,False,True,
repeat=0|base=php_p12_h11|variant=perm_seed1731,0,php_p12_h11,perm_seed1731,1,1,INDETERMINATE,INDETERMINATE,False,False,1160534,1179768,1069917,1087715,4.97482,4.97562,0.0007999999999999119,True,True,False,False,True,
repeat=0|base=php_p12_h11|variant=perm_seed1732,0,php_p12_h11,perm_seed1732,1,1,INDETERMINATE,INDETERMINATE,False,False,1207142,1206439,1094352,1093721,4.97765,4.975,-0.002650000000000041,True,True,False,False,True,
repeat=0|base=php_p12_h11|variant=perm_seed1733,0,php_p12_h11,perm_seed1733,1,1,INDETERMINATE,INDETERMINATE,False,False,1108312,1112828,1016619,1020752,4.97412,4.97666,0.0025399999999997647,True,True,False,False,True,
repeat=0|base=php_p12_h11|variant=perm_seed1734,0,php_p12_h11,perm_seed1734,1,1,INDETERMINATE,INDETERMINATE,False,False,1144938,1149584,1042000,1046000,4.97536,4.97687,0.0015099999999996783,True,True,False,False,True,
repeat=0|base=php_p12_h11|variant=perm_seed1735,0,php_p12_h11,perm_seed1735,1,1,INDETERMINATE,INDETERMINATE,False,False,1073503,1076074,956000,958307,4.97832,4.97532,-0.0030000000000001137,True,True,False,False,True,
repeat=0|base=php_p12_h11|variant=perm_seed1736,0,php_p12_h11,perm_seed1736,1,1,INDETERMINATE,INDETERMINATE,False,False,1149977,1151176,1055351,1056443,4.9792,4.97538,-0.0038199999999992684,True,True,False,False,True,
repeat=0|base=php_p12_h11|variant=perm_seed1737,0,php_p12_h11,perm_seed1737,1,1,INDETERMINATE,INDETERMINATE,False,False,1086634,1092677,1003876,1009319,4.9761,4.97611,1.0000000000509601e-05,True,True,False,False,True,
repeat=0|base=php_p12_h11|variant=perm_seed1738,0,php_p12_h11,perm_seed1738,1,1,INDETERMINATE,INDETERMINATE,False,False,1247767,1254801,1092002,1097961,4.97411,4.9773,0.003190000000000026,True,True,False,False,True,
repeat=0|base=php_p12_h11|variant=perm_seed1739,0,php_p12_h11,perm_seed1739,1,1,INDETERMINATE,INDETERMINATE,False,False,1244575,1253565,1127359,1135458,4.97442,4.97708,0.0026599999999996626,True,True,False,False,True,
repeat=0|base=php_p12_h11|variant=perm_seed1740,0,php_p12_h11,perm_seed1740,1,1,INDETERMINATE,INDETERMINATE,False,False,1063104,1068287,975221,980001,4.97659,4.98278,0.00619000000000014,True,True,False,False,True,
repeat=0|base=php_p12_h11|variant=perm_seed1741,0,php_p12_h11,perm_seed1741,1,1,INDETERMINATE,INDETERMINATE,False,False,1194866,1193753,1074858,1073842,4.97844,4.97661,-0.0018299999999999983,True,True,False,False,True,
repeat=0|base=php_p12_h11|variant=perm_seed1742,0,php_p12_h11,perm_seed1742,1,1,INDETERMINATE,INDETERMINATE,False,False,1048921,1048872,970482,970432,4.97874,4.97498,-0.0037599999999997635,True,True,False,False,True,
repeat=0|base=php_p12_h11|variant=perm_seed1743,0,php_p12_h11,perm_seed1743,1,1,INDETERMINATE,INDETERMINATE,False,False,1233307,1232293,1111847,1110943,4.97711,4.97428,-0.002829999999999444,True,True,False,False,True,
repeat=0|base=php_p12_h11|variant=perm_seed1744,0,php_p12_h11,perm_seed1744,1,1,INDETERMINATE,INDETERMINATE,False,False,1126834,1120411,1040002,1034000,4.97731,4.97736,4.999999999988347e-05,True,True,False,False,True,
repeat=0|base=php_p12_h11|variant=perm_seed1745,0,php_p12_h11,perm_seed1745,1,1,INDETERMINATE,INDETERMINATE,False,False,1194463,1200664,1099874,1105576,4.97832,4.97672,-0.0015999999999998238,True,True,False,False,True,
repeat=0|base=php_p4_h3|variant=base,0,php_p4_h3,base,1,1,UNSATISFIABLE,UNSATISFIABLE,True,True,0,0,0,0,0.000706,0.000651,-5.5000000000000036e-05,True,True,True,True,True,
repeat=0|base=php_p4_h3|variant=perm_seed1730,0,php_p4_h3,perm_seed1730,1,1,UNSATISFIABLE,UNSATISFIABLE,True,True,0,0,0,0,0.000604,0.0006,-4.000000000000097e-06,True,True,True,True,True,
repeat=0|base=php_p4_h3|variant=perm_seed1731,0,php_p4_h3,perm_seed1731,1,1,UNSATISFIABLE,UNSATISFIABLE,True,True,0,0,0,0,0.000585,0.000636,5.099999999999994e-05,True,True,True,True,True,
repeat=0|base=php_p5_h4|variant=base,0,php_p5_h4,base,1,1,UNSATISFIABLE,UNSATISFIABLE,True,True,32,32,27,27,0.000801,0.000686,-0.00011499999999999998,True,True,True,True,True,
repeat=0|base=php_p5_h4|variant=perm_seed1730,0,php_p5_h4,perm_seed1730,1,1,UNSATISFIABLE,UNSATISFIABLE,True,True,31,31,28,28,0.000661,0.00076,9.900000000000002e-05,True,True,True,True,True,
repeat=0|base=php_p5_h4|variant=perm_seed1731,0,php_p5_h4,perm_seed1731,1,1,UNSATISFIABLE,UNSATISFIABLE,True,True,32,32,31,31,0.000668,0.000751,8.300000000000007e-05,True,True,True,True,True,
repeat=0|base=php_p6_h5|variant=base,0,php_p6_h5,base,1,1,UNSATISFIABLE,UNSATISFIABLE,True,True,157,157,139,139,0.000809,0.00098,0.00017099999999999993,True,True,True,True,True,
repeat=0|base=php_p6_h5|variant=perm_seed1730,0,php_p6_h5,perm_seed1730,1,1,UNSATISFIABLE,UNSATISFIABLE,True,True,161,161,142,142,0.000878,0.000962,8.399999999999998e-05,True,True,True,True,True,
repeat=0|base=php_p6_h5|variant=perm_seed1731,0,php_p6_h5,perm_seed1731,1,1,UNSATISFIABLE,UNSATISFIABLE,True,True,160,160,141,141,0.000899,0.000885,-1.3999999999999907e-05,True,True,True,True,True,
repeat=0|base=php_p6_h5|variant=perm_seed1732,0,php_p6_h5,perm_seed1732,1,1,UNSATISFIABLE,UNSATISFIABLE,True,True,157,157,137,137,0.000816,0.00082,3.999999999999989e-06,True,True,True,True,True,
repeat=0|base=php_p6_h5|variant=perm_seed1733,0,php_p6_h5,perm_seed1733,1,1,UNSATISFIABLE,UNSATISFIABLE,True,True,158,158,142,142,0.000809,0.000868,5.8999999999999916e-05,True,True,True,True,True,
repeat=0|base=php_p6_h5|variant=perm_seed1734,0,php_p6_h5,perm_seed1734,1,1,UNSATISFIABLE,UNSATISFIABLE,True,True,171,171,146,146,0.000791,0.000826,3.499999999999998e-05,True,True,True,True,True,
repeat=0|base=php_p6_h5|variant=perm_seed1735,0,php_p6_h5,perm_seed1735,1,1,UNSATISFIABLE,UNSATISFIABLE,True,True,174,174,155,155,0.000828,0.000827,-9.999999999999159e-07,True,True,True,True,True,
repeat=0|base=php_p6_h5|variant=perm_seed1736,0,php_p6_h5,perm_seed1736,1,1,UNSATISFIABLE,UNSATISFIABLE,True,True,158,158,145,145,0.000865,0.000823,-4.2000000000000045e-05,True,True,True,True,True,
repeat=0|base=php_p6_h5|variant=perm_seed1737,0,php_p6_h5,perm_seed1737,1,1,UNSATISFIABLE,UNSATISFIABLE,True,True,163,163,145,145,0.000836,0.000869,3.2999999999999935e-05,True,True,True,True,True,
repeat=0|base=php_p6_h5|variant=perm_seed1738,0,php_p6_h5,perm_seed1738,1,1,UNSATISFIABLE,UNSATISFIABLE,True,True,140,140,130,130,0.00078,0.000921,0.00014100000000000007,True,True,True,True,True,
repeat=0|base=php_p6_h5|variant=perm_seed1739,0,php_p6_h5,perm_seed1739,1,1,UNSATISFIABLE,UNSATISFIABLE,True,True,157,157,143,143,0.000916,0.000848,-6.800000000000003e-05,True,True,True,True,True,
repeat=0|base=php_p6_h5|variant=perm_seed1740,0,php_p6_h5,perm_seed1740,1,1,UNSATISFIABLE,UNSATISFIABLE,True,True,163,163,138,138,0.000907,0.00101,0.00010300000000000001,True,True,True,True,True,
repeat=0|base=php_p6_h5|variant=perm_seed1741,0,php_p6_h5,perm_seed1741,1,1,UNSATISFIABLE,UNSATISFIABLE,True,True,158,158,140,140,0.000868,0.000856,-1.1999999999999966e-05,True,True,True,True,True,
repeat=0|base=php_p6_h5|variant=perm_seed1742,0,php_p6_h5,perm_seed1742,1,1,UNSATISFIABLE,UNSATISFIABLE,True,True,155,155,137,137,0.000864,0.000881,1.699999999999998e-05,True,True,True,True,True,
repeat=0|base=php_p6_h5|variant=perm_seed1743,0,php_p6_h5,perm_seed1743,1,1,UNSATISFIABLE,UNSATISFIABLE,True,True,147,147,135,135,0.000904,0.000887,-1.699999999999998e-05,True,True,True,True,True,
repeat=0|base=php_p6_h5|variant=perm_seed1744,0,php_p6_h5,perm_seed1744,1,1,UNSATISFIABLE,UNSATISFIABLE,True,True,147,147,133,133,0.000867,0.000817,-5.000000000000002e-05,True,True,True,True,True,
repeat=0|base=php_p6_h5|variant=perm_seed1745,0,php_p6_h5,perm_seed1745,1,1,UNSATISFIABLE,UNSATISFIABLE,True,True,156,156,137,137,0.000821,0.000921,0.00010000000000000005,True,True,True,True,True,
repeat=0|base=php_p7_h6|variant=base,0,php_p7_h6,base,1,1,UNSATISFIABLE,UNSATISFIABLE,True,True,970,970,845,845,0.002144,0.002177,3.300000000000004e-05,True,True,True,True,True,
repeat=0|base=php_p7_h6|variant=perm_seed1730,0,php_p7_h6,perm_seed1730,1,1,UNSATISFIABLE,UNSATISFIABLE,True,True,913,913,812,812,0.002196,0.002198,1.9999999999998318e-06,True,True,True,True,True,
repeat=0|base=php_p7_h6|variant=perm_seed1731,0,php_p7_h6,perm_seed1731,1,1,UNSATISFIABLE,UNSATISFIABLE,True,True,1013,1013,877,877,0.001985,0.001991,6.000000000000363e-06,True,True,True,True,True,
repeat=0|base=php_p7_h6|variant=perm_seed1732,0,php_p7_h6,perm_seed1732,1,1,UNSATISFIABLE,UNSATISFIABLE,True,True,949,949,839,839,0.002132,0.002119,-1.3000000000000424e-05,True,True,True,True,True,
repeat=0|base=php_p7_h6|variant=perm_seed1733,0,php_p7_h6,perm_seed1733,1,1,UNSATISFIABLE,UNSATISFIABLE,True,True,937,937,837,837,0.002067,0.002092,2.5000000000000282e-05,True,True,True,True,True,
repeat=0|base=php_p7_h6|variant=perm_seed1734,0,php_p7_h6,perm_seed1734,1,1,UNSATISFIABLE,UNSATISFIABLE,True,True,893,893,821,821,0.002211,0.002241,3.000000000000008e-05,True,True,True,True,True,
repeat=0|base=php_p7_h6|variant=perm_seed1735,0,php_p7_h6,perm_seed1735,1,1,UNSATISFIABLE,UNSATISFIABLE,True,True,967,967,866,866,0.002143,0.002156,1.299999999999999e-05,True,True,True,True,True,
repeat=0|base=php_p7_h6|variant=perm_seed1736,0,php_p7_h6,perm_seed1736,1,1,UNSATISFIABLE,UNSATISFIABLE,True,True,891,891,832,832,0.002175,0.00229,0.00011500000000000008,True,True,True,True,True,
repeat=0|base=php_p7_h6|variant=perm_seed1737,0,php_p7_h6,perm_seed1737,1,1,UNSATISFIABLE,UNSATISFIABLE,True,True,935,935,832,832,0.002213,0.002179,-3.4000000000000176e-05,True,True,True,True,True,
repeat=0|base=php_p7_h6|variant=perm_seed1738,0,php_p7_h6,perm_seed1738,1,1,UNSATISFIABLE,UNSATISFIABLE,True,True,959,959,852,852,0.002226,0.002228,1.9999999999998318e-06,True,True,True,True,True,
repeat=0|base=php_p7_h6|variant=perm_seed1739,0,php_p7_h6,perm_seed1739,1,1,UNSATISFIABLE,UNSATISFIABLE,True,True,889,889,813,813,0.002247,0.002345,9.8e-05,True,True,True,True,True,
repeat=0|base=php_p7_h6|variant=perm_seed1740,0,php_p7_h6,perm_seed1740,1,1,UNSATISFIABLE,UNSATISFIABLE,True,True,938,938,850,850,0.002313,0.002299,-1.4000000000000123e-05,True,True,True,True,True,
repeat=0|base=php_p7_h6|variant=perm_seed1741,0,php_p7_h6,perm_seed1741,1,1,UNSATISFIABLE,UNSATISFIABLE,True,True,998,998,873,873,0.002244,0.002213,-3.099999999999978e-05,True,True,True,True,True,
repeat=0|base=php_p7_h6|variant=perm_seed1742,0,php_p7_h6,perm_seed1742,1,1,UNSATISFIABLE,UNSATISFIABLE,True,True,975,975,865,865,0.002009,0.002033,2.400000000000015e-05,True,True,True,True,True,
repeat=0|base=php_p7_h6|variant=perm_seed1743,0,php_p7_h6,perm_seed1743,1,1,UNSATISFIABLE,UNSATISFIABLE,True,True,971,971,852,852,0.002115,0.002131,1.5999999999999955e-05,True,True,True,True,True,
repeat=0|base=php_p7_h6|variant=perm_seed1744,0,php_p7_h6,perm_seed1744,1,1,UNSATISFIABLE,UNSATISFIABLE,True,True,912,912,833,833,0.00216,0.002113,-4.700000000000017e-05,True,True,True,True,True,
repeat=0|base=php_p7_h6|variant=perm_seed1745,0,php_p7_h6,perm_seed1745,1,1,UNSATISFIABLE,UNSATISFIABLE,True,True,967,967,854,854,0.002096,0.002137,4.0999999999999804e-05,True,True,True,True,True,
repeat=0|base=php_p8_h7|variant=base,0,php_p8_h7,base,1,1,UNSATISFIABLE,UNSATISFIABLE,True,True,6158,6158,5600,5600,0.01971,0.020837,0.001127000000000003,True,True,True,True,True,
repeat=0|base=php_p8_h7|variant=perm_seed1730,0,php_p8_h7,perm_seed1730,1,1,UNSATISFIABLE,UNSATISFIABLE,True,True,6138,6138,5624,5624,0.018551,0.01876,0.00020899999999999738,True,True,True,True,True,
repeat=0|base=php_p8_h7|variant=perm_seed1731,0,php_p8_h7,perm_seed1731,1,1,UNSATISFIABLE,UNSATISFIABLE,True,True,5800,5800,5271,5271,0.014498,0.015257,0.0007589999999999993,True,True,True,True,True,
repeat=0|base=php_p8_h7|variant=perm_seed1732,0,php_p8_h7,perm_seed1732,1,1,UNSATISFIABLE,UNSATISFIABLE,True,True,5924,5924,5469,5469,0.018243,0.018271,2.8000000000000247e-05,True,True,True,True,True,
repeat=0|base=php_p8_h7|variant=perm_seed1733,0,php_p8_h7,perm_seed1733,1,1,UNSATISFIABLE,UNSATISFIABLE,True,True,5998,5998,5468,5468,0.016732,0.017136,0.0004039999999999981,True,True,True,True,True,
repeat=0|base=php_p8_h7|variant=perm_seed1734,0,php_p8_h7,perm_seed1734,1,1,UNSATISFIABLE,UNSATISFIABLE,True,True,6065,6065,5514,5514,0.017866,0.016465,-0.0014009999999999995,True,True,True,True,True,
repeat=0|base=php_p8_h7|variant=perm_seed1735,0,php_p8_h7,perm_seed1735,1,1,UNSATISFIABLE,UNSATISFIABLE,True,True,6386,6386,5811,5811,0.016554,0.016402,-0.00015199999999999936,True,True,True,True,True,
repeat=0|base=php_p8_h7|variant=perm_seed1736,0,php_p8_h7,perm_seed1736,1,1,UNSATISFIABLE,UNSATISFIABLE,True,True,6265,6265,5729,5729,0.017498,0.017334,-0.00016400000000000095,True,True,True,True,True,
repeat=0|base=php_p8_h7|variant=perm_seed1737,0,php_p8_h7,perm_seed1737,1,1,UNSATISFIABLE,UNSATISFIABLE,True,True,5646,5646,5224,5224,0.017092,0.017263,0.000171000000000001,True,True,True,True,True,
repeat=0|base=php_p8_h7|variant=perm_seed1738,0,php_p8_h7,perm_seed1738,1,1,UNSATISFIABLE,UNSATISFIABLE,True,True,5875,5875,5336,5336,0.016942,0.016212,-0.000729999999999998,True,True,True,True,True,
repeat=0|base=php_p8_h7|variant=perm_seed1739,0,php_p8_h7,perm_seed1739,1,1,UNSATISFIABLE,UNSATISFIABLE,True,True,6199,6199,5714,5714,0.020011,0.018979,-0.0010320000000000017,True,True,True,True,True,
repeat=0|base=php_p8_h7|variant=perm_seed1740,0,php_p8_h7,perm_seed1740,1,1,UNSATISFIABLE,UNSATISFIABLE,True,True,5664,5664,5199,5199,0.016782,0.017036,0.00025400000000000075,True,True,True,True,True,
repeat=0|base=php_p8_h7|variant=perm_seed1741,0,php_p8_h7,perm_seed1741,1,1,UNSATISFIABLE,UNSATISFIABLE,True,True,6125,6125,5545,5545,0.018913,0.018709,-0.00020399999999999932,True,True,True,True,True,
repeat=0|base=php_p8_h7|variant=perm_seed1742,0,php_p8_h7,perm_seed1742,1,1,UNSATISFIABLE,UNSATISFIABLE,True,True,5850,5850,5407,5407,0.018364,0.017948,-0.0004159999999999997,True,True,True,True,True,
repeat=0|base=php_p8_h7|variant=perm_seed1743,0,php_p8_h7,perm_seed1743,1,1,UNSATISFIABLE,UNSATISFIABLE,True,True,6238,6238,5695,5695,0.018227,0.018491,0.00026400000000000035,True,True,True,True,True,
repeat=0|base=php_p8_h7|variant=perm_seed1744,0,php_p8_h7,perm_seed1744,1,1,UNSATISFIABLE,UNSATISFIABLE,True,True,6140,6140,5609,5609,0.017596,0.016941,-0.0006549999999999993,True,True,True,True,True,
repeat=0|base=php_p8_h7|variant=perm_seed1745,0,php_p8_h7,perm_seed1745,1,1,UNSATISFIABLE,UNSATISFIABLE,True,True,5774,5774,5262,5262,0.018948,0.018071,-0.0008769999999999993,True,True,True,True,True,
repeat=0|base=php_p9_h8|variant=base,0,php_p9_h8,base,1,1,UNSATISFIABLE,UNSATISFIABLE,True,True,46557,46557,43529,43529,0.260647,0.258834,-0.001813000000000009,True,True,True,True,True,
repeat=0|base=php_p9_h8|variant=perm_seed1730,0,php_p9_h8,perm_seed1730,1,1,UNSATISFIABLE,UNSATISFIABLE,True,True,39708,39708,36681,36681,0.179438,0.177061,-0.0023769999999999902,True,True,True,True,True,
repeat=0|base=php_p9_h8|variant=perm_seed1731,0,php_p9_h8,perm_seed1731,1,1,UNSATISFIABLE,UNSATISFIABLE,True,True,47177,47177,43763,43763,0.234854,0.232268,-0.002586000000000005,True,True,True,True,True,
repeat=0|base=php_p9_h8|variant=perm_seed1732,0,php_p9_h8,perm_seed1732,1,1,UNSATISFIABLE,UNSATISFIABLE,True,True,42631,42631,39886,39886,0.238551,0.234888,-0.0036629999999999996,True,True,True,True,True,
repeat=0|base=php_p9_h8|variant=perm_seed1733,0,php_p9_h8,perm_seed1733,1,1,UNSATISFIABLE,UNSATISFIABLE,True,True,40549,40549,37474,37474,0.202136,0.200421,-0.001715000000000022,True,True,True,True,True,
repeat=0|base=php_p9_h8|variant=perm_seed1734,0,php_p9_h8,perm_seed1734,1,1,UNSATISFIABLE,UNSATISFIABLE,True,True,38155,38155,35575,35575,0.196265,0.194236,-0.002029000000000003,True,True,True,True,True,
repeat=0|base=php_p9_h8|variant=perm_seed1735,0,php_p9_h8,perm_seed1735,1,1,UNSATISFIABLE,UNSATISFIABLE,True,True,38038,38038,34825,34825,0.169589,0.167012,-0.002576999999999996,True,True,True,True,True,
repeat=0|base=php_p9_h8|variant=perm_seed1736,0,php_p9_h8,perm_seed1736,1,1,UNSATISFIABLE,UNSATISFIABLE,True,True,37635,37635,34827,34827,0.179088,0.181454,0.002366000000000007,True,True,True,True,True,
repeat=0|base=php_p9_h8|variant=perm_seed1737,0,php_p9_h8,perm_seed1737,1,1,UNSATISFIABLE,UNSATISFIABLE,True,True,34889,34889,32493,32493,0.185554,0.186641,0.0010870000000000046,True,True,True,True,True,
repeat=0|base=php_p9_h8|variant=perm_seed1738,0,php_p9_h8,perm_seed1738,1,1,UNSATISFIABLE,UNSATISFIABLE,True,True,44410,44410,41150,41150,0.210047,0.202723,-0.007324000000000025,True,True,True,True,True,
repeat=0|base=php_p9_h8|variant=perm_seed1739,0,php_p9_h8,perm_seed1739,1,1,UNSATISFIABLE,UNSATISFIABLE,True,True,38390,38390,35458,35458,0.199322,0.197208,-0.0021140000000000048,True,True,True,True,True,
repeat=0|base=php_p9_h8|variant=perm_seed1740,0,php_p9_h8,perm_seed1740,1,1,UNSATISFIABLE,UNSATISFIABLE,True,True,45308,45308,42027,42027,0.239091,0.234993,-0.0040979999999999905,True,True,True,True,True,
repeat=0|base=php_p9_h8|variant=perm_seed1741,0,php_p9_h8,perm_seed1741,1,1,UNSATISFIABLE,UNSATISFIABLE,True,True,44335,44335,41422,41422,0.252891,0.249079,-0.003811999999999982,True,True,True,True,True,
repeat=0|base=php_p9_h8|variant=perm_seed1742,0,php_p9_h8,perm_seed1742,1,1,UNSATISFIABLE,UNSATISFIABLE,True,True,35433,35433,33046,33046,0.181181,0.180522,-0.0006590000000000207,True,True,True,True,True,
repeat=0|base=php_p9_h8|variant=perm_seed1743,0,php_p9_h8,perm_seed1743,1,1,UNSATISFIABLE,UNSATISFIABLE,True,True,42142,42142,39194,39194,0.209111,0.205781,-0.0033299999999999996,True,True,True,True,True,
repeat=0|base=php_p9_h8|variant=perm_seed1744,0,php_p9_h8,perm_seed1744,1,1,UNSATISFIABLE,UNSATISFIABLE,True,True,38390,38390,35980,35980,0.225382,0.222257,-0.003124999999999989,True,True,True,True,True,
repeat=0|base=php_p9_h8|variant=perm_seed1745,0,php_p9_h8,perm_seed1745,1,1,UNSATISFIABLE,UNSATISFIABLE,True,True,39580,39580,36681,36681,0.207229,0.20386,-0.003368999999999983,True,True,True,True,True,
repeat=0|base=random_3sat_control_v100_c360_seed1931|variant=base,0,random_3sat_control_v100_c360_seed1931,base,1,1,SATISFIABLE,SATISFIABLE,True,True,39,39,9,9,0.000734,0.000771,3.700000000000003e-05,True,True,True,True,True,
repeat=0|base=random_3sat_control_v100_c360_seed1931|variant=perm_seed1730,0,random_3sat_control_v100_c360_seed1931,perm_seed1730,1,1,SATISFIABLE,SATISFIABLE,True,True,60,60,27,27,0.000736,0.000763,2.7000000000000006e-05,True,True,True,True,True,
repeat=0|base=random_3sat_control_v100_c360_seed1931|variant=perm_seed1731,0,random_3sat_control_v100_c360_seed1931,perm_seed1731,1,1,SATISFIABLE,SATISFIABLE,True,True,120,120,81,81,0.000877,0.000882,5.000000000000013e-06,True,True,True,True,True,
repeat=0|base=random_3sat_control_v100_c360_seed1931|variant=perm_seed1732,0,random_3sat_control_v100_c360_seed1931,perm_seed1732,1,1,SATISFIABLE,SATISFIABLE,True,True,183,183,148,148,0.000987,0.001006,1.899999999999992e-05,True,True,True,True,True,
repeat=0|base=random_3sat_control_v100_c360_seed1931|variant=perm_seed1733,0,random_3sat_control_v100_c360_seed1931,perm_seed1733,1,1,SATISFIABLE,SATISFIABLE,True,True,114,114,79,79,0.000843,0.000954,0.00011099999999999999,True,True,True,True,True,
repeat=0|base=random_3sat_control_v100_c360_seed1931|variant=perm_seed1734,0,random_3sat_control_v100_c360_seed1931,perm_seed1734,1,1,SATISFIABLE,SATISFIABLE,True,True,72,72,38,38,0.000804,0.000803,-1.0000000000000243e-06,True,True,True,True,True,
repeat=0|base=random_3sat_control_v100_c360_seed1931|variant=perm_seed1735,0,random_3sat_control_v100_c360_seed1931,perm_seed1735,1,1,SATISFIABLE,SATISFIABLE,True,True,42,42,5,5,0.000741,0.000755,1.4000000000000015e-05,True,True,True,True,True,
repeat=0|base=random_3sat_control_v100_c360_seed1931|variant=perm_seed1736,0,random_3sat_control_v100_c360_seed1931,perm_seed1736,1,1,SATISFIABLE,SATISFIABLE,True,True,34,34,6,6,0.000764,0.000739,-2.5000000000000066e-05,True,True,True,True,True,
repeat=0|base=random_3sat_control_v100_c360_seed1931|variant=perm_seed1737,0,random_3sat_control_v100_c360_seed1931,perm_seed1737,1,1,SATISFIABLE,SATISFIABLE,True,True,29,29,2,2,0.000709,0.000715,6.000000000000037e-06,True,True,True,True,True,
repeat=0|base=random_3sat_control_v100_c360_seed1931|variant=perm_seed1738,0,random_3sat_control_v100_c360_seed1931,perm_seed1738,1,1,SATISFIABLE,SATISFIABLE,True,True,47,47,21,21,0.000798,0.000854,5.600000000000006e-05,True,True,True,True,True,
repeat=0|base=random_3sat_control_v100_c360_seed1931|variant=perm_seed1739,0,random_3sat_control_v100_c360_seed1931,perm_seed1739,1,1,SATISFIABLE,SATISFIABLE,True,True,30,30,2,2,0.000705,0.000752,4.699999999999995e-05,True,True,True,True,True,
repeat=0|base=random_3sat_control_v100_c360_seed1931|variant=perm_seed1740,0,random_3sat_control_v100_c360_seed1931,perm_seed1740,1,1,SATISFIABLE,SATISFIABLE,True,True,89,89,56,56,0.001001,0.000927,-7.399999999999996e-05,True,True,True,True,True,
repeat=0|base=random_3sat_control_v100_c360_seed1931|variant=perm_seed1741,0,random_3sat_control_v100_c360_seed1931,perm_seed1741,1,1,SATISFIABLE,SATISFIABLE,True,True,48,48,16,16,0.000758,0.000789,3.0999999999999995e-05,True,True,True,True,True,
repeat=0|base=random_3sat_control_v100_c360_seed1931|variant=perm_seed1742,0,random_3sat_control_v100_c360_seed1931,perm_seed1742,1,1,SATISFIABLE,SATISFIABLE,True,True,30,30,5,5,0.000814,0.00079,-2.400000000000004e-05,True,True,True,True,True,
repeat=0|base=random_3sat_control_v100_c360_seed1931|variant=perm_seed1743,0,random_3sat_control_v100_c360_seed1931,perm_seed1743,1,1,SATISFIABLE,SATISFIABLE,True,True,49,49,16,16,0.000729,0.000923,0.00019399999999999995,True,True,True,True,True,
repeat=0|base=random_3sat_control_v100_c360_seed1931|variant=perm_seed1744,0,random_3sat_control_v100_c360_seed1931,perm_seed1744,1,1,SATISFIABLE,SATISFIABLE,True,True,72,72,32,32,0.000917,0.000845,-7.199999999999991e-05,True,True,True,True,True,
repeat=0|base=random_3sat_control_v100_c360_seed1931|variant=perm_seed1745,0,random_3sat_control_v100_c360_seed1931,perm_seed1745,1,1,SATISFIABLE,SATISFIABLE,True,True,39,39,19,19,0.001003,0.000791,-0.00021199999999999995,True,True,True,True,True,
repeat=0|base=random_3sat_control_v100_c425_seed1932|variant=base,0,random_3sat_control_v100_c425_seed1932,base,1,1,UNSATISFIABLE,UNSATISFIABLE,True,True,1295,1295,1100,1100,0.003417,0.00346,4.300000000000007e-05,True,True,True,True,True,
repeat=0|base=random_3sat_control_v100_c425_seed1932|variant=perm_seed1730,0,random_3sat_control_v100_c425_seed1932,perm_seed1730,1,1,UNSATISFIABLE,UNSATISFIABLE,True,True,924,924,801,801,0.002442,0.002567,0.00012499999999999968,True,True,True,True,True,
repeat=0|base=random_3sat_control_v100_c425_seed1932|variant=perm_seed1731,0,random_3sat_control_v100_c425_seed1932,perm_seed1731,1,1,UNSATISFIABLE,UNSATISFIABLE,True,True,1368,1368,1209,1209,0.003766,0.003756,-1.0000000000000026e-05,True,True,True,True,True,
repeat=0|base=random_3sat_control_v100_c425_seed1932|variant=perm_seed1732,0,random_3sat_control_v100_c425_seed1932,perm_seed1732,1,1,UNSATISFIABLE,UNSATISFIABLE,True,True,889,889,751,751,0.002333,0.002318,-1.4999999999999823e-05,True,True,True,True,True,
repeat=0|base=random_3sat_control_v100_c425_seed1932|variant=perm_seed1733,0,random_3sat_control_v100_c425_seed1932,perm_seed1733,1,1,UNSATISFIABLE,UNSATISFIABLE,True,True,1248,1248,1070,1070,0.003104,0.003122,1.800000000000022e-05,True,True,True,True,True,
repeat=0|base=random_3sat_control_v100_c425_seed1932|variant=perm_seed1734,0,random_3sat_control_v100_c425_seed1932,perm_seed1734,1,1,UNSATISFIABLE,UNSATISFIABLE,True,True,815,815,686,686,0.002071,0.002175,0.00010399999999999993,True,True,True,True,True,
repeat=0|base=random_3sat_control_v100_c425_seed1932|variant=perm_seed1735,0,random_3sat_control_v100_c425_seed1932,perm_seed1735,1,1,UNSATISFIABLE,UNSATISFIABLE,True,True,1114,1114,958,958,0.002801,0.003215,0.00041399999999999987,True,True,True,True,True,
repeat=0|base=random_3sat_control_v100_c425_seed1932|variant=perm_seed1736,0,random_3sat_control_v100_c425_seed1932,perm_seed1736,1,1,UNSATISFIABLE,UNSATISFIABLE,True,True,1068,1068,936,936,0.003458,0.003003,-0.0004550000000000001,True,True,True,True,True,
repeat=0|base=random_3sat_control_v100_c425_seed1932|variant=perm_seed1737,0,random_3sat_control_v100_c425_seed1932,perm_seed1737,1,1,UNSATISFIABLE,UNSATISFIABLE,True,True,1265,1265,1083,1083,0.0034,0.003209,-0.00019099999999999976,True,True,True,True,True,
repeat=0|base=random_3sat_control_v100_c425_seed1932|variant=perm_seed1738,0,random_3sat_control_v100_c425_seed1932,perm_seed1738,1,1,UNSATISFIABLE,UNSATISFIABLE,True,True,995,995,860,860,0.00268,0.002671,-8.999999999999894e-06,True,True,True,True,True,
repeat=0|base=random_3sat_control_v100_c425_seed1932|variant=perm_seed1739,0,random_3sat_control_v100_c425_seed1932,perm_seed1739,1,1,UNSATISFIABLE,UNSATISFIABLE,True,True,1222,1222,1057,1057,0.003088,0.003084,-4.000000000000097e-06,True,True,True,True,True,
repeat=0|base=random_3sat_control_v100_c425_seed1932|variant=perm_seed1740,0,random_3sat_control_v100_c425_seed1932,perm_seed1740,1,1,UNSATISFIABLE,UNSATISFIABLE,True,True,1232,1232,1053,1053,0.00319,0.00329,9.999999999999983e-05,True,True,True,True,True,
repeat=0|base=random_3sat_control_v100_c425_seed1932|variant=perm_seed1741,0,random_3sat_control_v100_c425_seed1932,perm_seed1741,1,1,UNSATISFIABLE,UNSATISFIABLE,True,True,1256,1256,1113,1113,0.003312,0.003341,2.8999999999999946e-05,True,True,True,True,True,
repeat=0|base=random_3sat_control_v100_c425_seed1932|variant=perm_seed1742,0,random_3sat_control_v100_c425_seed1932,perm_seed1742,1,1,UNSATISFIABLE,UNSATISFIABLE,True,True,1404,1404,1195,1195,0.003521,0.003576,5.500000000000036e-05,True,True,True,True,True,
repeat=0|base=random_3sat_control_v100_c425_seed1932|variant=perm_seed1743,0,random_3sat_control_v100_c425_seed1932,perm_seed1743,1,1,UNSATISFIABLE,UNSATISFIABLE,True,True,1514,1514,1318,1318,0.003984,0.004033,4.900000000000043e-05,True,True,True,True,True,
repeat=0|base=random_3sat_control_v100_c425_seed1932|variant=perm_seed1744,0,random_3sat_control_v100_c425_seed1932,perm_seed1744,1,1,UNSATISFIABLE,UNSATISFIABLE,True,True,865,865,716,716,0.002342,0.002337,-4.999999999999796e-06,True,True,True,True,True,
repeat=0|base=random_3sat_control_v100_c425_seed1932|variant=perm_seed1745,0,random_3sat_control_v100_c425_seed1932,perm_seed1745,1,1,UNSATISFIABLE,UNSATISFIABLE,True,True,805,805,716,716,0.002214,0.002214,0.0,True,True,True,True,True,
repeat=0|base=random_3sat_control_v100_c600_seed1914|variant=base,0,random_3sat_control_v100_c600_seed1914,base,1,1,UNSATISFIABLE,UNSATISFIABLE,True,True,178,178,148,148,0.000998,0.001051,5.3000000000000096e-05,True,True,True,True,True,
repeat=0|base=random_3sat_control_v100_c600_seed1914|variant=perm_seed1730,0,random_3sat_control_v100_c600_seed1914,perm_seed1730,1,1,UNSATISFIABLE,UNSATISFIABLE,True,True,327,327,284,284,0.001282,0.001271,-1.0999999999999942e-05,True,True,True,True,True,
repeat=0|base=random_3sat_control_v100_c600_seed1914|variant=perm_seed1731,0,random_3sat_control_v100_c600_seed1914,perm_seed1731,1,1,UNSATISFIABLE,UNSATISFIABLE,True,True,250,250,203,203,0.001112,0.001117,5.000000000000013e-06,True,True,True,True,True,
repeat=0|base=random_3sat_control_v100_c600_seed1914|variant=perm_seed1732,0,random_3sat_control_v100_c600_seed1914,perm_seed1732,1,1,UNSATISFIABLE,UNSATISFIABLE,True,True,176,176,152,152,0.001057,0.00111,5.3000000000000096e-05,True,True,True,True,True,
repeat=0|base=random_3sat_control_v100_c600_seed1914|variant=perm_seed1733,0,random_3sat_control_v100_c600_seed1914,perm_seed1733,1,1,UNSATISFIABLE,UNSATISFIABLE,True,True,283,283,255,255,0.001178,0.001213,3.500000000000009e-05,True,True,True,True,True,
repeat=0|base=random_3sat_control_v100_c600_seed1914|variant=perm_seed1734,0,random_3sat_control_v100_c600_seed1914,perm_seed1734,1,1,UNSATISFIABLE,UNSATISFIABLE,True,True,197,197,171,171,0.001054,0.001127,7.299999999999993e-05,True,True,True,True,True,
repeat=0|base=random_3sat_control_v100_c600_seed1914|variant=perm_seed1735,0,random_3sat_control_v100_c600_seed1914,perm_seed1735,1,1,UNSATISFIABLE,UNSATISFIABLE,True,True,124,124,110,110,0.000959,0.000989,3.000000000000008e-05,True,True,True,True,True,
repeat=0|base=random_3sat_control_v100_c600_seed1914|variant=perm_seed1736,0,random_3sat_control_v100_c600_seed1914,perm_seed1736,1,1,UNSATISFIABLE,UNSATISFIABLE,True,True,194,194,166,166,0.001074,0.001176,0.00010199999999999988,True,True,True,True,True,
repeat=0|base=random_3sat_control_v100_c600_seed1914|variant=perm_seed1737,0,random_3sat_control_v100_c600_seed1914,perm_seed1737,1,1,UNSATISFIABLE,UNSATISFIABLE,True,True,172,172,150,150,0.000987,0.001132,0.00014499999999999995,True,True,True,True,True,
repeat=0|base=random_3sat_control_v100_c600_seed1914|variant=perm_seed1738,0,random_3sat_control_v100_c600_seed1914,perm_seed1738,1,1,UNSATISFIABLE,UNSATISFIABLE,True,True,189,189,173,173,0.001101,0.001093,-7.999999999999978e-06,True,True,True,True,True,
repeat=0|base=random_3sat_control_v100_c600_seed1914|variant=perm_seed1739,0,random_3sat_control_v100_c600_seed1914,perm_seed1739,1,1,UNSATISFIABLE,UNSATISFIABLE,True,True,190,190,161,161,0.001092,0.001082,-1.0000000000000026e-05,True,True,True,True,True,
repeat=0|base=random_3sat_control_v100_c600_seed1914|variant=perm_seed1740,0,random_3sat_control_v100_c600_seed1914,perm_seed1740,1,1,UNSATISFIABLE,UNSATISFIABLE,True,True,231,231,201,201,0.001132,0.001173,4.100000000000002e-05,True,True,True,True,True,
repeat=0|base=random_3sat_control_v100_c600_seed1914|variant=perm_seed1741,0,random_3sat_control_v100_c600_seed1914,perm_seed1741,1,1,UNSATISFIABLE,UNSATISFIABLE,True,True,193,193,168,168,0.001058,0.001076,1.8000000000000004e-05,True,True,True,True,True,
repeat=0|base=random_3sat_control_v100_c600_seed1914|variant=perm_seed1742,0,random_3sat_control_v100_c600_seed1914,perm_seed1742,1,1,UNSATISFIABLE,UNSATISFIABLE,True,True,182,182,157,157,0.001101,0.001097,-3.99999999999988e-06,True,True,True,True,True,
repeat=0|base=random_3sat_control_v100_c600_seed1914|variant=perm_seed1743,0,random_3sat_control_v100_c600_seed1914,perm_seed1743,1,1,UNSATISFIABLE,UNSATISFIABLE,True,True,130,130,109,109,0.001012,0.001093,8.099999999999991e-05,True,True,True,True,True,
repeat=0|base=random_3sat_control_v100_c600_seed1914|variant=perm_seed1744,0,random_3sat_control_v100_c600_seed1914,perm_seed1744,1,1,UNSATISFIABLE,UNSATISFIABLE,True,True,215,215,193,193,0.001164,0.001141,-2.3000000000000017e-05,True,True,True,True,True,
repeat=0|base=random_3sat_control_v100_c600_seed1914|variant=perm_seed1745,0,random_3sat_control_v100_c600_seed1914,perm_seed1745,1,1,UNSATISFIABLE,UNSATISFIABLE,True,True,153,153,133,133,0.001,0.001002,2.0000000000000486e-06,True,True,True,True,True,
repeat=0|base=random_3sat_control_v120_c420_seed1933|variant=base,0,random_3sat_control_v120_c420_seed1933,base,1,1,SATISFIABLE,SATISFIABLE,True,True,135,135,79,79,0.000903,0.00092,1.699999999999998e-05,True,True,True,True,True,
repeat=0|base=random_3sat_control_v120_c420_seed1933|variant=perm_seed1730,0,random_3sat_control_v120_c420_seed1933,perm_seed1730,1,1,SATISFIABLE,SATISFIABLE,True,True,52,52,12,12,0.000752,0.000765,1.299999999999999e-05,True,True,True,True,True,
repeat=0|base=random_3sat_control_v120_c420_seed1933|variant=perm_seed1731,0,random_3sat_control_v120_c420_seed1933,perm_seed1731,1,1,SATISFIABLE,SATISFIABLE,True,True,192,192,126,126,0.001025,0.001042,1.699999999999987e-05,True,True,True,True,True,
repeat=0|base=random_3sat_control_v120_c420_seed1933|variant=perm_seed1732,0,random_3sat_control_v120_c420_seed1933,perm_seed1732,1,1,SATISFIABLE,SATISFIABLE,True,True,36,36,0,0,0.000795,0.00103,0.00023500000000000007,True,True,True,True,True,
repeat=0|base=random_3sat_control_v120_c420_seed1933|variant=perm_seed1733,0,random_3sat_control_v120_c420_seed1933,perm_seed1733,1,1,SATISFIABLE,SATISFIABLE,True,True,38,38,5,5,0.000806,0.000941,0.00013500000000000003,True,True,True,True,True,
repeat=0|base=random_3sat_control_v120_c420_seed1933|variant=perm_seed1734,0,random_3sat_control_v120_c420_seed1933,perm_seed1734,1,1,SATISFIABLE,SATISFIABLE,True,True,138,138,90,90,0.001163,0.001108,-5.499999999999993e-05,True,True,True,True,True,
repeat=0|base=random_3sat_control_v120_c420_seed1933|variant=perm_seed1735,0,random_3sat_control_v120_c420_seed1933,perm_seed1735,1,1,SATISFIABLE,SATISFIABLE,True,True,32,32,0,0,0.000842,0.000908,6.599999999999998e-05,True,True,True,True,True,
repeat=0|base=random_3sat_control_v120_c420_seed1933|variant=perm_seed1736,0,random_3sat_control_v120_c420_seed1933,perm_seed1736,1,1,SATISFIABLE,SATISFIABLE,True,True,30,30,6,6,0.000902,0.000835,-6.7e-05,True,True,True,True,True,
repeat=0|base=random_3sat_control_v120_c420_seed1933|variant=perm_seed1737,0,random_3sat_control_v120_c420_seed1933,perm_seed1737,1,1,SATISFIABLE,SATISFIABLE,True,True,56,56,24,24,0.000973,0.001064,9.100000000000004e-05,True,True,True,True,True,
repeat=0|base=random_3sat_control_v120_c420_seed1933|variant=perm_seed1738,0,random_3sat_control_v120_c420_seed1933,perm_seed1738,1,1,SATISFIABLE,SATISFIABLE,True,True,37,37,0,0,0.000958,0.000904,-5.400000000000001e-05,True,True,True,True,True,
repeat=0|base=random_3sat_control_v120_c420_seed1933|variant=perm_seed1739,0,random_3sat_control_v120_c420_seed1933,perm_seed1739,1,1,SATISFIABLE,SATISFIABLE,True,True,39,39,1,1,0.000873,0.000801,-7.200000000000002e-05,True,True,True,True,True,
repeat=0|base=random_3sat_control_v120_c420_seed1933|variant=perm_seed1740,0,random_3sat_control_v120_c420_seed1933,perm_seed1740,1,1,SATISFIABLE,SATISFIABLE,True,True,31,31,1,1,0.000793,0.0009,0.000107,True,True,True,True,True,
repeat=0|base=random_3sat_control_v120_c420_seed1933|variant=perm_seed1741,0,random_3sat_control_v120_c420_seed1933,perm_seed1741,1,1,SATISFIABLE,SATISFIABLE,True,True,111,111,57,57,0.000859,0.001018,0.00015900000000000007,True,True,True,True,True,
repeat=0|base=random_3sat_control_v120_c420_seed1933|variant=perm_seed1742,0,random_3sat_control_v120_c420_seed1933,perm_seed1742,1,1,SATISFIABLE,SATISFIABLE,True,True,33,33,10,10,0.000856,0.000788,-6.800000000000003e-05,True,True,True,True,True,
repeat=0|base=random_3sat_control_v120_c420_seed1933|variant=perm_seed1743,0,random_3sat_control_v120_c420_seed1933,perm_seed1743,1,1,SATISFIABLE,SATISFIABLE,True,True,72,72,25,25,0.000822,0.000862,3.9999999999999996e-05,True,True,True,True,True,
repeat=0|base=random_3sat_control_v120_c420_seed1933|variant=perm_seed1744,0,random_3sat_control_v120_c420_seed1933,perm_seed1744,1,1,SATISFIABLE,SATISFIABLE,True,True,86,86,33,33,0.000846,0.000878,3.200000000000002e-05,True,True,True,True,True,
repeat=0|base=random_3sat_control_v120_c420_seed1933|variant=perm_seed1745,0,random_3sat_control_v120_c420_seed1933,perm_seed1745,1,1,SATISFIABLE,SATISFIABLE,True,True,42,42,4,4,0.000795,0.000775,-2.0000000000000052e-05,True,True,True,True,True,
repeat=0|base=random_3sat_control_v120_c510_seed1934|variant=base,0,random_3sat_control_v120_c510_seed1934,base,1,1,SATISFIABLE,SATISFIABLE,True,True,243,243,196,196,0.001236,0.001224,-1.1999999999999858e-05,True,True,True,True,True,
repeat=0|base=random_3sat_control_v120_c510_seed1934|variant=perm_seed1730,0,random_3sat_control_v120_c510_seed1934,perm_seed1730,1,1,SATISFIABLE,SATISFIABLE,True,True,780,780,644,644,0.002393,0.002382,-1.1000000000000159e-05,True,True,True,True,True,
repeat=0|base=random_3sat_control_v120_c510_seed1934|variant=perm_seed1731,0,random_3sat_control_v120_c510_seed1934,perm_seed1731,1,1,SATISFIABLE,SATISFIABLE,True,True,758,758,654,654,0.002357,0.002472,0.00011499999999999965,True,True,True,True,True,
repeat=0|base=random_3sat_control_v120_c510_seed1934|variant=perm_seed1732,0,random_3sat_control_v120_c510_seed1934,perm_seed1732,1,1,SATISFIABLE,SATISFIABLE,True,True,1356,1356,1182,1182,0.004173,0.003861,-0.0003119999999999998,True,True,True,True,True,
repeat=0|base=random_3sat_control_v120_c510_seed1934|variant=perm_seed1733,0,random_3sat_control_v120_c510_seed1934,perm_seed1733,1,1,SATISFIABLE,SATISFIABLE,True,True,613,613,519,519,0.002035,0.002067,3.199999999999991e-05,True,True,True,True,True,
repeat=0|base=random_3sat_control_v120_c510_seed1934|variant=perm_seed1734,0,random_3sat_control_v120_c510_seed1934,perm_seed1734,1,1,SATISFIABLE,SATISFIABLE,True,True,1348,1348,1164,1164,0.003802,0.00395,0.00014800000000000056,True,True,True,True,True,
repeat=0|base=random_3sat_control_v120_c510_seed1934|variant=perm_seed1735,0,random_3sat_control_v120_c510_seed1934,perm_seed1735,1,1,SATISFIABLE,SATISFIABLE,True,True,923,923,763,763,0.002691,0.002716,2.5000000000000282e-05,True,True,True,True,True,
repeat=0|base=random_3sat_control_v120_c510_seed1934|variant=perm_seed1736,0,random_3sat_control_v120_c510_seed1934,perm_seed1736,1,1,SATISFIABLE,SATISFIABLE,True,True,316,316,239,239,0.001297,0.001314,1.7000000000000088e-05,True,True,True,True,True,
repeat=0|base=random_3sat_control_v120_c510_seed1934|variant=perm_seed1737,0,random_3sat_control_v120_c510_seed1934,perm_seed1737,1,1,SATISFIABLE,SATISFIABLE,True,True,1069,1069,900,900,0.003049,0.003147,9.8e-05,True,True,True,True,True,
repeat=0|base=random_3sat_control_v120_c510_seed1934|variant=perm_seed1738,0,random_3sat_control_v120_c510_seed1934,perm_seed1738,1,1,SATISFIABLE,SATISFIABLE,True,True,1313,1313,1140,1140,0.004011,0.003708,-0.0003029999999999999,True,True,True,True,True,
repeat=0|base=random_3sat_control_v120_c510_seed1934|variant=perm_seed1739,0,random_3sat_control_v120_c510_seed1934,perm_seed1739,1,1,SATISFIABLE,SATISFIABLE,True,True,1230,1230,1051,1051,0.00344,0.003381,-5.9000000000000025e-05,True,True,True,True,True,
repeat=0|base=random_3sat_control_v120_c510_seed1934|variant=perm_seed1740,0,random_3sat_control_v120_c510_seed1934,perm_seed1740,1,1,SATISFIABLE,SATISFIABLE,True,True,741,741,619,619,0.002301,0.002399,9.8e-05,True,True,True,True,True,
repeat=0|base=random_3sat_control_v120_c510_seed1934|variant=perm_seed1741,0,random_3sat_control_v120_c510_seed1934,perm_seed1741,1,1,SATISFIABLE,SATISFIABLE,True,True,854,854,708,708,0.002492,0.002511,1.9000000000000353e-05,True,True,True,True,True,
repeat=0|base=random_3sat_control_v120_c510_seed1934|variant=perm_seed1742,0,random_3sat_control_v120_c510_seed1934,perm_seed1742,1,1,SATISFIABLE,SATISFIABLE,True,True,807,807,686,686,0.002479,0.002447,-3.199999999999991e-05,True,True,True,True,True,
repeat=0|base=random_3sat_control_v120_c510_seed1934|variant=perm_seed1743,0,random_3sat_control_v120_c510_seed1934,perm_seed1743,1,1,SATISFIABLE,SATISFIABLE,True,True,1021,1021,858,858,0.003273,0.003359,8.600000000000014e-05,True,True,True,True,True,
repeat=0|base=random_3sat_control_v120_c510_seed1934|variant=perm_seed1744,0,random_3sat_control_v120_c510_seed1934,perm_seed1744,1,1,SATISFIABLE,SATISFIABLE,True,True,440,440,352,352,0.002281,0.001815,-0.00046600000000000005,True,True,True,True,True,
repeat=0|base=random_3sat_control_v120_c510_seed1934|variant=perm_seed1745,0,random_3sat_control_v120_c510_seed1934,perm_seed1745,1,1,SATISFIABLE,SATISFIABLE,True,True,682,682,589,589,0.002146,0.002197,5.1000000000000264e-05,True,True,True,True,True,
repeat=0|base=random_3sat_control_v140_c595_seed1935|variant=base,0,random_3sat_control_v140_c595_seed1935,base,1,1,UNSATISFIABLE,UNSATISFIABLE,True,True,3075,3075,2591,2591,0.008557,0.008643,8.599999999999927e-05,True,True,True,True,True,
repeat=0|base=random_3sat_control_v140_c595_seed1935|variant=perm_seed1730,0,random_3sat_control_v140_c595_seed1935,perm_seed1730,1,1,UNSATISFIABLE,UNSATISFIABLE,True,True,4309,4309,3607,3607,0.013499,0.013637,0.00013799999999999923,True,True,True,True,True,
repeat=0|base=random_3sat_control_v140_c595_seed1935|variant=perm_seed1731,0,random_3sat_control_v140_c595_seed1935,perm_seed1731,1,1,UNSATISFIABLE,UNSATISFIABLE,True,True,4589,4589,3950,3950,0.014315,0.014396,8.100000000000121e-05,True,True,True,True,True,
repeat=0|base=random_3sat_control_v140_c595_seed1935|variant=perm_seed1732,0,random_3sat_control_v140_c595_seed1935,perm_seed1732,1,1,UNSATISFIABLE,UNSATISFIABLE,True,True,3477,3477,2986,2986,0.010501,0.010679,0.00017799999999999934,True,True,True,True,True,
repeat=0|base=random_3sat_control_v140_c595_seed1935|variant=perm_seed1733,0,random_3sat_control_v140_c595_seed1935,perm_seed1733,1,1,UNSATISFIABLE,UNSATISFIABLE,True,True,3288,3288,2769,2769,0.008473,0.008643,0.00017,True,True,True,True,True,
repeat=0|base=random_3sat_control_v140_c595_seed1935|variant=perm_seed1734,0,random_3sat_control_v140_c595_seed1935,perm_seed1734,1,1,UNSATISFIABLE,UNSATISFIABLE,True,True,3521,3521,2997,2997,0.009758,0.009865,0.00010700000000000119,True,True,True,True,True,
repeat=0|base=random_3sat_control_v140_c595_seed1935|variant=perm_seed1735,0,random_3sat_control_v140_c595_seed1935,perm_seed1735,1,1,UNSATISFIABLE,UNSATISFIABLE,True,True,3414,3414,2941,2941,0.009783,0.00979,7.000000000000062e-06,True,True,True,True,True,
repeat=0|base=random_3sat_control_v140_c595_seed1935|variant=perm_seed1736,0,random_3sat_control_v140_c595_seed1935,perm_seed1736,1,1,UNSATISFIABLE,UNSATISFIABLE,True,True,3531,3531,3024,3024,0.010254,0.010275,2.1000000000000185e-05,True,True,True,True,True,
repeat=0|base=random_3sat_control_v140_c595_seed1935|variant=perm_seed1737,0,random_3sat_control_v140_c595_seed1935,perm_seed1737,1,1,UNSATISFIABLE,UNSATISFIABLE,True,True,3490,3490,2973,2973,0.009841,0.009968,0.00012699999999999864,True,True,True,True,True,
repeat=0|base=random_3sat_control_v140_c595_seed1935|variant=perm_seed1738,0,random_3sat_control_v140_c595_seed1935,perm_seed1738,1,1,UNSATISFIABLE,UNSATISFIABLE,True,True,3180,3180,2682,2682,0.009233,0.009478,0.0002450000000000004,True,True,True,True,True,
repeat=0|base=random_3sat_control_v140_c595_seed1935|variant=perm_seed1739,0,random_3sat_control_v140_c595_seed1935,perm_seed1739,1,1,UNSATISFIABLE,UNSATISFIABLE,True,True,3928,3928,3329,3329,0.010974,0.011081,0.00010700000000000119,True,True,True,True,True,
repeat=0|base=random_3sat_control_v140_c595_seed1935|variant=perm_seed1740,0,random_3sat_control_v140_c595_seed1935,perm_seed1740,1,1,UNSATISFIABLE,UNSATISFIABLE,True,True,2789,2789,2362,2362,0.008177,0.008218,4.099999999999937e-05,True,True,True,True,True,
repeat=0|base=random_3sat_control_v140_c595_seed1935|variant=perm_seed1741,0,random_3sat_control_v140_c595_seed1935,perm_seed1741,1,1,UNSATISFIABLE,UNSATISFIABLE,True,True,3699,3699,3145,3145,0.010865,0.012881,0.0020160000000000004,True,True,True,True,True,
repeat=0|base=random_3sat_control_v140_c595_seed1935|variant=perm_seed1742,0,random_3sat_control_v140_c595_seed1935,perm_seed1742,1,1,UNSATISFIABLE,UNSATISFIABLE,True,True,2994,2994,2540,2540,0.008831,0.009171,0.00034,True,True,True,True,True,
repeat=0|base=random_3sat_control_v140_c595_seed1935|variant=perm_seed1743,0,random_3sat_control_v140_c595_seed1935,perm_seed1743,1,1,UNSATISFIABLE,UNSATISFIABLE,True,True,3045,3045,2579,2579,0.008831,0.009278,0.0004469999999999995,True,True,True,True,True,
repeat=0|base=random_3sat_control_v140_c595_seed1935|variant=perm_seed1744,0,random_3sat_control_v140_c595_seed1935,perm_seed1744,1,1,UNSATISFIABLE,UNSATISFIABLE,True,True,3721,3721,3205,3205,0.011143,0.012632,0.0014890000000000007,True,True,True,True,True,
repeat=0|base=random_3sat_control_v140_c595_seed1935|variant=perm_seed1745,0,random_3sat_control_v140_c595_seed1935,perm_seed1745,1,1,UNSATISFIABLE,UNSATISFIABLE,True,True,3463,3463,2976,2976,0.010906,0.015186,0.004279999999999999,True,True,True,True,True,
repeat=0|base=random_3sat_control_v150_c525_seed1936|variant=base,0,random_3sat_control_v150_c525_seed1936,base,1,1,SATISFIABLE,SATISFIABLE,True,True,52,52,3,3,0.001356,0.001487,0.00013100000000000004,True,True,True,True,True,
repeat=0|base=random_3sat_control_v150_c525_seed1936|variant=perm_seed1730,0,random_3sat_control_v150_c525_seed1936,perm_seed1730,1,1,SATISFIABLE,SATISFIABLE,True,True,36,36,1,1,0.00077,0.000826,5.600000000000006e-05,True,True,True,True,True,
repeat=0|base=random_3sat_control_v150_c525_seed1936|variant=perm_seed1731,0,random_3sat_control_v150_c525_seed1936,perm_seed1731,1,1,SATISFIABLE,SATISFIABLE,True,True,64,64,17,17,0.000969,0.000917,-5.200000000000007e-05,True,True,True,True,True,
repeat=0|base=random_3sat_control_v150_c525_seed1936|variant=perm_seed1732,0,random_3sat_control_v150_c525_seed1936,perm_seed1732,1,1,SATISFIABLE,SATISFIABLE,True,True,66,66,17,17,0.000891,0.000834,-5.6999999999999976e-05,True,True,True,True,True,
repeat=0|base=random_3sat_control_v150_c525_seed1936|variant=perm_seed1733,0,random_3sat_control_v150_c525_seed1936,perm_seed1733,1,1,SATISFIABLE,SATISFIABLE,True,True,89,89,36,36,0.000909,0.000884,-2.4999999999999957e-05,True,True,True,True,True,
repeat=0|base=random_3sat_control_v150_c525_seed1936|variant=perm_seed1734,0,random_3sat_control_v150_c525_seed1936,perm_seed1734,1,1,SATISFIABLE,SATISFIABLE,True,True,40,40,5,5,0.00076,0.000826,6.599999999999998e-05,True,True,True,True,True,
repeat=0|base=random_3sat_control_v150_c525_seed1936|variant=perm_seed1735,0,random_3sat_control_v150_c525_seed1936,perm_seed1735,1,1,SATISFIABLE,SATISFIABLE,True,True,177,177,116,116,0.001027,0.001076,4.9e-05,True,True,True,True,True,
repeat=0|base=random_3sat_control_v150_c525_seed1936|variant=perm_seed1736,0,random_3sat_control_v150_c525_seed1936,perm_seed1736,1,1,SATISFIABLE,SATISFIABLE,True,True,71,71,22,22,0.000821,0.000905,8.399999999999998e-05,True,True,True,True,True,
repeat=0|base=random_3sat_control_v150_c525_seed1936|variant=perm_seed1737,0,random_3sat_control_v150_c525_seed1936,perm_seed1737,1,1,SATISFIABLE,SATISFIABLE,True,True,116,116,61,61,0.000898,0.000918,1.9999999999999944e-05,True,True,True,True,True,
repeat=0|base=random_3sat_control_v150_c525_seed1936|variant=perm_seed1738,0,random_3sat_control_v150_c525_seed1936,perm_seed1738,1,1,SATISFIABLE,SATISFIABLE,True,True,72,72,26,26,0.000842,0.001007,0.0001650000000000001,True,True,True,True,True,
repeat=0|base=random_3sat_control_v150_c525_seed1936|variant=perm_seed1739,0,random_3sat_control_v150_c525_seed1936,perm_seed1739,1,1,SATISFIABLE,SATISFIABLE,True,True,184,184,126,126,0.001226,0.001105,-0.00012100000000000001,True,True,True,True,True,
repeat=0|base=random_3sat_control_v150_c525_seed1936|variant=perm_seed1740,0,random_3sat_control_v150_c525_seed1936,perm_seed1740,1,1,SATISFIABLE,SATISFIABLE,True,True,81,81,31,31,0.000887,0.000908,2.099999999999997e-05,True,True,True,True,True,
repeat=0|base=random_3sat_control_v150_c525_seed1936|variant=perm_seed1741,0,random_3sat_control_v150_c525_seed1936,perm_seed1741,1,1,SATISFIABLE,SATISFIABLE,True,True,135,135,71,71,0.000985,0.001035,4.9999999999999914e-05,True,True,True,True,True,
repeat=0|base=random_3sat_control_v150_c525_seed1936|variant=perm_seed1742,0,random_3sat_control_v150_c525_seed1936,perm_seed1742,1,1,SATISFIABLE,SATISFIABLE,True,True,60,60,14,14,0.000806,0.00082,1.4000000000000015e-05,True,True,True,True,True,
repeat=0|base=random_3sat_control_v150_c525_seed1936|variant=perm_seed1743,0,random_3sat_control_v150_c525_seed1936,perm_seed1743,1,1,SATISFIABLE,SATISFIABLE,True,True,179,179,124,124,0.001031,0.001098,6.7e-05,True,True,True,True,True,
repeat=0|base=random_3sat_control_v150_c525_seed1936|variant=perm_seed1744,0,random_3sat_control_v150_c525_seed1936,perm_seed1744,1,1,SATISFIABLE,SATISFIABLE,True,True,141,141,98,98,0.001032,0.001091,5.9000000000000025e-05,True,True,True,True,True,
repeat=0|base=random_3sat_control_v150_c525_seed1936|variant=perm_seed1745,0,random_3sat_control_v150_c525_seed1936,perm_seed1745,1,1,SATISFIABLE,SATISFIABLE,True,True,53,53,11,11,0.000799,0.00087,7.099999999999999e-05,True,True,True,True,True,
repeat=0|base=random_3sat_control_v150_c638_seed1937|variant=base,0,random_3sat_control_v150_c638_seed1937,base,1,1,SATISFIABLE,SATISFIABLE,True,True,4053,4053,3484,3484,0.012165,0.012372,0.00020699999999999885,True,True,True,True,True,
repeat=0|base=random_3sat_control_v150_c638_seed1937|variant=perm_seed1730,0,random_3sat_control_v150_c638_seed1937,perm_seed1730,1,1,SATISFIABLE,SATISFIABLE,True,True,4404,4404,3807,3807,0.014124,0.013882,-0.00024199999999999916,True,True,True,True,True,
repeat=0|base=random_3sat_control_v150_c638_seed1937|variant=perm_seed1731,0,random_3sat_control_v150_c638_seed1937,perm_seed1731,1,1,SATISFIABLE,SATISFIABLE,True,True,4759,4759,4083,4083,0.016376,0.016139,-0.0002370000000000011,True,True,True,True,True,
repeat=0|base=random_3sat_control_v150_c638_seed1937|variant=perm_seed1732,0,random_3sat_control_v150_c638_seed1937,perm_seed1732,1,1,SATISFIABLE,SATISFIABLE,True,True,771,771,634,634,0.002867,0.00335,0.0004829999999999999,True,True,True,True,True,
repeat=0|base=random_3sat_control_v150_c638_seed1937|variant=perm_seed1733,0,random_3sat_control_v150_c638_seed1937,perm_seed1733,1,1,SATISFIABLE,SATISFIABLE,True,True,1063,1063,885,885,0.003585,0.003565,-2.0000000000000052e-05,True,True,True,True,True,
repeat=0|base=random_3sat_control_v150_c638_seed1937|variant=perm_seed1734,0,random_3sat_control_v150_c638_seed1937,perm_seed1734,1,1,SATISFIABLE,SATISFIABLE,True,True,1176,1176,977,977,0.003444,0.003993,0.000549,True,True,True,True,True,
repeat=0|base=random_3sat_control_v150_c638_seed1937|variant=perm_seed1735,0,random_3sat_control_v150_c638_seed1937,perm_seed1735,1,1,SATISFIABLE,SATISFIABLE,True,True,1229,1229,1039,1039,0.003869,0.004188,0.00031899999999999984,True,True,True,True,True,
repeat=0|base=random_3sat_control_v150_c638_seed1937|variant=perm_seed1736,0,random_3sat_control_v150_c638_seed1937,perm_seed1736,1,1,SATISFIABLE,SATISFIABLE,True,True,5506,5506,4760,4760,0.019414,0.019449,3.500000000000031e-05,True,True,True,True,True,
repeat=0|base=random_3sat_control_v150_c638_seed1937|variant=perm_seed1737,0,random_3sat_control_v150_c638_seed1937,perm_seed1737,1,1,SATISFIABLE,SATISFIABLE,True,True,3490,3490,3007,3007,0.011516,0.011865,0.00034900000000000035,True,True,True,True,True,
repeat=0|base=random_3sat_control_v150_c638_seed1937|variant=perm_seed1738,0,random_3sat_control_v150_c638_seed1937,perm_seed1738,1,1,SATISFIABLE,SATISFIABLE,True,True,3456,3456,2946,2946,0.011319,0.011504,0.00018500000000000114,True,True,True,True,True,
repeat=0|base=random_3sat_control_v150_c638_seed1937|variant=perm_seed1739,0,random_3sat_control_v150_c638_seed1937,perm_seed1739,1,1,SATISFIABLE,SATISFIABLE,True,True,6287,6287,5476,5476,0.024742,0.025136,0.0003939999999999985,True,True,True,True,True,
repeat=0|base=random_3sat_control_v150_c638_seed1937|variant=perm_seed1740,0,random_3sat_control_v150_c638_seed1937,perm_seed1740,1,1,SATISFIABLE,SATISFIABLE,True,True,2756,2756,2378,2378,0.008837,0.008883,4.60000000000009e-05,True,True,True,True,True,
repeat=0|base=random_3sat_control_v150_c638_seed1937|variant=perm_seed1741,0,random_3sat_control_v150_c638_seed1937,perm_seed1741,1,1,SATISFIABLE,SATISFIABLE,True,True,3793,3793,3223,3223,0.012288,0.01289,0.0006020000000000001,True,True,True,True,True,
repeat=0|base=random_3sat_control_v150_c638_seed1937|variant=perm_seed1742,0,random_3sat_control_v150_c638_seed1937,perm_seed1742,1,1,SATISFIABLE,SATISFIABLE,True,True,5826,5826,4968,4968,0.019498,0.019296,-0.0002020000000000008,True,True,True,True,True,
repeat=0|base=random_3sat_control_v150_c638_seed1937|variant=perm_seed1743,0,random_3sat_control_v150_c638_seed1937,perm_seed1743,1,1,SATISFIABLE,SATISFIABLE,True,True,2954,2954,2512,2512,0.009981,0.009869,-0.00011200000000000099,True,True,True,True,True,
repeat=0|base=random_3sat_control_v150_c638_seed1937|variant=perm_seed1744,0,random_3sat_control_v150_c638_seed1937,perm_seed1744,1,1,SATISFIABLE,SATISFIABLE,True,True,4325,4325,3666,3666,0.012487,0.013072,0.0005850000000000005,True,True,True,True,True,
repeat=0|base=random_3sat_control_v150_c638_seed1937|variant=perm_seed1745,0,random_3sat_control_v150_c638_seed1937,perm_seed1745,1,1,SATISFIABLE,SATISFIABLE,True,True,1341,1341,1104,1104,0.004021,0.004385,0.00036399999999999974,True,True,True,True,True,
repeat=0|base=random_3sat_control_v160_c704_seed2615|variant=base,0,random_3sat_control_v160_c704_seed2615,base,1,1,UNSATISFIABLE,UNSATISFIABLE,True,True,6771,6771,5767,5767,0.023335,0.023239,-9.600000000000233e-05,True,True,True,True,True,
repeat=0|base=random_3sat_control_v160_c704_seed2615|variant=perm_seed1730,0,random_3sat_control_v160_c704_seed2615,perm_seed1730,1,1,UNSATISFIABLE,UNSATISFIABLE,True,True,8522,8522,7299,7299,0.034575,0.034439,-0.00013600000000000417,True,True,True,True,True,
repeat=0|base=random_3sat_control_v160_c704_seed2615|variant=perm_seed1731,0,random_3sat_control_v160_c704_seed2615,perm_seed1731,1,1,UNSATISFIABLE,UNSATISFIABLE,True,True,5676,5676,4847,4847,0.016906,0.017088,0.00018199999999999814,True,True,True,True,True,
repeat=0|base=random_3sat_control_v180_c760_seed3301|variant=base,0,random_3sat_control_v180_c760_seed3301,base,1,1,SATISFIABLE,SATISFIABLE,True,True,27442,27442,23617,23617,0.180892,0.181404,0.0005120000000000124,True,True,True,True,True,
repeat=0|base=random_3sat_control_v180_c760_seed3301|variant=perm_seed1730,0,random_3sat_control_v180_c760_seed3301,perm_seed1730,1,1,SATISFIABLE,SATISFIABLE,True,True,47649,47649,41152,41152,0.378839,0.382264,0.0034250000000000114,True,True,True,True,True,
repeat=0|base=random_3sat_control_v180_c760_seed3301|variant=perm_seed1731,0,random_3sat_control_v180_c760_seed3301,perm_seed1731,1,1,SATISFIABLE,SATISFIABLE,True,True,27197,27197,23469,23469,0.181057,0.181949,0.0008920000000000039,True,True,True,True,True,
repeat=0|base=random_3sat_control_v20_c85_seed1901|variant=base,0,random_3sat_control_v20_c85_seed1901,base,1,1,SATISFIABLE,SATISFIABLE,True,True,17,17,9,9,0.000771,0.000922,0.00015099999999999998,True,True,True,True,True,
repeat=0|base=random_3sat_control_v20_c85_seed1901|variant=perm_seed1730,0,random_3sat_control_v20_c85_seed1901,perm_seed1730,1,1,SATISFIABLE,SATISFIABLE,True,True,12,12,5,5,0.000664,0.000651,-1.299999999999999e-05,True,True,True,True,True,
repeat=0|base=random_3sat_control_v20_c85_seed1901|variant=perm_seed1731,0,random_3sat_control_v20_c85_seed1901,perm_seed1731,1,1,SATISFIABLE,SATISFIABLE,True,True,15,15,11,11,0.000679,0.000586,-9.299999999999998e-05,True,True,True,True,True,
repeat=0|base=random_3sat_control_v20_c85_seed1901|variant=perm_seed1732,0,random_3sat_control_v20_c85_seed1901,perm_seed1732,1,1,SATISFIABLE,SATISFIABLE,True,True,16,16,6,6,0.000638,0.000622,-1.5999999999999955e-05,True,True,True,True,True,
repeat=0|base=random_3sat_control_v20_c85_seed1901|variant=perm_seed1733,0,random_3sat_control_v20_c85_seed1901,perm_seed1733,1,1,SATISFIABLE,SATISFIABLE,True,True,12,12,7,7,0.00059,0.000588,-2.0000000000000486e-06,True,True,True,True,True,
repeat=0|base=random_3sat_control_v20_c85_seed1901|variant=perm_seed1734,0,random_3sat_control_v20_c85_seed1901,perm_seed1734,1,1,SATISFIABLE,SATISFIABLE,True,True,11,11,4,4,0.000592,0.000605,1.299999999999999e-05,True,True,True,True,True,
repeat=0|base=random_3sat_control_v20_c85_seed1901|variant=perm_seed1735,0,random_3sat_control_v20_c85_seed1901,perm_seed1735,1,1,SATISFIABLE,SATISFIABLE,True,True,11,11,1,1,0.000665,0.000602,-6.300000000000001e-05,True,True,True,True,True,
repeat=0|base=random_3sat_control_v20_c85_seed1901|variant=perm_seed1736,0,random_3sat_control_v20_c85_seed1901,perm_seed1736,1,1,SATISFIABLE,SATISFIABLE,True,True,14,14,6,6,0.000748,0.000645,-0.00010300000000000001,True,True,True,True,True,
repeat=0|base=random_3sat_control_v20_c85_seed1901|variant=perm_seed1737,0,random_3sat_control_v20_c85_seed1901,perm_seed1737,1,1,SATISFIABLE,SATISFIABLE,True,True,17,17,8,8,0.000757,0.000636,-0.00012100000000000001,True,True,True,True,True,
repeat=0|base=random_3sat_control_v20_c85_seed1901|variant=perm_seed1738,0,random_3sat_control_v20_c85_seed1901,perm_seed1738,1,1,SATISFIABLE,SATISFIABLE,True,True,12,12,7,7,0.000624,0.000701,7.700000000000003e-05,True,True,True,True,True,
repeat=0|base=random_3sat_control_v20_c85_seed1901|variant=perm_seed1739,0,random_3sat_control_v20_c85_seed1901,perm_seed1739,1,1,SATISFIABLE,SATISFIABLE,True,True,10,10,3,3,0.000805,0.00067,-0.00013500000000000003,True,True,True,True,True,
repeat=0|base=random_3sat_control_v20_c85_seed1901|variant=perm_seed1740,0,random_3sat_control_v20_c85_seed1901,perm_seed1740,1,1,SATISFIABLE,SATISFIABLE,True,True,11,11,6,6,0.000638,0.000703,6.499999999999995e-05,True,True,True,True,True,
repeat=0|base=random_3sat_control_v20_c85_seed1901|variant=perm_seed1741,0,random_3sat_control_v20_c85_seed1901,perm_seed1741,1,1,SATISFIABLE,SATISFIABLE,True,True,11,11,4,4,0.000721,0.000665,-5.599999999999995e-05,True,True,True,True,True,
repeat=0|base=random_3sat_control_v20_c85_seed1901|variant=perm_seed1742,0,random_3sat_control_v20_c85_seed1901,perm_seed1742,1,1,SATISFIABLE,SATISFIABLE,True,True,8,8,1,1,0.000629,0.000611,-1.8000000000000004e-05,True,True,True,True,True,
repeat=0|base=random_3sat_control_v20_c85_seed1901|variant=perm_seed1743,0,random_3sat_control_v20_c85_seed1901,perm_seed1743,1,1,SATISFIABLE,SATISFIABLE,True,True,14,14,4,4,0.000658,0.000649,-9.000000000000002e-06,True,True,True,True,True,
repeat=0|base=random_3sat_control_v20_c85_seed1901|variant=perm_seed1744,0,random_3sat_control_v20_c85_seed1901,perm_seed1744,1,1,SATISFIABLE,SATISFIABLE,True,True,15,15,7,7,0.000654,0.000684,3.000000000000008e-05,True,True,True,True,True,
repeat=0|base=random_3sat_control_v20_c85_seed1901|variant=perm_seed1745,0,random_3sat_control_v20_c85_seed1901,perm_seed1745,1,1,SATISFIABLE,SATISFIABLE,True,True,8,8,4,4,0.000614,0.000622,8.000000000000086e-06,True,True,True,True,True,
repeat=0|base=random_3sat_control_v220_c928_seed3303|variant=base,0,random_3sat_control_v220_c928_seed3303,base,1,1,SATISFIABLE,SATISFIABLE,True,True,30277,30277,25994,25994,0.266411,0.270247,0.003836000000000006,True,True,True,True,True,
repeat=0|base=random_3sat_control_v220_c928_seed3303|variant=perm_seed1730,0,random_3sat_control_v220_c928_seed3303,perm_seed1730,1,1,SATISFIABLE,SATISFIABLE,True,True,52742,52742,45477,45477,0.5231,0.523681,0.0005809999999999427,True,True,True,True,True,
repeat=0|base=random_3sat_control_v220_c928_seed3303|variant=perm_seed1731,0,random_3sat_control_v220_c928_seed3303,perm_seed1731,1,1,SATISFIABLE,SATISFIABLE,True,True,4930,4930,4147,4147,0.020405,0.021193,0.0007880000000000005,True,True,True,True,True,
repeat=0|base=random_3sat_control_v220_c942_seed3304|variant=base,0,random_3sat_control_v220_c942_seed3304,base,1,1,UNSATISFIABLE,UNSATISFIABLE,True,True,35472,35472,30813,30813,0.243047,0.244825,0.001777999999999974,True,True,True,True,True,
repeat=0|base=random_3sat_control_v220_c942_seed3304|variant=perm_seed1730,0,random_3sat_control_v220_c942_seed3304,perm_seed1730,1,1,UNSATISFIABLE,UNSATISFIABLE,True,True,34825,34825,30052,30052,0.242539,0.243067,0.0005280000000000007,True,True,True,True,True,
repeat=0|base=random_3sat_control_v220_c942_seed3304|variant=perm_seed1731,0,random_3sat_control_v220_c942_seed3304,perm_seed1731,1,1,UNSATISFIABLE,UNSATISFIABLE,True,True,38737,38737,33758,33758,0.261571,0.26372,0.002149000000000012,True,True,True,True,True,
repeat=0|base=random_3sat_control_v24_c102_seed1921|variant=base,0,random_3sat_control_v24_c102_seed1921,base,1,1,UNSATISFIABLE,UNSATISFIABLE,True,True,10,10,11,11,0.000825,0.001156,0.0003309999999999999,True,True,True,True,True,
repeat=0|base=random_3sat_control_v24_c102_seed1921|variant=perm_seed1730,0,random_3sat_control_v24_c102_seed1921,perm_seed1730,1,1,UNSATISFIABLE,UNSATISFIABLE,True,True,22,22,18,18,0.000728,0.000668,-6.000000000000005e-05,True,True,True,True,True,
repeat=0|base=random_3sat_control_v24_c102_seed1921|variant=perm_seed1731,0,random_3sat_control_v24_c102_seed1921,perm_seed1731,1,1,UNSATISFIABLE,UNSATISFIABLE,True,True,26,26,26,26,0.000772,0.000671,-0.00010099999999999996,True,True,True,True,True,
repeat=0|base=random_3sat_control_v24_c102_seed1921|variant=perm_seed1732,0,random_3sat_control_v24_c102_seed1921,perm_seed1732,1,1,UNSATISFIABLE,UNSATISFIABLE,True,True,18,18,16,16,0.000784,0.000766,-1.8000000000000004e-05,True,True,True,True,True,
repeat=0|base=random_3sat_control_v24_c102_seed1921|variant=perm_seed1733,0,random_3sat_control_v24_c102_seed1921,perm_seed1733,1,1,UNSATISFIABLE,UNSATISFIABLE,True,True,19,19,19,19,0.00065,0.000744,9.400000000000001e-05,True,True,True,True,True,
repeat=0|base=random_3sat_control_v24_c102_seed1921|variant=perm_seed1734,0,random_3sat_control_v24_c102_seed1921,perm_seed1734,1,1,UNSATISFIABLE,UNSATISFIABLE,True,True,20,20,20,20,0.000694,0.000863,0.0001690000000000001,True,True,True,True,True,
repeat=0|base=random_3sat_control_v24_c102_seed1921|variant=perm_seed1735,0,random_3sat_control_v24_c102_seed1921,perm_seed1735,1,1,UNSATISFIABLE,UNSATISFIABLE,True,True,19,19,19,19,0.000793,0.000655,-0.000138,True,True,True,True,True,
repeat=0|base=random_3sat_control_v24_c102_seed1921|variant=perm_seed1736,0,random_3sat_control_v24_c102_seed1921,perm_seed1736,1,1,UNSATISFIABLE,UNSATISFIABLE,True,True,18,18,17,17,0.00067,0.000635,-3.499999999999998e-05,True,True,True,True,True,
repeat=0|base=random_3sat_control_v24_c102_seed1921|variant=perm_seed1737,0,random_3sat_control_v24_c102_seed1921,perm_seed1737,1,1,UNSATISFIABLE,UNSATISFIABLE,True,True,19,19,17,17,0.000609,0.000643,3.400000000000007e-05,True,True,True,True,True,
repeat=0|base=random_3sat_control_v24_c102_seed1921|variant=perm_seed1738,0,random_3sat_control_v24_c102_seed1921,perm_seed1738,1,1,UNSATISFIABLE,UNSATISFIABLE,True,True,26,26,26,26,0.000641,0.000666,2.5000000000000066e-05,True,True,True,True,True,
repeat=0|base=random_3sat_control_v24_c102_seed1921|variant=perm_seed1739,0,random_3sat_control_v24_c102_seed1921,perm_seed1739,1,1,UNSATISFIABLE,UNSATISFIABLE,True,True,19,19,18,18,0.000669,0.000648,-2.099999999999997e-05,True,True,True,True,True,
repeat=0|base=random_3sat_control_v24_c102_seed1921|variant=perm_seed1740,0,random_3sat_control_v24_c102_seed1921,perm_seed1740,1,1,UNSATISFIABLE,UNSATISFIABLE,True,True,21,21,22,22,0.000603,0.000637,3.399999999999996e-05,True,True,True,True,True,
repeat=0|base=random_3sat_control_v24_c102_seed1921|variant=perm_seed1741,0,random_3sat_control_v24_c102_seed1921,perm_seed1741,1,1,UNSATISFIABLE,UNSATISFIABLE,True,True,15,15,13,13,0.000599,0.000699,9.999999999999994e-05,True,True,True,True,True,
repeat=0|base=random_3sat_control_v24_c102_seed1921|variant=perm_seed1742,0,random_3sat_control_v24_c102_seed1921,perm_seed1742,1,1,UNSATISFIABLE,UNSATISFIABLE,True,True,13,13,14,14,0.000726,0.00066,-6.599999999999998e-05,True,True,True,True,True,
repeat=0|base=random_3sat_control_v24_c102_seed1921|variant=perm_seed1743,0,random_3sat_control_v24_c102_seed1921,perm_seed1743,1,1,UNSATISFIABLE,UNSATISFIABLE,True,True,25,25,23,23,0.000633,0.000645,1.1999999999999966e-05,True,True,True,True,True,
repeat=0|base=random_3sat_control_v24_c102_seed1921|variant=perm_seed1744,0,random_3sat_control_v24_c102_seed1921,perm_seed1744,1,1,UNSATISFIABLE,UNSATISFIABLE,True,True,17,17,14,14,0.000607,0.000889,0.000282,True,True,True,True,True,
repeat=0|base=random_3sat_control_v24_c102_seed1921|variant=perm_seed1745,0,random_3sat_control_v24_c102_seed1921,perm_seed1745,1,1,UNSATISFIABLE,UNSATISFIABLE,True,True,19,19,19,19,0.000791,0.000693,-9.8e-05,True,True,True,True,True,
repeat=0|base=random_3sat_control_v260_c1097_seed3305|variant=base,0,random_3sat_control_v260_c1097_seed3305,base,1,1,SATISFIABLE,SATISFIABLE,True,True,216854,216854,188499,188499,2.48157,2.49219,0.010619999999999852,True,True,True,True,True,
repeat=0|base=random_3sat_control_v260_c1097_seed3305|variant=perm_seed1730,0,random_3sat_control_v260_c1097_seed3305,perm_seed1730,1,1,SATISFIABLE,SATISFIABLE,True,True,224505,224505,195557,195557,2.664,2.66667,0.002669999999999728,True,True,True,True,True,
repeat=0|base=random_3sat_control_v260_c1097_seed3305|variant=perm_seed1731,0,random_3sat_control_v260_c1097_seed3305,perm_seed1731,1,1,SATISFIABLE,SATISFIABLE,True,True,105916,105916,92052,92052,1.44334,1.44403,0.0006899999999998574,True,True,True,True,True,
repeat=0|base=random_3sat_control_v260_c1113_seed3306|variant=base,0,random_3sat_control_v260_c1113_seed3306,base,1,1,UNSATISFIABLE,UNSATISFIABLE,True,True,178146,178146,155541,155541,1.98885,1.99356,0.004709999999999992,True,True,True,True,True,
repeat=0|base=random_3sat_control_v260_c1113_seed3306|variant=perm_seed1730,0,random_3sat_control_v260_c1113_seed3306,perm_seed1730,1,1,UNSATISFIABLE,UNSATISFIABLE,True,True,171334,171334,149746,149746,1.86736,1.87678,0.009419999999999984,True,True,True,True,True,
repeat=0|base=random_3sat_control_v260_c1113_seed3306|variant=perm_seed1731,0,random_3sat_control_v260_c1113_seed3306,perm_seed1731,1,1,UNSATISFIABLE,UNSATISFIABLE,True,True,202621,202621,177648,177648,2.34645,2.36868,0.022229999999999972,True,True,True,True,True,
repeat=0|base=random_3sat_control_v28_c119_seed1922|variant=base,0,random_3sat_control_v28_c119_seed1922,base,1,1,SATISFIABLE,SATISFIABLE,True,True,9,9,0,0,0.000822,0.00073,-9.200000000000007e-05,True,True,True,True,True,
repeat=0|base=random_3sat_control_v28_c119_seed1922|variant=perm_seed1730,0,random_3sat_control_v28_c119_seed1922,perm_seed1730,1,1,SATISFIABLE,SATISFIABLE,True,True,16,16,11,11,0.000808,0.000791,-1.699999999999998e-05,True,True,True,True,True,
repeat=0|base=random_3sat_control_v28_c119_seed1922|variant=perm_seed1731,0,random_3sat_control_v28_c119_seed1922,perm_seed1731,1,1,SATISFIABLE,SATISFIABLE,True,True,11,11,1,1,0.000737,0.000712,-2.5000000000000066e-05,True,True,True,True,True,
repeat=0|base=random_3sat_control_v28_c119_seed1922|variant=perm_seed1732,0,random_3sat_control_v28_c119_seed1922,perm_seed1732,1,1,SATISFIABLE,SATISFIABLE,True,True,19,19,10,10,0.001184,0.001022,-0.00016200000000000003,True,True,True,True,True,
repeat=0|base=random_3sat_control_v28_c119_seed1922|variant=perm_seed1733,0,random_3sat_control_v28_c119_seed1922,perm_seed1733,1,1,SATISFIABLE,SATISFIABLE,True,True,13,13,4,4,0.00082,0.001154,0.0003340000000000001,True,True,True,True,True,
repeat=0|base=random_3sat_control_v28_c119_seed1922|variant=perm_seed1734,0,random_3sat_control_v28_c119_seed1922,perm_seed1734,1,1,SATISFIABLE,SATISFIABLE,True,True,13,13,5,5,0.000782,0.00069,-9.200000000000007e-05,True,True,True,True,True,
repeat=0|base=random_3sat_control_v28_c119_seed1922|variant=perm_seed1735,0,random_3sat_control_v28_c119_seed1922,perm_seed1735,1,1,SATISFIABLE,SATISFIABLE,True,True,13,13,6,6,0.000647,0.000642,-5.000000000000013e-06,True,True,True,True,True,
repeat=0|base=random_3sat_control_v28_c119_seed1922|variant=perm_seed1736,0,random_3sat_control_v28_c119_seed1922,perm_seed1736,1,1,SATISFIABLE,SATISFIABLE,True,True,13,13,5,5,0.000697,0.000664,-3.300000000000004e-05,True,True,True,True,True,
repeat=0|base=random_3sat_control_v28_c119_seed1922|variant=perm_seed1737,0,random_3sat_control_v28_c119_seed1922,perm_seed1737,1,1,SATISFIABLE,SATISFIABLE,True,True,13,13,3,3,0.000637,0.000703,6.599999999999998e-05,True,True,True,True,True,
repeat=0|base=random_3sat_control_v28_c119_seed1922|variant=perm_seed1738,0,random_3sat_control_v28_c119_seed1922,perm_seed1738,1,1,SATISFIABLE,SATISFIABLE,True,True,19,19,7,7,0.000649,0.000718,6.900000000000005e-05,True,True,True,True,True,
repeat=0|base=random_3sat_control_v28_c119_seed1922|variant=perm_seed1739,0,random_3sat_control_v28_c119_seed1922,perm_seed1739,1,1,SATISFIABLE,SATISFIABLE,True,True,15,15,3,3,0.000649,0.000707,5.8e-05,True,True,True,True,True,
repeat=0|base=random_3sat_control_v28_c119_seed1922|variant=perm_seed1740,0,random_3sat_control_v28_c119_seed1922,perm_seed1740,1,1,SATISFIABLE,SATISFIABLE,True,True,16,16,9,9,0.000662,0.000886,0.00022399999999999992,True,True,True,True,True,
repeat=0|base=random_3sat_control_v28_c119_seed1922|variant=perm_seed1741,0,random_3sat_control_v28_c119_seed1922,perm_seed1741,1,1,SATISFIABLE,SATISFIABLE,True,True,14,14,4,4,0.000843,0.000784,-5.9000000000000025e-05,True,True,True,True,True,
repeat=0|base=random_3sat_control_v28_c119_seed1922|variant=perm_seed1742,0,random_3sat_control_v28_c119_seed1922,perm_seed1742,1,1,SATISFIABLE,SATISFIABLE,True,True,29,29,13,13,0.000718,0.000729,1.100000000000005e-05,True,True,True,True,True,
repeat=0|base=random_3sat_control_v28_c119_seed1922|variant=perm_seed1743,0,random_3sat_control_v28_c119_seed1922,perm_seed1743,1,1,SATISFIABLE,SATISFIABLE,True,True,9,9,2,2,0.000657,0.000647,-1.0000000000000026e-05,True,True,True,True,True,
repeat=0|base=random_3sat_control_v28_c119_seed1922|variant=perm_seed1744,0,random_3sat_control_v28_c119_seed1922,perm_seed1744,1,1,SATISFIABLE,SATISFIABLE,True,True,12,12,2,2,0.000682,0.000669,-1.299999999999999e-05,True,True,True,True,True,
repeat=0|base=random_3sat_control_v28_c119_seed1922|variant=perm_seed1745,0,random_3sat_control_v28_c119_seed1922,perm_seed1745,1,1,SATISFIABLE,SATISFIABLE,True,True,20,20,9,9,0.000682,0.000681,-1.0000000000000243e-06,True,True,True,True,True,
repeat=0|base=random_3sat_control_v300_c1266_seed3307|variant=base,0,random_3sat_control_v300_c1266_seed3307,base,1,1,SATISFIABLE,SATISFIABLE,True,True,12894,12894,10895,10895,0.078894,0.080509,0.0016149999999999914,True,True,True,True,True,
repeat=0|base=random_3sat_control_v300_c1266_seed3307|variant=perm_seed1730,0,random_3sat_control_v300_c1266_seed3307,perm_seed1730,1,1,SATISFIABLE,SATISFIABLE,True,True,43103,43103,37339,37339,0.473711,0.475221,0.0015100000000000113,True,True,True,True,True,
repeat=0|base=random_3sat_control_v300_c1266_seed3307|variant=perm_seed1731,0,random_3sat_control_v300_c1266_seed3307,perm_seed1731,1,1,SATISFIABLE,SATISFIABLE,True,True,66962,66962,57424,57424,0.758018,0.764158,0.006140000000000034,True,True,True,True,True,
repeat=0|base=random_3sat_control_v30_c128_seed1902|variant=base,0,random_3sat_control_v30_c128_seed1902,base,1,1,UNSATISFIABLE,UNSATISFIABLE,True,True,40,40,39,39,0.00086,0.001018,0.00015800000000000005,True,True,True,True,True,
repeat=0|base=random_3sat_control_v30_c128_seed1902|variant=perm_seed1730,0,random_3sat_control_v30_c128_seed1902,perm_seed1730,1,1,UNSATISFIABLE,UNSATISFIABLE,True,True,25,25,23,23,0.000719,0.000809,9.000000000000002e-05,True,True,True,True,True,
repeat=0|base=random_3sat_control_v30_c128_seed1902|variant=perm_seed1731,0,random_3sat_control_v30_c128_seed1902,perm_seed1731,1,1,UNSATISFIABLE,UNSATISFIABLE,True,True,42,42,41,41,0.000744,0.00081,6.599999999999998e-05,True,True,True,True,True,
repeat=0|base=random_3sat_control_v30_c128_seed1902|variant=perm_seed1732,0,random_3sat_control_v30_c128_seed1902,perm_seed1732,1,1,UNSATISFIABLE,UNSATISFIABLE,True,True,15,15,14,14,0.000686,0.00078,9.400000000000001e-05,True,True,True,True,True,
repeat=0|base=random_3sat_control_v30_c128_seed1902|variant=perm_seed1733,0,random_3sat_control_v30_c128_seed1902,perm_seed1733,1,1,UNSATISFIABLE,UNSATISFIABLE,True,True,15,15,14,14,0.000681,0.000675,-5.999999999999929e-06,True,True,True,True,True,
repeat=0|base=random_3sat_control_v30_c128_seed1902|variant=perm_seed1734,0,random_3sat_control_v30_c128_seed1902,perm_seed1734,1,1,UNSATISFIABLE,UNSATISFIABLE,True,True,14,14,15,15,0.000639,0.000673,3.399999999999996e-05,True,True,True,True,True,
repeat=0|base=random_3sat_control_v30_c128_seed1902|variant=perm_seed1735,0,random_3sat_control_v30_c128_seed1902,perm_seed1735,1,1,UNSATISFIABLE,UNSATISFIABLE,True,True,30,30,27,27,0.000752,0.000676,-7.6e-05,True,True,True,True,True,
repeat=0|base=random_3sat_control_v30_c128_seed1902|variant=perm_seed1736,0,random_3sat_control_v30_c128_seed1902,perm_seed1736,1,1,UNSATISFIABLE,UNSATISFIABLE,True,True,25,25,24,24,0.000662,0.000653,-9.000000000000002e-06,True,True,True,True,True,
repeat=0|base=random_3sat_control_v30_c128_seed1902|variant=perm_seed1737,0,random_3sat_control_v30_c128_seed1902,perm_seed1737,1,1,UNSATISFIABLE,UNSATISFIABLE,True,True,22,22,21,21,0.000952,0.001307,0.00035499999999999996,True,True,True,True,True,
repeat=0|base=random_3sat_control_v30_c128_seed1902|variant=perm_seed1738,0,random_3sat_control_v30_c128_seed1902,perm_seed1738,1,1,UNSATISFIABLE,UNSATISFIABLE,True,True,15,15,16,16,0.001103,0.001322,0.000219,True,True,True,True,True,
repeat=0|base=random_3sat_control_v30_c128_seed1902|variant=perm_seed1739,0,random_3sat_control_v30_c128_seed1902,perm_seed1739,1,1,UNSATISFIABLE,UNSATISFIABLE,True,True,15,15,15,15,0.000813,0.00083,1.699999999999998e-05,True,True,True,True,True,
repeat=0|base=random_3sat_control_v30_c128_seed1902|variant=perm_seed1740,0,random_3sat_control_v30_c128_seed1902,perm_seed1740,1,1,UNSATISFIABLE,UNSATISFIABLE,True,True,23,23,20,20,0.000759,0.000777,1.8000000000000004e-05,True,True,True,True,True,
repeat=0|base=random_3sat_control_v30_c128_seed1902|variant=perm_seed1741,0,random_3sat_control_v30_c128_seed1902,perm_seed1741,1,1,UNSATISFIABLE,UNSATISFIABLE,True,True,7,7,8,8,0.000688,0.000695,6.999999999999953e-06,True,True,True,True,True,
repeat=0|base=random_3sat_control_v30_c128_seed1902|variant=perm_seed1742,0,random_3sat_control_v30_c128_seed1902,perm_seed1742,1,1,UNSATISFIABLE,UNSATISFIABLE,True,True,15,15,16,16,0.000724,0.000694,-3.000000000000008e-05,True,True,True,True,True,
repeat=0|base=random_3sat_control_v30_c128_seed1902|variant=perm_seed1743,0,random_3sat_control_v30_c128_seed1902,perm_seed1743,1,1,UNSATISFIABLE,UNSATISFIABLE,True,True,16,16,15,15,0.000649,0.000754,0.00010500000000000006,True,True,True,True,True,
repeat=0|base=random_3sat_control_v30_c128_seed1902|variant=perm_seed1744,0,random_3sat_control_v30_c128_seed1902,perm_seed1744,1,1,UNSATISFIABLE,UNSATISFIABLE,True,True,18,18,17,17,0.000669,0.000667,-2.0000000000000486e-06,True,True,True,True,True,
repeat=0|base=random_3sat_control_v30_c128_seed1902|variant=perm_seed1745,0,random_3sat_control_v30_c128_seed1902,perm_seed1745,1,1,UNSATISFIABLE,UNSATISFIABLE,True,True,15,15,15,15,0.00069,0.000695,5.000000000000013e-06,True,True,True,True,True,
repeat=0|base=random_3sat_control_v32_c136_seed1923|variant=base,0,random_3sat_control_v32_c136_seed1923,base,1,1,SATISFIABLE,SATISFIABLE,True,True,21,21,12,12,0.000825,0.000784,-4.100000000000002e-05,True,True,True,True,True,
repeat=0|base=random_3sat_control_v32_c136_seed1923|variant=perm_seed1730,0,random_3sat_control_v32_c136_seed1923,perm_seed1730,1,1,SATISFIABLE,SATISFIABLE,True,True,32,32,17,17,0.000718,0.000728,1.0000000000000026e-05,True,True,True,True,True,
repeat=0|base=random_3sat_control_v32_c136_seed1923|variant=perm_seed1731,0,random_3sat_control_v32_c136_seed1923,perm_seed1731,1,1,SATISFIABLE,SATISFIABLE,True,True,10,10,2,2,0.000684,0.00066,-2.400000000000004e-05,True,True,True,True,True,
repeat=0|base=random_3sat_control_v32_c136_seed1923|variant=perm_seed1732,0,random_3sat_control_v32_c136_seed1923,perm_seed1732,1,1,SATISFIABLE,SATISFIABLE,True,True,36,36,25,25,0.000681,0.000721,3.9999999999999996e-05,True,True,True,True,True,
repeat=0|base=random_3sat_control_v32_c136_seed1923|variant=perm_seed1733,0,random_3sat_control_v32_c136_seed1923,perm_seed1733,1,1,SATISFIABLE,SATISFIABLE,True,True,19,19,12,12,0.00066,0.000658,-2.0000000000000486e-06,True,True,True,True,True,
repeat=0|base=random_3sat_control_v32_c136_seed1923|variant=perm_seed1734,0,random_3sat_control_v32_c136_seed1923,perm_seed1734,1,1,SATISFIABLE,SATISFIABLE,True,True,31,31,22,22,0.000737,0.000698,-3.899999999999997e-05,True,True,True,True,True,
repeat=0|base=random_3sat_control_v32_c136_seed1923|variant=perm_seed1735,0,random_3sat_control_v32_c136_seed1923,perm_seed1735,1,1,SATISFIABLE,SATISFIABLE,True,True,14,14,6,6,0.000635,0.000663,2.799999999999992e-05,True,True,True,True,True,
repeat=0|base=random_3sat_control_v32_c136_seed1923|variant=perm_seed1736,0,random_3sat_control_v32_c136_seed1923,perm_seed1736,1,1,SATISFIABLE,SATISFIABLE,True,True,19,19,7,7,0.000849,0.000757,-9.200000000000007e-05,True,True,True,True,True,
repeat=0|base=random_3sat_control_v32_c136_seed1923|variant=perm_seed1737,0,random_3sat_control_v32_c136_seed1923,perm_seed1737,1,1,SATISFIABLE,SATISFIABLE,True,True,14,14,5,5,0.000729,0.000732,2.9999999999999645e-06,True,True,True,True,True,
repeat=0|base=random_3sat_control_v32_c136_seed1923|variant=perm_seed1738,0,random_3sat_control_v32_c136_seed1923,perm_seed1738,1,1,SATISFIABLE,SATISFIABLE,True,True,29,29,18,18,0.000686,0.000673,-1.299999999999999e-05,True,True,True,True,True,
repeat=0|base=random_3sat_control_v32_c136_seed1923|variant=perm_seed1739,0,random_3sat_control_v32_c136_seed1923,perm_seed1739,1,1,SATISFIABLE,SATISFIABLE,True,True,36,36,22,22,0.000668,0.000669,1.0000000000000243e-06,True,True,True,True,True,
repeat=0|base=random_3sat_control_v32_c136_seed1923|variant=perm_seed1740,0,random_3sat_control_v32_c136_seed1923,perm_seed1740,1,1,SATISFIABLE,SATISFIABLE,True,True,28,28,16,16,0.000633,0.000746,0.00011300000000000004,True,True,True,True,True,
repeat=0|base=random_3sat_control_v32_c136_seed1923|variant=perm_seed1741,0,random_3sat_control_v32_c136_seed1923,perm_seed1741,1,1,SATISFIABLE,SATISFIABLE,True,True,25,25,13,13,0.000708,0.000661,-4.699999999999995e-05,True,True,True,True,True,
repeat=0|base=random_3sat_control_v32_c136_seed1923|variant=perm_seed1742,0,random_3sat_control_v32_c136_seed1923,perm_seed1742,1,1,SATISFIABLE,SATISFIABLE,True,True,9,9,2,2,0.000675,0.000659,-1.6000000000000064e-05,True,True,True,True,True,
repeat=0|base=random_3sat_control_v32_c136_seed1923|variant=perm_seed1743,0,random_3sat_control_v32_c136_seed1923,perm_seed1743,1,1,SATISFIABLE,SATISFIABLE,True,True,24,24,11,11,0.000634,0.000709,7.499999999999998e-05,True,True,True,True,True,
repeat=0|base=random_3sat_control_v32_c136_seed1923|variant=perm_seed1744,0,random_3sat_control_v32_c136_seed1923,perm_seed1744,1,1,SATISFIABLE,SATISFIABLE,True,True,23,23,15,15,0.000659,0.000731,7.200000000000002e-05,True,True,True,True,True,
repeat=0|base=random_3sat_control_v32_c136_seed1923|variant=perm_seed1745,0,random_3sat_control_v32_c136_seed1923,perm_seed1745,1,1,SATISFIABLE,SATISFIABLE,True,True,25,25,13,13,0.001146,0.001137,-9.00000000000011e-06,True,True,True,True,True,
repeat=0|base=random_3sat_control_v35_c149_seed1911|variant=base,0,random_3sat_control_v35_c149_seed1911,base,1,1,SATISFIABLE,SATISFIABLE,True,True,31,31,17,17,0.000689,0.000692,2.9999999999999645e-06,True,True,True,True,True,
repeat=0|base=random_3sat_control_v35_c149_seed1911|variant=perm_seed1730,0,random_3sat_control_v35_c149_seed1911,perm_seed1730,1,1,SATISFIABLE,SATISFIABLE,True,True,36,36,25,25,0.000656,0.000652,-3.999999999999989e-06,True,True,True,True,True,
repeat=0|base=random_3sat_control_v35_c149_seed1911|variant=perm_seed1731,0,random_3sat_control_v35_c149_seed1911,perm_seed1731,1,1,SATISFIABLE,SATISFIABLE,True,True,20,20,14,14,0.000636,0.000703,6.7e-05,True,True,True,True,True,
repeat=0|base=random_3sat_control_v35_c149_seed1911|variant=perm_seed1732,0,random_3sat_control_v35_c149_seed1911,perm_seed1732,1,1,SATISFIABLE,SATISFIABLE,True,True,49,49,41,41,0.00073,0.000741,1.100000000000005e-05,True,True,True,True,True,
repeat=0|base=random_3sat_control_v35_c149_seed1911|variant=perm_seed1733,0,random_3sat_control_v35_c149_seed1911,perm_seed1733,1,1,SATISFIABLE,SATISFIABLE,True,True,47,47,40,40,0.000719,0.000845,0.00012600000000000003,True,True,True,True,True,
repeat=0|base=random_3sat_control_v35_c149_seed1911|variant=perm_seed1734,0,random_3sat_control_v35_c149_seed1911,perm_seed1734,1,1,SATISFIABLE,SATISFIABLE,True,True,33,33,24,24,0.000756,0.000766,9.999999999999918e-06,True,True,True,True,True,
repeat=0|base=random_3sat_control_v35_c149_seed1911|variant=perm_seed1735,0,random_3sat_control_v35_c149_seed1911,perm_seed1735,1,1,SATISFIABLE,SATISFIABLE,True,True,24,24,13,13,0.000948,0.000745,-0.00020299999999999995,True,True,True,True,True,
repeat=0|base=random_3sat_control_v35_c149_seed1911|variant=perm_seed1736,0,random_3sat_control_v35_c149_seed1911,perm_seed1736,1,1,SATISFIABLE,SATISFIABLE,True,True,42,42,33,33,0.000797,0.00078,-1.699999999999998e-05,True,True,True,True,True,
repeat=0|base=random_3sat_control_v35_c149_seed1911|variant=perm_seed1737,0,random_3sat_control_v35_c149_seed1911,perm_seed1737,1,1,SATISFIABLE,SATISFIABLE,True,True,26,26,16,16,0.000737,0.000788,5.099999999999994e-05,True,True,True,True,True,
repeat=0|base=random_3sat_control_v35_c149_seed1911|variant=perm_seed1738,0,random_3sat_control_v35_c149_seed1911,perm_seed1738,1,1,SATISFIABLE,SATISFIABLE,True,True,28,28,21,21,0.000746,0.000774,2.799999999999992e-05,True,True,True,True,True,
repeat=0|base=random_3sat_control_v35_c149_seed1911|variant=perm_seed1739,0,random_3sat_control_v35_c149_seed1911,perm_seed1739,1,1,SATISFIABLE,SATISFIABLE,True,True,43,43,35,35,0.000719,0.000712,-7.000000000000062e-06,True,True,True,True,True,
repeat=0|base=random_3sat_control_v35_c149_seed1911|variant=perm_seed1740,0,random_3sat_control_v35_c149_seed1911,perm_seed1740,1,1,SATISFIABLE,SATISFIABLE,True,True,34,34,25,25,0.000655,0.000668,1.299999999999999e-05,True,True,True,True,True,
repeat=0|base=random_3sat_control_v35_c149_seed1911|variant=perm_seed1741,0,random_3sat_control_v35_c149_seed1911,perm_seed1741,1,1,SATISFIABLE,SATISFIABLE,True,True,46,46,34,34,0.000706,0.000688,-1.8000000000000004e-05,True,True,True,True,True,
repeat=0|base=random_3sat_control_v35_c149_seed1911|variant=perm_seed1742,0,random_3sat_control_v35_c149_seed1911,perm_seed1742,1,1,SATISFIABLE,SATISFIABLE,True,True,33,33,25,25,0.000717,0.000713,-3.999999999999989e-06,True,True,True,True,True,
repeat=0|base=random_3sat_control_v35_c149_seed1911|variant=perm_seed1743,0,random_3sat_control_v35_c149_seed1911,perm_seed1743,1,1,SATISFIABLE,SATISFIABLE,True,True,13,13,8,8,0.000771,0.000814,4.300000000000007e-05,True,True,True,True,True,
repeat=0|base=random_3sat_control_v35_c149_seed1911|variant=perm_seed1744,0,random_3sat_control_v35_c149_seed1911,perm_seed1744,1,1,SATISFIABLE,SATISFIABLE,True,True,26,26,21,21,0.000752,0.000723,-2.8999999999999946e-05,True,True,True,True,True,
repeat=0|base=random_3sat_control_v35_c149_seed1911|variant=perm_seed1745,0,random_3sat_control_v35_c149_seed1911,perm_seed1745,1,1,SATISFIABLE,SATISFIABLE,True,True,11,11,5,5,0.000652,0.000652,0.0,True,True,True,True,True,
repeat=0|base=random_3sat_control_v40_c170_seed1903|variant=base,0,random_3sat_control_v40_c170_seed1903,base,1,1,SATISFIABLE,SATISFIABLE,True,True,49,49,38,38,0.000672,0.000701,2.9000000000000054e-05,True,True,True,True,True,
repeat=0|base=random_3sat_control_v40_c170_seed1903|variant=perm_seed1730,0,random_3sat_control_v40_c170_seed1903,perm_seed1730,1,1,SATISFIABLE,SATISFIABLE,True,True,59,59,45,45,0.000737,0.00078,4.299999999999996e-05,True,True,True,True,True,
repeat=0|base=random_3sat_control_v40_c170_seed1903|variant=perm_seed1731,0,random_3sat_control_v40_c170_seed1903,perm_seed1731,1,1,SATISFIABLE,SATISFIABLE,True,True,20,20,10,10,0.000697,0.000688,-9.000000000000002e-06,True,True,True,True,True,
repeat=0|base=random_3sat_control_v40_c170_seed1903|variant=perm_seed1732,0,random_3sat_control_v40_c170_seed1903,perm_seed1732,1,1,SATISFIABLE,SATISFIABLE,True,True,20,20,9,9,0.00071,0.000759,4.9e-05,True,True,True,True,True,
repeat=0|base=random_3sat_control_v40_c170_seed1903|variant=perm_seed1733,0,random_3sat_control_v40_c170_seed1903,perm_seed1733,1,1,SATISFIABLE,SATISFIABLE,True,True,12,12,2,2,0.000678,0.000742,6.400000000000004e-05,True,True,True,True,True,
repeat=0|base=random_3sat_control_v40_c170_seed1903|variant=perm_seed1734,0,random_3sat_control_v40_c170_seed1903,perm_seed1734,1,1,SATISFIABLE,SATISFIABLE,True,True,25,25,13,13,0.000698,0.000674,-2.400000000000004e-05,True,True,True,True,True,
repeat=0|base=random_3sat_control_v40_c170_seed1903|variant=perm_seed1735,0,random_3sat_control_v40_c170_seed1903,perm_seed1735,1,1,SATISFIABLE,SATISFIABLE,True,True,25,25,12,12,0.000651,0.000686,3.499999999999998e-05,True,True,True,True,True,
repeat=0|base=random_3sat_control_v40_c170_seed1903|variant=perm_seed1736,0,random_3sat_control_v40_c170_seed1903,perm_seed1736,1,1,SATISFIABLE,SATISFIABLE,True,True,16,16,9,9,0.000793,0.001034,0.000241,True,True,True,True,True,
repeat=0|base=random_3sat_control_v40_c170_seed1903|variant=perm_seed1737,0,random_3sat_control_v40_c170_seed1903,perm_seed1737,1,1,SATISFIABLE,SATISFIABLE,True,True,12,12,6,6,0.00118,0.000967,-0.00021300000000000008,True,True,True,True,True,
repeat=0|base=random_3sat_control_v40_c170_seed1903|variant=perm_seed1738,0,random_3sat_control_v40_c170_seed1903,perm_seed1738,1,1,SATISFIABLE,SATISFIABLE,True,True,15,15,6,6,0.000786,0.000709,-7.700000000000003e-05,True,True,True,True,True,
repeat=0|base=random_3sat_control_v40_c170_seed1903|variant=perm_seed1739,0,random_3sat_control_v40_c170_seed1903,perm_seed1739,1,1,SATISFIABLE,SATISFIABLE,True,True,65,65,50,50,0.000712,0.000693,-1.899999999999992e-05,True,True,True,True,True,
repeat=0|base=random_3sat_control_v40_c170_seed1903|variant=perm_seed1740,0,random_3sat_control_v40_c170_seed1903,perm_seed1740,1,1,SATISFIABLE,SATISFIABLE,True,True,8,8,2,2,0.000634,0.0007,6.599999999999998e-05,True,True,True,True,True,
repeat=0|base=random_3sat_control_v40_c170_seed1903|variant=perm_seed1741,0,random_3sat_control_v40_c170_seed1903,perm_seed1741,1,1,SATISFIABLE,SATISFIABLE,True,True,16,16,6,6,0.000662,0.000666,3.999999999999989e-06,True,True,True,True,True,
repeat=0|base=random_3sat_control_v40_c170_seed1903|variant=perm_seed1742,0,random_3sat_control_v40_c170_seed1903,perm_seed1742,1,1,SATISFIABLE,SATISFIABLE,True,True,21,21,8,8,0.000885,0.000749,-0.00013600000000000005,True,True,True,True,True,
repeat=0|base=random_3sat_control_v40_c170_seed1903|variant=perm_seed1743,0,random_3sat_control_v40_c170_seed1903,perm_seed1743,1,1,SATISFIABLE,SATISFIABLE,True,True,55,55,36,36,0.000767,0.000717,-5.000000000000002e-05,True,True,True,True,True,
repeat=0|base=random_3sat_control_v40_c170_seed1903|variant=perm_seed1744,0,random_3sat_control_v40_c170_seed1903,perm_seed1744,1,1,SATISFIABLE,SATISFIABLE,True,True,10,10,1,1,0.000654,0.000699,4.500000000000001e-05,True,True,True,True,True,
repeat=0|base=random_3sat_control_v40_c170_seed1903|variant=perm_seed1745,0,random_3sat_control_v40_c170_seed1903,perm_seed1745,1,1,SATISFIABLE,SATISFIABLE,True,True,32,32,22,22,0.000668,0.000677,9.000000000000002e-06,True,True,True,True,True,
repeat=0|base=random_3sat_control_v45_c191_seed1924|variant=base,0,random_3sat_control_v45_c191_seed1924,base,1,1,SATISFIABLE,SATISFIABLE,True,True,49,49,35,35,0.000726,0.000699,-2.7000000000000006e-05,True,True,True,True,True,
repeat=0|base=random_3sat_control_v45_c191_seed1924|variant=perm_seed1730,0,random_3sat_control_v45_c191_seed1924,perm_seed1730,1,1,SATISFIABLE,SATISFIABLE,True,True,40,40,22,22,0.000663,0.001017,0.00035399999999999993,True,True,True,True,True,
repeat=0|base=random_3sat_control_v45_c191_seed1924|variant=perm_seed1731,0,random_3sat_control_v45_c191_seed1924,perm_seed1731,1,1,SATISFIABLE,SATISFIABLE,True,True,33,33,25,25,0.000787,0.000807,1.9999999999999944e-05,True,True,True,True,True,
repeat=0|base=random_3sat_control_v45_c191_seed1924|variant=perm_seed1732,0,random_3sat_control_v45_c191_seed1924,perm_seed1732,1,1,SATISFIABLE,SATISFIABLE,True,True,32,32,27,27,0.000736,0.000748,1.1999999999999966e-05,True,True,True,True,True,
repeat=0|base=random_3sat_control_v45_c191_seed1924|variant=perm_seed1733,0,random_3sat_control_v45_c191_seed1924,perm_seed1733,1,1,SATISFIABLE,SATISFIABLE,True,True,34,34,22,22,0.000716,0.000694,-2.1999999999999993e-05,True,True,True,True,True,
repeat=0|base=random_3sat_control_v45_c191_seed1924|variant=perm_seed1734,0,random_3sat_control_v45_c191_seed1924,perm_seed1734,1,1,SATISFIABLE,SATISFIABLE,True,True,23,23,18,18,0.00075,0.000706,-4.3999999999999985e-05,True,True,True,True,True,
repeat=0|base=random_3sat_control_v45_c191_seed1924|variant=perm_seed1735,0,random_3sat_control_v45_c191_seed1924,perm_seed1735,1,1,SATISFIABLE,SATISFIABLE,True,True,26,26,16,16,0.000678,0.000747,6.900000000000005e-05,True,True,True,True,True,
repeat=0|base=random_3sat_control_v45_c191_seed1924|variant=perm_seed1736,0,random_3sat_control_v45_c191_seed1924,perm_seed1736,1,1,SATISFIABLE,SATISFIABLE,True,True,17,17,6,6,0.000709,0.000707,-2.0000000000000486e-06,True,True,True,True,True,
repeat=0|base=random_3sat_control_v45_c191_seed1924|variant=perm_seed1737,0,random_3sat_control_v45_c191_seed1924,perm_seed1737,1,1,SATISFIABLE,SATISFIABLE,True,True,45,45,32,32,0.00068,0.000688,7.999999999999978e-06,True,True,True,True,True,
repeat=0|base=random_3sat_control_v45_c191_seed1924|variant=perm_seed1738,0,random_3sat_control_v45_c191_seed1924,perm_seed1738,1,1,SATISFIABLE,SATISFIABLE,True,True,23,23,16,16,0.000673,0.000685,1.1999999999999966e-05,True,True,True,True,True,
repeat=0|base=random_3sat_control_v45_c191_seed1924|variant=perm_seed1739,0,random_3sat_control_v45_c191_seed1924,perm_seed1739,1,1,SATISFIABLE,SATISFIABLE,True,True,7,7,4,4,0.000668,0.000664,-3.999999999999989e-06,True,True,True,True,True,
repeat=0|base=random_3sat_control_v45_c191_seed1924|variant=perm_seed1740,0,random_3sat_control_v45_c191_seed1924,perm_seed1740,1,1,SATISFIABLE,SATISFIABLE,True,True,17,17,8,8,0.000718,0.000743,2.4999999999999957e-05,True,True,True,True,True,
repeat=0|base=random_3sat_control_v45_c191_seed1924|variant=perm_seed1741,0,random_3sat_control_v45_c191_seed1924,perm_seed1741,1,1,SATISFIABLE,SATISFIABLE,True,True,43,43,31,31,0.000713,0.000771,5.8e-05,True,True,True,True,True,
repeat=0|base=random_3sat_control_v45_c191_seed1924|variant=perm_seed1742,0,random_3sat_control_v45_c191_seed1924,perm_seed1742,1,1,SATISFIABLE,SATISFIABLE,True,True,62,62,53,53,0.000761,0.000727,-3.399999999999996e-05,True,True,True,True,True,
repeat=0|base=random_3sat_control_v45_c191_seed1924|variant=perm_seed1743,0,random_3sat_control_v45_c191_seed1924,perm_seed1743,1,1,SATISFIABLE,SATISFIABLE,True,True,31,31,20,20,0.000717,0.000693,-2.3999999999999933e-05,True,True,True,True,True,
repeat=0|base=random_3sat_control_v45_c191_seed1924|variant=perm_seed1744,0,random_3sat_control_v45_c191_seed1924,perm_seed1744,1,1,SATISFIABLE,SATISFIABLE,True,True,35,35,21,21,0.000734,0.001306,0.0005720000000000001,True,True,True,True,True,
repeat=0|base=random_3sat_control_v45_c191_seed1924|variant=perm_seed1745,0,random_3sat_control_v45_c191_seed1924,perm_seed1745,1,1,SATISFIABLE,SATISFIABLE,True,True,14,14,3,3,0.001307,0.001298,-9.00000000000011e-06,True,True,True,True,True,
repeat=0|base=random_3sat_control_v50_c213_seed1925|variant=base,0,random_3sat_control_v50_c213_seed1925,base,1,1,SATISFIABLE,SATISFIABLE,True,True,20,20,4,4,0.000928,0.00148,0.000552,True,True,True,True,True,
repeat=0|base=random_3sat_control_v50_c213_seed1925|variant=perm_seed1730,0,random_3sat_control_v50_c213_seed1925,perm_seed1730,1,1,SATISFIABLE,SATISFIABLE,True,True,61,61,47,47,0.001345,0.001372,2.6999999999999897e-05,True,True,True,True,True,
repeat=0|base=random_3sat_control_v50_c213_seed1925|variant=perm_seed1731,0,random_3sat_control_v50_c213_seed1925,perm_seed1731,1,1,SATISFIABLE,SATISFIABLE,True,True,64,64,45,45,0.001234,0.000951,-0.00028300000000000005,True,True,True,True,True,
repeat=0|base=random_3sat_control_v50_c213_seed1925|variant=perm_seed1732,0,random_3sat_control_v50_c213_seed1925,perm_seed1732,1,1,SATISFIABLE,SATISFIABLE,True,True,47,47,35,35,0.000826,0.0008,-2.599999999999998e-05,True,True,True,True,True,
repeat=0|base=random_3sat_control_v50_c213_seed1925|variant=perm_seed1733,0,random_3sat_control_v50_c213_seed1925,perm_seed1733,1,1,SATISFIABLE,SATISFIABLE,True,True,22,22,10,10,0.000702,0.000741,3.899999999999997e-05,True,True,True,True,True,
repeat=0|base=random_3sat_control_v50_c213_seed1925|variant=perm_seed1734,0,random_3sat_control_v50_c213_seed1925,perm_seed1734,1,1,SATISFIABLE,SATISFIABLE,True,True,91,91,78,78,0.000796,0.000781,-1.500000000000004e-05,True,True,True,True,True,
repeat=0|base=random_3sat_control_v50_c213_seed1925|variant=perm_seed1735,0,random_3sat_control_v50_c213_seed1925,perm_seed1735,1,1,SATISFIABLE,SATISFIABLE,True,True,26,26,12,12,0.000704,0.000686,-1.8000000000000004e-05,True,True,True,True,True,
repeat=0|base=random_3sat_control_v50_c213_seed1925|variant=perm_seed1736,0,random_3sat_control_v50_c213_seed1925,perm_seed1736,1,1,SATISFIABLE,SATISFIABLE,True,True,38,38,24,24,0.000749,0.00075,1.0000000000000243e-06,True,True,True,True,True,
repeat=0|base=random_3sat_control_v50_c213_seed1925|variant=perm_seed1737,0,random_3sat_control_v50_c213_seed1925,perm_seed1737,1,1,SATISFIABLE,SATISFIABLE,True,True,33,33,21,21,0.000762,0.000781,1.9000000000000028e-05,True,True,True,True,True,
repeat=0|base=random_3sat_control_v50_c213_seed1925|variant=perm_seed1738,0,random_3sat_control_v50_c213_seed1925,perm_seed1738,1,1,SATISFIABLE,SATISFIABLE,True,True,34,34,17,17,0.00077,0.000794,2.400000000000004e-05,True,True,True,True,True,
repeat=0|base=random_3sat_control_v50_c213_seed1925|variant=perm_seed1739,0,random_3sat_control_v50_c213_seed1925,perm_seed1739,1,1,SATISFIABLE,SATISFIABLE,True,True,57,57,46,46,0.000784,0.000749,-3.499999999999998e-05,True,True,True,True,True,
repeat=0|base=random_3sat_control_v50_c213_seed1925|variant=perm_seed1740,0,random_3sat_control_v50_c213_seed1925,perm_seed1740,1,1,SATISFIABLE,SATISFIABLE,True,True,45,45,29,29,0.000681,0.000696,1.500000000000004e-05,True,True,True,True,True,
repeat=0|base=random_3sat_control_v50_c213_seed1925|variant=perm_seed1741,0,random_3sat_control_v50_c213_seed1925,perm_seed1741,1,1,SATISFIABLE,SATISFIABLE,True,True,47,47,26,26,0.000678,0.000748,6.999999999999997e-05,True,True,True,True,True,
repeat=0|base=random_3sat_control_v50_c213_seed1925|variant=perm_seed1742,0,random_3sat_control_v50_c213_seed1925,perm_seed1742,1,1,SATISFIABLE,SATISFIABLE,True,True,30,30,16,16,0.00067,0.000681,1.0999999999999942e-05,True,True,True,True,True,
repeat=0|base=random_3sat_control_v50_c213_seed1925|variant=perm_seed1743,0,random_3sat_control_v50_c213_seed1925,perm_seed1743,1,1,SATISFIABLE,SATISFIABLE,True,True,49,49,22,22,0.00073,0.000746,1.6000000000000064e-05,True,True,True,True,True,
repeat=0|base=random_3sat_control_v50_c213_seed1925|variant=perm_seed1744,0,random_3sat_control_v50_c213_seed1925,perm_seed1744,1,1,SATISFIABLE,SATISFIABLE,True,True,118,118,95,95,0.000786,0.000791,5.000000000000013e-06,True,True,True,True,True,
repeat=0|base=random_3sat_control_v50_c213_seed1925|variant=perm_seed1745,0,random_3sat_control_v50_c213_seed1925,perm_seed1745,1,1,SATISFIABLE,SATISFIABLE,True,True,79,79,59,59,0.000726,0.000749,2.3000000000000017e-05,True,True,True,True,True,
repeat=0|base=random_3sat_control_v55_c234_seed1926|variant=base,0,random_3sat_control_v55_c234_seed1926,base,1,1,SATISFIABLE,SATISFIABLE,True,True,88,88,64,64,0.000745,0.000777,3.200000000000002e-05,True,True,True,True,True,
repeat=0|base=random_3sat_control_v55_c234_seed1926|variant=perm_seed1730,0,random_3sat_control_v55_c234_seed1926,perm_seed1730,1,1,SATISFIABLE,SATISFIABLE,True,True,142,142,113,113,0.00082,0.000836,1.6000000000000064e-05,True,True,True,True,True,
repeat=0|base=random_3sat_control_v55_c234_seed1926|variant=perm_seed1731,0,random_3sat_control_v55_c234_seed1926,perm_seed1731,1,1,SATISFIABLE,SATISFIABLE,True,True,37,37,17,17,0.000704,0.000683,-2.099999999999997e-05,True,True,True,True,True,
repeat=0|base=random_3sat_control_v55_c234_seed1926|variant=perm_seed1732,0,random_3sat_control_v55_c234_seed1926,perm_seed1732,1,1,SATISFIABLE,SATISFIABLE,True,True,39,39,19,19,0.001038,0.000784,-0.0002540000000000001,True,True,True,True,True,
repeat=0|base=random_3sat_control_v55_c234_seed1926|variant=perm_seed1733,0,random_3sat_control_v55_c234_seed1926,perm_seed1733,1,1,SATISFIABLE,SATISFIABLE,True,True,66,66,46,46,0.001047,0.000874,-0.00017299999999999998,True,True,True,True,True,
repeat=0|base=random_3sat_control_v55_c234_seed1926|variant=perm_seed1734,0,random_3sat_control_v55_c234_seed1926,perm_seed1734,1,1,SATISFIABLE,SATISFIABLE,True,True,69,69,41,41,0.000903,0.000814,-8.9e-05,True,True,True,True,True,
repeat=0|base=random_3sat_control_v55_c234_seed1926|variant=perm_seed1735,0,random_3sat_control_v55_c234_seed1926,perm_seed1735,1,1,SATISFIABLE,SATISFIABLE,True,True,26,26,8,8,0.000757,0.000759,2.0000000000000486e-06,True,True,True,True,True,
repeat=0|base=random_3sat_control_v55_c234_seed1926|variant=perm_seed1736,0,random_3sat_control_v55_c234_seed1926,perm_seed1736,1,1,SATISFIABLE,SATISFIABLE,True,True,61,61,49,49,0.000851,0.000887,3.600000000000001e-05,True,True,True,True,True,
repeat=0|base=random_3sat_control_v55_c234_seed1926|variant=perm_seed1737,0,random_3sat_control_v55_c234_seed1926,perm_seed1737,1,1,SATISFIABLE,SATISFIABLE,True,True,52,52,31,31,0.000809,0.000862,5.299999999999999e-05,True,True,True,True,True,
repeat=0|base=random_3sat_control_v55_c234_seed1926|variant=perm_seed1738,0,random_3sat_control_v55_c234_seed1926,perm_seed1738,1,1,SATISFIABLE,SATISFIABLE,True,True,24,24,7,7,0.000723,0.00081,8.699999999999995e-05,True,True,True,True,True,
repeat=0|base=random_3sat_control_v55_c234_seed1926|variant=perm_seed1739,0,random_3sat_control_v55_c234_seed1926,perm_seed1739,1,1,SATISFIABLE,SATISFIABLE,True,True,54,54,36,36,0.000848,0.000784,-6.400000000000004e-05,True,True,True,True,True,
repeat=0|base=random_3sat_control_v55_c234_seed1926|variant=perm_seed1740,0,random_3sat_control_v55_c234_seed1926,perm_seed1740,1,1,SATISFIABLE,SATISFIABLE,True,True,82,82,62,62,0.000922,0.000863,-5.8999999999999916e-05,True,True,True,True,True,
repeat=0|base=random_3sat_control_v55_c234_seed1926|variant=perm_seed1741,0,random_3sat_control_v55_c234_seed1926,perm_seed1741,1,1,SATISFIABLE,SATISFIABLE,True,True,129,129,112,112,0.000888,0.00091,2.1999999999999993e-05,True,True,True,True,True,
repeat=0|base=random_3sat_control_v55_c234_seed1926|variant=perm_seed1742,0,random_3sat_control_v55_c234_seed1926,perm_seed1742,1,1,SATISFIABLE,SATISFIABLE,True,True,31,31,12,12,0.000809,0.000779,-3.000000000000008e-05,True,True,True,True,True,
repeat=0|base=random_3sat_control_v55_c234_seed1926|variant=perm_seed1743,0,random_3sat_control_v55_c234_seed1926,perm_seed1743,1,1,SATISFIABLE,SATISFIABLE,True,True,30,30,11,11,0.000689,0.000717,2.799999999999992e-05,True,True,True,True,True,
repeat=0|base=random_3sat_control_v55_c234_seed1926|variant=perm_seed1744,0,random_3sat_control_v55_c234_seed1926,perm_seed1744,1,1,SATISFIABLE,SATISFIABLE,True,True,52,52,37,37,0.000788,0.000825,3.700000000000003e-05,True,True,True,True,True,
repeat=0|base=random_3sat_control_v55_c234_seed1926|variant=perm_seed1745,0,random_3sat_control_v55_c234_seed1926,perm_seed1745,1,1,SATISFIABLE,SATISFIABLE,True,True,29,29,20,20,0.000726,0.000812,8.600000000000003e-05,True,True,True,True,True,
repeat=0|base=random_3sat_control_v60_c180_seed1912|variant=base,0,random_3sat_control_v60_c180_seed1912,base,1,1,SATISFIABLE,SATISFIABLE,True,True,27,27,6,6,0.000733,0.000707,-2.600000000000009e-05,True,True,True,True,True,
repeat=0|base=random_3sat_control_v60_c180_seed1912|variant=perm_seed1730,0,random_3sat_control_v60_c180_seed1912,perm_seed1730,1,1,SATISFIABLE,SATISFIABLE,True,True,21,21,3,3,0.000645,0.000743,9.8e-05,True,True,True,True,True,
repeat=0|base=random_3sat_control_v60_c180_seed1912|variant=perm_seed1731,0,random_3sat_control_v60_c180_seed1912,perm_seed1731,1,1,SATISFIABLE,SATISFIABLE,True,True,22,22,2,2,0.000689,0.000733,4.3999999999999985e-05,True,True,True,True,True,
repeat=0|base=random_3sat_control_v60_c180_seed1912|variant=perm_seed1732,0,random_3sat_control_v60_c180_seed1912,perm_seed1732,1,1,SATISFIABLE,SATISFIABLE,True,True,23,23,6,6,0.000733,0.000748,1.4999999999999931e-05,True,True,True,True,True,
repeat=0|base=random_3sat_control_v60_c180_seed1912|variant=perm_seed1733,0,random_3sat_control_v60_c180_seed1912,perm_seed1733,1,1,SATISFIABLE,SATISFIABLE,True,True,22,22,5,5,0.00069,0.000724,3.400000000000007e-05,True,True,True,True,True,
repeat=0|base=random_3sat_control_v60_c180_seed1912|variant=perm_seed1734,0,random_3sat_control_v60_c180_seed1912,perm_seed1734,1,1,SATISFIABLE,SATISFIABLE,True,True,23,23,2,2,0.000661,0.000665,3.999999999999989e-06,True,True,True,True,True,
repeat=0|base=random_3sat_control_v60_c180_seed1912|variant=perm_seed1735,0,random_3sat_control_v60_c180_seed1912,perm_seed1735,1,1,SATISFIABLE,SATISFIABLE,True,True,27,27,7,7,0.000755,0.001215,0.0004599999999999999,True,True,True,True,True,
repeat=0|base=random_3sat_control_v60_c180_seed1912|variant=perm_seed1736,0,random_3sat_control_v60_c180_seed1912,perm_seed1736,1,1,SATISFIABLE,SATISFIABLE,True,True,26,26,2,2,0.001244,0.00102,-0.00022400000000000002,True,True,True,True,True,
repeat=0|base=random_3sat_control_v60_c180_seed1912|variant=perm_seed1737,0,random_3sat_control_v60_c180_seed1912,perm_seed1737,1,1,SATISFIABLE,SATISFIABLE,True,True,21,21,1,1,0.001273,0.000857,-0.00041600000000000003,True,True,True,True,True,
repeat=0|base=random_3sat_control_v60_c180_seed1912|variant=perm_seed1738,0,random_3sat_control_v60_c180_seed1912,perm_seed1738,1,1,SATISFIABLE,SATISFIABLE,True,True,20,20,1,1,0.000766,0.000792,2.599999999999998e-05,True,True,True,True,True,
repeat=0|base=random_3sat_control_v60_c180_seed1912|variant=perm_seed1739,0,random_3sat_control_v60_c180_seed1912,perm_seed1739,1,1,SATISFIABLE,SATISFIABLE,True,True,14,14,0,0,0.000713,0.000812,9.900000000000002e-05,True,True,True,True,True,
repeat=0|base=random_3sat_control_v60_c180_seed1912|variant=perm_seed1740,0,random_3sat_control_v60_c180_seed1912,perm_seed1740,1,1,SATISFIABLE,SATISFIABLE,True,True,17,17,0,0,0.000719,0.00068,-3.899999999999997e-05,True,True,True,True,True,
repeat=0|base=random_3sat_control_v60_c180_seed1912|variant=perm_seed1741,0,random_3sat_control_v60_c180_seed1912,perm_seed1741,1,1,SATISFIABLE,SATISFIABLE,True,True,19,19,0,0,0.000668,0.000669,1.0000000000000243e-06,True,True,True,True,True,
repeat=0|base=random_3sat_control_v60_c180_seed1912|variant=perm_seed1742,0,random_3sat_control_v60_c180_seed1912,perm_seed1742,1,1,SATISFIABLE,SATISFIABLE,True,True,26,26,8,8,0.000738,0.000733,-5.000000000000013e-06,True,True,True,True,True,
repeat=0|base=random_3sat_control_v60_c180_seed1912|variant=perm_seed1743,0,random_3sat_control_v60_c180_seed1912,perm_seed1743,1,1,SATISFIABLE,SATISFIABLE,True,True,22,22,6,6,0.000839,0.000792,-4.700000000000006e-05,True,True,True,True,True,
repeat=0|base=random_3sat_control_v60_c180_seed1912|variant=perm_seed1744,0,random_3sat_control_v60_c180_seed1912,perm_seed1744,1,1,SATISFIABLE,SATISFIABLE,True,True,21,21,1,1,0.000725,0.000723,-1.99999999999994e-06,True,True,True,True,True,
repeat=0|base=random_3sat_control_v60_c180_seed1912|variant=perm_seed1745,0,random_3sat_control_v60_c180_seed1912,perm_seed1745,1,1,SATISFIABLE,SATISFIABLE,True,True,18,18,0,0,0.000737,0.000706,-3.0999999999999995e-05,True,True,True,True,True,
repeat=0|base=random_3sat_control_v60_c255_seed1927|variant=base,0,random_3sat_control_v60_c255_seed1927,base,1,1,SATISFIABLE,SATISFIABLE,True,True,106,106,76,76,0.000869,0.000857,-1.1999999999999966e-05,True,True,True,True,True,
repeat=0|base=random_3sat_control_v60_c255_seed1927|variant=perm_seed1730,0,random_3sat_control_v60_c255_seed1927,perm_seed1730,1,1,SATISFIABLE,SATISFIABLE,True,True,72,72,47,47,0.000764,0.000782,1.8000000000000004e-05,True,True,True,True,True,
repeat=0|base=random_3sat_control_v60_c255_seed1927|variant=perm_seed1731,0,random_3sat_control_v60_c255_seed1927,perm_seed1731,1,1,SATISFIABLE,SATISFIABLE,True,True,31,31,15,15,0.000706,0.000718,1.1999999999999966e-05,True,True,True,True,True,
repeat=0|base=random_3sat_control_v60_c255_seed1927|variant=perm_seed1732,0,random_3sat_control_v60_c255_seed1927,perm_seed1732,1,1,SATISFIABLE,SATISFIABLE,True,True,126,126,95,95,0.001165,0.00094,-0.00022500000000000005,True,True,True,True,True,
repeat=0|base=random_3sat_control_v60_c255_seed1927|variant=perm_seed1733,0,random_3sat_control_v60_c255_seed1927,perm_seed1733,1,1,SATISFIABLE,SATISFIABLE,True,True,71,71,50,50,0.000948,0.000862,-8.599999999999992e-05,True,True,True,True,True,
repeat=0|base=random_3sat_control_v60_c255_seed1927|variant=perm_seed1734,0,random_3sat_control_v60_c255_seed1927,perm_seed1734,1,1,SATISFIABLE,SATISFIABLE,True,True,61,61,38,38,0.000781,0.000812,3.0999999999999995e-05,True,True,True,True,True,
repeat=0|base=random_3sat_control_v60_c255_seed1927|variant=perm_seed1735,0,random_3sat_control_v60_c255_seed1927,perm_seed1735,1,1,SATISFIABLE,SATISFIABLE,True,True,150,150,128,128,0.000894,0.00091,1.5999999999999955e-05,True,True,True,True,True,
repeat=0|base=random_3sat_control_v60_c255_seed1927|variant=perm_seed1736,0,random_3sat_control_v60_c255_seed1927,perm_seed1736,1,1,SATISFIABLE,SATISFIABLE,True,True,132,132,112,112,0.000846,0.000864,1.8000000000000004e-05,True,True,True,True,True,
repeat=0|base=random_3sat_control_v60_c255_seed1927|variant=perm_seed1737,0,random_3sat_control_v60_c255_seed1927,perm_seed1737,1,1,SATISFIABLE,SATISFIABLE,True,True,71,71,52,52,0.000751,0.00076,9.000000000000002e-06,True,True,True,True,True,
repeat=0|base=random_3sat_control_v60_c255_seed1927|variant=perm_seed1738,0,random_3sat_control_v60_c255_seed1927,perm_seed1738,1,1,SATISFIABLE,SATISFIABLE,True,True,25,25,11,11,0.000746,0.000728,-1.8000000000000004e-05,True,True,True,True,True,
repeat=0|base=random_3sat_control_v60_c255_seed1927|variant=perm_seed1739,0,random_3sat_control_v60_c255_seed1927,perm_seed1739,1,1,SATISFIABLE,SATISFIABLE,True,True,101,101,74,74,0.000787,0.000847,5.999999999999994e-05,True,True,True,True,True,
repeat=0|base=random_3sat_control_v60_c255_seed1927|variant=perm_seed1740,0,random_3sat_control_v60_c255_seed1927,perm_seed1740,1,1,SATISFIABLE,SATISFIABLE,True,True,124,124,94,94,0.00088,0.000909,2.8999999999999946e-05,True,True,True,True,True,
repeat=0|base=random_3sat_control_v60_c255_seed1927|variant=perm_seed1741,0,random_3sat_control_v60_c255_seed1927,perm_seed1741,1,1,SATISFIABLE,SATISFIABLE,True,True,33,33,20,20,0.000748,0.000777,2.9000000000000054e-05,True,True,True,True,True,
repeat=0|base=random_3sat_control_v60_c255_seed1927|variant=perm_seed1742,0,random_3sat_control_v60_c255_seed1927,perm_seed1742,1,1,SATISFIABLE,SATISFIABLE,True,True,100,100,80,80,0.00081,0.000825,1.500000000000004e-05,True,True,True,True,True,
repeat=0|base=random_3sat_control_v60_c255_seed1927|variant=perm_seed1743,0,random_3sat_control_v60_c255_seed1927,perm_seed1743,1,1,SATISFIABLE,SATISFIABLE,True,True,112,112,78,78,0.001209,0.001343,0.000134,True,True,True,True,True,
repeat=0|base=random_3sat_control_v60_c255_seed1927|variant=perm_seed1744,0,random_3sat_control_v60_c255_seed1927,perm_seed1744,1,1,SATISFIABLE,SATISFIABLE,True,True,31,31,15,15,0.001329,0.000835,-0.0004940000000000001,True,True,True,True,True,
repeat=0|base=random_3sat_control_v60_c255_seed1927|variant=perm_seed1745,0,random_3sat_control_v60_c255_seed1927,perm_seed1745,1,1,SATISFIABLE,SATISFIABLE,True,True,74,74,51,51,0.000773,0.001259,0.0004859999999999999,True,True,True,True,True,
repeat=0|base=random_3sat_control_v70_c298_seed1928|variant=base,0,random_3sat_control_v70_c298_seed1928,base,1,1,SATISFIABLE,SATISFIABLE,True,True,148,148,116,116,0.000901,0.000904,2.9999999999999645e-06,True,True,True,True,True,
repeat=0|base=random_3sat_control_v70_c298_seed1928|variant=perm_seed1730,0,random_3sat_control_v70_c298_seed1928,perm_seed1730,1,1,SATISFIABLE,SATISFIABLE,True,True,242,242,196,196,0.001177,0.001074,-0.00010300000000000001,True,True,True,True,True,
repeat=0|base=random_3sat_control_v70_c298_seed1928|variant=perm_seed1731,0,random_3sat_control_v70_c298_seed1928,perm_seed1731,1,1,SATISFIABLE,SATISFIABLE,True,True,146,146,116,116,0.000903,0.000899,-4.000000000000097e-06,True,True,True,True,True,
repeat=0|base=random_3sat_control_v70_c298_seed1928|variant=perm_seed1732,0,random_3sat_control_v70_c298_seed1928,perm_seed1732,1,1,SATISFIABLE,SATISFIABLE,True,True,103,103,73,73,0.000855,0.000848,-6.999999999999953e-06,True,True,True,True,True,
repeat=0|base=random_3sat_control_v70_c298_seed1928|variant=perm_seed1733,0,random_3sat_control_v70_c298_seed1928,perm_seed1733,1,1,SATISFIABLE,SATISFIABLE,True,True,134,134,106,106,0.000866,0.000915,4.9e-05,True,True,True,True,True,
repeat=0|base=random_3sat_control_v70_c298_seed1928|variant=perm_seed1734,0,random_3sat_control_v70_c298_seed1928,perm_seed1734,1,1,SATISFIABLE,SATISFIABLE,True,True,108,108,85,85,0.000846,0.000867,2.1000000000000077e-05,True,True,True,True,True,
repeat=0|base=random_3sat_control_v70_c298_seed1928|variant=perm_seed1735,0,random_3sat_control_v70_c298_seed1928,perm_seed1735,1,1,SATISFIABLE,SATISFIABLE,True,True,200,200,155,155,0.000917,0.000937,2.0000000000000052e-05,True,True,True,True,True,
repeat=0|base=random_3sat_control_v70_c298_seed1928|variant=perm_seed1736,0,random_3sat_control_v70_c298_seed1928,perm_seed1736,1,1,SATISFIABLE,SATISFIABLE,True,True,29,29,11,11,0.000699,0.000689,-9.999999999999918e-06,True,True,True,True,True,
repeat=0|base=random_3sat_control_v70_c298_seed1928|variant=perm_seed1737,0,random_3sat_control_v70_c298_seed1928,perm_seed1737,1,1,SATISFIABLE,SATISFIABLE,True,True,39,39,17,17,0.000669,0.000726,5.6999999999999976e-05,True,True,True,True,True,
repeat=0|base=random_3sat_control_v70_c298_seed1928|variant=perm_seed1738,0,random_3sat_control_v70_c298_seed1928,perm_seed1738,1,1,SATISFIABLE,SATISFIABLE,True,True,43,43,25,25,0.000764,0.00077,5.999999999999929e-06,True,True,True,True,True,
repeat=0|base=random_3sat_control_v70_c298_seed1928|variant=perm_seed1739,0,random_3sat_control_v70_c298_seed1928,perm_seed1739,1,1,SATISFIABLE,SATISFIABLE,True,True,33,33,15,15,0.000741,0.000779,3.799999999999995e-05,True,True,True,True,True,
repeat=0|base=random_3sat_control_v70_c298_seed1928|variant=perm_seed1740,0,random_3sat_control_v70_c298_seed1928,perm_seed1740,1,1,SATISFIABLE,SATISFIABLE,True,True,58,58,36,36,0.000886,0.000802,-8.399999999999998e-05,True,True,True,True,True,
repeat=0|base=random_3sat_control_v70_c298_seed1928|variant=perm_seed1741,0,random_3sat_control_v70_c298_seed1928,perm_seed1741,1,1,SATISFIABLE,SATISFIABLE,True,True,41,41,24,24,0.000774,0.000748,-2.599999999999998e-05,True,True,True,True,True,
repeat=0|base=random_3sat_control_v70_c298_seed1928|variant=perm_seed1742,0,random_3sat_control_v70_c298_seed1928,perm_seed1742,1,1,SATISFIABLE,SATISFIABLE,True,True,39,39,23,23,0.000812,0.000796,-1.5999999999999955e-05,True,True,True,True,True,
repeat=0|base=random_3sat_control_v70_c298_seed1928|variant=perm_seed1743,0,random_3sat_control_v70_c298_seed1928,perm_seed1743,1,1,SATISFIABLE,SATISFIABLE,True,True,189,189,146,146,0.000963,0.001233,0.00026999999999999995,True,True,True,True,True,
repeat=0|base=random_3sat_control_v70_c298_seed1928|variant=perm_seed1744,0,random_3sat_control_v70_c298_seed1928,perm_seed1744,1,1,SATISFIABLE,SATISFIABLE,True,True,49,49,22,22,0.000699,0.000888,0.00018900000000000004,True,True,True,True,True,
repeat=0|base=random_3sat_control_v70_c298_seed1928|variant=perm_seed1745,0,random_3sat_control_v70_c298_seed1928,perm_seed1745,1,1,SATISFIABLE,SATISFIABLE,True,True,90,90,64,64,0.000849,0.000957,0.00010799999999999991,True,True,True,True,True,
repeat=0|base=random_3sat_control_v80_c260_seed1929|variant=base,0,random_3sat_control_v80_c260_seed1929,base,1,1,SATISFIABLE,SATISFIABLE,True,True,36,36,13,13,0.000861,0.000869,7.999999999999978e-06,True,True,True,True,True,
repeat=0|base=random_3sat_control_v80_c260_seed1929|variant=perm_seed1730,0,random_3sat_control_v80_c260_seed1929,perm_seed1730,1,1,SATISFIABLE,SATISFIABLE,True,True,25,25,6,6,0.000831,0.00078,-5.100000000000005e-05,True,True,True,True,True,
repeat=0|base=random_3sat_control_v80_c260_seed1929|variant=perm_seed1731,0,random_3sat_control_v80_c260_seed1929,perm_seed1731,1,1,SATISFIABLE,SATISFIABLE,True,True,40,40,10,10,0.000728,0.000731,2.9999999999999645e-06,True,True,True,True,True,
repeat=0|base=random_3sat_control_v80_c260_seed1929|variant=perm_seed1732,0,random_3sat_control_v80_c260_seed1929,perm_seed1732,1,1,SATISFIABLE,SATISFIABLE,True,True,22,22,0,0,0.00073,0.000858,0.00012800000000000008,True,True,True,True,True,
repeat=0|base=random_3sat_control_v80_c260_seed1929|variant=perm_seed1733,0,random_3sat_control_v80_c260_seed1929,perm_seed1733,1,1,SATISFIABLE,SATISFIABLE,True,True,27,27,1,1,0.00076,0.000933,0.00017299999999999998,True,True,True,True,True,
repeat=0|base=random_3sat_control_v80_c260_seed1929|variant=perm_seed1734,0,random_3sat_control_v80_c260_seed1929,perm_seed1734,1,1,SATISFIABLE,SATISFIABLE,True,True,50,50,12,12,0.000837,0.000881,4.3999999999999985e-05,True,True,True,True,True,
repeat=0|base=random_3sat_control_v80_c260_seed1929|variant=perm_seed1735,0,random_3sat_control_v80_c260_seed1929,perm_seed1735,1,1,SATISFIABLE,SATISFIABLE,True,True,57,57,38,38,0.000895,0.00089,-5.000000000000013e-06,True,True,True,True,True,
repeat=0|base=random_3sat_control_v80_c260_seed1929|variant=perm_seed1736,0,random_3sat_control_v80_c260_seed1929,perm_seed1736,1,1,SATISFIABLE,SATISFIABLE,True,True,22,22,1,1,0.000778,0.000751,-2.7000000000000006e-05,True,True,True,True,True,
repeat=0|base=random_3sat_control_v80_c260_seed1929|variant=perm_seed1737,0,random_3sat_control_v80_c260_seed1929,perm_seed1737,1,1,SATISFIABLE,SATISFIABLE,True,True,26,26,7,7,0.000759,0.000765,5.999999999999929e-06,True,True,True,True,True,
repeat=0|base=random_3sat_control_v80_c260_seed1929|variant=perm_seed1738,0,random_3sat_control_v80_c260_seed1929,perm_seed1738,1,1,SATISFIABLE,SATISFIABLE,True,True,35,35,14,14,0.000721,0.000872,0.0001510000000000001,True,True,True,True,True,
repeat=0|base=random_3sat_control_v80_c260_seed1929|variant=perm_seed1739,0,random_3sat_control_v80_c260_seed1929,perm_seed1739,1,1,SATISFIABLE,SATISFIABLE,True,True,55,55,25,25,0.000869,0.000849,-1.9999999999999944e-05,True,True,True,True,True,
repeat=0|base=random_3sat_control_v80_c260_seed1929|variant=perm_seed1740,0,random_3sat_control_v80_c260_seed1929,perm_seed1740,1,1,SATISFIABLE,SATISFIABLE,True,True,30,30,4,4,0.000804,0.00082,1.5999999999999955e-05,True,True,True,True,True,
repeat=0|base=random_3sat_control_v80_c260_seed1929|variant=perm_seed1741,0,random_3sat_control_v80_c260_seed1929,perm_seed1741,1,1,SATISFIABLE,SATISFIABLE,True,True,23,23,0,0,0.000777,0.00073,-4.700000000000006e-05,True,True,True,True,True,
repeat=0|base=random_3sat_control_v80_c260_seed1929|variant=perm_seed1742,0,random_3sat_control_v80_c260_seed1929,perm_seed1742,1,1,SATISFIABLE,SATISFIABLE,True,True,30,30,4,4,0.000721,0.000732,1.100000000000005e-05,True,True,True,True,True,
repeat=0|base=random_3sat_control_v80_c260_seed1929|variant=perm_seed1743,0,random_3sat_control_v80_c260_seed1929,perm_seed1743,1,1,SATISFIABLE,SATISFIABLE,True,True,30,30,1,1,0.000754,0.000772,1.8000000000000004e-05,True,True,True,True,True,
repeat=0|base=random_3sat_control_v80_c260_seed1929|variant=perm_seed1744,0,random_3sat_control_v80_c260_seed1929,perm_seed1744,1,1,SATISFIABLE,SATISFIABLE,True,True,36,36,4,4,0.000718,0.000711,-6.999999999999953e-06,True,True,True,True,True,
repeat=0|base=random_3sat_control_v80_c260_seed1929|variant=perm_seed1745,0,random_3sat_control_v80_c260_seed1929,perm_seed1745,1,1,SATISFIABLE,SATISFIABLE,True,True,30,30,3,3,0.000679,0.000703,2.3999999999999933e-05,True,True,True,True,True,
repeat=0|base=random_3sat_control_v80_c340_seed1913|variant=base,0,random_3sat_control_v80_c340_seed1913,base,1,1,SATISFIABLE,SATISFIABLE,True,True,121,121,96,96,0.000884,0.000869,-1.500000000000004e-05,True,True,True,True,True,
repeat=0|base=random_3sat_control_v80_c340_seed1913|variant=perm_seed1730,0,random_3sat_control_v80_c340_seed1913,perm_seed1730,1,1,SATISFIABLE,SATISFIABLE,True,True,380,380,310,310,0.001239,0.001261,2.1999999999999884e-05,True,True,True,True,True,
repeat=0|base=random_3sat_control_v80_c340_seed1913|variant=perm_seed1731,0,random_3sat_control_v80_c340_seed1913,perm_seed1731,1,1,SATISFIABLE,SATISFIABLE,True,True,74,74,48,48,0.000772,0.000794,2.1999999999999993e-05,True,True,True,True,True,
repeat=0|base=random_3sat_control_v80_c340_seed1913|variant=perm_seed1732,0,random_3sat_control_v80_c340_seed1913,perm_seed1732,1,1,SATISFIABLE,SATISFIABLE,True,True,54,54,32,32,0.000752,0.00084,8.800000000000008e-05,True,True,True,True,True,
repeat=0|base=random_3sat_control_v80_c340_seed1913|variant=perm_seed1733,0,random_3sat_control_v80_c340_seed1913,perm_seed1733,1,1,SATISFIABLE,SATISFIABLE,True,True,103,103,78,78,0.000822,0.000852,2.999999999999997e-05,True,True,True,True,True,
repeat=0|base=random_3sat_control_v80_c340_seed1913|variant=perm_seed1734,0,random_3sat_control_v80_c340_seed1913,perm_seed1734,1,1,SATISFIABLE,SATISFIABLE,True,True,222,222,172,172,0.001025,0.001071,4.599999999999982e-05,True,True,True,True,True,
repeat=0|base=random_3sat_control_v80_c340_seed1913|variant=perm_seed1735,0,random_3sat_control_v80_c340_seed1913,perm_seed1735,1,1,SATISFIABLE,SATISFIABLE,True,True,52,52,31,31,0.000743,0.00085,0.000107,True,True,True,True,True,
repeat=0|base=random_3sat_control_v80_c340_seed1913|variant=perm_seed1736,0,random_3sat_control_v80_c340_seed1913,perm_seed1736,1,1,SATISFIABLE,SATISFIABLE,True,True,310,310,243,243,0.001156,0.001129,-2.6999999999999897e-05,True,True,True,True,True,
repeat=0|base=random_3sat_control_v80_c340_seed1913|variant=perm_seed1737,0,random_3sat_control_v80_c340_seed1913,perm_seed1737,1,1,SATISFIABLE,SATISFIABLE,True,True,113,113,93,93,0.00089,0.000865,-2.4999999999999957e-05,True,True,True,True,True,
repeat=0|base=random_3sat_control_v80_c340_seed1913|variant=perm_seed1738,0,random_3sat_control_v80_c340_seed1913,perm_seed1738,1,1,SATISFIABLE,SATISFIABLE,True,True,27,27,8,8,0.000746,0.000722,-2.400000000000004e-05,True,True,True,True,True,
repeat=0|base=random_3sat_control_v80_c340_seed1913|variant=perm_seed1739,0,random_3sat_control_v80_c340_seed1913,perm_seed1739,1,1,SATISFIABLE,SATISFIABLE,True,True,399,399,328,328,0.001314,0.001435,0.00012100000000000001,True,True,True,True,True,
repeat=0|base=random_3sat_control_v80_c340_seed1913|variant=perm_seed1740,0,random_3sat_control_v80_c340_seed1913,perm_seed1740,1,1,SATISFIABLE,SATISFIABLE,True,True,63,63,37,37,0.000864,0.000812,-5.199999999999996e-05,True,True,True,True,True,
repeat=0|base=random_3sat_control_v80_c340_seed1913|variant=perm_seed1741,0,random_3sat_control_v80_c340_seed1913,perm_seed1741,1,1,SATISFIABLE,SATISFIABLE,True,True,162,162,128,128,0.001149,0.000985,-0.00016400000000000008,True,True,True,True,True,
repeat=0|base=random_3sat_control_v80_c340_seed1913|variant=perm_seed1742,0,random_3sat_control_v80_c340_seed1913,perm_seed1742,1,1,SATISFIABLE,SATISFIABLE,True,True,80,80,63,63,0.000802,0.001006,0.00020399999999999997,True,True,True,True,True,
repeat=0|base=random_3sat_control_v80_c340_seed1913|variant=perm_seed1743,0,random_3sat_control_v80_c340_seed1913,perm_seed1743,1,1,SATISFIABLE,SATISFIABLE,True,True,193,193,159,159,0.001104,0.001057,-4.699999999999995e-05,True,True,True,True,True,
repeat=0|base=random_3sat_control_v80_c340_seed1913|variant=perm_seed1744,0,random_3sat_control_v80_c340_seed1913,perm_seed1744,1,1,SATISFIABLE,SATISFIABLE,True,True,164,164,128,128,0.000965,0.001069,0.00010400000000000003,True,True,True,True,True,
repeat=0|base=random_3sat_control_v80_c340_seed1913|variant=perm_seed1745,0,random_3sat_control_v80_c340_seed1913,perm_seed1745,1,1,SATISFIABLE,SATISFIABLE,True,True,300,300,236,236,0.001192,0.001187,-5.000000000000013e-06,True,True,True,True,True,
repeat=0|base=random_3sat_control_v90_c383_seed1930|variant=base,0,random_3sat_control_v90_c383_seed1930,base,1,1,UNSATISFIABLE,UNSATISFIABLE,True,True,286,286,256,256,0.001215,0.001165,-4.9999999999999914e-05,True,True,True,True,True,
repeat=0|base=random_3sat_control_v90_c383_seed1930|variant=perm_seed1730,0,random_3sat_control_v90_c383_seed1930,perm_seed1730,1,1,UNSATISFIABLE,UNSATISFIABLE,True,True,583,583,499,499,0.001779,0.001745,-3.399999999999996e-05,True,True,True,True,True,
repeat=0|base=random_3sat_control_v90_c383_seed1930|variant=perm_seed1731,0,random_3sat_control_v90_c383_seed1930,perm_seed1731,1,1,UNSATISFIABLE,UNSATISFIABLE,True,True,502,502,439,439,0.001556,0.001584,2.7999999999999813e-05,True,True,True,True,True,
repeat=0|base=random_3sat_control_v90_c383_seed1930|variant=perm_seed1732,0,random_3sat_control_v90_c383_seed1930,perm_seed1732,1,1,UNSATISFIABLE,UNSATISFIABLE,True,True,440,440,363,363,0.001352,0.001372,2.0000000000000052e-05,True,True,True,True,True,
repeat=0|base=random_3sat_control_v90_c383_seed1930|variant=perm_seed1733,0,random_3sat_control_v90_c383_seed1930,perm_seed1733,1,1,UNSATISFIABLE,UNSATISFIABLE,True,True,508,508,440,440,0.001574,0.001664,8.99999999999998e-05,True,True,True,True,True,
repeat=0|base=random_3sat_control_v90_c383_seed1930|variant=perm_seed1734,0,random_3sat_control_v90_c383_seed1930,perm_seed1734,1,1,UNSATISFIABLE,UNSATISFIABLE,True,True,487,487,421,421,0.001487,0.001511,2.3999999999999933e-05,True,True,True,True,True,
repeat=0|base=random_3sat_control_v90_c383_seed1930|variant=perm_seed1735,0,random_3sat_control_v90_c383_seed1930,perm_seed1735,1,1,UNSATISFIABLE,UNSATISFIABLE,True,True,481,481,420,420,0.001434,0.001562,0.00012800000000000008,True,True,True,True,True,
repeat=0|base=random_3sat_control_v90_c383_seed1930|variant=perm_seed1736,0,random_3sat_control_v90_c383_seed1930,perm_seed1736,1,1,UNSATISFIABLE,UNSATISFIABLE,True,True,578,578,519,519,0.001686,0.001833,0.000147,True,True,True,True,True,
repeat=0|base=random_3sat_control_v90_c383_seed1930|variant=perm_seed1737,0,random_3sat_control_v90_c383_seed1930,perm_seed1737,1,1,UNSATISFIABLE,UNSATISFIABLE,True,True,528,528,463,463,0.001658,0.001723,6.499999999999995e-05,True,True,True,True,True,
repeat=0|base=random_3sat_control_v90_c383_seed1930|variant=perm_seed1738,0,random_3sat_control_v90_c383_seed1930,perm_seed1738,1,1,UNSATISFIABLE,UNSATISFIABLE,True,True,385,385,333,333,0.001303,0.001345,4.2000000000000154e-05,True,True,True,True,True,
repeat=0|base=random_3sat_control_v90_c383_seed1930|variant=perm_seed1739,0,random_3sat_control_v90_c383_seed1930,perm_seed1739,1,1,UNSATISFIABLE,UNSATISFIABLE,True,True,713,713,606,606,0.001976,0.001938,-3.799999999999984e-05,True,True,True,True,True,
repeat=0|base=random_3sat_control_v90_c383_seed1930|variant=perm_seed1740,0,random_3sat_control_v90_c383_seed1930,perm_seed1740,1,1,UNSATISFIABLE,UNSATISFIABLE,True,True,547,547,479,479,0.001697,0.001759,6.199999999999999e-05,True,True,True,True,True,
repeat=0|base=random_3sat_control_v90_c383_seed1930|variant=perm_seed1741,0,random_3sat_control_v90_c383_seed1930,perm_seed1741,1,1,UNSATISFIABLE,UNSATISFIABLE,True,True,507,507,434,434,0.001524,0.001516,-7.999999999999978e-06,True,True,True,True,True,
repeat=0|base=random_3sat_control_v90_c383_seed1930|variant=perm_seed1742,0,random_3sat_control_v90_c383_seed1930,perm_seed1742,1,1,UNSATISFIABLE,UNSATISFIABLE,True,True,656,656,578,578,0.001881,0.001877,-4.000000000000097e-06,True,True,True,True,True,
repeat=0|base=random_3sat_control_v90_c383_seed1930|variant=perm_seed1743,0,random_3sat_control_v90_c383_seed1930,perm_seed1743,1,1,UNSATISFIABLE,UNSATISFIABLE,True,True,377,377,327,327,0.001409,0.001335,-7.400000000000006e-05,True,True,True,True,True,
repeat=0|base=random_3sat_control_v90_c383_seed1930|variant=perm_seed1744,0,random_3sat_control_v90_c383_seed1930,perm_seed1744,1,1,UNSATISFIABLE,UNSATISFIABLE,True,True,610,610,505,505,0.001755,0.001823,6.799999999999992e-05,True,True,True,True,True,
repeat=0|base=random_3sat_control_v90_c383_seed1930|variant=perm_seed1745,0,random_3sat_control_v90_c383_seed1930,perm_seed1745,1,1,UNSATISFIABLE,UNSATISFIABLE,True,True,398,398,329,329,0.001344,0.001356,1.2000000000000075e-05,True,True,True,True,True,
repeat=0|base=subset_cardinality_bw10|variant=base,0,subset_cardinality_bw10,base,1,1,UNSATISFIABLE,UNSATISFIABLE,True,True,193,193,141,141,0.000796,0.000836,3.9999999999999996e-05,True,True,True,True,True,
repeat=0|base=subset_cardinality_bw10|variant=perm_seed1730,0,subset_cardinality_bw10,perm_seed1730,1,1,UNSATISFIABLE,UNSATISFIABLE,True,True,218,218,167,167,0.000777,0.000831,5.400000000000001e-05,True,True,True,True,True,
repeat=0|base=subset_cardinality_bw10|variant=perm_seed1731,0,subset_cardinality_bw10,perm_seed1731,1,1,UNSATISFIABLE,UNSATISFIABLE,True,True,202,202,147,147,0.000779,0.000818,3.900000000000008e-05,True,True,True,True,True,
repeat=0|base=subset_cardinality_bw10|variant=perm_seed1732,0,subset_cardinality_bw10,perm_seed1732,1,1,UNSATISFIABLE,UNSATISFIABLE,True,True,217,217,149,149,0.000864,0.000862,-1.99999999999994e-06,True,True,True,True,True,
repeat=0|base=subset_cardinality_bw10|variant=perm_seed1733,0,subset_cardinality_bw10,perm_seed1733,1,1,UNSATISFIABLE,UNSATISFIABLE,True,True,188,188,147,147,0.000929,0.000884,-4.500000000000001e-05,True,True,True,True,True,
repeat=0|base=subset_cardinality_bw10|variant=perm_seed1734,0,subset_cardinality_bw10,perm_seed1734,1,1,UNSATISFIABLE,UNSATISFIABLE,True,True,249,249,170,170,0.000883,0.000865,-1.8000000000000004e-05,True,True,True,True,True,
repeat=0|base=subset_cardinality_bw10|variant=perm_seed1735,0,subset_cardinality_bw10,perm_seed1735,1,1,UNSATISFIABLE,UNSATISFIABLE,True,True,187,187,145,145,0.00082,0.000816,-3.999999999999989e-06,True,True,True,True,True,
repeat=0|base=subset_cardinality_bw10|variant=perm_seed1736,0,subset_cardinality_bw10,perm_seed1736,1,1,UNSATISFIABLE,UNSATISFIABLE,True,True,218,218,175,175,0.000798,0.000798,0.0,True,True,True,True,True,
repeat=0|base=subset_cardinality_bw10|variant=perm_seed1737,0,subset_cardinality_bw10,perm_seed1737,1,1,UNSATISFIABLE,UNSATISFIABLE,True,True,214,214,148,148,0.000878,0.001022,0.00014399999999999992,True,True,True,True,True,
repeat=0|base=subset_cardinality_bw10|variant=perm_seed1738,0,subset_cardinality_bw10,perm_seed1738,1,1,UNSATISFIABLE,UNSATISFIABLE,True,True,245,245,175,175,0.000912,0.000858,-5.400000000000001e-05,True,True,True,True,True,
repeat=0|base=subset_cardinality_bw10|variant=perm_seed1739,0,subset_cardinality_bw10,perm_seed1739,1,1,UNSATISFIABLE,UNSATISFIABLE,True,True,178,178,140,140,0.000803,0.000787,-1.5999999999999955e-05,True,True,True,True,True,
repeat=0|base=subset_cardinality_bw10|variant=perm_seed1740,0,subset_cardinality_bw10,perm_seed1740,1,1,UNSATISFIABLE,UNSATISFIABLE,True,True,255,255,180,180,0.000812,0.001046,0.00023400000000000005,True,True,True,True,True,
repeat=0|base=subset_cardinality_bw10|variant=perm_seed1741,0,subset_cardinality_bw10,perm_seed1741,1,1,UNSATISFIABLE,UNSATISFIABLE,True,True,200,200,162,162,0.000777,0.000941,0.00016399999999999997,True,True,True,True,True,
repeat=0|base=subset_cardinality_bw10|variant=perm_seed1742,0,subset_cardinality_bw10,perm_seed1742,1,1,UNSATISFIABLE,UNSATISFIABLE,True,True,200,200,151,151,0.000825,0.000762,-6.300000000000001e-05,True,True,True,True,True,
repeat=0|base=subset_cardinality_bw10|variant=perm_seed1743,0,subset_cardinality_bw10,perm_seed1743,1,1,UNSATISFIABLE,UNSATISFIABLE,True,True,216,216,154,154,0.000776,0.000782,6.000000000000037e-06,True,True,True,True,True,
repeat=0|base=subset_cardinality_bw10|variant=perm_seed1744,0,subset_cardinality_bw10,perm_seed1744,1,1,UNSATISFIABLE,UNSATISFIABLE,True,True,206,206,157,157,0.000751,0.000774,2.299999999999991e-05,True,True,True,True,True,
repeat=0|base=subset_cardinality_bw10|variant=perm_seed1745,0,subset_cardinality_bw10,perm_seed1745,1,1,UNSATISFIABLE,UNSATISFIABLE,True,True,225,225,170,170,0.000797,0.000762,-3.499999999999998e-05,True,True,True,True,True,
repeat=0|base=subset_cardinality_bw12|variant=base,0,subset_cardinality_bw12,base,1,1,UNSATISFIABLE,UNSATISFIABLE,True,True,442,442,342,342,0.001034,0.001014,-2.0000000000000052e-05,True,True,True,True,True,
repeat=0|base=subset_cardinality_bw12|variant=perm_seed1730,0,subset_cardinality_bw12,perm_seed1730,1,1,UNSATISFIABLE,UNSATISFIABLE,True,True,440,440,329,329,0.000963,0.001029,6.599999999999998e-05,True,True,True,True,True,
repeat=0|base=subset_cardinality_bw12|variant=perm_seed1731,0,subset_cardinality_bw12,perm_seed1731,1,1,UNSATISFIABLE,UNSATISFIABLE,True,True,393,393,297,297,0.001161,0.001125,-3.600000000000001e-05,True,True,True,True,True,
repeat=0|base=subset_cardinality_bw12|variant=perm_seed1732,0,subset_cardinality_bw12,perm_seed1732,1,1,UNSATISFIABLE,UNSATISFIABLE,True,True,430,430,328,328,0.001112,0.001091,-2.099999999999997e-05,True,True,True,True,True,
repeat=0|base=subset_cardinality_bw12|variant=perm_seed1733,0,subset_cardinality_bw12,perm_seed1733,1,1,UNSATISFIABLE,UNSATISFIABLE,True,True,434,434,333,333,0.00104,0.001152,0.00011200000000000012,True,True,True,True,True,
repeat=0|base=subset_cardinality_bw12|variant=perm_seed1734,0,subset_cardinality_bw12,perm_seed1734,1,1,UNSATISFIABLE,UNSATISFIABLE,True,True,464,464,361,361,0.001135,0.001087,-4.7999999999999866e-05,True,True,True,True,True,
repeat=0|base=subset_cardinality_bw12|variant=perm_seed1735,0,subset_cardinality_bw12,perm_seed1735,1,1,UNSATISFIABLE,UNSATISFIABLE,True,True,394,394,340,340,0.001038,0.001136,9.8e-05,True,True,True,True,True,
repeat=0|base=subset_cardinality_bw12|variant=perm_seed1736,0,subset_cardinality_bw12,perm_seed1736,1,1,UNSATISFIABLE,UNSATISFIABLE,True,True,410,410,313,313,0.000999,0.00101,1.0999999999999942e-05,True,True,True,True,True,
repeat=0|base=subset_cardinality_bw12|variant=perm_seed1737,0,subset_cardinality_bw12,perm_seed1737,1,1,UNSATISFIABLE,UNSATISFIABLE,True,True,411,411,323,323,0.001038,0.001024,-1.4000000000000123e-05,True,True,True,True,True,
repeat=0|base=subset_cardinality_bw12|variant=perm_seed1738,0,subset_cardinality_bw12,perm_seed1738,1,1,UNSATISFIABLE,UNSATISFIABLE,True,True,411,411,317,317,0.000989,0.001005,1.5999999999999955e-05,True,True,True,True,True,
repeat=0|base=subset_cardinality_bw12|variant=perm_seed1739,0,subset_cardinality_bw12,perm_seed1739,1,1,UNSATISFIABLE,UNSATISFIABLE,True,True,406,406,316,316,0.00102,0.000996,-2.400000000000015e-05,True,True,True,True,True,
repeat=0|base=subset_cardinality_bw12|variant=perm_seed1740,0,subset_cardinality_bw12,perm_seed1740,1,1,UNSATISFIABLE,UNSATISFIABLE,True,True,442,442,321,321,0.000998,0.00103,3.200000000000013e-05,True,True,True,True,True,
repeat=0|base=subset_cardinality_bw12|variant=perm_seed1741,0,subset_cardinality_bw12,perm_seed1741,1,1,UNSATISFIABLE,UNSATISFIABLE,True,True,417,417,333,333,0.001073,0.001114,4.100000000000002e-05,True,True,True,True,True,
repeat=0|base=subset_cardinality_bw12|variant=perm_seed1742,0,subset_cardinality_bw12,perm_seed1742,1,1,UNSATISFIABLE,UNSATISFIABLE,True,True,443,443,346,346,0.00106,0.001071,1.0999999999999942e-05,True,True,True,True,True,
repeat=0|base=subset_cardinality_bw12|variant=perm_seed1743,0,subset_cardinality_bw12,perm_seed1743,1,1,UNSATISFIABLE,UNSATISFIABLE,True,True,439,439,339,339,0.001032,0.001012,-1.9999999999999836e-05,True,True,True,True,True,
repeat=0|base=subset_cardinality_bw12|variant=perm_seed1744,0,subset_cardinality_bw12,perm_seed1744,1,1,UNSATISFIABLE,UNSATISFIABLE,True,True,430,430,339,339,0.00104,0.001049,9.00000000000011e-06,True,True,True,True,True,
repeat=0|base=subset_cardinality_bw12|variant=perm_seed1745,0,subset_cardinality_bw12,perm_seed1745,1,1,UNSATISFIABLE,UNSATISFIABLE,True,True,408,408,323,323,0.000991,0.001007,1.6000000000000172e-05,True,True,True,True,True,
repeat=0|base=subset_cardinality_bw14|variant=base,0,subset_cardinality_bw14,base,1,1,UNSATISFIABLE,UNSATISFIABLE,True,True,759,759,561,561,0.001354,0.001491,0.00013699999999999997,True,True,True,True,True,
repeat=0|base=subset_cardinality_bw14|variant=perm_seed1730,0,subset_cardinality_bw14,perm_seed1730,1,1,UNSATISFIABLE,UNSATISFIABLE,True,True,743,743,583,583,0.001412,0.001434,2.1999999999999884e-05,True,True,True,True,True,
repeat=0|base=subset_cardinality_bw14|variant=perm_seed1731,0,subset_cardinality_bw14,perm_seed1731,1,1,UNSATISFIABLE,UNSATISFIABLE,True,True,775,775,591,591,0.001404,0.001462,5.799999999999989e-05,True,True,True,True,True,
repeat=0|base=subset_cardinality_bw14|variant=perm_seed1732,0,subset_cardinality_bw14,perm_seed1732,1,1,UNSATISFIABLE,UNSATISFIABLE,True,True,696,696,526,526,0.001311,0.001296,-1.500000000000004e-05,True,True,True,True,True,
repeat=0|base=subset_cardinality_bw14|variant=perm_seed1733,0,subset_cardinality_bw14,perm_seed1733,1,1,UNSATISFIABLE,UNSATISFIABLE,True,True,772,772,610,610,0.001422,0.001411,-1.1000000000000159e-05,True,True,True,True,True,
repeat=0|base=subset_cardinality_bw14|variant=perm_seed1734,0,subset_cardinality_bw14,perm_seed1734,1,1,UNSATISFIABLE,UNSATISFIABLE,True,True,692,692,568,568,0.001348,0.001421,7.299999999999993e-05,True,True,True,True,True,
repeat=0|base=subset_cardinality_bw14|variant=perm_seed1735,0,subset_cardinality_bw14,perm_seed1735,1,1,UNSATISFIABLE,UNSATISFIABLE,True,True,736,736,603,603,0.001452,0.001461,9.00000000000011e-06,True,True,True,True,True,
repeat=0|base=subset_cardinality_bw14|variant=perm_seed1736,0,subset_cardinality_bw14,perm_seed1736,1,1,UNSATISFIABLE,UNSATISFIABLE,True,True,725,725,580,580,0.001377,0.001398,2.099999999999997e-05,True,True,True,True,True,
repeat=0|base=subset_cardinality_bw14|variant=perm_seed1737,0,subset_cardinality_bw14,perm_seed1737,1,1,UNSATISFIABLE,UNSATISFIABLE,True,True,709,709,503,503,0.001269,0.001275,6.000000000000146e-06,True,True,True,True,True,
repeat=0|base=subset_cardinality_bw14|variant=perm_seed1738,0,subset_cardinality_bw14,perm_seed1738,1,1,UNSATISFIABLE,UNSATISFIABLE,True,True,687,687,549,549,0.001364,0.001373,9.00000000000011e-06,True,True,True,True,True,
repeat=0|base=subset_cardinality_bw14|variant=perm_seed1739,0,subset_cardinality_bw14,perm_seed1739,1,1,UNSATISFIABLE,UNSATISFIABLE,True,True,765,765,626,626,0.00149,0.001482,-7.999999999999978e-06,True,True,True,True,True,
repeat=0|base=subset_cardinality_bw14|variant=perm_seed1740,0,subset_cardinality_bw14,perm_seed1740,1,1,UNSATISFIABLE,UNSATISFIABLE,True,True,681,681,539,539,0.001308,0.001345,3.700000000000014e-05,True,True,True,True,True,
repeat=0|base=subset_cardinality_bw14|variant=perm_seed1741,0,subset_cardinality_bw14,perm_seed1741,1,1,UNSATISFIABLE,UNSATISFIABLE,True,True,738,738,563,563,0.001403,0.001359,-4.3999999999999985e-05,True,True,True,True,True,
repeat=0|base=subset_cardinality_bw14|variant=perm_seed1742,0,subset_cardinality_bw14,perm_seed1742,1,1,UNSATISFIABLE,UNSATISFIABLE,True,True,647,647,497,497,0.001232,0.001242,1.0000000000000026e-05,True,True,True,True,True,
repeat=0|base=subset_cardinality_bw14|variant=perm_seed1743,0,subset_cardinality_bw14,perm_seed1743,1,1,UNSATISFIABLE,UNSATISFIABLE,True,True,800,800,653,653,0.00142,0.001522,0.00010199999999999988,True,True,True,True,True,
repeat=0|base=subset_cardinality_bw14|variant=perm_seed1744,0,subset_cardinality_bw14,perm_seed1744,1,1,UNSATISFIABLE,UNSATISFIABLE,True,True,702,702,576,576,0.001388,0.001407,1.9000000000000137e-05,True,True,True,True,True,
repeat=0|base=subset_cardinality_bw14|variant=perm_seed1745,0,subset_cardinality_bw14,perm_seed1745,1,1,UNSATISFIABLE,UNSATISFIABLE,True,True,769,769,586,586,0.001415,0.001724,0.00030900000000000003,True,True,True,True,True,
repeat=0|base=subset_cardinality_bw16|variant=base,0,subset_cardinality_bw16,base,1,1,UNSATISFIABLE,UNSATISFIABLE,True,True,914,914,659,659,0.0015,0.00158,7.999999999999999e-05,True,True,True,True,True,
repeat=0|base=subset_cardinality_bw16|variant=perm_seed1730,0,subset_cardinality_bw16,perm_seed1730,1,1,UNSATISFIABLE,UNSATISFIABLE,True,True,1124,1124,863,863,0.002225,0.001953,-0.0002719999999999999,True,True,True,True,True,
repeat=0|base=subset_cardinality_bw16|variant=perm_seed1731,0,subset_cardinality_bw16,perm_seed1731,1,1,UNSATISFIABLE,UNSATISFIABLE,True,True,1165,1165,901,901,0.001887,0.002237,0.00034999999999999983,True,True,True,True,True,
repeat=0|base=subset_cardinality_bw16|variant=perm_seed1732,0,subset_cardinality_bw16,perm_seed1732,1,1,UNSATISFIABLE,UNSATISFIABLE,True,True,1261,1261,971,971,0.002041,0.002487,0.0004460000000000002,True,True,True,True,True,
repeat=0|base=subset_cardinality_bw16|variant=perm_seed1733,0,subset_cardinality_bw16,perm_seed1733,1,1,UNSATISFIABLE,UNSATISFIABLE,True,True,1256,1256,997,997,0.002254,0.002153,-0.00010099999999999996,True,True,True,True,True,
repeat=0|base=subset_cardinality_bw16|variant=perm_seed1734,0,subset_cardinality_bw16,perm_seed1734,1,1,UNSATISFIABLE,UNSATISFIABLE,True,True,1201,1201,874,874,0.002093,0.001935,-0.00015799999999999972,True,True,True,True,True,
repeat=0|base=subset_cardinality_bw16|variant=perm_seed1735,0,subset_cardinality_bw16,perm_seed1735,1,1,UNSATISFIABLE,UNSATISFIABLE,True,True,1156,1156,858,858,0.002078,0.00194,-0.00013799999999999988,True,True,True,True,True,
repeat=0|base=subset_cardinality_bw16|variant=perm_seed1736,0,subset_cardinality_bw16,perm_seed1736,1,1,UNSATISFIABLE,UNSATISFIABLE,True,True,1269,1269,990,990,0.002123,0.002144,2.1000000000000185e-05,True,True,True,True,True,
repeat=0|base=subset_cardinality_bw16|variant=perm_seed1737,0,subset_cardinality_bw16,perm_seed1737,1,1,UNSATISFIABLE,UNSATISFIABLE,True,True,1136,1136,881,881,0.001987,0.00192,-6.7e-05,True,True,True,True,True,
repeat=0|base=subset_cardinality_bw16|variant=perm_seed1738,0,subset_cardinality_bw16,perm_seed1738,1,1,UNSATISFIABLE,UNSATISFIABLE,True,True,1155,1155,911,911,0.001983,0.002169,0.00018599999999999997,True,True,True,True,True,
repeat=0|base=subset_cardinality_bw16|variant=perm_seed1739,0,subset_cardinality_bw16,perm_seed1739,1,1,UNSATISFIABLE,UNSATISFIABLE,True,True,1240,1240,926,926,0.001918,0.002007,8.90000000000001e-05,True,True,True,True,True,
repeat=0|base=subset_cardinality_bw16|variant=perm_seed1740,0,subset_cardinality_bw16,perm_seed1740,1,1,UNSATISFIABLE,UNSATISFIABLE,True,True,1144,1144,866,866,0.001862,0.001937,7.499999999999998e-05,True,True,True,True,True,
repeat=0|base=subset_cardinality_bw16|variant=perm_seed1741,0,subset_cardinality_bw16,perm_seed1741,1,1,UNSATISFIABLE,UNSATISFIABLE,True,True,1187,1187,895,895,0.001878,0.00183,-4.7999999999999866e-05,True,True,True,True,True,
repeat=0|base=subset_cardinality_bw16|variant=perm_seed1742,0,subset_cardinality_bw16,perm_seed1742,1,1,UNSATISFIABLE,UNSATISFIABLE,True,True,1144,1144,845,845,0.001839,0.001791,-4.7999999999999866e-05,True,True,True,True,True,
repeat=0|base=subset_cardinality_bw16|variant=perm_seed1743,0,subset_cardinality_bw16,perm_seed1743,1,1,UNSATISFIABLE,UNSATISFIABLE,True,True,1340,1340,1021,1021,0.002061,0.002125,6.400000000000025e-05,True,True,True,True,True,
repeat=0|base=subset_cardinality_bw16|variant=perm_seed1744,0,subset_cardinality_bw16,perm_seed1744,1,1,UNSATISFIABLE,UNSATISFIABLE,True,True,1190,1190,952,952,0.002071,0.0021,2.8999999999999946e-05,True,True,True,True,True,
repeat=0|base=subset_cardinality_bw16|variant=perm_seed1745,0,subset_cardinality_bw16,perm_seed1745,1,1,UNSATISFIABLE,UNSATISFIABLE,True,True,1275,1275,979,979,0.002028,0.002153,0.0001250000000000001,True,True,True,True,True,
repeat=0|base=subset_cardinality_bw18|variant=base,0,subset_cardinality_bw18,base,1,1,UNSATISFIABLE,UNSATISFIABLE,True,True,1744,1744,1353,1353,0.00273,0.002768,3.800000000000027e-05,True,True,True,True,True,
repeat=0|base=subset_cardinality_bw18|variant=perm_seed1730,0,subset_cardinality_bw18,perm_seed1730,1,1,UNSATISFIABLE,UNSATISFIABLE,True,True,1692,1692,1238,1238,0.002564,0.002608,4.40000000000002e-05,True,True,True,True,True,
repeat=0|base=subset_cardinality_bw18|variant=perm_seed1731,0,subset_cardinality_bw18,perm_seed1731,1,1,UNSATISFIABLE,UNSATISFIABLE,True,True,1884,1884,1464,1464,0.003039,0.003014,-2.499999999999985e-05,True,True,True,True,True,
repeat=0|base=subset_cardinality_bw18|variant=perm_seed1732,0,subset_cardinality_bw18,perm_seed1732,1,1,UNSATISFIABLE,UNSATISFIABLE,True,True,1456,1456,1049,1049,0.0021,0.002157,5.700000000000019e-05,True,True,True,True,True,
repeat=0|base=subset_cardinality_bw18|variant=perm_seed1733,0,subset_cardinality_bw18,perm_seed1733,1,1,UNSATISFIABLE,UNSATISFIABLE,True,True,1993,1993,1604,1604,0.003207,0.003273,6.599999999999965e-05,True,True,True,True,True,
repeat=0|base=subset_cardinality_bw18|variant=perm_seed1734,0,subset_cardinality_bw18,perm_seed1734,1,1,UNSATISFIABLE,UNSATISFIABLE,True,True,1814,1814,1305,1305,0.002495,0.002506,1.1000000000000159e-05,True,True,True,True,True,
repeat=0|base=subset_cardinality_bw18|variant=perm_seed1735,0,subset_cardinality_bw18,perm_seed1735,1,1,UNSATISFIABLE,UNSATISFIABLE,True,True,1587,1587,1151,1151,0.002275,0.002247,-2.8000000000000247e-05,True,True,True,True,True,
repeat=0|base=subset_cardinality_bw18|variant=perm_seed1736,0,subset_cardinality_bw18,perm_seed1736,1,1,UNSATISFIABLE,UNSATISFIABLE,True,True,1684,1684,1216,1216,0.002456,0.002437,-1.899999999999992e-05,True,True,True,True,True,
repeat=0|base=subset_cardinality_bw18|variant=perm_seed1737,0,subset_cardinality_bw18,perm_seed1737,1,1,UNSATISFIABLE,UNSATISFIABLE,True,True,1851,1851,1302,1302,0.002581,0.002556,-2.499999999999985e-05,True,True,True,True,True,
repeat=0|base=subset_cardinality_bw18|variant=perm_seed1738,0,subset_cardinality_bw18,perm_seed1738,1,1,UNSATISFIABLE,UNSATISFIABLE,True,True,1549,1549,1103,1103,0.002156,0.002161,5.00000000000023e-06,True,True,True,True,True,
repeat=0|base=subset_cardinality_bw18|variant=perm_seed1739,0,subset_cardinality_bw18,perm_seed1739,1,1,UNSATISFIABLE,UNSATISFIABLE,True,True,1933,1933,1461,1461,0.002986,0.002924,-6.199999999999999e-05,True,True,True,True,True,
repeat=0|base=subset_cardinality_bw18|variant=perm_seed1740,0,subset_cardinality_bw18,perm_seed1740,1,1,UNSATISFIABLE,UNSATISFIABLE,True,True,1755,1755,1289,1289,0.002598,0.002614,1.5999999999999955e-05,True,True,True,True,True,
repeat=0|base=subset_cardinality_bw18|variant=perm_seed1741,0,subset_cardinality_bw18,perm_seed1741,1,1,UNSATISFIABLE,UNSATISFIABLE,True,True,1766,1766,1309,1309,0.002638,0.002609,-2.8999999999999946e-05,True,True,True,True,True,
repeat=0|base=subset_cardinality_bw18|variant=perm_seed1742,0,subset_cardinality_bw18,perm_seed1742,1,1,UNSATISFIABLE,UNSATISFIABLE,True,True,1570,1570,1172,1172,0.00229,0.002527,0.00023700000000000023,True,True,True,True,True,
repeat=0|base=subset_cardinality_bw18|variant=perm_seed1743,0,subset_cardinality_bw18,perm_seed1743,1,1,UNSATISFIABLE,UNSATISFIABLE,True,True,1910,1910,1455,1455,0.002998,0.003121,0.00012300000000000028,True,True,True,True,True,
repeat=0|base=subset_cardinality_bw18|variant=perm_seed1744,0,subset_cardinality_bw18,perm_seed1744,1,1,UNSATISFIABLE,UNSATISFIABLE,True,True,1455,1455,1048,1048,0.002378,0.002176,-0.00020199999999999992,True,True,True,True,True,
repeat=0|base=subset_cardinality_bw18|variant=perm_seed1745,0,subset_cardinality_bw18,perm_seed1745,1,1,UNSATISFIABLE,UNSATISFIABLE,True,True,1653,1653,1237,1237,0.002506,0.002542,3.600000000000001e-05,True,True,True,True,True,
repeat=0|base=subset_cardinality_bw8|variant=base,0,subset_cardinality_bw8,base,1,1,UNSATISFIABLE,UNSATISFIABLE,True,True,89,89,67,67,0.000717,0.000719,2.0000000000000486e-06,True,True,True,True,True,
repeat=0|base=subset_cardinality_bw8|variant=perm_seed1730,0,subset_cardinality_bw8,perm_seed1730,1,1,UNSATISFIABLE,UNSATISFIABLE,True,True,110,110,76,76,0.000784,0.0007,-8.399999999999998e-05,True,True,True,True,True,
repeat=0|base=subset_cardinality_bw8|variant=perm_seed1731,0,subset_cardinality_bw8,perm_seed1731,1,1,UNSATISFIABLE,UNSATISFIABLE,True,True,91,91,70,70,0.000669,0.000795,0.00012600000000000003,True,True,True,True,True,
repeat=0|base=subset_cardinality_bw8|variant=perm_seed1732,0,subset_cardinality_bw8,perm_seed1732,1,1,UNSATISFIABLE,UNSATISFIABLE,True,True,84,84,67,67,0.000784,0.000734,-5.000000000000002e-05,True,True,True,True,True,
repeat=0|base=subset_cardinality_bw8|variant=perm_seed1733,0,subset_cardinality_bw8,perm_seed1733,1,1,UNSATISFIABLE,UNSATISFIABLE,True,True,109,109,86,86,0.000727,0.000703,-2.400000000000004e-05,True,True,True,True,True,
repeat=0|base=subset_cardinality_bw8|variant=perm_seed1734,0,subset_cardinality_bw8,perm_seed1734,1,1,UNSATISFIABLE,UNSATISFIABLE,True,True,112,112,82,82,0.000667,0.00072,5.3000000000000096e-05,True,True,True,True,True,
repeat=0|base=subset_cardinality_bw8|variant=perm_seed1735,0,subset_cardinality_bw8,perm_seed1735,1,1,UNSATISFIABLE,UNSATISFIABLE,True,True,94,94,68,68,0.000662,0.000681,1.899999999999992e-05,True,True,True,True,True,
repeat=0|base=subset_cardinality_bw8|variant=perm_seed1736,0,subset_cardinality_bw8,perm_seed1736,1,1,UNSATISFIABLE,UNSATISFIABLE,True,True,121,121,83,83,0.000656,0.000646,-1.0000000000000026e-05,True,True,True,True,True,
repeat=0|base=subset_cardinality_bw8|variant=perm_seed1737,0,subset_cardinality_bw8,perm_seed1737,1,1,UNSATISFIABLE,UNSATISFIABLE,True,True,87,87,66,66,0.000644,0.000661,1.699999999999998e-05,True,True,True,True,True,
repeat=0|base=subset_cardinality_bw8|variant=perm_seed1738,0,subset_cardinality_bw8,perm_seed1738,1,1,UNSATISFIABLE,UNSATISFIABLE,True,True,80,80,66,66,0.000772,0.000694,-7.800000000000005e-05,True,True,True,True,True,
repeat=0|base=subset_cardinality_bw8|variant=perm_seed1739,0,subset_cardinality_bw8,perm_seed1739,1,1,UNSATISFIABLE,UNSATISFIABLE,True,True,103,103,74,74,0.000768,0.000725,-4.300000000000007e-05,True,True,True,True,True,
repeat=0|base=subset_cardinality_bw8|variant=perm_seed1740,0,subset_cardinality_bw8,perm_seed1740,1,1,UNSATISFIABLE,UNSATISFIABLE,True,True,98,98,64,64,0.000671,0.000674,2.9999999999999645e-06,True,True,True,True,True,
repeat=0|base=subset_cardinality_bw8|variant=perm_seed1741,0,subset_cardinality_bw8,perm_seed1741,1,1,UNSATISFIABLE,UNSATISFIABLE,True,True,106,106,76,76,0.000656,0.000683,2.7000000000000006e-05,True,True,True,True,True,
repeat=0|base=subset_cardinality_bw8|variant=perm_seed1742,0,subset_cardinality_bw8,perm_seed1742,1,1,UNSATISFIABLE,UNSATISFIABLE,True,True,107,107,72,72,0.000722,0.000799,7.700000000000003e-05,True,True,True,True,True,
repeat=0|base=subset_cardinality_bw8|variant=perm_seed1743,0,subset_cardinality_bw8,perm_seed1743,1,1,UNSATISFIABLE,UNSATISFIABLE,True,True,106,106,74,74,0.000674,0.00077,9.599999999999995e-05,True,True,True,True,True,
repeat=0|base=subset_cardinality_bw8|variant=perm_seed1744,0,subset_cardinality_bw8,perm_seed1744,1,1,UNSATISFIABLE,UNSATISFIABLE,True,True,99,99,71,71,0.000703,0.000665,-3.799999999999995e-05,True,True,True,True,True,
repeat=0|base=subset_cardinality_bw8|variant=perm_seed1745,0,subset_cardinality_bw8,perm_seed1745,1,1,UNSATISFIABLE,UNSATISFIABLE,True,True,102,102,71,71,0.000678,0.000695,1.699999999999998e-05,True,True,True,True,True,
repeat=0|base=tseitin_k5_even|variant=base,0,tseitin_k5_even,base,1,1,SATISFIABLE,SATISFIABLE,True,True,7,7,0,0,0.000541,0.000658,0.00011699999999999992,True,True,True,True,True,
repeat=0|base=tseitin_k5_even|variant=perm_seed1730,0,tseitin_k5_even,perm_seed1730,1,1,SATISFIABLE,SATISFIABLE,True,True,7,7,0,0,0.000617,0.000689,7.200000000000002e-05,True,True,True,True,True,
repeat=0|base=tseitin_k5_even|variant=perm_seed1731,0,tseitin_k5_even,perm_seed1731,1,1,SATISFIABLE,SATISFIABLE,True,True,7,7,0,0,0.000672,0.00068,8.000000000000086e-06,True,True,True,True,True,
repeat=0|base=tseitin_k5_even|variant=perm_seed1732,0,tseitin_k5_even,perm_seed1732,1,1,SATISFIABLE,SATISFIABLE,True,True,7,7,0,0,0.000639,0.000627,-1.2000000000000075e-05,True,True,True,True,True,
repeat=0|base=tseitin_k5_even|variant=perm_seed1733,0,tseitin_k5_even,perm_seed1733,1,1,SATISFIABLE,SATISFIABLE,True,True,7,7,0,0,0.000565,0.000696,0.00013100000000000004,True,True,True,True,True,
repeat=0|base=tseitin_k5_even|variant=perm_seed1734,0,tseitin_k5_even,perm_seed1734,1,1,SATISFIABLE,SATISFIABLE,True,True,7,7,0,0,0.000666,0.000729,6.300000000000001e-05,True,True,True,True,True,
repeat=0|base=tseitin_k5_even|variant=perm_seed1735,0,tseitin_k5_even,perm_seed1735,1,1,SATISFIABLE,SATISFIABLE,True,True,7,7,0,0,0.000638,0.000655,1.699999999999998e-05,True,True,True,True,True,
repeat=0|base=tseitin_k5_even|variant=perm_seed1736,0,tseitin_k5_even,perm_seed1736,1,1,SATISFIABLE,SATISFIABLE,True,True,7,7,0,0,0.000622,0.000605,-1.7000000000000088e-05,True,True,True,True,True,
repeat=0|base=tseitin_k5_even|variant=perm_seed1737,0,tseitin_k5_even,perm_seed1737,1,1,SATISFIABLE,SATISFIABLE,True,True,7,7,0,0,0.000613,0.000584,-2.9000000000000054e-05,True,True,True,True,True,
repeat=0|base=tseitin_k5_even|variant=perm_seed1738,0,tseitin_k5_even,perm_seed1738,1,1,SATISFIABLE,SATISFIABLE,True,True,7,7,0,0,0.000722,0.00066,-6.199999999999999e-05,True,True,True,True,True,
repeat=0|base=tseitin_k5_even|variant=perm_seed1739,0,tseitin_k5_even,perm_seed1739,1,1,SATISFIABLE,SATISFIABLE,True,True,7,7,0,0,0.000646,0.000639,-6.999999999999953e-06,True,True,True,True,True,
repeat=0|base=tseitin_k5_even|variant=perm_seed1740,0,tseitin_k5_even,perm_seed1740,1,1,SATISFIABLE,SATISFIABLE,True,True,7,7,0,0,0.000629,0.000871,0.00024200000000000003,True,True,True,True,True,
repeat=0|base=tseitin_k5_even|variant=perm_seed1741,0,tseitin_k5_even,perm_seed1741,1,1,SATISFIABLE,SATISFIABLE,True,True,7,7,0,0,0.000714,0.000637,-7.700000000000003e-05,True,True,True,True,True,
repeat=0|base=tseitin_k5_even|variant=perm_seed1742,0,tseitin_k5_even,perm_seed1742,1,1,SATISFIABLE,SATISFIABLE,True,True,7,7,0,0,0.000654,0.00063,-2.3999999999999933e-05,True,True,True,True,True,
repeat=0|base=tseitin_k5_even|variant=perm_seed1743,0,tseitin_k5_even,perm_seed1743,1,1,SATISFIABLE,SATISFIABLE,True,True,7,7,0,0,0.000606,0.00062,1.4000000000000015e-05,True,True,True,True,True,
repeat=0|base=tseitin_k5_even|variant=perm_seed1744,0,tseitin_k5_even,perm_seed1744,1,1,SATISFIABLE,SATISFIABLE,True,True,7,7,0,0,0.000626,0.000578,-4.800000000000008e-05,True,True,True,True,True,
repeat=0|base=tseitin_k5_even|variant=perm_seed1745,0,tseitin_k5_even,perm_seed1745,1,1,SATISFIABLE,SATISFIABLE,True,True,7,7,0,0,0.000637,0.000682,4.500000000000001e-05,True,True,True,True,True,
repeat=0|base=tseitin_k5_odd|variant=base,0,tseitin_k5_odd,base,1,1,UNSATISFIABLE,UNSATISFIABLE,True,True,63,63,64,64,0.000621,0.000632,1.0999999999999942e-05,True,True,True,True,True,
repeat=0|base=tseitin_k5_odd|variant=perm_seed1730,0,tseitin_k5_odd,perm_seed1730,1,1,UNSATISFIABLE,UNSATISFIABLE,True,True,63,63,64,64,0.000685,0.000693,8.000000000000086e-06,True,True,True,True,True,
repeat=0|base=tseitin_k5_odd|variant=perm_seed1731,0,tseitin_k5_odd,perm_seed1731,1,1,UNSATISFIABLE,UNSATISFIABLE,True,True,63,63,64,64,0.000625,0.000675,5.000000000000002e-05,True,True,True,True,True,
repeat=0|base=tseitin_k5_odd|variant=perm_seed1732,0,tseitin_k5_odd,perm_seed1732,1,1,UNSATISFIABLE,UNSATISFIABLE,True,True,63,63,64,64,0.000693,0.000646,-4.700000000000006e-05,True,True,True,True,True,
repeat=0|base=tseitin_k5_odd|variant=perm_seed1733,0,tseitin_k5_odd,perm_seed1733,1,1,UNSATISFIABLE,UNSATISFIABLE,True,True,63,63,64,64,0.000635,0.000665,2.999999999999997e-05,True,True,True,True,True,
repeat=0|base=tseitin_k5_odd|variant=perm_seed1734,0,tseitin_k5_odd,perm_seed1734,1,1,UNSATISFIABLE,UNSATISFIABLE,True,True,63,63,64,64,0.000617,0.00064,2.3000000000000017e-05,True,True,True,True,True,
repeat=0|base=tseitin_k5_odd|variant=perm_seed1735,0,tseitin_k5_odd,perm_seed1735,1,1,UNSATISFIABLE,UNSATISFIABLE,True,True,63,63,64,64,0.000603,0.000624,2.099999999999997e-05,True,True,True,True,True,
repeat=0|base=tseitin_k5_odd|variant=perm_seed1736,0,tseitin_k5_odd,perm_seed1736,1,1,UNSATISFIABLE,UNSATISFIABLE,True,True,63,63,64,64,0.000714,0.000722,7.999999999999978e-06,True,True,True,True,True,
repeat=0|base=tseitin_k5_odd|variant=perm_seed1737,0,tseitin_k5_odd,perm_seed1737,1,1,UNSATISFIABLE,UNSATISFIABLE,True,True,63,63,64,64,0.000602,0.000693,9.100000000000004e-05,True,True,True,True,True,
repeat=0|base=tseitin_k5_odd|variant=perm_seed1738,0,tseitin_k5_odd,perm_seed1738,1,1,UNSATISFIABLE,UNSATISFIABLE,True,True,63,63,64,64,0.00069,0.000666,-2.3999999999999933e-05,True,True,True,True,True,
repeat=0|base=tseitin_k5_odd|variant=perm_seed1739,0,tseitin_k5_odd,perm_seed1739,1,1,UNSATISFIABLE,UNSATISFIABLE,True,True,63,63,64,64,0.000628,0.000668,3.9999999999999996e-05,True,True,True,True,True,
repeat=0|base=tseitin_k5_odd|variant=perm_seed1740,0,tseitin_k5_odd,perm_seed1740,1,1,UNSATISFIABLE,UNSATISFIABLE,True,True,63,63,64,64,0.000661,0.000637,-2.400000000000004e-05,True,True,True,True,True,
repeat=0|base=tseitin_k5_odd|variant=perm_seed1741,0,tseitin_k5_odd,perm_seed1741,1,1,UNSATISFIABLE,UNSATISFIABLE,True,True,63,63,64,64,0.000611,0.000643,3.200000000000002e-05,True,True,True,True,True,
repeat=0|base=tseitin_k5_odd|variant=perm_seed1742,0,tseitin_k5_odd,perm_seed1742,1,1,UNSATISFIABLE,UNSATISFIABLE,True,True,63,63,64,64,0.000644,0.000706,6.199999999999999e-05,True,True,True,True,True,
repeat=0|base=tseitin_k5_odd|variant=perm_seed1743,0,tseitin_k5_odd,perm_seed1743,1,1,UNSATISFIABLE,UNSATISFIABLE,True,True,63,63,64,64,0.000752,0.000688,-6.399999999999993e-05,True,True,True,True,True,
repeat=0|base=tseitin_k5_odd|variant=perm_seed1744,0,tseitin_k5_odd,perm_seed1744,1,1,UNSATISFIABLE,UNSATISFIABLE,True,True,63,63,64,64,0.000678,0.000629,-4.9e-05,True,True,True,True,True,
repeat=0|base=tseitin_k5_odd|variant=perm_seed1745,0,tseitin_k5_odd,perm_seed1745,1,1,UNSATISFIABLE,UNSATISFIABLE,True,True,63,63,64,64,0.000649,0.000608,-4.099999999999991e-05,True,True,True,True,True,
repeat=0|base=tseitin_k6_even|variant=base,0,tseitin_k6_even,base,1,1,SATISFIABLE,SATISFIABLE,True,True,11,11,0,0,0.000663,0.000657,-5.999999999999929e-06,True,True,True,True,True,
repeat=0|base=tseitin_k6_even|variant=perm_seed1730,0,tseitin_k6_even,perm_seed1730,1,1,SATISFIABLE,SATISFIABLE,True,True,11,11,0,0,0.000639,0.00062,-1.9000000000000028e-05,True,True,True,True,True,
repeat=0|base=tseitin_k6_even|variant=perm_seed1731,0,tseitin_k6_even,perm_seed1731,1,1,SATISFIABLE,SATISFIABLE,True,True,11,11,0,0,0.000617,0.000666,4.9e-05,True,True,True,True,True,
repeat=0|base=tseitin_k6_even|variant=perm_seed1732,0,tseitin_k6_even,perm_seed1732,1,1,SATISFIABLE,SATISFIABLE,True,True,11,11,0,0,0.000687,0.000735,4.7999999999999974e-05,True,True,True,True,True,
repeat=0|base=tseitin_k6_even|variant=perm_seed1733,0,tseitin_k6_even,perm_seed1733,1,1,SATISFIABLE,SATISFIABLE,True,True,11,11,0,0,0.000654,0.000696,4.2000000000000045e-05,True,True,True,True,True,
repeat=0|base=tseitin_k6_even|variant=perm_seed1734,0,tseitin_k6_even,perm_seed1734,1,1,SATISFIABLE,SATISFIABLE,True,True,11,11,0,0,0.000624,0.000658,3.399999999999996e-05,True,True,True,True,True,
repeat=0|base=tseitin_k6_even|variant=perm_seed1735,0,tseitin_k6_even,perm_seed1735,1,1,SATISFIABLE,SATISFIABLE,True,True,11,11,0,0,0.000617,0.000681,6.399999999999993e-05,True,True,True,True,True,
repeat=0|base=tseitin_k6_even|variant=perm_seed1736,0,tseitin_k6_even,perm_seed1736,1,1,SATISFIABLE,SATISFIABLE,True,True,11,11,0,0,0.000768,0.00063,-0.000138,True,True,True,True,True,
repeat=0|base=tseitin_k6_even|variant=perm_seed1737,0,tseitin_k6_even,perm_seed1737,1,1,SATISFIABLE,SATISFIABLE,True,True,11,11,0,0,0.000672,0.000704,3.200000000000002e-05,True,True,True,True,True,
repeat=0|base=tseitin_k6_even|variant=perm_seed1738,0,tseitin_k6_even,perm_seed1738,1,1,SATISFIABLE,SATISFIABLE,True,True,11,11,0,0,0.000654,0.000661,7.000000000000062e-06,True,True,True,True,True,
repeat=0|base=tseitin_k6_even|variant=perm_seed1739,0,tseitin_k6_even,perm_seed1739,1,1,SATISFIABLE,SATISFIABLE,True,True,11,11,0,0,0.000678,0.000689,1.100000000000005e-05,True,True,True,True,True,
repeat=0|base=tseitin_k6_even|variant=perm_seed1740,0,tseitin_k6_even,perm_seed1740,1,1,SATISFIABLE,SATISFIABLE,True,True,11,11,0,0,0.000603,0.000633,2.999999999999997e-05,True,True,True,True,True,
repeat=0|base=tseitin_k6_even|variant=perm_seed1741,0,tseitin_k6_even,perm_seed1741,1,1,SATISFIABLE,SATISFIABLE,True,True,11,11,0,0,0.000623,0.000727,0.00010400000000000003,True,True,True,True,True,
repeat=0|base=tseitin_k6_even|variant=perm_seed1742,0,tseitin_k6_even,perm_seed1742,1,1,SATISFIABLE,SATISFIABLE,True,True,11,11,0,0,0.00077,0.000751,-1.899999999999992e-05,True,True,True,True,True,
repeat=0|base=tseitin_k6_even|variant=perm_seed1743,0,tseitin_k6_even,perm_seed1743,1,1,SATISFIABLE,SATISFIABLE,True,True,11,11,0,0,0.000639,0.000703,6.399999999999993e-05,True,True,True,True,True,
repeat=0|base=tseitin_k6_even|variant=perm_seed1744,0,tseitin_k6_even,perm_seed1744,1,1,SATISFIABLE,SATISFIABLE,True,True,11,11,0,0,0.000603,0.00066,5.6999999999999976e-05,True,True,True,True,True,
repeat=0|base=tseitin_k6_even|variant=perm_seed1745,0,tseitin_k6_even,perm_seed1745,1,1,SATISFIABLE,SATISFIABLE,True,True,11,11,0,0,0.000698,0.00068,-1.8000000000000004e-05,True,True,True,True,True,
repeat=0|base=tseitin_k6_odd|variant=base,0,tseitin_k6_odd,base,1,1,UNSATISFIABLE,UNSATISFIABLE,True,True,1023,1023,1024,1024,0.00139,0.001359,-3.0999999999999995e-05,True,True,True,True,True,
repeat=0|base=tseitin_k6_odd|variant=perm_seed1730,0,tseitin_k6_odd,perm_seed1730,1,1,UNSATISFIABLE,UNSATISFIABLE,True,True,1387,1387,1025,1025,0.001321,0.001231,-8.99999999999998e-05,True,True,True,True,True,
repeat=0|base=tseitin_k6_odd|variant=perm_seed1731,0,tseitin_k6_odd,perm_seed1731,1,1,UNSATISFIABLE,UNSATISFIABLE,True,True,1230,1230,996,996,0.001393,0.001392,-9.999999999999159e-07,True,True,True,True,True,
repeat=0|base=tseitin_k6_odd|variant=perm_seed1732,0,tseitin_k6_odd,perm_seed1732,1,1,UNSATISFIABLE,UNSATISFIABLE,True,True,1240,1240,1026,1026,0.001376,0.00131,-6.600000000000009e-05,True,True,True,True,True,
repeat=0|base=tseitin_k6_odd|variant=perm_seed1733,0,tseitin_k6_odd,perm_seed1733,1,1,UNSATISFIABLE,UNSATISFIABLE,True,True,1471,1471,1024,1024,0.001195,0.001252,5.6999999999999976e-05,True,True,True,True,True,
repeat=0|base=tseitin_k6_odd|variant=perm_seed1734,0,tseitin_k6_odd,perm_seed1734,1,1,UNSATISFIABLE,UNSATISFIABLE,True,True,1369,1369,1022,1022,0.001298,0.001271,-2.6999999999999897e-05,True,True,True,True,True,
repeat=0|base=tseitin_k6_odd|variant=perm_seed1735,0,tseitin_k6_odd,perm_seed1735,1,1,UNSATISFIABLE,UNSATISFIABLE,True,True,1490,1490,1020,1020,0.00127,0.00122,-5.000000000000013e-05,True,True,True,True,True,
repeat=0|base=tseitin_k6_odd|variant=perm_seed1736,0,tseitin_k6_odd,perm_seed1736,1,1,UNSATISFIABLE,UNSATISFIABLE,True,True,1491,1491,1023,1023,0.001241,0.001226,-1.4999999999999823e-05,True,True,True,True,True,
repeat=0|base=tseitin_k6_odd|variant=perm_seed1737,0,tseitin_k6_odd,perm_seed1737,1,1,UNSATISFIABLE,UNSATISFIABLE,True,True,1370,1370,1029,1029,0.001236,0.001266,3.000000000000008e-05,True,True,True,True,True,
repeat=0|base=tseitin_k6_odd|variant=perm_seed1738,0,tseitin_k6_odd,perm_seed1738,1,1,UNSATISFIABLE,UNSATISFIABLE,True,True,1420,1420,1019,1019,0.001217,0.001308,9.099999999999994e-05,True,True,True,True,True,
repeat=0|base=tseitin_k6_odd|variant=perm_seed1739,0,tseitin_k6_odd,perm_seed1739,1,1,UNSATISFIABLE,UNSATISFIABLE,True,True,1490,1490,1021,1021,0.00121,0.001247,3.700000000000014e-05,True,True,True,True,True,
repeat=0|base=tseitin_k6_odd|variant=perm_seed1740,0,tseitin_k6_odd,perm_seed1740,1,1,UNSATISFIABLE,UNSATISFIABLE,True,True,1226,1226,1004,1004,0.001324,0.001775,0.000451,True,True,True,True,True,
repeat=0|base=tseitin_k6_odd|variant=perm_seed1741,0,tseitin_k6_odd,perm_seed1741,1,1,UNSATISFIABLE,UNSATISFIABLE,True,True,1419,1419,1021,1021,0.00128,0.001418,0.00013799999999999988,True,True,True,True,True,
repeat=0|base=tseitin_k6_odd|variant=perm_seed1742,0,tseitin_k6_odd,perm_seed1742,1,1,UNSATISFIABLE,UNSATISFIABLE,True,True,1514,1514,1019,1019,0.001345,0.001382,3.6999999999999924e-05,True,True,True,True,True,
repeat=0|base=tseitin_k6_odd|variant=perm_seed1743,0,tseitin_k6_odd,perm_seed1743,1,1,UNSATISFIABLE,UNSATISFIABLE,True,True,1289,1289,1023,1023,0.001482,0.0013,-0.0001820000000000001,True,True,True,True,True,
repeat=0|base=tseitin_k6_odd|variant=perm_seed1744,0,tseitin_k6_odd,perm_seed1744,1,1,UNSATISFIABLE,UNSATISFIABLE,True,True,1491,1491,1021,1021,0.001258,0.001238,-2.0000000000000052e-05,True,True,True,True,True,
repeat=0|base=tseitin_k6_odd|variant=perm_seed1745,0,tseitin_k6_odd,perm_seed1745,1,1,UNSATISFIABLE,UNSATISFIABLE,True,True,1164,1164,1006,1006,0.001284,0.001418,0.000134,True,True,True,True,True,
repeat=0|base=tseitin_k7_even|variant=base,0,tseitin_k7_even,base,1,1,SATISFIABLE,SATISFIABLE,True,True,16,16,0,0,0.000736,0.000722,-1.4000000000000015e-05,True,True,True,True,True,
repeat=0|base=tseitin_k7_even|variant=perm_seed1730,0,tseitin_k7_even,perm_seed1730,1,1,SATISFIABLE,SATISFIABLE,True,True,16,16,0,0,0.000803,0.000792,-1.100000000000005e-05,True,True,True,True,True,
repeat=0|base=tseitin_k7_even|variant=perm_seed1731,0,tseitin_k7_even,perm_seed1731,1,1,SATISFIABLE,SATISFIABLE,True,True,16,16,0,0,0.00089,0.000724,-0.00016599999999999991,True,True,True,True,True,
repeat=0|base=tseitin_k7_even|variant=perm_seed1732,0,tseitin_k7_even,perm_seed1732,1,1,SATISFIABLE,SATISFIABLE,True,True,16,16,0,0,0.000741,0.000772,3.0999999999999995e-05,True,True,True,True,True,
repeat=0|base=tseitin_k7_even|variant=perm_seed1733,0,tseitin_k7_even,perm_seed1733,1,1,SATISFIABLE,SATISFIABLE,True,True,16,16,0,0,0.000781,0.000724,-5.6999999999999976e-05,True,True,True,True,True,
repeat=0|base=tseitin_k7_even|variant=perm_seed1734,0,tseitin_k7_even,perm_seed1734,1,1,SATISFIABLE,SATISFIABLE,True,True,16,16,0,0,0.000759,0.000821,6.199999999999999e-05,True,True,True,True,True,
repeat=0|base=tseitin_k7_even|variant=perm_seed1735,0,tseitin_k7_even,perm_seed1735,1,1,SATISFIABLE,SATISFIABLE,True,True,16,16,0,0,0.000736,0.000725,-1.100000000000005e-05,True,True,True,True,True,
repeat=0|base=tseitin_k7_even|variant=perm_seed1736,0,tseitin_k7_even,perm_seed1736,1,1,SATISFIABLE,SATISFIABLE,True,True,16,16,0,0,0.000807,0.000771,-3.600000000000001e-05,True,True,True,True,True,
repeat=0|base=tseitin_k7_even|variant=perm_seed1737,0,tseitin_k7_even,perm_seed1737,1,1,SATISFIABLE,SATISFIABLE,True,True,16,16,0,0,0.000722,0.000725,2.9999999999999645e-06,True,True,True,True,True,
repeat=0|base=tseitin_k7_even|variant=perm_seed1738,0,tseitin_k7_even,perm_seed1738,1,1,SATISFIABLE,SATISFIABLE,True,True,16,16,0,0,0.000713,0.000708,-5.000000000000013e-06,True,True,True,True,True,
repeat=0|base=tseitin_k7_even|variant=perm_seed1739,0,tseitin_k7_even,perm_seed1739,1,1,SATISFIABLE,SATISFIABLE,True,True,16,16,0,0,0.000766,0.000778,1.2000000000000075e-05,True,True,True,True,True,
repeat=0|base=tseitin_k7_even|variant=perm_seed1740,0,tseitin_k7_even,perm_seed1740,1,1,SATISFIABLE,SATISFIABLE,True,True,16,16,0,0,0.000721,0.000746,2.5000000000000066e-05,True,True,True,True,True,
repeat=0|base=tseitin_k7_even|variant=perm_seed1741,0,tseitin_k7_even,perm_seed1741,1,1,SATISFIABLE,SATISFIABLE,True,True,16,16,0,0,0.00072,0.000727,6.999999999999953e-06,True,True,True,True,True,
repeat=0|base=tseitin_k7_even|variant=perm_seed1742,0,tseitin_k7_even,perm_seed1742,1,1,SATISFIABLE,SATISFIABLE,True,True,16,16,0,0,0.000714,0.000766,5.199999999999996e-05,True,True,True,True,True,
repeat=0|base=tseitin_k7_even|variant=perm_seed1743,0,tseitin_k7_even,perm_seed1743,1,1,SATISFIABLE,SATISFIABLE,True,True,16,16,0,0,0.000707,0.000735,2.800000000000003e-05,True,True,True,True,True,
repeat=0|base=tseitin_k7_even|variant=perm_seed1744,0,tseitin_k7_even,perm_seed1744,1,1,SATISFIABLE,SATISFIABLE,True,True,16,16,0,0,0.000736,0.000771,3.499999999999998e-05,True,True,True,True,True,
repeat=0|base=tseitin_k7_even|variant=perm_seed1745,0,tseitin_k7_even,perm_seed1745,1,1,SATISFIABLE,SATISFIABLE,True,True,16,16,0,0,0.000699,0.000736,3.700000000000003e-05,True,True,True,True,True,
repeat=0|base=tseitin_k7_odd|variant=base,0,tseitin_k7_odd,base,1,1,UNSATISFIABLE,UNSATISFIABLE,True,True,28961,28961,21460,21460,0.033072,0.030859,-0.0022129999999999962,True,True,True,True,True,
repeat=0|base=tseitin_k7_odd|variant=perm_seed1730,0,tseitin_k7_odd,perm_seed1730,1,1,UNSATISFIABLE,UNSATISFIABLE,True,True,25967,25967,19927,19927,0.023815,0.022884,-0.0009309999999999978,True,True,True,True,True,
repeat=0|base=tseitin_k7_odd|variant=perm_seed1731,0,tseitin_k7_odd,perm_seed1731,1,1,UNSATISFIABLE,UNSATISFIABLE,True,True,27066,27066,20508,20508,0.022851,0.02195,-0.000900999999999999,True,True,True,True,True,
repeat=0|base=tseitin_k7_odd|variant=perm_seed1732,0,tseitin_k7_odd,perm_seed1732,1,1,UNSATISFIABLE,UNSATISFIABLE,True,True,27517,27517,20715,20715,0.02394,0.023693,-0.0002470000000000007,True,True,True,True,True,
repeat=0|base=tseitin_k7_odd|variant=perm_seed1733,0,tseitin_k7_odd,perm_seed1733,1,1,UNSATISFIABLE,UNSATISFIABLE,True,True,26660,26660,20373,20373,0.023641,0.023294,-0.0003470000000000001,True,True,True,True,True,
repeat=0|base=tseitin_k7_odd|variant=perm_seed1734,0,tseitin_k7_odd,perm_seed1734,1,1,UNSATISFIABLE,UNSATISFIABLE,True,True,26703,26703,20334,20334,0.02286,0.022153,-0.0007069999999999993,True,True,True,True,True,
repeat=0|base=tseitin_k7_odd|variant=perm_seed1735,0,tseitin_k7_odd,perm_seed1735,1,1,UNSATISFIABLE,UNSATISFIABLE,True,True,26190,26190,19954,19954,0.022969,0.022172,-0.0007969999999999991,True,True,True,True,True,
repeat=0|base=tseitin_k7_odd|variant=perm_seed1736,0,tseitin_k7_odd,perm_seed1736,1,1,UNSATISFIABLE,UNSATISFIABLE,True,True,27763,27763,20789,20789,0.026325,0.025373,-0.0009520000000000015,True,True,True,True,True,
repeat=0|base=tseitin_k7_odd|variant=perm_seed1737,0,tseitin_k7_odd,perm_seed1737,1,1,UNSATISFIABLE,UNSATISFIABLE,True,True,28263,28263,20659,20659,0.027446,0.026384,-0.0010620000000000004,True,True,True,True,True,
repeat=0|base=tseitin_k7_odd|variant=perm_seed1738,0,tseitin_k7_odd,perm_seed1738,1,1,UNSATISFIABLE,UNSATISFIABLE,True,True,26168,26168,19584,19584,0.021534,0.021457,-7.700000000000068e-05,True,True,True,True,True,
repeat=0|base=tseitin_k7_odd|variant=perm_seed1739,0,tseitin_k7_odd,perm_seed1739,1,1,UNSATISFIABLE,UNSATISFIABLE,True,True,26892,26892,20027,20027,0.023966,0.024223,0.0002570000000000003,True,True,True,True,True,
repeat=0|base=tseitin_k7_odd|variant=perm_seed1740,0,tseitin_k7_odd,perm_seed1740,1,1,UNSATISFIABLE,UNSATISFIABLE,True,True,28372,28372,21578,21578,0.027636,0.027053,-0.0005830000000000002,True,True,True,True,True,
repeat=0|base=tseitin_k7_odd|variant=perm_seed1741,0,tseitin_k7_odd,perm_seed1741,1,1,UNSATISFIABLE,UNSATISFIABLE,True,True,28492,28492,20650,20650,0.027066,0.032258,0.005192000000000002,True,True,True,True,True,
repeat=0|base=tseitin_k7_odd|variant=perm_seed1742,0,tseitin_k7_odd,perm_seed1742,1,1,UNSATISFIABLE,UNSATISFIABLE,True,True,25945,25945,19833,19833,0.027808,0.022439,-0.005368999999999999,True,True,True,True,True,
repeat=0|base=tseitin_k7_odd|variant=perm_seed1743,0,tseitin_k7_odd,perm_seed1743,1,1,UNSATISFIABLE,UNSATISFIABLE,True,True,26452,26452,19859,19859,0.025367,0.023302,-0.002065000000000001,True,True,True,True,True,
repeat=0|base=tseitin_k7_odd|variant=perm_seed1744,0,tseitin_k7_odd,perm_seed1744,1,1,UNSATISFIABLE,UNSATISFIABLE,True,True,26452,26452,19806,19806,0.024411,0.022175,-0.0022359999999999984,True,True,True,True,True,
repeat=0|base=tseitin_k7_odd|variant=perm_seed1745,0,tseitin_k7_odd,perm_seed1745,1,1,UNSATISFIABLE,UNSATISFIABLE,True,True,27512,27512,20790,20790,0.029781,0.024298,-0.005482999999999998,True,True,True,True,True,
repeat=0|base=tseitin_k8_even|variant=base,0,tseitin_k8_even,base,1,1,SATISFIABLE,SATISFIABLE,True,True,22,22,0,0,0.001094,0.00107,-2.3999999999999933e-05,True,True,True,True,True,
repeat=0|base=tseitin_k8_even|variant=perm_seed1730,0,tseitin_k8_even,perm_seed1730,1,1,SATISFIABLE,SATISFIABLE,True,True,22,22,0,0,0.001054,0.001066,1.2000000000000075e-05,True,True,True,True,True,
repeat=0|base=tseitin_k8_even|variant=perm_seed1731,0,tseitin_k8_even,perm_seed1731,1,1,SATISFIABLE,SATISFIABLE,True,True,22,22,0,0,0.00105,0.00105,0.0,True,True,True,True,True,
repeat=0|base=tseitin_k8_even|variant=perm_seed1732,0,tseitin_k8_even,perm_seed1732,1,1,SATISFIABLE,SATISFIABLE,True,True,22,22,0,0,0.001083,0.001075,-7.999999999999978e-06,True,True,True,True,True,
repeat=0|base=tseitin_k8_even|variant=perm_seed1733,0,tseitin_k8_even,perm_seed1733,1,1,SATISFIABLE,SATISFIABLE,True,True,22,22,0,0,0.001128,0.001007,-0.00012100000000000001,True,True,True,True,True,
repeat=0|base=tseitin_k8_even|variant=perm_seed1734,0,tseitin_k8_even,perm_seed1734,1,1,SATISFIABLE,SATISFIABLE,True,True,22,22,0,0,0.001216,0.001119,-9.700000000000008e-05,True,True,True,True,True,
repeat=0|base=tseitin_k8_even|variant=perm_seed1735,0,tseitin_k8_even,perm_seed1735,1,1,SATISFIABLE,SATISFIABLE,True,True,22,22,0,0,0.00116,0.001037,-0.00012300000000000006,True,True,True,True,True,
repeat=0|base=tseitin_k8_even|variant=perm_seed1736,0,tseitin_k8_even,perm_seed1736,1,1,SATISFIABLE,SATISFIABLE,True,True,22,22,0,0,0.001057,0.001034,-2.3000000000000017e-05,True,True,True,True,True,
repeat=0|base=tseitin_k8_even|variant=perm_seed1737,0,tseitin_k8_even,perm_seed1737,1,1,SATISFIABLE,SATISFIABLE,True,True,22,22,0,0,0.001076,0.001075,-9.999999999999159e-07,True,True,True,True,True,
repeat=0|base=tseitin_k8_even|variant=perm_seed1738,0,tseitin_k8_even,perm_seed1738,1,1,SATISFIABLE,SATISFIABLE,True,True,23,23,0,0,0.001128,0.001069,-5.9000000000000025e-05,True,True,True,True,True,
repeat=0|base=tseitin_k8_even|variant=perm_seed1739,0,tseitin_k8_even,perm_seed1739,1,1,SATISFIABLE,SATISFIABLE,True,True,22,22,0,0,0.001039,0.001062,2.3000000000000017e-05,True,True,True,True,True,
repeat=0|base=tseitin_k8_even|variant=perm_seed1740,0,tseitin_k8_even,perm_seed1740,1,1,SATISFIABLE,SATISFIABLE,True,True,22,22,0,0,0.001046,0.00103,-1.5999999999999955e-05,True,True,True,True,True,
repeat=0|base=tseitin_k8_even|variant=perm_seed1741,0,tseitin_k8_even,perm_seed1741,1,1,SATISFIABLE,SATISFIABLE,True,True,22,22,0,0,0.001131,0.001033,-9.8e-05,True,True,True,True,True,
repeat=0|base=tseitin_k8_even|variant=perm_seed1742,0,tseitin_k8_even,perm_seed1742,1,1,SATISFIABLE,SATISFIABLE,True,True,22,22,0,0,0.001135,0.001055,-7.999999999999999e-05,True,True,True,True,True,
repeat=0|base=tseitin_k8_even|variant=perm_seed1743,0,tseitin_k8_even,perm_seed1743,1,1,SATISFIABLE,SATISFIABLE,True,True,22,22,0,0,0.001093,0.001164,7.10000000000001e-05,True,True,True,True,True,
repeat=0|base=tseitin_k8_even|variant=perm_seed1744,0,tseitin_k8_even,perm_seed1744,1,1,SATISFIABLE,SATISFIABLE,True,True,22,22,0,0,0.00119,0.001119,-7.10000000000001e-05,True,True,True,True,True,
repeat=0|base=tseitin_k8_even|variant=perm_seed1745,0,tseitin_k8_even,perm_seed1745,1,1,SATISFIABLE,SATISFIABLE,True,True,22,22,0,0,0.001078,0.001127,4.9e-05,True,True,True,True,True,
repeat=0|base=tseitin_k8_odd|variant=base,0,tseitin_k8_odd,base,1,1,UNSATISFIABLE,UNSATISFIABLE,True,True,853943,853943,561452,561452,3.45263,3.19669,-0.2559400000000003,True,True,True,True,True,
repeat=0|base=tseitin_k8_odd|variant=perm_seed1730,0,tseitin_k8_odd,perm_seed1730,1,1,UNSATISFIABLE,UNSATISFIABLE,True,True,780361,780361,501015,501015,2.85449,2.69024,-0.16425,True,True,True,True,True,
repeat=0|base=tseitin_k8_odd|variant=perm_seed1731,0,tseitin_k8_odd,perm_seed1731,1,1,UNSATISFIABLE,UNSATISFIABLE,True,True,774845,774845,500081,500081,2.79948,2.63264,-0.1668400000000001,True,True,True,True,True,
repeat=0|base=tseitin_k8_odd|variant=perm_seed1732,0,tseitin_k8_odd,perm_seed1732,1,1,UNSATISFIABLE,UNSATISFIABLE,True,True,894889,894889,580020,580020,3.22209,2.95933,-0.2627600000000001,True,True,True,True,True,
repeat=0|base=tseitin_k8_odd|variant=perm_seed1733,0,tseitin_k8_odd,perm_seed1733,1,1,UNSATISFIABLE,UNSATISFIABLE,True,True,764758,764758,497062,497062,2.63201,2.44566,-0.18635000000000002,True,True,True,True,True,
repeat=0|base=tseitin_k8_odd|variant=perm_seed1734,0,tseitin_k8_odd,perm_seed1734,1,1,UNSATISFIABLE,UNSATISFIABLE,True,True,774980,774980,503198,503198,2.34048,2.15358,-0.18690000000000007,True,True,True,True,True,
repeat=0|base=tseitin_k8_odd|variant=perm_seed1735,0,tseitin_k8_odd,perm_seed1735,1,1,UNSATISFIABLE,UNSATISFIABLE,True,True,776567,776567,506956,506956,2.54692,2.34951,-0.19741000000000009,True,True,True,True,True,
repeat=0|base=tseitin_k8_odd|variant=perm_seed1736,0,tseitin_k8_odd,perm_seed1736,1,1,UNSATISFIABLE,UNSATISFIABLE,True,True,837563,837563,543229,543229,3.86541,3.60718,-0.25822999999999974,True,True,True,True,True,
repeat=0|base=tseitin_k8_odd|variant=perm_seed1737,0,tseitin_k8_odd,perm_seed1737,1,1,UNSATISFIABLE,UNSATISFIABLE,True,True,842673,842673,547674,547674,3.44651,3.18831,-0.2582,True,True,True,True,True,
repeat=0|base=tseitin_k8_odd|variant=perm_seed1738,0,tseitin_k8_odd,perm_seed1738,1,1,UNSATISFIABLE,UNSATISFIABLE,True,True,799245,799245,523477,523477,3.35674,3.15762,-0.19911999999999974,True,True,True,True,True,
repeat=0|base=tseitin_k8_odd|variant=perm_seed1739,0,tseitin_k8_odd,perm_seed1739,1,1,UNSATISFIABLE,UNSATISFIABLE,True,True,771434,771434,499382,499382,2.8199,2.66291,-0.15698999999999996,True,True,True,True,True,
repeat=0|base=tseitin_k8_odd|variant=perm_seed1740,0,tseitin_k8_odd,perm_seed1740,1,1,UNSATISFIABLE,UNSATISFIABLE,True,True,784401,784401,514284,514284,2.99574,2.7853,-0.21044000000000018,True,True,True,True,True,
repeat=0|base=tseitin_k8_odd|variant=perm_seed1741,0,tseitin_k8_odd,perm_seed1741,1,1,UNSATISFIABLE,UNSATISFIABLE,True,True,767092,767092,497376,497376,2.30481,2.13756,-0.16724999999999968,True,True,True,True,True,
repeat=0|base=tseitin_k8_odd|variant=perm_seed1742,0,tseitin_k8_odd,perm_seed1742,1,1,UNSATISFIABLE,UNSATISFIABLE,True,True,786687,786687,511028,511028,2.48645,2.2971,-0.18935000000000013,True,True,True,True,True,
repeat=0|base=tseitin_k8_odd|variant=perm_seed1743,0,tseitin_k8_odd,perm_seed1743,1,1,UNSATISFIABLE,UNSATISFIABLE,True,True,841992,841992,552061,552061,3.3163,3.08153,-0.23477000000000015,True,True,True,True,True,
repeat=0|base=tseitin_k8_odd|variant=perm_seed1744,0,tseitin_k8_odd,perm_seed1744,1,1,UNSATISFIABLE,UNSATISFIABLE,True,True,769848,769848,500670,500670,2.72473,2.55343,-0.1713,True,True,True,True,True,
repeat=0|base=tseitin_k8_odd|variant=perm_seed1745,0,tseitin_k8_odd,perm_seed1745,1,1,UNSATISFIABLE,UNSATISFIABLE,True,True,763531,763531,495072,495072,3.05072,2.84428,-0.20644000000000018,True,True,True,True,True,
repeat=0|base=tseitin_k9_even|variant=base,0,tseitin_k9_even,base,1,1,SATISFIABLE,SATISFIABLE,True,True,29,29,0,0,0.002508,0.002288,-0.0002199999999999997,True,True,True,True,True,
repeat=0|base=tseitin_k9_even|variant=perm_seed1730,0,tseitin_k9_even,perm_seed1730,1,1,SATISFIABLE,SATISFIABLE,True,True,29,29,0,0,0.002457,0.002337,-0.00011999999999999988,True,True,True,True,True,
repeat=0|base=tseitin_k9_even|variant=perm_seed1731,0,tseitin_k9_even,perm_seed1731,1,1,SATISFIABLE,SATISFIABLE,True,True,29,29,0,0,0.002483,0.002482,-1.0000000000001327e-06,True,True,True,True,True,
repeat=0|base=tseitin_k9_even|variant=perm_seed1732,0,tseitin_k9_even,perm_seed1732,1,1,SATISFIABLE,SATISFIABLE,True,True,29,29,0,0,0.002771,0.002456,-0.0003150000000000002,True,True,True,True,True,
repeat=0|base=tseitin_k9_even|variant=perm_seed1733,0,tseitin_k9_even,perm_seed1733,1,1,SATISFIABLE,SATISFIABLE,True,True,29,29,0,0,0.002459,0.00241,-4.9e-05,True,True,True,True,True,
repeat=0|base=tseitin_k9_even|variant=perm_seed1734,0,tseitin_k9_even,perm_seed1734,1,1,SATISFIABLE,SATISFIABLE,True,True,29,29,0,0,0.002479,0.002399,-7.999999999999978e-05,True,True,True,True,True,
repeat=0|base=tseitin_k9_even|variant=perm_seed1735,0,tseitin_k9_even,perm_seed1735,1,1,SATISFIABLE,SATISFIABLE,True,True,29,29,0,0,0.002833,0.002926,9.30000000000002e-05,True,True,True,True,True,
repeat=0|base=tseitin_k9_even|variant=perm_seed1736,0,tseitin_k9_even,perm_seed1736,1,1,SATISFIABLE,SATISFIABLE,True,True,29,29,0,0,0.002577,0.002315,-0.0002620000000000001,True,True,True,True,True,
repeat=0|base=tseitin_k9_even|variant=perm_seed1737,0,tseitin_k9_even,perm_seed1737,1,1,SATISFIABLE,SATISFIABLE,True,True,29,29,0,0,0.002577,0.002419,-0.00015799999999999972,True,True,True,True,True,
repeat=0|base=tseitin_k9_even|variant=perm_seed1738,0,tseitin_k9_even,perm_seed1738,1,1,SATISFIABLE,SATISFIABLE,True,True,29,29,0,0,0.002496,0.002422,-7.399999999999985e-05,True,True,True,True,True,
repeat=0|base=tseitin_k9_even|variant=perm_seed1739,0,tseitin_k9_even,perm_seed1739,1,1,SATISFIABLE,SATISFIABLE,True,True,29,29,0,0,0.002437,0.002337,-9.999999999999983e-05,True,True,True,True,True,
repeat=0|base=tseitin_k9_even|variant=perm_seed1740,0,tseitin_k9_even,perm_seed1740,1,1,SATISFIABLE,SATISFIABLE,True,True,29,29,0,0,0.002461,0.002352,-0.00010900000000000016,True,True,True,True,True,
repeat=0|base=tseitin_k9_even|variant=perm_seed1741,0,tseitin_k9_even,perm_seed1741,1,1,SATISFIABLE,SATISFIABLE,True,True,29,29,0,0,0.002513,0.002373,-0.00013999999999999993,True,True,True,True,True,
repeat=0|base=tseitin_k9_even|variant=perm_seed1742,0,tseitin_k9_even,perm_seed1742,1,1,SATISFIABLE,SATISFIABLE,True,True,29,29,0,0,0.002554,0.002272,-0.0002819999999999997,True,True,True,True,True,
repeat=0|base=tseitin_k9_even|variant=perm_seed1743,0,tseitin_k9_even,perm_seed1743,1,1,SATISFIABLE,SATISFIABLE,True,True,29,29,0,0,0.002337,0.002266,-7.100000000000032e-05,True,True,True,True,True,
repeat=0|base=tseitin_k9_even|variant=perm_seed1744,0,tseitin_k9_even,perm_seed1744,1,1,SATISFIABLE,SATISFIABLE,True,True,29,29,0,0,0.002886,0.002488,-0.0003979999999999999,True,True,True,True,True,
repeat=0|base=tseitin_k9_even|variant=perm_seed1745,0,tseitin_k9_even,perm_seed1745,1,1,SATISFIABLE,SATISFIABLE,True,True,29,29,0,0,0.002921,0.002641,-0.00027999999999999987,True,True,True,True,True,
repeat=0|base=tseitin_k9_odd|variant=base,0,tseitin_k9_odd,base,1,1,INDETERMINATE,INDETERMINATE,False,False,1027687,1106444,736482,796333,4.96901,4.96522,-0.003789999999999516,True,True,False,False,True,
repeat=0|base=tseitin_k9_odd|variant=perm_seed1730,0,tseitin_k9_odd,perm_seed1730,1,1,INDETERMINATE,INDETERMINATE,False,False,1087173,1176221,777021,840665,4.96801,4.96458,-0.003429999999999822,True,True,False,False,True,
repeat=0|base=tseitin_k9_odd|variant=perm_seed1731,0,tseitin_k9_odd,perm_seed1731,1,1,INDETERMINATE,INDETERMINATE,False,False,4097098,4183039,2816000,2878000,4.97877,4.97647,-0.0022999999999999687,True,True,False,False,True,
repeat=0|base=tseitin_k9_odd|variant=perm_seed1732,0,tseitin_k9_odd,perm_seed1732,1,1,INDETERMINATE,INDETERMINATE,False,False,4535252,4725181,2952535,3073725,4.9768,4.97789,0.0010900000000004795,True,True,False,False,True,
repeat=0|base=tseitin_k9_odd|variant=perm_seed1733,0,tseitin_k9_odd,perm_seed1733,1,1,INDETERMINATE,INDETERMINATE,False,False,4270778,4360032,2857974,2914001,4.97753,4.97849,0.0009600000000000719,True,True,False,False,True,
repeat=0|base=tseitin_k9_odd|variant=perm_seed1734,0,tseitin_k9_odd,perm_seed1734,1,1,INDETERMINATE,INDETERMINATE,False,False,1055735,1126238,765255,815610,4.96741,4.96654,-0.0008699999999999264,True,True,False,False,True,
repeat=0|base=tseitin_k9_odd|variant=perm_seed1735,0,tseitin_k9_odd,perm_seed1735,1,1,INDETERMINATE,INDETERMINATE,False,False,1156558,1222049,767889,816604,4.97616,4.9697,-0.006460000000000576,True,True,False,False,True,
repeat=0|base=tseitin_k9_odd|variant=perm_seed1736,0,tseitin_k9_odd,perm_seed1736,1,1,INDETERMINATE,INDETERMINATE,False,False,1047695,1110409,768992,816077,4.97056,4.96781,-0.002749999999999808,True,True,False,False,True,
repeat=0|base=tseitin_k9_odd|variant=perm_seed1737,0,tseitin_k9_odd,perm_seed1737,1,1,INDETERMINATE,INDETERMINATE,False,False,990399,1052522,742001,790426,4.97368,4.9654,-0.008280000000000065,True,True,False,False,True,
repeat=0|base=tseitin_k9_odd|variant=perm_seed1738,0,tseitin_k9_odd,perm_seed1738,1,1,INDETERMINATE,INDETERMINATE,False,False,1026467,1103839,739194,797453,4.96853,4.96644,-0.0020899999999999253,True,True,False,False,True,
repeat=0|base=tseitin_k9_odd|variant=perm_seed1739,0,tseitin_k9_odd,perm_seed1739,1,1,INDETERMINATE,INDETERMINATE,False,False,4173827,4260720,2843717,2902000,4.97796,4.97941,0.0014499999999992852,True,True,False,False,True,
repeat=0|base=tseitin_k9_odd|variant=perm_seed1740,0,tseitin_k9_odd,perm_seed1740,1,1,INDETERMINATE,INDETERMINATE,False,False,1068459,1156177,761604,824728,4.96381,4.96885,0.0050400000000001555,True,True,False,False,True,
repeat=0|base=tseitin_k9_odd|variant=perm_seed1741,0,tseitin_k9_odd,perm_seed1741,1,1,INDETERMINATE,INDETERMINATE,False,False,1106176,1209331,711339,775000,4.96964,4.97189,0.0022500000000000853,True,True,False,False,True,
repeat=0|base=tseitin_k9_odd|variant=perm_seed1742,0,tseitin_k9_odd,perm_seed1742,1,1,INDETERMINATE,INDETERMINATE,False,False,1064126,1144945,763069,822363,4.96722,4.96608,-0.001140000000000363,True,True,False,False,True,
repeat=0|base=tseitin_k9_odd|variant=perm_seed1743,0,tseitin_k9_odd,perm_seed1743,1,1,INDETERMINATE,INDETERMINATE,False,False,1003896,1087057,743268,799554,4.967,4.96964,0.00264000000000042,True,True,False,False,True,
repeat=0|base=tseitin_k9_odd|variant=perm_seed1744,0,tseitin_k9_odd,perm_seed1744,1,1,INDETERMINATE,INDETERMINATE,False,False,982730,1060696,725677,781994,4.96849,4.96862,0.0001299999999995194,True,True,False,False,True,
repeat=0|base=tseitin_k9_odd|variant=perm_seed1745,0,tseitin_k9_odd,perm_seed1745,1,1,INDETERMINATE,INDETERMINATE,False,False,1162666,1253799,836709,905270,4.97142,4.96858,-0.0028399999999999537,True,True,False,False,True,
repeat=0|base=vertex_cover_torus_3x4_k4_event|variant=base,0,vertex_cover_torus_3x4_k4_event,base,1,1,UNSATISFIABLE,UNSATISFIABLE,True,True,4,4,5,5,0.001158,0.001049,-0.00010899999999999994,True,True,True,True,True,
repeat=0|base=vertex_cover_torus_3x4_k4_event|variant=perm_seed1730,0,vertex_cover_torus_3x4_k4_event,perm_seed1730,1,1,UNSATISFIABLE,UNSATISFIABLE,True,True,4,4,5,5,0.001002,0.001025,2.3000000000000017e-05,True,True,True,True,True,
repeat=0|base=vertex_cover_torus_3x4_k4_event|variant=perm_seed1731,0,vertex_cover_torus_3x4_k4_event,perm_seed1731,1,1,UNSATISFIABLE,UNSATISFIABLE,True,True,4,4,5,5,0.000964,0.000962,-2.0000000000000486e-06,True,True,True,True,True,
repeat=0|base=vertex_cover_torus_3x4_k4_event|variant=perm_seed1732,0,vertex_cover_torus_3x4_k4_event,perm_seed1732,1,1,UNSATISFIABLE,UNSATISFIABLE,True,True,4,4,5,5,0.000945,0.001387,0.000442,True,True,True,True,True,
repeat=0|base=vertex_cover_torus_3x4_k4_event|variant=perm_seed1733,0,vertex_cover_torus_3x4_k4_event,perm_seed1733,1,1,UNSATISFIABLE,UNSATISFIABLE,True,True,4,4,5,5,0.001072,0.001018,-5.400000000000001e-05,True,True,True,True,True,
repeat=0|base=vertex_cover_torus_3x4_k4_event|variant=perm_seed1734,0,vertex_cover_torus_3x4_k4_event,perm_seed1734,1,1,UNSATISFIABLE,UNSATISFIABLE,True,True,4,4,5,5,0.001051,0.00101,-4.100000000000002e-05,True,True,True,True,True,
repeat=0|base=vertex_cover_torus_3x4_k4_event|variant=perm_seed1735,0,vertex_cover_torus_3x4_k4_event,perm_seed1735,1,1,UNSATISFIABLE,UNSATISFIABLE,True,True,4,4,5,5,0.001041,0.000971,-7.000000000000008e-05,True,True,True,True,True,
repeat=0|base=vertex_cover_torus_3x4_k4_event|variant=perm_seed1736,0,vertex_cover_torus_3x4_k4_event,perm_seed1736,1,1,UNSATISFIABLE,UNSATISFIABLE,True,True,4,4,5,5,0.000995,0.001042,4.699999999999995e-05,True,True,True,True,True,
repeat=0|base=vertex_cover_torus_3x4_k4_event|variant=perm_seed1737,0,vertex_cover_torus_3x4_k4_event,perm_seed1737,1,1,UNSATISFIABLE,UNSATISFIABLE,True,True,4,4,5,5,0.000971,0.000979,8.000000000000086e-06,True,True,True,True,True,
repeat=0|base=vertex_cover_torus_3x4_k4_event|variant=perm_seed1738,0,vertex_cover_torus_3x4_k4_event,perm_seed1738,1,1,UNSATISFIABLE,UNSATISFIABLE,True,True,4,4,5,5,0.001011,0.001084,7.299999999999993e-05,True,True,True,True,True,
repeat=0|base=vertex_cover_torus_3x4_k4_event|variant=perm_seed1739,0,vertex_cover_torus_3x4_k4_event,perm_seed1739,1,1,UNSATISFIABLE,UNSATISFIABLE,True,True,4,4,5,5,0.001081,0.00109,9.00000000000011e-06,True,True,True,True,True,
repeat=0|base=vertex_cover_torus_3x4_k4_event|variant=perm_seed1740,0,vertex_cover_torus_3x4_k4_event,perm_seed1740,1,1,UNSATISFIABLE,UNSATISFIABLE,True,True,4,4,5,5,0.001035,0.001015,-1.9999999999999836e-05,True,True,True,True,True,
repeat=0|base=vertex_cover_torus_3x4_k4_event|variant=perm_seed1741,0,vertex_cover_torus_3x4_k4_event,perm_seed1741,1,1,UNSATISFIABLE,UNSATISFIABLE,True,True,4,4,5,5,0.000925,0.000932,6.999999999999953e-06,True,True,True,True,True,
repeat=0|base=vertex_cover_torus_3x4_k4_event|variant=perm_seed1742,0,vertex_cover_torus_3x4_k4_event,perm_seed1742,1,1,UNSATISFIABLE,UNSATISFIABLE,True,True,4,4,5,5,0.000926,0.001003,7.700000000000003e-05,True,True,True,True,True,
repeat=0|base=vertex_cover_torus_3x4_k4_event|variant=perm_seed1743,0,vertex_cover_torus_3x4_k4_event,perm_seed1743,1,1,UNSATISFIABLE,UNSATISFIABLE,True,True,4,4,5,5,0.001114,0.001078,-3.600000000000001e-05,True,True,True,True,True,
repeat=0|base=vertex_cover_torus_3x4_k4_event|variant=perm_seed1744,0,vertex_cover_torus_3x4_k4_event,perm_seed1744,1,1,UNSATISFIABLE,UNSATISFIABLE,True,True,4,4,5,5,0.001012,0.001095,8.299999999999996e-05,True,True,True,True,True,
repeat=0|base=vertex_cover_torus_3x4_k4_event|variant=perm_seed1745,0,vertex_cover_torus_3x4_k4_event,perm_seed1745,1,1,UNSATISFIABLE,UNSATISFIABLE,True,True,4,4,5,5,0.001051,0.001038,-1.299999999999999e-05,True,True,True,True,True,
repeat=0|base=vertex_cover_torus_3x4_k5_event|variant=base,0,vertex_cover_torus_3x4_k5_event,base,1,1,UNSATISFIABLE,UNSATISFIABLE,True,True,6,6,7,7,0.001209,0.00116,-4.9e-05,True,True,True,True,True,
repeat=0|base=vertex_cover_torus_3x4_k5_event|variant=perm_seed1730,0,vertex_cover_torus_3x4_k5_event,perm_seed1730,1,1,UNSATISFIABLE,UNSATISFIABLE,True,True,6,6,7,7,0.001186,0.001204,1.8000000000000004e-05,True,True,True,True,True,
repeat=0|base=vertex_cover_torus_3x4_k5_event|variant=perm_seed1731,0,vertex_cover_torus_3x4_k5_event,perm_seed1731,1,1,UNSATISFIABLE,UNSATISFIABLE,True,True,7,7,8,8,0.001198,0.001329,0.00013100000000000004,True,True,True,True,True,
repeat=0|base=vertex_cover_torus_3x4_k5_event|variant=perm_seed1732,0,vertex_cover_torus_3x4_k5_event,perm_seed1732,1,1,UNSATISFIABLE,UNSATISFIABLE,True,True,9,9,9,9,0.001301,0.001304,2.9999999999999645e-06,True,True,True,True,True,
repeat=0|base=vertex_cover_torus_3x4_k5_event|variant=perm_seed1733,0,vertex_cover_torus_3x4_k5_event,perm_seed1733,1,1,UNSATISFIABLE,UNSATISFIABLE,True,True,6,6,7,7,0.001209,0.001196,-1.299999999999999e-05,True,True,True,True,True,
repeat=0|base=vertex_cover_torus_3x4_k5_event|variant=perm_seed1734,0,vertex_cover_torus_3x4_k5_event,perm_seed1734,1,1,UNSATISFIABLE,UNSATISFIABLE,True,True,7,7,8,8,0.002,0.001822,-0.000178,True,True,True,True,True,
repeat=0|base=vertex_cover_torus_3x4_k5_event|variant=perm_seed1735,0,vertex_cover_torus_3x4_k5_event,perm_seed1735,1,1,UNSATISFIABLE,UNSATISFIABLE,True,True,6,6,7,7,0.001825,0.002471,0.0006460000000000001,True,True,True,True,True,
repeat=0|base=vertex_cover_torus_3x4_k5_event|variant=perm_seed1736,0,vertex_cover_torus_3x4_k5_event,perm_seed1736,1,1,UNSATISFIABLE,UNSATISFIABLE,True,True,7,7,8,8,0.001303,0.001239,-6.399999999999982e-05,True,True,True,True,True,
repeat=0|base=vertex_cover_torus_3x4_k5_event|variant=perm_seed1737,0,vertex_cover_torus_3x4_k5_event,perm_seed1737,1,1,UNSATISFIABLE,UNSATISFIABLE,True,True,6,6,7,7,0.001245,0.001218,-2.7000000000000114e-05,True,True,True,True,True,
repeat=0|base=vertex_cover_torus_3x4_k5_event|variant=perm_seed1738,0,vertex_cover_torus_3x4_k5_event,perm_seed1738,1,1,UNSATISFIABLE,UNSATISFIABLE,True,True,7,7,8,8,0.001186,0.001297,0.00011099999999999999,True,True,True,True,True,
repeat=0|base=vertex_cover_torus_3x4_k5_event|variant=perm_seed1739,0,vertex_cover_torus_3x4_k5_event,perm_seed1739,1,1,UNSATISFIABLE,UNSATISFIABLE,True,True,7,7,8,8,0.001252,0.001247,-5.000000000000013e-06,True,True,True,True,True,
repeat=0|base=vertex_cover_torus_3x4_k5_event|variant=perm_seed1740,0,vertex_cover_torus_3x4_k5_event,perm_seed1740,1,1,UNSATISFIABLE,UNSATISFIABLE,True,True,7,7,8,8,0.001156,0.001505,0.00034900000000000013,True,True,True,True,True,
repeat=0|base=vertex_cover_torus_3x4_k5_event|variant=perm_seed1741,0,vertex_cover_torus_3x4_k5_event,perm_seed1741,1,1,UNSATISFIABLE,UNSATISFIABLE,True,True,8,8,8,8,0.001348,0.001264,-8.400000000000009e-05,True,True,True,True,True,
repeat=0|base=vertex_cover_torus_3x4_k5_event|variant=perm_seed1742,0,vertex_cover_torus_3x4_k5_event,perm_seed1742,1,1,UNSATISFIABLE,UNSATISFIABLE,True,True,6,6,7,7,0.001292,0.001234,-5.799999999999989e-05,True,True,True,True,True,
repeat=0|base=vertex_cover_torus_3x4_k5_event|variant=perm_seed1743,0,vertex_cover_torus_3x4_k5_event,perm_seed1743,1,1,UNSATISFIABLE,UNSATISFIABLE,True,True,6,6,7,7,0.001272,0.001225,-4.699999999999995e-05,True,True,True,True,True,
repeat=0|base=vertex_cover_torus_3x4_k5_event|variant=perm_seed1744,0,vertex_cover_torus_3x4_k5_event,perm_seed1744,1,1,UNSATISFIABLE,UNSATISFIABLE,True,True,6,6,7,7,0.001145,0.00114,-5.000000000000013e-06,True,True,True,True,True,
repeat=0|base=vertex_cover_torus_3x4_k5_event|variant=perm_seed1745,0,vertex_cover_torus_3x4_k5_event,perm_seed1745,1,1,UNSATISFIABLE,UNSATISFIABLE,True,True,7,7,8,8,0.001125,0.001124,-9.999999999999159e-07,True,True,True,True,True,
repeat=0|base=vertex_cover_torus_3x5_k5_event|variant=base,0,vertex_cover_torus_3x5_k5_event,base,1,1,UNSATISFIABLE,UNSATISFIABLE,True,True,8,8,8,8,0.009094,0.00889,-0.00020399999999999932,True,True,True,True,True,
repeat=0|base=vertex_cover_torus_3x5_k5_event|variant=perm_seed1730,0,vertex_cover_torus_3x5_k5_event,perm_seed1730,1,1,UNSATISFIABLE,UNSATISFIABLE,True,True,6,6,7,7,0.00872,0.008839,0.00011899999999999931,True,True,True,True,True,
repeat=0|base=vertex_cover_torus_3x5_k5_event|variant=perm_seed1731,0,vertex_cover_torus_3x5_k5_event,perm_seed1731,1,1,UNSATISFIABLE,UNSATISFIABLE,True,True,6,6,7,7,0.009264,0.00875,-0.0005139999999999988,True,True,True,True,True,
repeat=0|base=vertex_cover_torus_3x5_k5_event|variant=perm_seed1732,0,vertex_cover_torus_3x5_k5_event,perm_seed1732,1,1,UNSATISFIABLE,UNSATISFIABLE,True,True,8,8,8,8,0.009314,0.009045,-0.00026900000000000014,True,True,True,True,True,
repeat=0|base=vertex_cover_torus_3x5_k5_event|variant=perm_seed1733,0,vertex_cover_torus_3x5_k5_event,perm_seed1733,1,1,UNSATISFIABLE,UNSATISFIABLE,True,True,6,6,7,7,0.009364,0.008673,-0.0006910000000000006,True,True,True,True,True,
repeat=0|base=vertex_cover_torus_3x5_k5_event|variant=perm_seed1734,0,vertex_cover_torus_3x5_k5_event,perm_seed1734,1,1,UNSATISFIABLE,UNSATISFIABLE,True,True,6,6,7,7,0.008574,0.00852,-5.400000000000023e-05,True,True,True,True,True,
repeat=0|base=vertex_cover_torus_3x5_k5_event|variant=perm_seed1735,0,vertex_cover_torus_3x5_k5_event,perm_seed1735,1,1,UNSATISFIABLE,UNSATISFIABLE,True,True,6,6,7,7,0.008809,0.009216,0.0004069999999999994,True,True,True,True,True,
repeat=0|base=vertex_cover_torus_3x5_k5_event|variant=perm_seed1736,0,vertex_cover_torus_3x5_k5_event,perm_seed1736,1,1,UNSATISFIABLE,UNSATISFIABLE,True,True,7,7,8,8,0.00865,0.008817,0.00016700000000000048,True,True,True,True,True,
repeat=0|base=vertex_cover_torus_3x5_k5_event|variant=perm_seed1737,0,vertex_cover_torus_3x5_k5_event,perm_seed1737,1,1,UNSATISFIABLE,UNSATISFIABLE,True,True,6,6,7,7,0.008881,0.00885,-3.099999999999978e-05,True,True,True,True,True,
repeat=0|base=vertex_cover_torus_3x5_k5_event|variant=perm_seed1738,0,vertex_cover_torus_3x5_k5_event,perm_seed1738,1,1,UNSATISFIABLE,UNSATISFIABLE,True,True,5,5,6,6,0.008948,0.008565,-0.00038299999999999966,True,True,True,True,True,
repeat=0|base=vertex_cover_torus_3x5_k5_event|variant=perm_seed1739,0,vertex_cover_torus_3x5_k5_event,perm_seed1739,1,1,UNSATISFIABLE,UNSATISFIABLE,True,True,6,6,7,7,0.008682,0.008886,0.00020399999999999932,True,True,True,True,True,
repeat=0|base=vertex_cover_torus_3x5_k5_event|variant=perm_seed1740,0,vertex_cover_torus_3x5_k5_event,perm_seed1740,1,1,UNSATISFIABLE,UNSATISFIABLE,True,True,6,6,7,7,0.0093,0.008925,-0.0003749999999999986,True,True,True,True,True,
repeat=0|base=vertex_cover_torus_3x5_k5_event|variant=perm_seed1741,0,vertex_cover_torus_3x5_k5_event,perm_seed1741,1,1,UNSATISFIABLE,UNSATISFIABLE,True,True,6,6,7,7,0.008888,0.008724,-0.00016399999999999922,True,True,True,True,True,
repeat=0|base=vertex_cover_torus_3x5_k5_event|variant=perm_seed1742,0,vertex_cover_torus_3x5_k5_event,perm_seed1742,1,1,UNSATISFIABLE,UNSATISFIABLE,True,True,6,6,7,7,0.009621,0.008568,-0.0010530000000000001,True,True,True,True,True,
repeat=0|base=vertex_cover_torus_3x5_k5_event|variant=perm_seed1743,0,vertex_cover_torus_3x5_k5_event,perm_seed1743,1,1,UNSATISFIABLE,UNSATISFIABLE,True,True,6,6,7,7,0.009163,0.009197,3.400000000000104e-05,True,True,True,True,True,
repeat=0|base=vertex_cover_torus_3x5_k5_event|variant=perm_seed1744,0,vertex_cover_torus_3x5_k5_event,perm_seed1744,1,1,UNSATISFIABLE,UNSATISFIABLE,True,True,7,7,8,8,0.008697,0.00943,0.0007329999999999993,True,True,True,True,True,
repeat=0|base=vertex_cover_torus_3x5_k5_event|variant=perm_seed1745,0,vertex_cover_torus_3x5_k5_event,perm_seed1745,1,1,UNSATISFIABLE,UNSATISFIABLE,True,True,7,7,8,8,0.00889,0.009379,0.0004889999999999999,True,True,True,True,True,
repeat=0|base=vertex_cover_torus_3x5_k6_event|variant=base,0,vertex_cover_torus_3x5_k6_event,base,1,1,UNSATISFIABLE,UNSATISFIABLE,True,True,10,10,11,11,0.017221,0.017139,-8.199999999999874e-05,True,True,True,True,True,
repeat=0|base=vertex_cover_torus_3x5_k6_event|variant=perm_seed1730,0,vertex_cover_torus_3x5_k6_event,perm_seed1730,1,1,UNSATISFIABLE,UNSATISFIABLE,True,True,10,10,11,11,0.016826,0.017124,0.00029799999999999965,True,True,True,True,True,
repeat=0|base=vertex_cover_torus_3x5_k6_event|variant=perm_seed1731,0,vertex_cover_torus_3x5_k6_event,perm_seed1731,1,1,UNSATISFIABLE,UNSATISFIABLE,True,True,12,12,12,12,0.0174,0.017208,-0.00019199999999999773,True,True,True,True,True,
repeat=0|base=vertex_cover_torus_3x5_k6_event|variant=perm_seed1732,0,vertex_cover_torus_3x5_k6_event,perm_seed1732,1,1,UNSATISFIABLE,UNSATISFIABLE,True,True,10,10,11,11,0.016864,0.017555,0.0006910000000000006,True,True,True,True,True,
repeat=0|base=vertex_cover_torus_3x5_k6_event|variant=perm_seed1733,0,vertex_cover_torus_3x5_k6_event,perm_seed1733,1,1,UNSATISFIABLE,UNSATISFIABLE,True,True,10,10,11,11,0.017327,0.016554,-0.0007729999999999994,True,True,True,True,True,
repeat=0|base=vertex_cover_torus_3x5_k6_event|variant=perm_seed1734,0,vertex_cover_torus_3x5_k6_event,perm_seed1734,1,1,UNSATISFIABLE,UNSATISFIABLE,True,True,11,11,12,12,0.016959,0.016631,-0.00032799999999999843,True,True,True,True,True,
repeat=0|base=vertex_cover_torus_3x5_k6_event|variant=perm_seed1735,0,vertex_cover_torus_3x5_k6_event,perm_seed1735,1,1,UNSATISFIABLE,UNSATISFIABLE,True,True,11,11,12,12,0.017865,0.016833,-0.0010319999999999982,True,True,True,True,True,
repeat=0|base=vertex_cover_torus_3x5_k6_event|variant=perm_seed1736,0,vertex_cover_torus_3x5_k6_event,perm_seed1736,1,1,UNSATISFIABLE,UNSATISFIABLE,True,True,10,10,11,11,0.017765,0.016743,-0.0010219999999999986,True,True,True,True,True,
repeat=0|base=vertex_cover_torus_3x5_k6_event|variant=perm_seed1737,0,vertex_cover_torus_3x5_k6_event,perm_seed1737,1,1,UNSATISFIABLE,UNSATISFIABLE,True,True,9,9,10,10,0.017528,0.017258,-0.0002699999999999994,True,True,True,True,True,
repeat=0|base=vertex_cover_torus_3x5_k6_event|variant=perm_seed1738,0,vertex_cover_torus_3x5_k6_event,perm_seed1738,1,1,UNSATISFIABLE,UNSATISFIABLE,True,True,9,9,10,10,0.01694,0.0165,-0.0004399999999999994,True,True,True,True,True,
repeat=0|base=vertex_cover_torus_3x5_k6_event|variant=perm_seed1739,0,vertex_cover_torus_3x5_k6_event,perm_seed1739,1,1,UNSATISFIABLE,UNSATISFIABLE,True,True,10,10,11,11,0.017211,0.017161,-5.000000000000143e-05,True,True,True,True,True,
repeat=0|base=vertex_cover_torus_3x5_k6_event|variant=perm_seed1740,0,vertex_cover_torus_3x5_k6_event,perm_seed1740,1,1,UNSATISFIABLE,UNSATISFIABLE,True,True,11,11,11,11,0.016977,0.016654,-0.00032300000000000037,True,True,True,True,True,
repeat=0|base=vertex_cover_torus_3x5_k6_event|variant=perm_seed1741,0,vertex_cover_torus_3x5_k6_event,perm_seed1741,1,1,UNSATISFIABLE,UNSATISFIABLE,True,True,10,10,11,11,0.017475,0.017954,0.00047900000000000026,True,True,True,True,True,
repeat=0|base=vertex_cover_torus_3x5_k6_event|variant=perm_seed1742,0,vertex_cover_torus_3x5_k6_event,perm_seed1742,1,1,UNSATISFIABLE,UNSATISFIABLE,True,True,10,10,11,11,0.017869,0.017927,5.7999999999999025e-05,True,True,True,True,True,
repeat=0|base=vertex_cover_torus_3x5_k6_event|variant=perm_seed1743,0,vertex_cover_torus_3x5_k6_event,perm_seed1743,1,1,UNSATISFIABLE,UNSATISFIABLE,True,True,11,11,12,12,0.017435,0.0174,-3.500000000000031e-05,True,True,True,True,True,
repeat=0|base=vertex_cover_torus_3x5_k6_event|variant=perm_seed1744,0,vertex_cover_torus_3x5_k6_event,perm_seed1744,1,1,UNSATISFIABLE,UNSATISFIABLE,True,True,11,11,12,12,0.017362,0.017373,1.1000000000000593e-05,True,True,True,True,True,
repeat=0|base=vertex_cover_torus_3x5_k6_event|variant=perm_seed1745,0,vertex_cover_torus_3x5_k6_event,perm_seed1745,1,1,UNSATISFIABLE,UNSATISFIABLE,True,True,14,14,13,13,0.016625,0.018353,0.0017280000000000004,True,True,True,True,True,
repeat=0|base=vertex_cover_torus_4x4_k5_event|variant=base,0,vertex_cover_torus_4x4_k5_event,base,1,1,UNSATISFIABLE,UNSATISFIABLE,True,True,6,6,7,7,0.019915,0.020258,0.000343000000000003,True,True,True,True,True,
repeat=0|base=vertex_cover_torus_4x4_k5_event|variant=perm_seed1730,0,vertex_cover_torus_4x4_k5_event,perm_seed1730,1,1,UNSATISFIABLE,UNSATISFIABLE,True,True,6,6,7,7,0.020713,0.019448,-0.0012649999999999988,True,True,True,True,True,
repeat=0|base=vertex_cover_torus_4x4_k5_event|variant=perm_seed1731,0,vertex_cover_torus_4x4_k5_event,perm_seed1731,1,1,UNSATISFIABLE,UNSATISFIABLE,True,True,6,6,7,7,0.020966,0.020658,-0.00030799999999999925,True,True,True,True,True,
repeat=0|base=vertex_cover_torus_4x4_k5_event|variant=perm_seed1732,0,vertex_cover_torus_4x4_k5_event,perm_seed1732,1,1,UNSATISFIABLE,UNSATISFIABLE,True,True,7,7,8,8,0.020138,0.021316,0.001178000000000002,True,True,True,True,True,
repeat=0|base=vertex_cover_torus_4x4_k5_event|variant=perm_seed1733,0,vertex_cover_torus_4x4_k5_event,perm_seed1733,1,1,UNSATISFIABLE,UNSATISFIABLE,True,True,6,6,7,7,0.020113,0.021537,0.0014240000000000017,True,True,True,True,True,
repeat=0|base=vertex_cover_torus_4x4_k5_event|variant=perm_seed1734,0,vertex_cover_torus_4x4_k5_event,perm_seed1734,1,1,UNSATISFIABLE,UNSATISFIABLE,True,True,8,8,7,7,0.019608,0.020221,0.000612999999999999,True,True,True,True,True,
repeat=0|base=vertex_cover_torus_4x4_k5_event|variant=perm_seed1735,0,vertex_cover_torus_4x4_k5_event,perm_seed1735,1,1,UNSATISFIABLE,UNSATISFIABLE,True,True,6,6,7,7,0.020631,0.021357,0.000726000000000001,True,True,True,True,True,
repeat=0|base=vertex_cover_torus_4x4_k5_event|variant=perm_seed1736,0,vertex_cover_torus_4x4_k5_event,perm_seed1736,1,1,UNSATISFIABLE,UNSATISFIABLE,True,True,7,7,7,7,0.020448,0.021528,0.0010799999999999976,True,True,True,True,True,
repeat=0|base=vertex_cover_torus_4x4_k5_event|variant=perm_seed1737,0,vertex_cover_torus_4x4_k5_event,perm_seed1737,1,1,UNSATISFIABLE,UNSATISFIABLE,True,True,6,6,7,7,0.020421,0.021068,0.0006469999999999983,True,True,True,True,True,
repeat=0|base=vertex_cover_torus_4x4_k5_event|variant=perm_seed1738,0,vertex_cover_torus_4x4_k5_event,perm_seed1738,1,1,UNSATISFIABLE,UNSATISFIABLE,True,True,6,6,7,7,0.020674,0.02087,0.00019599999999999826,True,True,True,True,True,
repeat=0|base=vertex_cover_torus_4x4_k5_event|variant=perm_seed1739,0,vertex_cover_torus_4x4_k5_event,perm_seed1739,1,1,UNSATISFIABLE,UNSATISFIABLE,True,True,6,6,7,7,0.020437,0.019839,-0.0005980000000000013,True,True,True,True,True,
repeat=0|base=vertex_cover_torus_4x4_k5_event|variant=perm_seed1740,0,vertex_cover_torus_4x4_k5_event,perm_seed1740,1,1,UNSATISFIABLE,UNSATISFIABLE,True,True,6,6,7,7,0.020333,0.020142,-0.0001910000000000002,True,True,True,True,True,
repeat=0|base=vertex_cover_torus_4x4_k5_event|variant=perm_seed1741,0,vertex_cover_torus_4x4_k5_event,perm_seed1741,1,1,UNSATISFIABLE,UNSATISFIABLE,True,True,7,7,8,8,0.020265,0.020944,0.0006790000000000025,True,True,True,True,True,
repeat=0|base=vertex_cover_torus_4x4_k5_event|variant=perm_seed1742,0,vertex_cover_torus_4x4_k5_event,perm_seed1742,1,1,UNSATISFIABLE,UNSATISFIABLE,True,True,8,8,8,8,0.020522,0.020811,0.00028900000000000106,True,True,True,True,True,
repeat=0|base=vertex_cover_torus_4x4_k5_event|variant=perm_seed1743,0,vertex_cover_torus_4x4_k5_event,perm_seed1743,1,1,UNSATISFIABLE,UNSATISFIABLE,True,True,6,6,7,7,0.019764,0.019922,0.00015799999999999842,True,True,True,True,True,
repeat=0|base=vertex_cover_torus_4x4_k5_event|variant=perm_seed1744,0,vertex_cover_torus_4x4_k5_event,perm_seed1744,1,1,UNSATISFIABLE,UNSATISFIABLE,True,True,6,6,7,7,0.020071,0.02095,0.0008790000000000013,True,True,True,True,True,
repeat=0|base=vertex_cover_torus_4x4_k5_event|variant=perm_seed1745,0,vertex_cover_torus_4x4_k5_event,perm_seed1745,1,1,UNSATISFIABLE,UNSATISFIABLE,True,True,6,6,7,7,0.0211,0.02165,0.0005499999999999984,True,True,True,True,True,
repeat=1|base=dominating_set_hex_3x5_s3|variant=base,1,dominating_set_hex_3x5_s3,base,1,1,SATISFIABLE,SATISFIABLE,True,True,6,6,0,0,0.002286,0.002263,-2.3000000000000017e-05,True,True,True,True,True,
repeat=1|base=dominating_set_hex_3x5_s3|variant=perm_seed1730,1,dominating_set_hex_3x5_s3,perm_seed1730,1,1,SATISFIABLE,SATISFIABLE,True,True,1,1,0,0,0.002179,0.002162,-1.7000000000000088e-05,True,True,True,True,True,
repeat=1|base=dominating_set_hex_3x5_s3|variant=perm_seed1731,1,dominating_set_hex_3x5_s3,perm_seed1731,1,1,SATISFIABLE,SATISFIABLE,True,True,5,5,0,0,0.002432,0.002453,2.099999999999975e-05,True,True,True,True,True,
repeat=1|base=dominating_set_hex_3x5_s3|variant=perm_seed1732,1,dominating_set_hex_3x5_s3,perm_seed1732,1,1,SATISFIABLE,SATISFIABLE,True,True,1,1,0,0,0.002814,0.002354,-0.0004599999999999999,True,True,True,True,True,
repeat=1|base=dominating_set_hex_3x5_s3|variant=perm_seed1733,1,dominating_set_hex_3x5_s3,perm_seed1733,1,1,SATISFIABLE,SATISFIABLE,True,True,1,1,0,0,0.002269,0.002223,-4.6000000000000034e-05,True,True,True,True,True,
repeat=1|base=dominating_set_hex_3x5_s3|variant=perm_seed1734,1,dominating_set_hex_3x5_s3,perm_seed1734,1,1,SATISFIABLE,SATISFIABLE,True,True,5,5,1,1,0.002293,0.002664,0.00037100000000000024,True,True,True,True,True,
repeat=1|base=dominating_set_hex_3x5_s3|variant=perm_seed1735,1,dominating_set_hex_3x5_s3,perm_seed1735,1,1,SATISFIABLE,SATISFIABLE,True,True,1,1,0,0,0.002386,0.00244,5.3999999999999795e-05,True,True,True,True,True,
repeat=1|base=dominating_set_hex_3x5_s3|variant=perm_seed1736,1,dominating_set_hex_3x5_s3,perm_seed1736,1,1,SATISFIABLE,SATISFIABLE,True,True,1,1,0,0,0.002241,0.002258,1.7000000000000088e-05,True,True,True,True,True,
repeat=1|base=dominating_set_hex_3x5_s3|variant=perm_seed1737,1,dominating_set_hex_3x5_s3,perm_seed1737,1,1,SATISFIABLE,SATISFIABLE,True,True,1,1,0,0,0.002232,0.002283,5.099999999999983e-05,True,True,True,True,True,
repeat=1|base=dominating_set_hex_3x5_s3|variant=perm_seed1738,1,dominating_set_hex_3x5_s3,perm_seed1738,1,1,SATISFIABLE,SATISFIABLE,True,True,1,1,0,0,0.00306,0.002298,-0.0007619999999999997,True,True,True,True,True,
repeat=1|base=dominating_set_hex_3x5_s3|variant=perm_seed1739,1,dominating_set_hex_3x5_s3,perm_seed1739,1,1,SATISFIABLE,SATISFIABLE,True,True,10,10,2,2,0.002307,0.002511,0.0002040000000000002,True,True,True,True,True,
repeat=1|base=dominating_set_hex_3x5_s3|variant=perm_seed1740,1,dominating_set_hex_3x5_s3,perm_seed1740,1,1,SATISFIABLE,SATISFIABLE,True,True,2,2,0,0,0.002496,0.002298,-0.00019799999999999983,True,True,True,True,True,
repeat=1|base=dominating_set_hex_3x5_s3|variant=perm_seed1741,1,dominating_set_hex_3x5_s3,perm_seed1741,1,1,SATISFIABLE,SATISFIABLE,True,True,1,1,0,0,0.002215,0.002216,1.0000000000001327e-06,True,True,True,True,True,
repeat=1|base=dominating_set_hex_3x5_s3|variant=perm_seed1742,1,dominating_set_hex_3x5_s3,perm_seed1742,1,1,SATISFIABLE,SATISFIABLE,True,True,1,1,0,0,0.002261,0.002544,0.00028299999999999983,True,True,True,True,True,
repeat=1|base=dominating_set_hex_3x5_s3|variant=perm_seed1743,1,dominating_set_hex_3x5_s3,perm_seed1743,1,1,SATISFIABLE,SATISFIABLE,True,True,6,6,0,0,0.00234,0.002295,-4.49999999999999e-05,True,True,True,True,True,
repeat=1|base=dominating_set_hex_3x5_s3|variant=perm_seed1744,1,dominating_set_hex_3x5_s3,perm_seed1744,1,1,SATISFIABLE,SATISFIABLE,True,True,1,1,0,0,0.002303,0.002537,0.00023400000000000027,True,True,True,True,True,
repeat=1|base=dominating_set_hex_3x5_s3|variant=perm_seed1745,1,dominating_set_hex_3x5_s3,perm_seed1745,1,1,SATISFIABLE,SATISFIABLE,True,True,5,5,1,1,0.002162,0.002228,6.600000000000009e-05,True,True,True,True,True,
repeat=1|base=dominating_set_hex_3x6_s4|variant=base,1,dominating_set_hex_3x6_s4,base,1,1,SATISFIABLE,SATISFIABLE,True,True,8,8,0,0,0.041226,0.042068,0.0008420000000000025,True,True,True,True,True,
repeat=1|base=dominating_set_hex_3x6_s4|variant=perm_seed1730,1,dominating_set_hex_3x6_s4,perm_seed1730,1,1,SATISFIABLE,SATISFIABLE,True,True,7,7,0,0,0.040973,0.045272,0.004298999999999997,True,True,True,True,True,
repeat=1|base=dominating_set_hex_3x6_s4|variant=perm_seed1731,1,dominating_set_hex_3x6_s4,perm_seed1731,1,1,SATISFIABLE,SATISFIABLE,True,True,13,13,2,2,0.03988,0.039757,-0.0001229999999999981,True,True,True,True,True,
repeat=1|base=dominating_set_hex_3x6_s4|variant=perm_seed1732,1,dominating_set_hex_3x6_s4,perm_seed1732,1,1,SATISFIABLE,SATISFIABLE,True,True,11,11,1,1,0.038034,0.039044,0.001010000000000004,True,True,True,True,True,
repeat=1|base=dominating_set_hex_3x6_s4|variant=perm_seed1733,1,dominating_set_hex_3x6_s4,perm_seed1733,1,1,SATISFIABLE,SATISFIABLE,True,True,7,7,0,0,0.040861,0.040218,-0.0006430000000000047,True,True,True,True,True,
repeat=1|base=dominating_set_hex_3x6_s4|variant=perm_seed1734,1,dominating_set_hex_3x6_s4,perm_seed1734,1,1,SATISFIABLE,SATISFIABLE,True,True,10,10,1,1,0.040664,0.041009,0.0003449999999999981,True,True,True,True,True,
repeat=1|base=dominating_set_hex_3x6_s4|variant=perm_seed1735,1,dominating_set_hex_3x6_s4,perm_seed1735,1,1,SATISFIABLE,SATISFIABLE,True,True,5,5,0,0,0.042779,0.041924,-0.0008549999999999947,True,True,True,True,True,
repeat=1|base=dominating_set_hex_3x6_s4|variant=perm_seed1736,1,dominating_set_hex_3x6_s4,perm_seed1736,1,1,SATISFIABLE,SATISFIABLE,True,True,12,12,0,0,0.040946,0.040491,-0.000455000000000004,True,True,True,True,True,
repeat=1|base=dominating_set_hex_3x6_s4|variant=perm_seed1737,1,dominating_set_hex_3x6_s4,perm_seed1737,1,1,SATISFIABLE,SATISFIABLE,True,True,8,8,1,1,0.042975,0.042616,-0.0003589999999999982,True,True,True,True,True,
repeat=1|base=dominating_set_hex_3x6_s4|variant=perm_seed1738,1,dominating_set_hex_3x6_s4,perm_seed1738,1,1,SATISFIABLE,SATISFIABLE,True,True,11,11,1,1,0.04141,0.041375,-3.500000000000031e-05,True,True,True,True,True,
repeat=1|base=dominating_set_hex_3x6_s4|variant=perm_seed1739,1,dominating_set_hex_3x6_s4,perm_seed1739,1,1,SATISFIABLE,SATISFIABLE,True,True,11,11,2,2,0.040217,0.040375,0.00015799999999999842,True,True,True,True,True,
repeat=1|base=dominating_set_hex_3x6_s4|variant=perm_seed1740,1,dominating_set_hex_3x6_s4,perm_seed1740,1,1,SATISFIABLE,SATISFIABLE,True,True,8,8,0,0,0.040794,0.040455,-0.000338999999999999,True,True,True,True,True,
repeat=1|base=dominating_set_hex_3x6_s4|variant=perm_seed1741,1,dominating_set_hex_3x6_s4,perm_seed1741,1,1,SATISFIABLE,SATISFIABLE,True,True,11,11,2,2,0.039295,0.039183,-0.00011199999999999405,True,True,True,True,True,
repeat=1|base=dominating_set_hex_3x6_s4|variant=perm_seed1742,1,dominating_set_hex_3x6_s4,perm_seed1742,1,1,SATISFIABLE,SATISFIABLE,True,True,9,9,1,1,0.039687,0.038993,-0.0006940000000000002,True,True,True,True,True,
repeat=1|base=dominating_set_hex_3x6_s4|variant=perm_seed1743,1,dominating_set_hex_3x6_s4,perm_seed1743,1,1,SATISFIABLE,SATISFIABLE,True,True,11,11,3,3,0.04093,0.042062,0.001132000000000001,True,True,True,True,True,
repeat=1|base=dominating_set_hex_3x6_s4|variant=perm_seed1744,1,dominating_set_hex_3x6_s4,perm_seed1744,1,1,SATISFIABLE,SATISFIABLE,True,True,11,11,1,1,0.037845,0.038972,0.001127000000000003,True,True,True,True,True,
repeat=1|base=dominating_set_hex_3x6_s4|variant=perm_seed1745,1,dominating_set_hex_3x6_s4,perm_seed1745,1,1,SATISFIABLE,SATISFIABLE,True,True,5,5,0,0,0.038735,0.036444,-0.0022910000000000014,True,True,True,True,True,
repeat=1|base=even_colouring_torus_4x5_split|variant=base,1,even_colouring_torus_4x5_split,base,1,1,SATISFIABLE,SATISFIABLE,True,True,22,22,0,0,0.000741,0.000749,7.999999999999978e-06,True,True,True,True,True,
repeat=1|base=even_colouring_torus_4x5_split|variant=perm_seed1730,1,even_colouring_torus_4x5_split,perm_seed1730,1,1,SATISFIABLE,SATISFIABLE,True,True,22,22,0,0,0.000663,0.000686,2.3000000000000017e-05,True,True,True,True,True,
repeat=1|base=even_colouring_torus_4x5_split|variant=perm_seed1731,1,even_colouring_torus_4x5_split,perm_seed1731,1,1,SATISFIABLE,SATISFIABLE,True,True,23,23,0,0,0.000635,0.000651,1.5999999999999955e-05,True,True,True,True,True,
repeat=1|base=even_colouring_torus_4x5_split|variant=perm_seed1732,1,even_colouring_torus_4x5_split,perm_seed1732,1,1,SATISFIABLE,SATISFIABLE,True,True,22,22,0,0,0.000614,0.000632,1.8000000000000004e-05,True,True,True,True,True,
repeat=1|base=even_colouring_torus_4x5_split|variant=perm_seed1733,1,even_colouring_torus_4x5_split,perm_seed1733,1,1,SATISFIABLE,SATISFIABLE,True,True,22,22,0,0,0.000685,0.00061,-7.499999999999998e-05,True,True,True,True,True,
repeat=1|base=even_colouring_torus_4x5_split|variant=perm_seed1734,1,even_colouring_torus_4x5_split,perm_seed1734,1,1,SATISFIABLE,SATISFIABLE,True,True,22,22,0,0,0.000668,0.00067,2.0000000000000486e-06,True,True,True,True,True,
repeat=1|base=even_colouring_torus_4x5_split|variant=perm_seed1735,1,even_colouring_torus_4x5_split,perm_seed1735,1,1,SATISFIABLE,SATISFIABLE,True,True,22,22,0,0,0.000646,0.000652,6.000000000000037e-06,True,True,True,True,True,
repeat=1|base=even_colouring_torus_4x5_split|variant=perm_seed1736,1,even_colouring_torus_4x5_split,perm_seed1736,1,1,SATISFIABLE,SATISFIABLE,True,True,23,23,0,0,0.000624,0.000651,2.7000000000000006e-05,True,True,True,True,True,
repeat=1|base=even_colouring_torus_4x5_split|variant=perm_seed1737,1,even_colouring_torus_4x5_split,perm_seed1737,1,1,SATISFIABLE,SATISFIABLE,True,True,22,22,0,0,0.000668,0.000623,-4.500000000000001e-05,True,True,True,True,True,
repeat=1|base=even_colouring_torus_4x5_split|variant=perm_seed1738,1,even_colouring_torus_4x5_split,perm_seed1738,1,1,SATISFIABLE,SATISFIABLE,True,True,23,23,0,0,0.000613,0.000662,4.9e-05,True,True,True,True,True,
repeat=1|base=even_colouring_torus_4x5_split|variant=perm_seed1739,1,even_colouring_torus_4x5_split,perm_seed1739,1,1,SATISFIABLE,SATISFIABLE,True,True,22,22,0,0,0.000598,0.000661,6.300000000000001e-05,True,True,True,True,True,
repeat=1|base=even_colouring_torus_4x5_split|variant=perm_seed1740,1,even_colouring_torus_4x5_split,perm_seed1740,1,1,SATISFIABLE,SATISFIABLE,True,True,22,22,0,0,0.000651,0.000781,0.00013000000000000002,True,True,True,True,True,
repeat=1|base=even_colouring_torus_4x5_split|variant=perm_seed1741,1,even_colouring_torus_4x5_split,perm_seed1741,1,1,SATISFIABLE,SATISFIABLE,True,True,22,22,0,0,0.000697,0.000801,0.00010399999999999993,True,True,True,True,True,
repeat=1|base=even_colouring_torus_4x5_split|variant=perm_seed1742,1,even_colouring_torus_4x5_split,perm_seed1742,1,1,SATISFIABLE,SATISFIABLE,True,True,22,22,0,0,0.000739,0.000762,2.3000000000000017e-05,True,True,True,True,True,
repeat=1|base=even_colouring_torus_4x5_split|variant=perm_seed1743,1,even_colouring_torus_4x5_split,perm_seed1743,1,1,SATISFIABLE,SATISFIABLE,True,True,22,22,0,0,0.000766,0.00078,1.4000000000000015e-05,True,True,True,True,True,
repeat=1|base=even_colouring_torus_4x5_split|variant=perm_seed1744,1,even_colouring_torus_4x5_split,perm_seed1744,1,1,SATISFIABLE,SATISFIABLE,True,True,22,22,0,0,0.000685,0.000665,-1.9999999999999944e-05,True,True,True,True,True,
repeat=1|base=even_colouring_torus_4x5_split|variant=perm_seed1745,1,even_colouring_torus_4x5_split,perm_seed1745,1,1,SATISFIABLE,SATISFIABLE,True,True,22,22,0,0,0.000736,0.000731,-5.000000000000013e-06,True,True,True,True,True,
repeat=1|base=even_colouring_torus_4x6_split|variant=base,1,even_colouring_torus_4x6_split,base,1,1,SATISFIABLE,SATISFIABLE,True,True,26,26,0,0,0.000761,0.000762,1.0000000000000243e-06,True,True,True,True,True,
repeat=1|base=even_colouring_torus_4x6_split|variant=perm_seed1730,1,even_colouring_torus_4x6_split,perm_seed1730,1,1,SATISFIABLE,SATISFIABLE,True,True,26,26,0,0,0.000715,0.001237,0.000522,True,True,True,True,True,
repeat=1|base=even_colouring_torus_4x6_split|variant=perm_seed1731,1,even_colouring_torus_4x6_split,perm_seed1731,1,1,SATISFIABLE,SATISFIABLE,True,True,26,26,0,0,0.000836,0.000788,-4.800000000000008e-05,True,True,True,True,True,
repeat=1|base=even_colouring_torus_4x6_split|variant=perm_seed1732,1,even_colouring_torus_4x6_split,perm_seed1732,1,1,SATISFIABLE,SATISFIABLE,True,True,26,26,0,0,0.001289,0.001318,2.8999999999999946e-05,True,True,True,True,True,
repeat=1|base=even_colouring_torus_4x6_split|variant=perm_seed1733,1,even_colouring_torus_4x6_split,perm_seed1733,1,1,SATISFIABLE,SATISFIABLE,True,True,27,27,0,0,0.000817,0.000729,-8.799999999999997e-05,True,True,True,True,True,
repeat=1|base=even_colouring_torus_4x6_split|variant=perm_seed1734,1,even_colouring_torus_4x6_split,perm_seed1734,1,1,SATISFIABLE,SATISFIABLE,True,True,26,26,0,0,0.000679,0.000713,3.399999999999996e-05,True,True,True,True,True,
repeat=1|base=even_colouring_torus_4x6_split|variant=perm_seed1735,1,even_colouring_torus_4x6_split,perm_seed1735,1,1,SATISFIABLE,SATISFIABLE,True,True,26,26,0,0,0.000733,0.000654,-7.900000000000008e-05,True,True,True,True,True,
repeat=1|base=even_colouring_torus_4x6_split|variant=perm_seed1736,1,even_colouring_torus_4x6_split,perm_seed1736,1,1,SATISFIABLE,SATISFIABLE,True,True,26,26,0,0,0.000635,0.000664,2.8999999999999946e-05,True,True,True,True,True,
repeat=1|base=even_colouring_torus_4x6_split|variant=perm_seed1737,1,even_colouring_torus_4x6_split,perm_seed1737,1,1,SATISFIABLE,SATISFIABLE,True,True,26,26,0,0,0.00066,0.000767,0.000107,True,True,True,True,True,
repeat=1|base=even_colouring_torus_4x6_split|variant=perm_seed1738,1,even_colouring_torus_4x6_split,perm_seed1738,1,1,SATISFIABLE,SATISFIABLE,True,True,26,26,0,0,0.000755,0.000748,-7.000000000000062e-06,True,True,True,True,True,
repeat=1|base=even_colouring_torus_4x6_split|variant=perm_seed1739,1,even_colouring_torus_4x6_split,perm_seed1739,1,1,SATISFIABLE,SATISFIABLE,True,True,26,26,0,0,0.000714,0.000787,7.300000000000004e-05,True,True,True,True,True,
repeat=1|base=even_colouring_torus_4x6_split|variant=perm_seed1740,1,even_colouring_torus_4x6_split,perm_seed1740,1,1,SATISFIABLE,SATISFIABLE,True,True,26,26,0,0,0.000781,0.000885,0.00010400000000000003,True,True,True,True,True,
repeat=1|base=even_colouring_torus_4x6_split|variant=perm_seed1741,1,even_colouring_torus_4x6_split,perm_seed1741,1,1,SATISFIABLE,SATISFIABLE,True,True,26,26,0,0,0.000717,0.000757,3.9999999999999996e-05,True,True,True,True,True,
repeat=1|base=even_colouring_torus_4x6_split|variant=perm_seed1742,1,even_colouring_torus_4x6_split,perm_seed1742,1,1,SATISFIABLE,SATISFIABLE,True,True,26,26,0,0,0.000698,0.000714,1.5999999999999955e-05,True,True,True,True,True,
repeat=1|base=even_colouring_torus_4x6_split|variant=perm_seed1743,1,even_colouring_torus_4x6_split,perm_seed1743,1,1,SATISFIABLE,SATISFIABLE,True,True,26,26,0,0,0.000653,0.000718,6.499999999999995e-05,True,True,True,True,True,
repeat=1|base=even_colouring_torus_4x6_split|variant=perm_seed1744,1,even_colouring_torus_4x6_split,perm_seed1744,1,1,SATISFIABLE,SATISFIABLE,True,True,27,27,0,0,0.000711,0.000681,-3.000000000000008e-05,True,True,True,True,True,
repeat=1|base=even_colouring_torus_4x6_split|variant=perm_seed1745,1,even_colouring_torus_4x6_split,perm_seed1745,1,1,SATISFIABLE,SATISFIABLE,True,True,26,26,0,0,0.000664,0.000723,5.9000000000000025e-05,True,True,True,True,True,
repeat=1|base=even_colouring_torus_5x5_split|variant=base,1,even_colouring_torus_5x5_split,base,1,1,SATISFIABLE,SATISFIABLE,True,True,27,27,0,0,0.000795,0.000674,-0.00012100000000000001,True,True,True,True,True,
repeat=1|base=even_colouring_torus_5x5_split|variant=perm_seed1730,1,even_colouring_torus_5x5_split,perm_seed1730,1,1,SATISFIABLE,SATISFIABLE,True,True,27,27,0,0,0.000732,0.000713,-1.9000000000000028e-05,True,True,True,True,True,
repeat=1|base=even_colouring_torus_5x5_split|variant=perm_seed1731,1,even_colouring_torus_5x5_split,perm_seed1731,1,1,SATISFIABLE,SATISFIABLE,True,True,27,27,0,0,0.000654,0.000836,0.0001820000000000001,True,True,True,True,True,
repeat=1|base=even_colouring_torus_5x5_split|variant=perm_seed1732,1,even_colouring_torus_5x5_split,perm_seed1732,1,1,SATISFIABLE,SATISFIABLE,True,True,27,27,0,0,0.000897,0.000793,-0.00010400000000000003,True,True,True,True,True,
repeat=1|base=even_colouring_torus_5x5_split|variant=perm_seed1733,1,even_colouring_torus_5x5_split,perm_seed1733,1,1,SATISFIABLE,SATISFIABLE,True,True,27,27,0,0,0.00075,0.000775,2.4999999999999957e-05,True,True,True,True,True,
repeat=1|base=even_colouring_torus_5x5_split|variant=perm_seed1734,1,even_colouring_torus_5x5_split,perm_seed1734,1,1,SATISFIABLE,SATISFIABLE,True,True,27,27,0,0,0.000749,0.000712,-3.700000000000003e-05,True,True,True,True,True,
repeat=1|base=even_colouring_torus_5x5_split|variant=perm_seed1735,1,even_colouring_torus_5x5_split,perm_seed1735,1,1,SATISFIABLE,SATISFIABLE,True,True,27,27,0,0,0.000695,0.000731,3.600000000000001e-05,True,True,True,True,True,
repeat=1|base=even_colouring_torus_5x5_split|variant=perm_seed1736,1,even_colouring_torus_5x5_split,perm_seed1736,1,1,SATISFIABLE,SATISFIABLE,True,True,27,27,0,0,0.0008,0.000787,-1.299999999999999e-05,True,True,True,True,True,
repeat=1|base=even_colouring_torus_5x5_split|variant=perm_seed1737,1,even_colouring_torus_5x5_split,perm_seed1737,1,1,SATISFIABLE,SATISFIABLE,True,True,27,27,0,0,0.000761,0.000765,3.999999999999989e-06,True,True,True,True,True,
repeat=1|base=even_colouring_torus_5x5_split|variant=perm_seed1738,1,even_colouring_torus_5x5_split,perm_seed1738,1,1,SATISFIABLE,SATISFIABLE,True,True,28,28,0,0,0.000735,0.000746,1.100000000000005e-05,True,True,True,True,True,
repeat=1|base=even_colouring_torus_5x5_split|variant=perm_seed1739,1,even_colouring_torus_5x5_split,perm_seed1739,1,1,SATISFIABLE,SATISFIABLE,True,True,27,27,0,0,0.00074,0.000667,-7.300000000000004e-05,True,True,True,True,True,
repeat=1|base=even_colouring_torus_5x5_split|variant=perm_seed1740,1,even_colouring_torus_5x5_split,perm_seed1740,1,1,SATISFIABLE,SATISFIABLE,True,True,27,27,0,0,0.000868,0.000747,-0.0001209999999999999,True,True,True,True,True,
repeat=1|base=even_colouring_torus_5x5_split|variant=perm_seed1741,1,even_colouring_torus_5x5_split,perm_seed1741,1,1,SATISFIABLE,SATISFIABLE,True,True,28,28,0,0,0.000847,0.000828,-1.9000000000000028e-05,True,True,True,True,True,
repeat=1|base=even_colouring_torus_5x5_split|variant=perm_seed1742,1,even_colouring_torus_5x5_split,perm_seed1742,1,1,SATISFIABLE,SATISFIABLE,True,True,27,27,0,0,0.000679,0.000684,5.000000000000013e-06,True,True,True,True,True,
repeat=1|base=even_colouring_torus_5x5_split|variant=perm_seed1743,1,even_colouring_torus_5x5_split,perm_seed1743,1,1,SATISFIABLE,SATISFIABLE,True,True,27,27,0,0,0.000649,0.000651,2.0000000000000486e-06,True,True,True,True,True,
repeat=1|base=even_colouring_torus_5x5_split|variant=perm_seed1744,1,even_colouring_torus_5x5_split,perm_seed1744,1,1,SATISFIABLE,SATISFIABLE,True,True,27,27,0,0,0.000638,0.000692,5.400000000000001e-05,True,True,True,True,True,
repeat=1|base=even_colouring_torus_5x5_split|variant=perm_seed1745,1,even_colouring_torus_5x5_split,perm_seed1745,1,1,SATISFIABLE,SATISFIABLE,True,True,27,27,0,0,0.000707,0.000671,-3.59999999999999e-05,True,True,True,True,True,
repeat=1|base=even_colouring_torus_5x6_split|variant=base,1,even_colouring_torus_5x6_split,base,1,1,SATISFIABLE,SATISFIABLE,True,True,32,32,0,0,0.000819,0.000694,-0.000125,True,True,True,True,True,
repeat=1|base=even_colouring_torus_5x6_split|variant=perm_seed1730,1,even_colouring_torus_5x6_split,perm_seed1730,1,1,SATISFIABLE,SATISFIABLE,True,True,33,33,0,0,0.000717,0.000661,-5.599999999999995e-05,True,True,True,True,True,
repeat=1|base=even_colouring_torus_5x6_split|variant=perm_seed1731,1,even_colouring_torus_5x6_split,perm_seed1731,1,1,SATISFIABLE,SATISFIABLE,True,True,32,32,0,0,0.000667,0.000779,0.00011200000000000001,True,True,True,True,True,
repeat=1|base=even_colouring_torus_5x6_split|variant=perm_seed1732,1,even_colouring_torus_5x6_split,perm_seed1732,1,1,SATISFIABLE,SATISFIABLE,True,True,32,32,0,0,0.000736,0.000712,-2.400000000000004e-05,True,True,True,True,True,
repeat=1|base=even_colouring_torus_5x6_split|variant=perm_seed1733,1,even_colouring_torus_5x6_split,perm_seed1733,1,1,SATISFIABLE,SATISFIABLE,True,True,32,32,0,0,0.00079,0.000864,7.399999999999996e-05,True,True,True,True,True,
repeat=1|base=even_colouring_torus_5x6_split|variant=perm_seed1734,1,even_colouring_torus_5x6_split,perm_seed1734,1,1,SATISFIABLE,SATISFIABLE,True,True,33,33,0,0,0.000739,0.000823,8.399999999999998e-05,True,True,True,True,True,
repeat=1|base=even_colouring_torus_5x6_split|variant=perm_seed1735,1,even_colouring_torus_5x6_split,perm_seed1735,1,1,SATISFIABLE,SATISFIABLE,True,True,32,32,0,0,0.000688,0.000712,2.3999999999999933e-05,True,True,True,True,True,
repeat=1|base=even_colouring_torus_5x6_split|variant=perm_seed1736,1,even_colouring_torus_5x6_split,perm_seed1736,1,1,SATISFIABLE,SATISFIABLE,True,True,32,32,0,0,0.000655,0.000701,4.6000000000000034e-05,True,True,True,True,True,
repeat=1|base=even_colouring_torus_5x6_split|variant=perm_seed1737,1,even_colouring_torus_5x6_split,perm_seed1737,1,1,SATISFIABLE,SATISFIABLE,True,True,33,33,0,0,0.000684,0.000716,3.199999999999991e-05,True,True,True,True,True,
repeat=1|base=even_colouring_torus_5x6_split|variant=perm_seed1738,1,even_colouring_torus_5x6_split,perm_seed1738,1,1,SATISFIABLE,SATISFIABLE,True,True,32,32,0,0,0.000767,0.000805,3.8000000000000056e-05,True,True,True,True,True,
repeat=1|base=even_colouring_torus_5x6_split|variant=perm_seed1739,1,even_colouring_torus_5x6_split,perm_seed1739,1,1,SATISFIABLE,SATISFIABLE,True,True,32,32,0,0,0.000685,0.000678,-6.999999999999953e-06,True,True,True,True,True,
repeat=1|base=even_colouring_torus_5x6_split|variant=perm_seed1740,1,even_colouring_torus_5x6_split,perm_seed1740,1,1,SATISFIABLE,SATISFIABLE,True,True,33,33,0,0,0.000729,0.000709,-2.0000000000000052e-05,True,True,True,True,True,
repeat=1|base=even_colouring_torus_5x6_split|variant=perm_seed1741,1,even_colouring_torus_5x6_split,perm_seed1741,1,1,SATISFIABLE,SATISFIABLE,True,True,33,33,0,0,0.00065,0.000674,2.400000000000004e-05,True,True,True,True,True,
repeat=1|base=even_colouring_torus_5x6_split|variant=perm_seed1742,1,even_colouring_torus_5x6_split,perm_seed1742,1,1,SATISFIABLE,SATISFIABLE,True,True,32,32,0,0,0.00068,0.000655,-2.5000000000000066e-05,True,True,True,True,True,
repeat=1|base=even_colouring_torus_5x6_split|variant=perm_seed1743,1,even_colouring_torus_5x6_split,perm_seed1743,1,1,SATISFIABLE,SATISFIABLE,True,True,33,33,0,0,0.000637,0.000753,0.000116,True,True,True,True,True,
repeat=1|base=even_colouring_torus_5x6_split|variant=perm_seed1744,1,even_colouring_torus_5x6_split,perm_seed1744,1,1,SATISFIABLE,SATISFIABLE,True,True,32,32,0,0,0.000702,0.000704,1.99999999999994e-06,True,True,True,True,True,
repeat=1|base=even_colouring_torus_5x6_split|variant=perm_seed1745,1,even_colouring_torus_5x6_split,perm_seed1745,1,1,SATISFIABLE,SATISFIABLE,True,True,32,32,0,0,0.000672,0.000709,3.700000000000003e-05,True,True,True,True,True,
repeat=1|base=even_colouring_torus_6x6_split|variant=base,1,even_colouring_torus_6x6_split,base,1,1,SATISFIABLE,SATISFIABLE,True,True,38,38,0,0,0.000678,0.000696,1.8000000000000004e-05,True,True,True,True,True,
repeat=1|base=even_colouring_torus_6x6_split|variant=perm_seed1730,1,even_colouring_torus_6x6_split,perm_seed1730,1,1,SATISFIABLE,SATISFIABLE,True,True,38,38,0,0,0.000747,0.000741,-6.000000000000037e-06,True,True,True,True,True,
repeat=1|base=even_colouring_torus_6x6_split|variant=perm_seed1731,1,even_colouring_torus_6x6_split,perm_seed1731,1,1,SATISFIABLE,SATISFIABLE,True,True,39,39,0,0,0.000803,0.000776,-2.7000000000000006e-05,True,True,True,True,True,
repeat=1|base=even_colouring_torus_6x6_split|variant=perm_seed1732,1,even_colouring_torus_6x6_split,perm_seed1732,1,1,SATISFIABLE,SATISFIABLE,True,True,39,39,0,0,0.000831,0.000726,-0.00010500000000000006,True,True,True,True,True,
repeat=1|base=even_colouring_torus_6x6_split|variant=perm_seed1733,1,even_colouring_torus_6x6_split,perm_seed1733,1,1,SATISFIABLE,SATISFIABLE,True,True,38,38,0,0,0.000773,0.000779,5.999999999999929e-06,True,True,True,True,True,
repeat=1|base=even_colouring_torus_6x6_split|variant=perm_seed1734,1,even_colouring_torus_6x6_split,perm_seed1734,1,1,SATISFIABLE,SATISFIABLE,True,True,39,39,0,0,0.00074,0.000727,-1.299999999999999e-05,True,True,True,True,True,
repeat=1|base=even_colouring_torus_6x6_split|variant=perm_seed1735,1,even_colouring_torus_6x6_split,perm_seed1735,1,1,SATISFIABLE,SATISFIABLE,True,True,38,38,0,0,0.000685,0.000772,8.700000000000005e-05,True,True,True,True,True,
repeat=1|base=even_colouring_torus_6x6_split|variant=perm_seed1736,1,even_colouring_torus_6x6_split,perm_seed1736,1,1,SATISFIABLE,SATISFIABLE,True,True,38,38,0,0,0.00072,0.000698,-2.1999999999999993e-05,True,True,True,True,True,
repeat=1|base=even_colouring_torus_6x6_split|variant=perm_seed1737,1,even_colouring_torus_6x6_split,perm_seed1737,1,1,SATISFIABLE,SATISFIABLE,True,True,38,38,0,0,0.00071,0.00072,1.0000000000000026e-05,True,True,True,True,True,
repeat=1|base=even_colouring_torus_6x6_split|variant=perm_seed1738,1,even_colouring_torus_6x6_split,perm_seed1738,1,1,SATISFIABLE,SATISFIABLE,True,True,38,38,0,0,0.000705,0.000841,0.00013599999999999994,True,True,True,True,True,
repeat=1|base=even_colouring_torus_6x6_split|variant=perm_seed1739,1,even_colouring_torus_6x6_split,perm_seed1739,1,1,SATISFIABLE,SATISFIABLE,True,True,39,39,0,0,0.000806,0.000804,-1.99999999999994e-06,True,True,True,True,True,
repeat=1|base=even_colouring_torus_6x6_split|variant=perm_seed1740,1,even_colouring_torus_6x6_split,perm_seed1740,1,1,SATISFIABLE,SATISFIABLE,True,True,38,38,0,0,0.000851,0.00071,-0.00014099999999999996,True,True,True,True,True,
repeat=1|base=even_colouring_torus_6x6_split|variant=perm_seed1741,1,even_colouring_torus_6x6_split,perm_seed1741,1,1,SATISFIABLE,SATISFIABLE,True,True,38,38,0,0,0.000833,0.000741,-9.199999999999996e-05,True,True,True,True,True,
repeat=1|base=even_colouring_torus_6x6_split|variant=perm_seed1742,1,even_colouring_torus_6x6_split,perm_seed1742,1,1,SATISFIABLE,SATISFIABLE,True,True,38,38,0,0,0.000775,0.000796,2.1000000000000077e-05,True,True,True,True,True,
repeat=1|base=even_colouring_torus_6x6_split|variant=perm_seed1743,1,even_colouring_torus_6x6_split,perm_seed1743,1,1,SATISFIABLE,SATISFIABLE,True,True,38,38,0,0,0.000701,0.000707,5.999999999999929e-06,True,True,True,True,True,
repeat=1|base=even_colouring_torus_6x6_split|variant=perm_seed1744,1,even_colouring_torus_6x6_split,perm_seed1744,1,1,SATISFIABLE,SATISFIABLE,True,True,39,39,0,0,0.000848,0.000682,-0.00016600000000000002,True,True,True,True,True,
repeat=1|base=even_colouring_torus_6x6_split|variant=perm_seed1745,1,even_colouring_torus_6x6_split,perm_seed1745,1,1,SATISFIABLE,SATISFIABLE,True,True,38,38,0,0,0.000775,0.000712,-6.300000000000001e-05,True,True,True,True,True,
repeat=1|base=k10_color9|variant=base,1,k10_color9,base,1,1,UNSATISFIABLE,UNSATISFIABLE,True,True,340861,340861,314066,314066,1.55702,1.48555,-0.07147000000000014,True,True,True,True,True,
repeat=1|base=k10_color9|variant=perm_seed1730,1,k10_color9,perm_seed1730,1,1,UNSATISFIABLE,UNSATISFIABLE,True,True,413643,413643,382655,382655,1.90312,1.85051,-0.052609999999999824,True,True,True,True,True,
repeat=1|base=k10_color9|variant=perm_seed1731,1,k10_color9,perm_seed1731,1,1,UNSATISFIABLE,UNSATISFIABLE,True,True,340033,340033,312592,312592,1.5567,1.52681,-0.029889999999999972,True,True,True,True,True,
repeat=1|base=k4_color3|variant=base,1,k4_color3,base,1,1,UNSATISFIABLE,UNSATISFIABLE,True,True,0,0,0,0,0.000775,0.000641,-0.000134,True,True,True,True,True,
repeat=1|base=k4_color3|variant=perm_seed1730,1,k4_color3,perm_seed1730,1,1,UNSATISFIABLE,UNSATISFIABLE,True,True,0,0,0,0,0.000732,0.000723,-9.000000000000002e-06,True,True,True,True,True,
repeat=1|base=k4_color3|variant=perm_seed1731,1,k4_color3,perm_seed1731,1,1,UNSATISFIABLE,UNSATISFIABLE,True,True,0,0,0,0,0.000784,0.000754,-2.999999999999997e-05,True,True,True,True,True,
repeat=1|base=k4_color3|variant=perm_seed1732,1,k4_color3,perm_seed1732,1,1,UNSATISFIABLE,UNSATISFIABLE,True,True,0,0,0,0,0.000677,0.000651,-2.599999999999998e-05,True,True,True,True,True,
repeat=1|base=k4_color3|variant=perm_seed1733,1,k4_color3,perm_seed1733,1,1,UNSATISFIABLE,UNSATISFIABLE,True,True,0,0,0,0,0.00063,0.000607,-2.3000000000000017e-05,True,True,True,True,True,
repeat=1|base=k4_color3|variant=perm_seed1734,1,k4_color3,perm_seed1734,1,1,UNSATISFIABLE,UNSATISFIABLE,True,True,0,0,0,0,0.000665,0.000624,-4.100000000000002e-05,True,True,True,True,True,
repeat=1|base=k4_color3|variant=perm_seed1735,1,k4_color3,perm_seed1735,1,1,UNSATISFIABLE,UNSATISFIABLE,True,True,0,0,0,0,0.000645,0.000614,-3.0999999999999995e-05,True,True,True,True,True,
repeat=1|base=k4_color3|variant=perm_seed1736,1,k4_color3,perm_seed1736,1,1,UNSATISFIABLE,UNSATISFIABLE,True,True,0,0,0,0,0.000663,0.000785,0.00012200000000000004,True,True,True,True,True,
repeat=1|base=k4_color3|variant=perm_seed1737,1,k4_color3,perm_seed1737,1,1,UNSATISFIABLE,UNSATISFIABLE,True,True,0,0,0,0,0.000662,0.000687,2.4999999999999957e-05,True,True,True,True,True,
repeat=1|base=k4_color3|variant=perm_seed1738,1,k4_color3,perm_seed1738,1,1,UNSATISFIABLE,UNSATISFIABLE,True,True,0,0,0,0,0.000683,0.000647,-3.600000000000001e-05,True,True,True,True,True,
repeat=1|base=k4_color3|variant=perm_seed1739,1,k4_color3,perm_seed1739,1,1,UNSATISFIABLE,UNSATISFIABLE,True,True,0,0,0,0,0.000635,0.000621,-1.4000000000000015e-05,True,True,True,True,True,
repeat=1|base=k4_color3|variant=perm_seed1740,1,k4_color3,perm_seed1740,1,1,UNSATISFIABLE,UNSATISFIABLE,True,True,0,0,0,0,0.000598,0.000613,1.500000000000004e-05,True,True,True,True,True,
repeat=1|base=k4_color3|variant=perm_seed1741,1,k4_color3,perm_seed1741,1,1,UNSATISFIABLE,UNSATISFIABLE,True,True,0,0,0,0,0.000622,0.000596,-2.600000000000009e-05,True,True,True,True,True,
repeat=1|base=k4_color3|variant=perm_seed1742,1,k4_color3,perm_seed1742,1,1,UNSATISFIABLE,UNSATISFIABLE,True,True,0,0,0,0,0.000623,0.000612,-1.0999999999999942e-05,True,True,True,True,True,
repeat=1|base=k4_color3|variant=perm_seed1743,1,k4_color3,perm_seed1743,1,1,UNSATISFIABLE,UNSATISFIABLE,True,True,0,0,0,0,0.000603,0.000651,4.7999999999999974e-05,True,True,True,True,True,
repeat=1|base=k4_color3|variant=perm_seed1744,1,k4_color3,perm_seed1744,1,1,UNSATISFIABLE,UNSATISFIABLE,True,True,0,0,0,0,0.000577,0.000598,2.099999999999997e-05,True,True,True,True,True,
repeat=1|base=k4_color3|variant=perm_seed1745,1,k4_color3,perm_seed1745,1,1,UNSATISFIABLE,UNSATISFIABLE,True,True,0,0,0,0,0.000586,0.000651,6.499999999999995e-05,True,True,True,True,True,
repeat=1|base=k4_color4|variant=base,1,k4_color4,base,1,1,SATISFIABLE,SATISFIABLE,True,True,1,1,0,0,0.000635,0.000634,-1.0000000000000243e-06,True,True,True,True,True,
repeat=1|base=k4_color4|variant=perm_seed1730,1,k4_color4,perm_seed1730,1,1,SATISFIABLE,SATISFIABLE,True,True,1,1,0,0,0.00066,0.00065,-1.0000000000000026e-05,True,True,True,True,True,
repeat=1|base=k4_color4|variant=perm_seed1731,1,k4_color4,perm_seed1731,1,1,SATISFIABLE,SATISFIABLE,True,True,1,1,0,0,0.000614,0.000684,7.000000000000008e-05,True,True,True,True,True,
repeat=1|base=k4_color4|variant=perm_seed1732,1,k4_color4,perm_seed1732,1,1,SATISFIABLE,SATISFIABLE,True,True,1,1,0,0,0.000691,0.000701,1.0000000000000026e-05,True,True,True,True,True,
repeat=1|base=k4_color4|variant=perm_seed1733,1,k4_color4,perm_seed1733,1,1,SATISFIABLE,SATISFIABLE,True,True,1,1,0,0,0.000797,0.000725,-7.200000000000002e-05,True,True,True,True,True,
repeat=1|base=k4_color4|variant=perm_seed1734,1,k4_color4,perm_seed1734,1,1,SATISFIABLE,SATISFIABLE,True,True,1,1,0,0,0.000715,0.000661,-5.400000000000001e-05,True,True,True,True,True,
repeat=1|base=k4_color4|variant=perm_seed1735,1,k4_color4,perm_seed1735,1,1,SATISFIABLE,SATISFIABLE,True,True,1,1,0,0,0.001275,0.001189,-8.600000000000014e-05,True,True,True,True,True,
repeat=1|base=k4_color4|variant=perm_seed1736,1,k4_color4,perm_seed1736,1,1,SATISFIABLE,SATISFIABLE,True,True,1,1,0,0,0.00112,0.001237,0.00011700000000000013,True,True,True,True,True,
repeat=1|base=k4_color4|variant=perm_seed1737,1,k4_color4,perm_seed1737,1,1,SATISFIABLE,SATISFIABLE,True,True,1,1,0,0,0.000864,0.001209,0.00034500000000000004,True,True,True,True,True,
repeat=1|base=k4_color4|variant=perm_seed1738,1,k4_color4,perm_seed1738,1,1,SATISFIABLE,SATISFIABLE,True,True,1,1,0,0,0.000775,0.000847,7.200000000000002e-05,True,True,True,True,True,
repeat=1|base=k4_color4|variant=perm_seed1739,1,k4_color4,perm_seed1739,1,1,SATISFIABLE,SATISFIABLE,True,True,1,1,0,0,0.000678,0.000714,3.600000000000001e-05,True,True,True,True,True,
repeat=1|base=k4_color4|variant=perm_seed1740,1,k4_color4,perm_seed1740,1,1,SATISFIABLE,SATISFIABLE,True,True,1,1,0,0,0.000685,0.000703,1.8000000000000004e-05,True,True,True,True,True,
repeat=1|base=k4_color4|variant=perm_seed1741,1,k4_color4,perm_seed1741,1,1,SATISFIABLE,SATISFIABLE,True,True,1,1,0,0,0.000786,0.000736,-5.000000000000002e-05,True,True,True,True,True,
repeat=1|base=k4_color4|variant=perm_seed1742,1,k4_color4,perm_seed1742,1,1,SATISFIABLE,SATISFIABLE,True,True,1,1,0,0,0.000742,0.000695,-4.700000000000006e-05,True,True,True,True,True,
repeat=1|base=k4_color4|variant=perm_seed1743,1,k4_color4,perm_seed1743,1,1,SATISFIABLE,SATISFIABLE,True,True,1,1,0,0,0.000747,0.000686,-6.100000000000007e-05,True,True,True,True,True,
repeat=1|base=k4_color4|variant=perm_seed1744,1,k4_color4,perm_seed1744,1,1,SATISFIABLE,SATISFIABLE,True,True,1,1,0,0,0.000787,0.000678,-0.00010900000000000005,True,True,True,True,True,
repeat=1|base=k4_color4|variant=perm_seed1745,1,k4_color4,perm_seed1745,1,1,SATISFIABLE,SATISFIABLE,True,True,1,1,0,0,0.000701,0.000841,0.00013999999999999993,True,True,True,True,True,
repeat=1|base=k5_color4|variant=base,1,k5_color4,base,1,1,UNSATISFIABLE,UNSATISFIABLE,True,True,32,32,27,27,0.000639,0.000683,4.3999999999999985e-05,True,True,True,True,True,
repeat=1|base=k5_color4|variant=perm_seed1730,1,k5_color4,perm_seed1730,1,1,UNSATISFIABLE,UNSATISFIABLE,True,True,31,31,28,28,0.000749,0.000688,-6.0999999999999965e-05,True,True,True,True,True,
repeat=1|base=k5_color4|variant=perm_seed1731,1,k5_color4,perm_seed1731,1,1,UNSATISFIABLE,UNSATISFIABLE,True,True,32,32,31,31,0.000628,0.000653,2.5000000000000066e-05,True,True,True,True,True,
repeat=1|base=k5_color4|variant=perm_seed1732,1,k5_color4,perm_seed1732,1,1,UNSATISFIABLE,UNSATISFIABLE,True,True,31,31,30,30,0.000668,0.00069,2.1999999999999993e-05,True,True,True,True,True,
repeat=1|base=k5_color4|variant=perm_seed1733,1,k5_color4,perm_seed1733,1,1,UNSATISFIABLE,UNSATISFIABLE,True,True,31,31,27,27,0.000637,0.000628,-9.000000000000002e-06,True,True,True,True,True,
repeat=1|base=k5_color4|variant=perm_seed1734,1,k5_color4,perm_seed1734,1,1,UNSATISFIABLE,UNSATISFIABLE,True,True,27,27,25,25,0.000605,0.000805,0.0002000000000000001,True,True,True,True,True,
repeat=1|base=k5_color4|variant=perm_seed1735,1,k5_color4,perm_seed1735,1,1,UNSATISFIABLE,UNSATISFIABLE,True,True,30,30,27,27,0.000693,0.000718,2.4999999999999957e-05,True,True,True,True,True,
repeat=1|base=k5_color4|variant=perm_seed1736,1,k5_color4,perm_seed1736,1,1,UNSATISFIABLE,UNSATISFIABLE,True,True,27,27,25,25,0.000636,0.000684,4.800000000000008e-05,True,True,True,True,True,
repeat=1|base=k5_color4|variant=perm_seed1737,1,k5_color4,perm_seed1737,1,1,UNSATISFIABLE,UNSATISFIABLE,True,True,31,31,30,30,0.000625,0.000664,3.899999999999997e-05,True,True,True,True,True,
repeat=1|base=k5_color4|variant=perm_seed1738,1,k5_color4,perm_seed1738,1,1,UNSATISFIABLE,UNSATISFIABLE,True,True,33,33,27,27,0.000644,0.000649,4.999999999999905e-06,True,True,True,True,True,
repeat=1|base=k5_color4|variant=perm_seed1739,1,k5_color4,perm_seed1739,1,1,UNSATISFIABLE,UNSATISFIABLE,True,True,33,33,29,29,0.000663,0.000645,-1.8000000000000004e-05,True,True,True,True,True,
repeat=1|base=k5_color4|variant=perm_seed1740,1,k5_color4,perm_seed1740,1,1,UNSATISFIABLE,UNSATISFIABLE,True,True,27,27,26,26,0.000661,0.000633,-2.800000000000003e-05,True,True,True,True,True,
repeat=1|base=k5_color4|variant=perm_seed1741,1,k5_color4,perm_seed1741,1,1,UNSATISFIABLE,UNSATISFIABLE,True,True,30,30,27,27,0.000617,0.000607,-1.0000000000000026e-05,True,True,True,True,True,
repeat=1|base=k5_color4|variant=perm_seed1742,1,k5_color4,perm_seed1742,1,1,UNSATISFIABLE,UNSATISFIABLE,True,True,38,38,31,31,0.000611,0.000591,-1.9999999999999944e-05,True,True,True,True,True,
repeat=1|base=k5_color4|variant=perm_seed1743,1,k5_color4,perm_seed1743,1,1,UNSATISFIABLE,UNSATISFIABLE,True,True,24,24,25,25,0.000754,0.000734,-2.0000000000000052e-05,True,True,True,True,True,
repeat=1|base=k5_color4|variant=perm_seed1744,1,k5_color4,perm_seed1744,1,1,UNSATISFIABLE,UNSATISFIABLE,True,True,28,28,26,26,0.000678,0.000664,-1.4000000000000015e-05,True,True,True,True,True,
repeat=1|base=k5_color4|variant=perm_seed1745,1,k5_color4,perm_seed1745,1,1,UNSATISFIABLE,UNSATISFIABLE,True,True,31,31,28,28,0.000691,0.000774,8.299999999999996e-05,True,True,True,True,True,
repeat=1|base=k5_color5|variant=base,1,k5_color5,base,1,1,SATISFIABLE,SATISFIABLE,True,True,12,12,0,0,0.000773,0.000637,-0.00013600000000000005,True,True,True,True,True,
repeat=1|base=k5_color5|variant=perm_seed1730,1,k5_color5,perm_seed1730,1,1,SATISFIABLE,SATISFIABLE,True,True,16,16,0,0,0.000615,0.000696,8.100000000000002e-05,True,True,True,True,True,
repeat=1|base=k5_color5|variant=perm_seed1731,1,k5_color5,perm_seed1731,1,1,SATISFIABLE,SATISFIABLE,True,True,17,17,0,0,0.000689,0.000742,5.299999999999999e-05,True,True,True,True,True,
repeat=1|base=k5_color5|variant=perm_seed1732,1,k5_color5,perm_seed1732,1,1,SATISFIABLE,SATISFIABLE,True,True,14,14,0,0,0.000703,0.000699,-3.999999999999989e-06,True,True,True,True,True,
repeat=1|base=k5_color5|variant=perm_seed1733,1,k5_color5,perm_seed1733,1,1,SATISFIABLE,SATISFIABLE,True,True,16,16,0,0,0.000636,0.000697,6.100000000000007e-05,True,True,True,True,True,
repeat=1|base=k5_color5|variant=perm_seed1734,1,k5_color5,perm_seed1734,1,1,SATISFIABLE,SATISFIABLE,True,True,14,14,0,0,0.000638,0.000685,4.699999999999995e-05,True,True,True,True,True,
repeat=1|base=k5_color5|variant=perm_seed1735,1,k5_color5,perm_seed1735,1,1,SATISFIABLE,SATISFIABLE,True,True,16,16,0,0,0.000676,0.000712,3.600000000000001e-05,True,True,True,True,True,
repeat=1|base=k5_color5|variant=perm_seed1736,1,k5_color5,perm_seed1736,1,1,SATISFIABLE,SATISFIABLE,True,True,17,17,0,0,0.000753,0.000745,-7.999999999999978e-06,True,True,True,True,True,
repeat=1|base=k5_color5|variant=perm_seed1737,1,k5_color5,perm_seed1737,1,1,SATISFIABLE,SATISFIABLE,True,True,15,15,1,1,0.000717,0.000637,-7.999999999999999e-05,True,True,True,True,True,
repeat=1|base=k5_color5|variant=perm_seed1738,1,k5_color5,perm_seed1738,1,1,SATISFIABLE,SATISFIABLE,True,True,18,18,0,0,0.000799,0.000734,-6.500000000000006e-05,True,True,True,True,True,
repeat=1|base=k5_color5|variant=perm_seed1739,1,k5_color5,perm_seed1739,1,1,SATISFIABLE,SATISFIABLE,True,True,15,15,0,0,0.000674,0.000643,-3.0999999999999995e-05,True,True,True,True,True,
repeat=1|base=k5_color5|variant=perm_seed1740,1,k5_color5,perm_seed1740,1,1,SATISFIABLE,SATISFIABLE,True,True,17,17,1,1,0.000676,0.000675,-9.999999999999159e-07,True,True,True,True,True,
repeat=1|base=k5_color5|variant=perm_seed1741,1,k5_color5,perm_seed1741,1,1,SATISFIABLE,SATISFIABLE,True,True,17,17,0,0,0.000649,0.000629,-1.9999999999999944e-05,True,True,True,True,True,
repeat=1|base=k5_color5|variant=perm_seed1742,1,k5_color5,perm_seed1742,1,1,SATISFIABLE,SATISFIABLE,True,True,14,14,0,0,0.000606,0.000681,7.499999999999998e-05,True,True,True,True,True,
repeat=1|base=k5_color5|variant=perm_seed1743,1,k5_color5,perm_seed1743,1,1,SATISFIABLE,SATISFIABLE,True,True,15,15,0,0,0.000663,0.000692,2.9000000000000054e-05,True,True,True,True,True,
repeat=1|base=k5_color5|variant=perm_seed1744,1,k5_color5,perm_seed1744,1,1,SATISFIABLE,SATISFIABLE,True,True,15,15,0,0,0.000599,0.000638,3.899999999999997e-05,True,True,True,True,True,
repeat=1|base=k5_color5|variant=perm_seed1745,1,k5_color5,perm_seed1745,1,1,SATISFIABLE,SATISFIABLE,True,True,17,17,0,0,0.000666,0.00069,2.3999999999999933e-05,True,True,True,True,True,
repeat=1|base=k6_color5|variant=base,1,k6_color5,base,1,1,UNSATISFIABLE,UNSATISFIABLE,True,True,157,157,139,139,0.000865,0.000788,-7.700000000000003e-05,True,True,True,True,True,
repeat=1|base=k6_color5|variant=perm_seed1730,1,k6_color5,perm_seed1730,1,1,UNSATISFIABLE,UNSATISFIABLE,True,True,161,161,142,142,0.000791,0.001103,0.000312,True,True,True,True,True,
repeat=1|base=k6_color5|variant=perm_seed1731,1,k6_color5,perm_seed1731,1,1,UNSATISFIABLE,UNSATISFIABLE,True,True,160,160,141,141,0.000937,0.000878,-5.9000000000000025e-05,True,True,True,True,True,
repeat=1|base=k6_color5|variant=perm_seed1732,1,k6_color5,perm_seed1732,1,1,UNSATISFIABLE,UNSATISFIABLE,True,True,157,157,137,137,0.000868,0.000813,-5.499999999999993e-05,True,True,True,True,True,
repeat=1|base=k6_color5|variant=perm_seed1733,1,k6_color5,perm_seed1733,1,1,UNSATISFIABLE,UNSATISFIABLE,True,True,158,158,142,142,0.000853,0.000809,-4.3999999999999985e-05,True,True,True,True,True,
repeat=1|base=k6_color5|variant=perm_seed1734,1,k6_color5,perm_seed1734,1,1,UNSATISFIABLE,UNSATISFIABLE,True,True,171,171,146,146,0.000947,0.000914,-3.300000000000004e-05,True,True,True,True,True,
repeat=1|base=k6_color5|variant=perm_seed1735,1,k6_color5,perm_seed1735,1,1,UNSATISFIABLE,UNSATISFIABLE,True,True,174,174,155,155,0.000914,0.000884,-2.999999999999997e-05,True,True,True,True,True,
repeat=1|base=k6_color5|variant=perm_seed1736,1,k6_color5,perm_seed1736,1,1,UNSATISFIABLE,UNSATISFIABLE,True,True,158,158,145,145,0.000897,0.00094,4.299999999999996e-05,True,True,True,True,True,
repeat=1|base=k6_color5|variant=perm_seed1737,1,k6_color5,perm_seed1737,1,1,UNSATISFIABLE,UNSATISFIABLE,True,True,163,163,145,145,0.000838,0.000904,6.599999999999998e-05,True,True,True,True,True,
repeat=1|base=k6_color5|variant=perm_seed1738,1,k6_color5,perm_seed1738,1,1,UNSATISFIABLE,UNSATISFIABLE,True,True,140,140,130,130,0.000906,0.000886,-2.0000000000000052e-05,True,True,True,True,True,
repeat=1|base=k6_color5|variant=perm_seed1739,1,k6_color5,perm_seed1739,1,1,UNSATISFIABLE,UNSATISFIABLE,True,True,157,157,143,143,0.000849,0.00084,-9.000000000000002e-06,True,True,True,True,True,
repeat=1|base=k6_color5|variant=perm_seed1740,1,k6_color5,perm_seed1740,1,1,UNSATISFIABLE,UNSATISFIABLE,True,True,163,163,138,138,0.000846,0.000907,6.100000000000007e-05,True,True,True,True,True,
repeat=1|base=k6_color5|variant=perm_seed1741,1,k6_color5,perm_seed1741,1,1,UNSATISFIABLE,UNSATISFIABLE,True,True,158,158,140,140,0.000886,0.00085,-3.600000000000001e-05,True,True,True,True,True,
repeat=1|base=k6_color5|variant=perm_seed1742,1,k6_color5,perm_seed1742,1,1,UNSATISFIABLE,UNSATISFIABLE,True,True,155,155,137,137,0.00087,0.000838,-3.200000000000002e-05,True,True,True,True,True,
repeat=1|base=k6_color5|variant=perm_seed1743,1,k6_color5,perm_seed1743,1,1,UNSATISFIABLE,UNSATISFIABLE,True,True,147,147,135,135,0.000865,0.001028,0.00016300000000000006,True,True,True,True,True,
repeat=1|base=k6_color5|variant=perm_seed1744,1,k6_color5,perm_seed1744,1,1,UNSATISFIABLE,UNSATISFIABLE,True,True,147,147,133,133,0.00094,0.000875,-6.499999999999995e-05,True,True,True,True,True,
repeat=1|base=k6_color5|variant=perm_seed1745,1,k6_color5,perm_seed1745,1,1,UNSATISFIABLE,UNSATISFIABLE,True,True,156,156,137,137,0.000834,0.000829,-5.000000000000013e-06,True,True,True,True,True,
repeat=1|base=k6_color6|variant=base,1,k6_color6,base,1,1,SATISFIABLE,SATISFIABLE,True,True,17,17,0,0,0.00084,0.000796,-4.3999999999999985e-05,True,True,True,True,True,
repeat=1|base=k6_color6|variant=perm_seed1730,1,k6_color6,perm_seed1730,1,1,SATISFIABLE,SATISFIABLE,True,True,25,25,4,4,0.000726,0.000718,-7.999999999999978e-06,True,True,True,True,True,
repeat=1|base=k6_color6|variant=perm_seed1731,1,k6_color6,perm_seed1731,1,1,SATISFIABLE,SATISFIABLE,True,True,22,22,0,0,0.000685,0.000734,4.9e-05,True,True,True,True,True,
repeat=1|base=k6_color6|variant=perm_seed1732,1,k6_color6,perm_seed1732,1,1,SATISFIABLE,SATISFIABLE,True,True,33,33,10,10,0.000725,0.000708,-1.699999999999998e-05,True,True,True,True,True,
repeat=1|base=k6_color6|variant=perm_seed1733,1,k6_color6,perm_seed1733,1,1,SATISFIABLE,SATISFIABLE,True,True,46,46,24,24,0.000734,0.000694,-3.9999999999999996e-05,True,True,True,True,True,
repeat=1|base=k6_color6|variant=perm_seed1734,1,k6_color6,perm_seed1734,1,1,SATISFIABLE,SATISFIABLE,True,True,26,26,1,1,0.000894,0.000726,-0.00016800000000000007,True,True,True,True,True,
repeat=1|base=k6_color6|variant=perm_seed1735,1,k6_color6,perm_seed1735,1,1,SATISFIABLE,SATISFIABLE,True,True,25,25,0,0,0.000771,0.00068,-9.099999999999994e-05,True,True,True,True,True,
repeat=1|base=k6_color6|variant=perm_seed1736,1,k6_color6,perm_seed1736,1,1,SATISFIABLE,SATISFIABLE,True,True,23,23,0,0,0.000739,0.000696,-4.299999999999996e-05,True,True,True,True,True,
repeat=1|base=k6_color6|variant=perm_seed1737,1,k6_color6,perm_seed1737,1,1,SATISFIABLE,SATISFIABLE,True,True,25,25,0,0,0.000722,0.000658,-6.400000000000004e-05,True,True,True,True,True,
repeat=1|base=k6_color6|variant=perm_seed1738,1,k6_color6,perm_seed1738,1,1,SATISFIABLE,SATISFIABLE,True,True,28,28,1,1,0.000721,0.000714,-6.999999999999953e-06,True,True,True,True,True,
repeat=1|base=k6_color6|variant=perm_seed1739,1,k6_color6,perm_seed1739,1,1,SATISFIABLE,SATISFIABLE,True,True,23,23,1,1,0.000713,0.000783,6.999999999999997e-05,True,True,True,True,True,
repeat=1|base=k6_color6|variant=perm_seed1740,1,k6_color6,perm_seed1740,1,1,SATISFIABLE,SATISFIABLE,True,True,27,27,1,1,0.0007,0.000715,1.500000000000004e-05,True,True,True,True,True,
repeat=1|base=k6_color6|variant=perm_seed1741,1,k6_color6,perm_seed1741,1,1,SATISFIABLE,SATISFIABLE,True,True,23,23,0,0,0.000663,0.000697,3.400000000000007e-05,True,True,True,True,True,
repeat=1|base=k6_color6|variant=perm_seed1742,1,k6_color6,perm_seed1742,1,1,SATISFIABLE,SATISFIABLE,True,True,30,30,2,2,0.000667,0.000753,8.600000000000003e-05,True,True,True,True,True,
repeat=1|base=k6_color6|variant=perm_seed1743,1,k6_color6,perm_seed1743,1,1,SATISFIABLE,SATISFIABLE,True,True,22,22,1,1,0.000632,0.000732,0.00010000000000000005,True,True,True,True,True,
repeat=1|base=k6_color6|variant=perm_seed1744,1,k6_color6,perm_seed1744,1,1,SATISFIABLE,SATISFIABLE,True,True,27,27,0,0,0.000657,0.000669,1.1999999999999966e-05,True,True,True,True,True,
repeat=1|base=k6_color6|variant=perm_seed1745,1,k6_color6,perm_seed1745,1,1,SATISFIABLE,SATISFIABLE,True,True,23,23,0,0,0.000627,0.000688,6.100000000000007e-05,True,True,True,True,True,
repeat=1|base=k7_color6|variant=base,1,k7_color6,base,1,1,UNSATISFIABLE,UNSATISFIABLE,True,True,970,970,845,845,0.002154,0.002439,0.0002850000000000001,True,True,True,True,True,
repeat=1|base=k7_color6|variant=perm_seed1730,1,k7_color6,perm_seed1730,1,1,UNSATISFIABLE,UNSATISFIABLE,True,True,913,913,812,812,0.002294,0.002327,3.300000000000004e-05,True,True,True,True,True,
repeat=1|base=k7_color6|variant=perm_seed1731,1,k7_color6,perm_seed1731,1,1,UNSATISFIABLE,UNSATISFIABLE,True,True,1013,1013,877,877,0.002024,0.002173,0.00014899999999999983,True,True,True,True,True,
repeat=1|base=k7_color6|variant=perm_seed1732,1,k7_color6,perm_seed1732,1,1,UNSATISFIABLE,UNSATISFIABLE,True,True,949,949,839,839,0.002596,0.002155,-0.000441,True,True,True,True,True,
repeat=1|base=k7_color6|variant=perm_seed1733,1,k7_color6,perm_seed1733,1,1,UNSATISFIABLE,UNSATISFIABLE,True,True,937,937,837,837,0.002199,0.002083,-0.00011599999999999978,True,True,True,True,True,
repeat=1|base=k7_color6|variant=perm_seed1734,1,k7_color6,perm_seed1734,1,1,UNSATISFIABLE,UNSATISFIABLE,True,True,893,893,821,821,0.002278,0.002291,1.299999999999999e-05,True,True,True,True,True,
repeat=1|base=k7_color6|variant=perm_seed1735,1,k7_color6,perm_seed1735,1,1,UNSATISFIABLE,UNSATISFIABLE,True,True,967,967,866,866,0.002216,0.002257,4.0999999999999804e-05,True,True,True,True,True,
repeat=1|base=k7_color6|variant=perm_seed1736,1,k7_color6,perm_seed1736,1,1,UNSATISFIABLE,UNSATISFIABLE,True,True,891,891,832,832,0.002398,0.002306,-9.200000000000007e-05,True,True,True,True,True,
repeat=1|base=k7_color6|variant=perm_seed1737,1,k7_color6,perm_seed1737,1,1,UNSATISFIABLE,UNSATISFIABLE,True,True,935,935,832,832,0.002198,0.002338,0.00013999999999999993,True,True,True,True,True,
repeat=1|base=k7_color6|variant=perm_seed1738,1,k7_color6,perm_seed1738,1,1,UNSATISFIABLE,UNSATISFIABLE,True,True,959,959,852,852,0.002308,0.002369,6.0999999999999856e-05,True,True,True,True,True,
repeat=1|base=k7_color6|variant=perm_seed1739,1,k7_color6,perm_seed1739,1,1,UNSATISFIABLE,UNSATISFIABLE,True,True,889,889,813,813,0.002425,0.002349,-7.600000000000011e-05,True,True,True,True,True,
repeat=1|base=k7_color6|variant=perm_seed1740,1,k7_color6,perm_seed1740,1,1,UNSATISFIABLE,UNSATISFIABLE,True,True,938,938,850,850,0.00275,0.002271,-0.0004789999999999998,True,True,True,True,True,
repeat=1|base=k7_color6|variant=perm_seed1741,1,k7_color6,perm_seed1741,1,1,UNSATISFIABLE,UNSATISFIABLE,True,True,998,998,873,873,0.00229,0.002341,5.1000000000000264e-05,True,True,True,True,True,
repeat=1|base=k7_color6|variant=perm_seed1742,1,k7_color6,perm_seed1742,1,1,UNSATISFIABLE,UNSATISFIABLE,True,True,975,975,865,865,0.002054,0.001983,-7.099999999999988e-05,True,True,True,True,True,
repeat=1|base=k7_color6|variant=perm_seed1743,1,k7_color6,perm_seed1743,1,1,UNSATISFIABLE,UNSATISFIABLE,True,True,971,971,852,852,0.00213,0.002309,0.0001789999999999999,True,True,True,True,True,
repeat=1|base=k7_color6|variant=perm_seed1744,1,k7_color6,perm_seed1744,1,1,UNSATISFIABLE,UNSATISFIABLE,True,True,912,912,833,833,0.002535,0.002423,-0.00011200000000000012,True,True,True,True,True,
repeat=1|base=k7_color6|variant=perm_seed1745,1,k7_color6,perm_seed1745,1,1,UNSATISFIABLE,UNSATISFIABLE,True,True,967,967,854,854,0.0022,0.002619,0.00041899999999999967,True,True,True,True,True,
repeat=1|base=k7_color7|variant=base,1,k7_color7,base,1,1,SATISFIABLE,SATISFIABLE,True,True,23,23,0,0,0.001037,0.000951,-8.599999999999992e-05,True,True,True,True,True,
repeat=1|base=k7_color7|variant=perm_seed1730,1,k7_color7,perm_seed1730,1,1,SATISFIABLE,SATISFIABLE,True,True,35,35,1,1,0.000767,0.000742,-2.4999999999999957e-05,True,True,True,True,True,
repeat=1|base=k7_color7|variant=perm_seed1731,1,k7_color7,perm_seed1731,1,1,SATISFIABLE,SATISFIABLE,True,True,36,36,0,0,0.000834,0.000769,-6.499999999999995e-05,True,True,True,True,True,
repeat=1|base=k7_color7|variant=perm_seed1732,1,k7_color7,perm_seed1732,1,1,SATISFIABLE,SATISFIABLE,True,True,30,30,0,0,0.000787,0.000722,-6.500000000000006e-05,True,True,True,True,True,
repeat=1|base=k7_color7|variant=perm_seed1733,1,k7_color7,perm_seed1733,1,1,SATISFIABLE,SATISFIABLE,True,True,39,39,0,0,0.000681,0.000691,1.0000000000000026e-05,True,True,True,True,True,
repeat=1|base=k7_color7|variant=perm_seed1734,1,k7_color7,perm_seed1734,1,1,SATISFIABLE,SATISFIABLE,True,True,38,38,0,0,0.000657,0.000668,1.0999999999999942e-05,True,True,True,True,True,
repeat=1|base=k7_color7|variant=perm_seed1735,1,k7_color7,perm_seed1735,1,1,SATISFIABLE,SATISFIABLE,True,True,43,43,14,14,0.000912,0.000757,-0.00015500000000000008,True,True,True,True,True,
repeat=1|base=k7_color7|variant=perm_seed1736,1,k7_color7,perm_seed1736,1,1,SATISFIABLE,SATISFIABLE,True,True,38,38,5,5,0.000806,0.000707,-9.900000000000002e-05,True,True,True,True,True,
repeat=1|base=k7_color7|variant=perm_seed1737,1,k7_color7,perm_seed1737,1,1,SATISFIABLE,SATISFIABLE,True,True,32,32,0,0,0.000697,0.000695,-2.0000000000000486e-06,True,True,True,True,True,
repeat=1|base=k7_color7|variant=perm_seed1738,1,k7_color7,perm_seed1738,1,1,SATISFIABLE,SATISFIABLE,True,True,33,33,0,0,0.000742,0.00067,-7.200000000000002e-05,True,True,True,True,True,
repeat=1|base=k7_color7|variant=perm_seed1739,1,k7_color7,perm_seed1739,1,1,SATISFIABLE,SATISFIABLE,True,True,36,36,0,0,0.00065,0.000677,2.7000000000000006e-05,True,True,True,True,True,
repeat=1|base=k7_color7|variant=perm_seed1740,1,k7_color7,perm_seed1740,1,1,SATISFIABLE,SATISFIABLE,True,True,32,32,0,0,0.000662,0.000719,5.6999999999999976e-05,True,True,True,True,True,
repeat=1|base=k7_color7|variant=perm_seed1741,1,k7_color7,perm_seed1741,1,1,SATISFIABLE,SATISFIABLE,True,True,36,36,1,1,0.000727,0.000757,2.999999999999997e-05,True,True,True,True,True,
repeat=1|base=k7_color7|variant=perm_seed1742,1,k7_color7,perm_seed1742,1,1,SATISFIABLE,SATISFIABLE,True,True,39,39,3,3,0.000834,0.000829,-5.000000000000013e-06,True,True,True,True,True,
repeat=1|base=k7_color7|variant=perm_seed1743,1,k7_color7,perm_seed1743,1,1,SATISFIABLE,SATISFIABLE,True,True,43,43,9,9,0.000896,0.000757,-0.00013900000000000002,True,True,True,True,True,
repeat=1|base=k7_color7|variant=perm_seed1744,1,k7_color7,perm_seed1744,1,1,SATISFIABLE,SATISFIABLE,True,True,38,38,0,0,0.000822,0.000764,-5.8e-05,True,True,True,True,True,
repeat=1|base=k7_color7|variant=perm_seed1745,1,k7_color7,perm_seed1745,1,1,SATISFIABLE,SATISFIABLE,True,True,35,35,2,2,0.000709,0.00071,1.0000000000000243e-06,True,True,True,True,True,
repeat=1|base=k8_color7|variant=base,1,k8_color7,base,1,1,UNSATISFIABLE,UNSATISFIABLE,True,True,6158,6158,5600,5600,0.019553,0.020268,0.0007150000000000004,True,True,True,True,True,
repeat=1|base=k8_color7|variant=perm_seed1730,1,k8_color7,perm_seed1730,1,1,UNSATISFIABLE,UNSATISFIABLE,True,True,6138,6138,5624,5624,0.018627,0.021589,0.0029619999999999994,True,True,True,True,True,
repeat=1|base=k8_color7|variant=perm_seed1731,1,k8_color7,perm_seed1731,1,1,UNSATISFIABLE,UNSATISFIABLE,True,True,5800,5800,5271,5271,0.015423,0.014973,-0.000449999999999999,True,True,True,True,True,
repeat=1|base=k8_color7|variant=perm_seed1732,1,k8_color7,perm_seed1732,1,1,UNSATISFIABLE,UNSATISFIABLE,True,True,5924,5924,5469,5469,0.018301,0.018224,-7.700000000000068e-05,True,True,True,True,True,
repeat=1|base=k8_color7|variant=perm_seed1733,1,k8_color7,perm_seed1733,1,1,UNSATISFIABLE,UNSATISFIABLE,True,True,5998,5998,5468,5468,0.016995,0.016369,-0.0006259999999999981,True,True,True,True,True,
repeat=1|base=k8_color7|variant=perm_seed1734,1,k8_color7,perm_seed1734,1,1,UNSATISFIABLE,UNSATISFIABLE,True,True,6065,6065,5514,5514,0.016312,0.016516,0.00020399999999999932,True,True,True,True,True,
repeat=1|base=k8_color7|variant=perm_seed1735,1,k8_color7,perm_seed1735,1,1,UNSATISFIABLE,UNSATISFIABLE,True,True,6386,6386,5811,5811,0.016409,0.016379,-2.9999999999998778e-05,True,True,True,True,True,
repeat=1|base=k8_color7|variant=perm_seed1736,1,k8_color7,perm_seed1736,1,1,UNSATISFIABLE,UNSATISFIABLE,True,True,6265,6265,5729,5729,0.017369,0.017761,0.000392,True,True,True,True,True,
repeat=1|base=k8_color7|variant=perm_seed1737,1,k8_color7,perm_seed1737,1,1,UNSATISFIABLE,UNSATISFIABLE,True,True,5646,5646,5224,5224,0.016923,0.016672,-0.0002510000000000012,True,True,True,True,True,
repeat=1|base=k8_color7|variant=perm_seed1738,1,k8_color7,perm_seed1738,1,1,UNSATISFIABLE,UNSATISFIABLE,True,True,5875,5875,5336,5336,0.016433,0.01652,8.700000000000027e-05,True,True,True,True,True,
repeat=1|base=k8_color7|variant=perm_seed1739,1,k8_color7,perm_seed1739,1,1,UNSATISFIABLE,UNSATISFIABLE,True,True,6199,6199,5714,5714,0.019398,0.019132,-0.0002659999999999989,True,True,True,True,True,
repeat=1|base=k8_color7|variant=perm_seed1740,1,k8_color7,perm_seed1740,1,1,UNSATISFIABLE,UNSATISFIABLE,True,True,5664,5664,5199,5199,0.016464,0.017032,0.0005679999999999991,True,True,True,True,True,
repeat=1|base=k8_color7|variant=perm_seed1741,1,k8_color7,perm_seed1741,1,1,UNSATISFIABLE,UNSATISFIABLE,True,True,6125,6125,5545,5545,0.019057,0.018513,-0.0005439999999999993,True,True,True,True,True,
repeat=1|base=k8_color7|variant=perm_seed1742,1,k8_color7,perm_seed1742,1,1,UNSATISFIABLE,UNSATISFIABLE,True,True,5850,5850,5407,5407,0.017878,0.018161,0.00028299999999999853,True,True,True,True,True,
repeat=1|base=k8_color7|variant=perm_seed1743,1,k8_color7,perm_seed1743,1,1,UNSATISFIABLE,UNSATISFIABLE,True,True,6238,6238,5695,5695,0.017995,0.017743,-0.0002520000000000022,True,True,True,True,True,
repeat=1|base=k8_color7|variant=perm_seed1744,1,k8_color7,perm_seed1744,1,1,UNSATISFIABLE,UNSATISFIABLE,True,True,6140,6140,5609,5609,0.017121,0.017776,0.0006549999999999993,True,True,True,True,True,
repeat=1|base=k8_color7|variant=perm_seed1745,1,k8_color7,perm_seed1745,1,1,UNSATISFIABLE,UNSATISFIABLE,True,True,5774,5774,5262,5262,0.018596,0.018338,-0.0002580000000000013,True,True,True,True,True,
repeat=1|base=k9_color8|variant=base,1,k9_color8,base,1,1,UNSATISFIABLE,UNSATISFIABLE,True,True,46557,46557,43529,43529,0.263626,0.258787,-0.004839000000000038,True,True,True,True,True,
repeat=1|base=k9_color8|variant=perm_seed1730,1,k9_color8,perm_seed1730,1,1,UNSATISFIABLE,UNSATISFIABLE,True,True,39708,39708,36681,36681,0.187177,0.178807,-0.008370000000000016,True,True,True,True,True,
repeat=1|base=k9_color8|variant=perm_seed1731,1,k9_color8,perm_seed1731,1,1,UNSATISFIABLE,UNSATISFIABLE,True,True,47177,47177,43763,43763,0.236641,0.242768,0.006127000000000021,True,True,True,True,True,
repeat=1|base=php_exit_all_p10_h9|variant=base,1,php_exit_all_p10_h9,base,1,1,SATISFIABLE,SATISFIABLE,True,True,47,47,0,0,0.000967,0.000918,-4.9e-05,True,True,True,True,True,
repeat=1|base=php_exit_all_p10_h9|variant=perm_seed1730,1,php_exit_all_p10_h9,perm_seed1730,1,1,SATISFIABLE,SATISFIABLE,True,True,82,82,5,5,0.000958,0.001007,4.900000000000011e-05,True,True,True,True,True,
repeat=1|base=php_exit_all_p10_h9|variant=perm_seed1731,1,php_exit_all_p10_h9,perm_seed1731,1,1,SATISFIABLE,SATISFIABLE,True,True,70,70,1,1,0.001441,0.001125,-0.0003160000000000001,True,True,True,True,True,
repeat=1|base=php_exit_all_p10_h9|variant=perm_seed1732,1,php_exit_all_p10_h9,perm_seed1732,1,1,SATISFIABLE,SATISFIABLE,True,True,77,77,2,2,0.00108,0.000975,-0.00010500000000000006,True,True,True,True,True,
repeat=1|base=php_exit_all_p10_h9|variant=perm_seed1733,1,php_exit_all_p10_h9,perm_seed1733,1,1,SATISFIABLE,SATISFIABLE,True,True,75,75,1,1,0.001173,0.001024,-0.00014900000000000004,True,True,True,True,True,
repeat=1|base=php_exit_all_p10_h9|variant=perm_seed1734,1,php_exit_all_p10_h9,perm_seed1734,1,1,SATISFIABLE,SATISFIABLE,True,True,77,77,7,7,0.000987,0.001019,3.199999999999991e-05,True,True,True,True,True,
repeat=1|base=php_exit_all_p10_h9|variant=perm_seed1735,1,php_exit_all_p10_h9,perm_seed1735,1,1,SATISFIABLE,SATISFIABLE,True,True,91,91,17,17,0.000987,0.001034,4.699999999999995e-05,True,True,True,True,True,
repeat=1|base=php_exit_all_p10_h9|variant=perm_seed1736,1,php_exit_all_p10_h9,perm_seed1736,1,1,SATISFIABLE,SATISFIABLE,True,True,71,71,1,1,0.000922,0.000968,4.6000000000000034e-05,True,True,True,True,True,
repeat=1|base=php_exit_all_p10_h9|variant=perm_seed1737,1,php_exit_all_p10_h9,perm_seed1737,1,1,SATISFIABLE,SATISFIABLE,True,True,79,79,1,1,0.000928,0.000971,4.299999999999996e-05,True,True,True,True,True,
repeat=1|base=php_exit_all_p10_h9|variant=perm_seed1738,1,php_exit_all_p10_h9,perm_seed1738,1,1,SATISFIABLE,SATISFIABLE,True,True,144,144,62,62,0.001113,0.001105,-7.999999999999978e-06,True,True,True,True,True,
repeat=1|base=php_exit_all_p10_h9|variant=perm_seed1739,1,php_exit_all_p10_h9,perm_seed1739,1,1,SATISFIABLE,SATISFIABLE,True,True,71,71,1,1,0.000993,0.000983,-1.0000000000000026e-05,True,True,True,True,True,
repeat=1|base=php_exit_all_p10_h9|variant=perm_seed1740,1,php_exit_all_p10_h9,perm_seed1740,1,1,SATISFIABLE,SATISFIABLE,True,True,64,64,0,0,0.000944,0.001031,8.700000000000005e-05,True,True,True,True,True,
repeat=1|base=php_exit_all_p10_h9|variant=perm_seed1741,1,php_exit_all_p10_h9,perm_seed1741,1,1,SATISFIABLE,SATISFIABLE,True,True,69,69,0,0,0.00101,0.001177,0.00016700000000000005,True,True,True,True,True,
repeat=1|base=php_exit_all_p10_h9|variant=perm_seed1742,1,php_exit_all_p10_h9,perm_seed1742,1,1,SATISFIABLE,SATISFIABLE,True,True,89,89,17,17,0.001,0.001191,0.00019099999999999998,True,True,True,True,True,
repeat=1|base=php_exit_all_p10_h9|variant=perm_seed1743,1,php_exit_all_p10_h9,perm_seed1743,1,1,SATISFIABLE,SATISFIABLE,True,True,211,211,131,131,0.001305,0.001592,0.00028700000000000015,True,True,True,True,True,
repeat=1|base=php_exit_all_p10_h9|variant=perm_seed1744,1,php_exit_all_p10_h9,perm_seed1744,1,1,SATISFIABLE,SATISFIABLE,True,True,123,123,48,48,0.001127,0.001295,0.00016799999999999996,True,True,True,True,True,
repeat=1|base=php_exit_all_p10_h9|variant=perm_seed1745,1,php_exit_all_p10_h9,perm_seed1745,1,1,SATISFIABLE,SATISFIABLE,True,True,146,146,71,71,0.001118,0.00118,6.199999999999999e-05,True,True,True,True,True,
repeat=1|base=php_exit_all_p5_h4|variant=base,1,php_exit_all_p5_h4,base,1,1,SATISFIABLE,SATISFIABLE,True,True,12,12,0,0,0.000727,0.000712,-1.500000000000004e-05,True,True,True,True,True,
repeat=1|base=php_exit_all_p5_h4|variant=perm_seed1730,1,php_exit_all_p5_h4,perm_seed1730,1,1,SATISFIABLE,SATISFIABLE,True,True,12,12,0,0,0.000616,0.000628,1.1999999999999966e-05,True,True,True,True,True,
repeat=1|base=php_exit_all_p5_h4|variant=perm_seed1731,1,php_exit_all_p5_h4,perm_seed1731,1,1,SATISFIABLE,SATISFIABLE,True,True,16,16,1,1,0.000691,0.000624,-6.7e-05,True,True,True,True,True,
repeat=1|base=php_exit_all_p6_h5|variant=base,1,php_exit_all_p6_h5,base,1,1,SATISFIABLE,SATISFIABLE,True,True,17,17,0,0,0.000635,0.000686,5.099999999999994e-05,True,True,True,True,True,
repeat=1|base=php_exit_all_p6_h5|variant=perm_seed1730,1,php_exit_all_p6_h5,perm_seed1730,1,1,SATISFIABLE,SATISFIABLE,True,True,23,23,0,0,0.000686,0.000657,-2.8999999999999946e-05,True,True,True,True,True,
repeat=1|base=php_exit_all_p6_h5|variant=perm_seed1731,1,php_exit_all_p6_h5,perm_seed1731,1,1,SATISFIABLE,SATISFIABLE,True,True,21,21,0,0,0.000615,0.000663,4.7999999999999974e-05,True,True,True,True,True,
repeat=1|base=php_exit_all_p6_h5|variant=perm_seed1732,1,php_exit_all_p6_h5,perm_seed1732,1,1,SATISFIABLE,SATISFIABLE,True,True,26,26,3,3,0.000707,0.000707,0.0,True,True,True,True,True,
repeat=1|base=php_exit_all_p6_h5|variant=perm_seed1733,1,php_exit_all_p6_h5,perm_seed1733,1,1,SATISFIABLE,SATISFIABLE,True,True,22,22,0,0,0.000787,0.00068,-0.000107,True,True,True,True,True,
repeat=1|base=php_exit_all_p6_h5|variant=perm_seed1734,1,php_exit_all_p6_h5,perm_seed1734,1,1,SATISFIABLE,SATISFIABLE,True,True,21,21,1,1,0.000679,0.000676,-3.000000000000073e-06,True,True,True,True,True,
repeat=1|base=php_exit_all_p6_h5|variant=perm_seed1735,1,php_exit_all_p6_h5,perm_seed1735,1,1,SATISFIABLE,SATISFIABLE,True,True,24,24,1,1,0.000686,0.000701,1.500000000000004e-05,True,True,True,True,True,
repeat=1|base=php_exit_all_p6_h5|variant=perm_seed1736,1,php_exit_all_p6_h5,perm_seed1736,1,1,SATISFIABLE,SATISFIABLE,True,True,26,26,2,2,0.000625,0.00069,6.499999999999995e-05,True,True,True,True,True,
repeat=1|base=php_exit_all_p6_h5|variant=perm_seed1737,1,php_exit_all_p6_h5,perm_seed1737,1,1,SATISFIABLE,SATISFIABLE,True,True,21,21,0,0,0.000695,0.00069,-5.000000000000013e-06,True,True,True,True,True,
repeat=1|base=php_exit_all_p6_h5|variant=perm_seed1738,1,php_exit_all_p6_h5,perm_seed1738,1,1,SATISFIABLE,SATISFIABLE,True,True,22,22,2,2,0.00065,0.000834,0.00018400000000000003,True,True,True,True,True,
repeat=1|base=php_exit_all_p6_h5|variant=perm_seed1739,1,php_exit_all_p6_h5,perm_seed1739,1,1,SATISFIABLE,SATISFIABLE,True,True,21,21,0,0,0.000665,0.000688,2.3000000000000017e-05,True,True,True,True,True,
repeat=1|base=php_exit_all_p6_h5|variant=perm_seed1740,1,php_exit_all_p6_h5,perm_seed1740,1,1,SATISFIABLE,SATISFIABLE,True,True,21,21,0,0,0.000715,0.00067,-4.500000000000001e-05,True,True,True,True,True,
repeat=1|base=php_exit_all_p6_h5|variant=perm_seed1741,1,php_exit_all_p6_h5,perm_seed1741,1,1,SATISFIABLE,SATISFIABLE,True,True,25,25,3,3,0.000656,0.000663,6.999999999999953e-06,True,True,True,True,True,
repeat=1|base=php_exit_all_p6_h5|variant=perm_seed1742,1,php_exit_all_p6_h5,perm_seed1742,1,1,SATISFIABLE,SATISFIABLE,True,True,25,25,1,1,0.000722,0.000688,-3.399999999999996e-05,True,True,True,True,True,
repeat=1|base=php_exit_all_p6_h5|variant=perm_seed1743,1,php_exit_all_p6_h5,perm_seed1743,1,1,SATISFIABLE,SATISFIABLE,True,True,61,61,37,37,0.00068,0.000813,0.00013299999999999998,True,True,True,True,True,
repeat=1|base=php_exit_all_p6_h5|variant=perm_seed1744,1,php_exit_all_p6_h5,perm_seed1744,1,1,SATISFIABLE,SATISFIABLE,True,True,22,22,0,0,0.000626,0.000716,8.999999999999991e-05,True,True,True,True,True,
repeat=1|base=php_exit_all_p6_h5|variant=perm_seed1745,1,php_exit_all_p6_h5,perm_seed1745,1,1,SATISFIABLE,SATISFIABLE,True,True,20,20,0,0,0.000645,0.000673,2.800000000000003e-05,True,True,True,True,True,
repeat=1|base=php_exit_all_p7_h6|variant=base,1,php_exit_all_p7_h6,base,1,1,SATISFIABLE,SATISFIABLE,True,True,23,23,0,0,0.000751,0.00068,-7.099999999999999e-05,True,True,True,True,True,
repeat=1|base=php_exit_all_p7_h6|variant=perm_seed1730,1,php_exit_all_p7_h6,perm_seed1730,1,1,SATISFIABLE,SATISFIABLE,True,True,39,39,12,12,0.000753,0.000764,1.100000000000005e-05,True,True,True,True,True,
repeat=1|base=php_exit_all_p7_h6|variant=perm_seed1731,1,php_exit_all_p7_h6,perm_seed1731,1,1,SATISFIABLE,SATISFIABLE,True,True,37,37,2,2,0.000721,0.000701,-1.9999999999999944e-05,True,True,True,True,True,
repeat=1|base=php_exit_all_p7_h6|variant=perm_seed1732,1,php_exit_all_p7_h6,perm_seed1732,1,1,SATISFIABLE,SATISFIABLE,True,True,41,41,8,8,0.000668,0.000869,0.000201,True,True,True,True,True,
repeat=1|base=php_exit_all_p7_h6|variant=perm_seed1733,1,php_exit_all_p7_h6,perm_seed1733,1,1,SATISFIABLE,SATISFIABLE,True,True,35,35,1,1,0.000741,0.000707,-3.400000000000007e-05,True,True,True,True,True,
repeat=1|base=php_exit_all_p7_h6|variant=perm_seed1734,1,php_exit_all_p7_h6,perm_seed1734,1,1,SATISFIABLE,SATISFIABLE,True,True,41,41,6,6,0.000762,0.000788,2.599999999999998e-05,True,True,True,True,True,
repeat=1|base=php_exit_all_p7_h6|variant=perm_seed1735,1,php_exit_all_p7_h6,perm_seed1735,1,1,SATISFIABLE,SATISFIABLE,True,True,32,32,0,0,0.00076,0.000693,-6.7e-05,True,True,True,True,True,
repeat=1|base=php_exit_all_p7_h6|variant=perm_seed1736,1,php_exit_all_p7_h6,perm_seed1736,1,1,SATISFIABLE,SATISFIABLE,True,True,33,33,1,1,0.000716,0.000728,1.2000000000000075e-05,True,True,True,True,True,
repeat=1|base=php_exit_all_p7_h6|variant=perm_seed1737,1,php_exit_all_p7_h6,perm_seed1737,1,1,SATISFIABLE,SATISFIABLE,True,True,37,37,1,1,0.000685,0.00072,3.500000000000009e-05,True,True,True,True,True,
repeat=1|base=php_exit_all_p7_h6|variant=perm_seed1738,1,php_exit_all_p7_h6,perm_seed1738,1,1,SATISFIABLE,SATISFIABLE,True,True,66,66,41,41,0.000733,0.000884,0.00015099999999999998,True,True,True,True,True,
repeat=1|base=php_exit_all_p7_h6|variant=perm_seed1739,1,php_exit_all_p7_h6,perm_seed1739,1,1,SATISFIABLE,SATISFIABLE,True,True,34,34,1,1,0.000681,0.000873,0.000192,True,True,True,True,True,
repeat=1|base=php_exit_all_p7_h6|variant=perm_seed1740,1,php_exit_all_p7_h6,perm_seed1740,1,1,SATISFIABLE,SATISFIABLE,True,True,29,29,0,0,0.000792,0.00077,-2.1999999999999993e-05,True,True,True,True,True,
repeat=1|base=php_exit_all_p7_h6|variant=perm_seed1741,1,php_exit_all_p7_h6,perm_seed1741,1,1,SATISFIABLE,SATISFIABLE,True,True,32,32,0,0,0.000696,0.000702,6.000000000000037e-06,True,True,True,True,True,
repeat=1|base=php_exit_all_p7_h6|variant=perm_seed1742,1,php_exit_all_p7_h6,perm_seed1742,1,1,SATISFIABLE,SATISFIABLE,True,True,35,35,3,3,0.000703,0.000741,3.8000000000000056e-05,True,True,True,True,True,
repeat=1|base=php_exit_all_p7_h6|variant=perm_seed1743,1,php_exit_all_p7_h6,perm_seed1743,1,1,SATISFIABLE,SATISFIABLE,True,True,33,33,0,0,0.000768,0.000723,-4.500000000000001e-05,True,True,True,True,True,
repeat=1|base=php_exit_all_p7_h6|variant=perm_seed1744,1,php_exit_all_p7_h6,perm_seed1744,1,1,SATISFIABLE,SATISFIABLE,True,True,36,36,4,4,0.000759,0.000755,-3.999999999999989e-06,True,True,True,True,True,
repeat=1|base=php_exit_all_p7_h6|variant=perm_seed1745,1,php_exit_all_p7_h6,perm_seed1745,1,1,SATISFIABLE,SATISFIABLE,True,True,29,29,0,0,0.000808,0.000721,-8.700000000000005e-05,True,True,True,True,True,
repeat=1|base=php_exit_all_p8_h7|variant=base,1,php_exit_all_p8_h7,base,1,1,SATISFIABLE,SATISFIABLE,True,True,30,30,0,0,0.000773,0.000894,0.00012100000000000001,True,True,True,True,True,
repeat=1|base=php_exit_all_p8_h7|variant=perm_seed1730,1,php_exit_all_p8_h7,perm_seed1730,1,1,SATISFIABLE,SATISFIABLE,True,True,39,39,0,0,0.000828,0.000994,0.00016600000000000013,True,True,True,True,True,
repeat=1|base=php_exit_all_p8_h7|variant=perm_seed1731,1,php_exit_all_p8_h7,perm_seed1731,1,1,SATISFIABLE,SATISFIABLE,True,True,56,56,7,7,0.000855,0.000815,-3.9999999999999996e-05,True,True,True,True,True,
repeat=1|base=php_exit_all_p8_h7|variant=perm_seed1732,1,php_exit_all_p8_h7,perm_seed1732,1,1,SATISFIABLE,SATISFIABLE,True,True,38,38,0,0,0.00083,0.000915,8.5e-05,True,True,True,True,True,
repeat=1|base=php_exit_all_p8_h7|variant=perm_seed1733,1,php_exit_all_p8_h7,perm_seed1733,1,1,SATISFIABLE,SATISFIABLE,True,True,44,44,3,3,0.000807,0.000767,-3.9999999999999996e-05,True,True,True,True,True,
repeat=1|base=php_exit_all_p8_h7|variant=perm_seed1734,1,php_exit_all_p8_h7,perm_seed1734,1,1,SATISFIABLE,SATISFIABLE,True,True,37,37,1,1,0.000752,0.00077,1.8000000000000004e-05,True,True,True,True,True,
repeat=1|base=php_exit_all_p8_h7|variant=perm_seed1735,1,php_exit_all_p8_h7,perm_seed1735,1,1,SATISFIABLE,SATISFIABLE,True,True,65,65,23,23,0.000856,0.000788,-6.800000000000003e-05,True,True,True,True,True,
repeat=1|base=php_exit_all_p8_h7|variant=perm_seed1736,1,php_exit_all_p8_h7,perm_seed1736,1,1,SATISFIABLE,SATISFIABLE,True,True,42,42,0,0,0.000756,0.000742,-1.4000000000000015e-05,True,True,True,True,True,
repeat=1|base=php_exit_all_p8_h7|variant=perm_seed1737,1,php_exit_all_p8_h7,perm_seed1737,1,1,SATISFIABLE,SATISFIABLE,True,True,46,46,1,1,0.00073,0.000812,8.200000000000004e-05,True,True,True,True,True,
repeat=1|base=php_exit_all_p8_h7|variant=perm_seed1738,1,php_exit_all_p8_h7,perm_seed1738,1,1,SATISFIABLE,SATISFIABLE,True,True,44,44,3,3,0.000804,0.000769,-3.499999999999998e-05,True,True,True,True,True,
repeat=1|base=php_exit_all_p8_h7|variant=perm_seed1739,1,php_exit_all_p8_h7,perm_seed1739,1,1,SATISFIABLE,SATISFIABLE,True,True,95,95,60,60,0.000843,0.000887,4.3999999999999985e-05,True,True,True,True,True,
repeat=1|base=php_exit_all_p8_h7|variant=perm_seed1740,1,php_exit_all_p8_h7,perm_seed1740,1,1,SATISFIABLE,SATISFIABLE,True,True,47,47,1,1,0.000765,0.000745,-1.9999999999999944e-05,True,True,True,True,True,
repeat=1|base=php_exit_all_p8_h7|variant=perm_seed1741,1,php_exit_all_p8_h7,perm_seed1741,1,1,SATISFIABLE,SATISFIABLE,True,True,226,226,173,173,0.001435,0.001123,-0.000312,True,True,True,True,True,
repeat=1|base=php_exit_all_p8_h7|variant=perm_seed1742,1,php_exit_all_p8_h7,perm_seed1742,1,1,SATISFIABLE,SATISFIABLE,True,True,49,49,1,1,0.000939,0.000828,-0.00011099999999999999,True,True,True,True,True,
repeat=1|base=php_exit_all_p8_h7|variant=perm_seed1743,1,php_exit_all_p8_h7,perm_seed1743,1,1,SATISFIABLE,SATISFIABLE,True,True,70,70,26,26,0.000818,0.000818,0.0,True,True,True,True,True,
repeat=1|base=php_exit_all_p8_h7|variant=perm_seed1744,1,php_exit_all_p8_h7,perm_seed1744,1,1,SATISFIABLE,SATISFIABLE,True,True,40,40,0,0,0.000808,0.000788,-2.0000000000000052e-05,True,True,True,True,True,
repeat=1|base=php_exit_all_p8_h7|variant=perm_seed1745,1,php_exit_all_p8_h7,perm_seed1745,1,1,SATISFIABLE,SATISFIABLE,True,True,41,41,0,0,0.000747,0.00111,0.00036300000000000004,True,True,True,True,True,
repeat=1|base=php_exit_all_p9_h8|variant=base,1,php_exit_all_p9_h8,base,1,1,SATISFIABLE,SATISFIABLE,True,True,38,38,0,0,0.000825,0.000841,1.5999999999999955e-05,True,True,True,True,True,
repeat=1|base=php_exit_all_p9_h8|variant=perm_seed1730,1,php_exit_all_p9_h8,perm_seed1730,1,1,SATISFIABLE,SATISFIABLE,True,True,50,50,0,0,0.000847,0.000861,1.4000000000000015e-05,True,True,True,True,True,
repeat=1|base=php_exit_all_p9_h8|variant=perm_seed1731,1,php_exit_all_p9_h8,perm_seed1731,1,1,SATISFIABLE,SATISFIABLE,True,True,58,58,1,1,0.000893,0.000836,-5.6999999999999976e-05,True,True,True,True,True,
repeat=1|base=php_exit_all_p9_h8|variant=perm_seed1732,1,php_exit_all_p9_h8,perm_seed1732,1,1,SATISFIABLE,SATISFIABLE,True,True,283,283,217,217,0.001243,0.00141,0.00016700000000000005,True,True,True,True,True,
repeat=1|base=php_exit_all_p9_h8|variant=perm_seed1733,1,php_exit_all_p9_h8,perm_seed1733,1,1,SATISFIABLE,SATISFIABLE,True,True,136,136,79,79,0.001076,0.00165,0.0005740000000000001,True,True,True,True,True,
repeat=1|base=php_exit_all_p9_h8|variant=perm_seed1734,1,php_exit_all_p9_h8,perm_seed1734,1,1,SATISFIABLE,SATISFIABLE,True,True,61,61,1,1,0.001578,0.001073,-0.000505,True,True,True,True,True,
repeat=1|base=php_exit_all_p9_h8|variant=perm_seed1735,1,php_exit_all_p9_h8,perm_seed1735,1,1,SATISFIABLE,SATISFIABLE,True,True,79,79,18,18,0.001488,0.000951,-0.0005369999999999999,True,True,True,True,True,
repeat=1|base=php_exit_all_p9_h8|variant=perm_seed1736,1,php_exit_all_p9_h8,perm_seed1736,1,1,SATISFIABLE,SATISFIABLE,True,True,54,54,0,0,0.000979,0.001002,2.3000000000000017e-05,True,True,True,True,True,
repeat=1|base=php_exit_all_p9_h8|variant=perm_seed1737,1,php_exit_all_p9_h8,perm_seed1737,1,1,SATISFIABLE,SATISFIABLE,True,True,82,82,20,20,0.000935,0.001062,0.00012700000000000005,True,True,True,True,True,
repeat=1|base=php_exit_all_p9_h8|variant=perm_seed1738,1,php_exit_all_p9_h8,perm_seed1738,1,1,SATISFIABLE,SATISFIABLE,True,True,356,356,279,279,0.001444,0.001419,-2.5000000000000066e-05,True,True,True,True,True,
repeat=1|base=php_exit_all_p9_h8|variant=perm_seed1739,1,php_exit_all_p9_h8,perm_seed1739,1,1,SATISFIABLE,SATISFIABLE,True,True,61,61,4,4,0.000887,0.000994,0.00010700000000000011,True,True,True,True,True,
repeat=1|base=php_exit_all_p9_h8|variant=perm_seed1740,1,php_exit_all_p9_h8,perm_seed1740,1,1,SATISFIABLE,SATISFIABLE,True,True,60,60,2,2,0.00089,0.000877,-1.299999999999999e-05,True,True,True,True,True,
repeat=1|base=php_exit_all_p9_h8|variant=perm_seed1741,1,php_exit_all_p9_h8,perm_seed1741,1,1,SATISFIABLE,SATISFIABLE,True,True,63,63,6,6,0.000889,0.00092,3.0999999999999995e-05,True,True,True,True,True,
repeat=1|base=php_exit_all_p9_h8|variant=perm_seed1742,1,php_exit_all_p9_h8,perm_seed1742,1,1,SATISFIABLE,SATISFIABLE,True,True,57,57,1,1,0.000868,0.000833,-3.499999999999998e-05,True,True,True,True,True,
repeat=1|base=php_exit_all_p9_h8|variant=perm_seed1743,1,php_exit_all_p9_h8,perm_seed1743,1,1,SATISFIABLE,SATISFIABLE,True,True,60,60,2,2,0.00085,0.000848,-1.99999999999994e-06,True,True,True,True,True,
repeat=1|base=php_exit_all_p9_h8|variant=perm_seed1744,1,php_exit_all_p9_h8,perm_seed1744,1,1,SATISFIABLE,SATISFIABLE,True,True,55,55,0,0,0.000965,0.00087,-9.500000000000003e-05,True,True,True,True,True,
repeat=1|base=php_exit_all_p9_h8|variant=perm_seed1745,1,php_exit_all_p9_h8,perm_seed1745,1,1,SATISFIABLE,SATISFIABLE,True,True,59,59,1,1,0.000898,0.000905,6.999999999999953e-06,True,True,True,True,True,
repeat=1|base=php_exit_single_p10_h9|variant=base,1,php_exit_single_p10_h9,base,1,1,SATISFIABLE,SATISFIABLE,True,True,38,38,0,0,0.000803,0.000901,9.8e-05,True,True,True,True,True,
repeat=1|base=php_exit_single_p10_h9|variant=perm_seed1730,1,php_exit_single_p10_h9,perm_seed1730,1,1,SATISFIABLE,SATISFIABLE,True,True,63,63,0,0,0.000861,0.00084,-2.099999999999997e-05,True,True,True,True,True,
repeat=1|base=php_exit_single_p10_h9|variant=perm_seed1731,1,php_exit_single_p10_h9,perm_seed1731,1,1,SATISFIABLE,SATISFIABLE,True,True,64,64,0,0,0.000827,0.000946,0.00011899999999999997,True,True,True,True,True,
repeat=1|base=php_exit_single_p10_h9|variant=perm_seed1732,1,php_exit_single_p10_h9,perm_seed1732,1,1,SATISFIABLE,SATISFIABLE,True,True,82,82,22,22,0.00088,0.00089,9.999999999999918e-06,True,True,True,True,True,
repeat=1|base=php_exit_single_p10_h9|variant=perm_seed1733,1,php_exit_single_p10_h9,perm_seed1733,1,1,SATISFIABLE,SATISFIABLE,True,True,59,59,1,1,0.000972,0.000887,-8.5e-05,True,True,True,True,True,
repeat=1|base=php_exit_single_p10_h9|variant=perm_seed1734,1,php_exit_single_p10_h9,perm_seed1734,1,1,SATISFIABLE,SATISFIABLE,True,True,65,65,1,1,0.000904,0.000841,-6.300000000000001e-05,True,True,True,True,True,
repeat=1|base=php_exit_single_p10_h9|variant=perm_seed1735,1,php_exit_single_p10_h9,perm_seed1735,1,1,SATISFIABLE,SATISFIABLE,True,True,181,181,104,104,0.001197,0.00105,-0.000147,True,True,True,True,True,
repeat=1|base=php_exit_single_p10_h9|variant=perm_seed1736,1,php_exit_single_p10_h9,perm_seed1736,1,1,SATISFIABLE,SATISFIABLE,True,True,62,62,0,0,0.000836,0.000937,0.00010099999999999996,True,True,True,True,True,
repeat=1|base=php_exit_single_p10_h9|variant=perm_seed1737,1,php_exit_single_p10_h9,perm_seed1737,1,1,SATISFIABLE,SATISFIABLE,True,True,107,107,39,39,0.001057,0.000982,-7.499999999999998e-05,True,True,True,True,True,
repeat=1|base=php_exit_single_p10_h9|variant=perm_seed1738,1,php_exit_single_p10_h9,perm_seed1738,1,1,SATISFIABLE,SATISFIABLE,True,True,67,67,7,7,0.000913,0.000918,5.000000000000013e-06,True,True,True,True,True,
repeat=1|base=php_exit_single_p10_h9|variant=perm_seed1739,1,php_exit_single_p10_h9,perm_seed1739,1,1,SATISFIABLE,SATISFIABLE,True,True,59,59,0,0,0.00098,0.00099,1.0000000000000026e-05,True,True,True,True,True,
repeat=1|base=php_exit_single_p10_h9|variant=perm_seed1740,1,php_exit_single_p10_h9,perm_seed1740,1,1,SATISFIABLE,SATISFIABLE,True,True,60,60,6,6,0.000986,0.000949,-3.6999999999999924e-05,True,True,True,True,True,
repeat=1|base=php_exit_single_p10_h9|variant=perm_seed1741,1,php_exit_single_p10_h9,perm_seed1741,1,1,SATISFIABLE,SATISFIABLE,True,True,59,59,1,1,0.000908,0.00089,-1.8000000000000004e-05,True,True,True,True,True,
repeat=1|base=php_exit_single_p10_h9|variant=perm_seed1742,1,php_exit_single_p10_h9,perm_seed1742,1,1,SATISFIABLE,SATISFIABLE,True,True,64,64,2,2,0.000913,0.000851,-6.199999999999999e-05,True,True,True,True,True,
repeat=1|base=php_exit_single_p10_h9|variant=perm_seed1743,1,php_exit_single_p10_h9,perm_seed1743,1,1,SATISFIABLE,SATISFIABLE,True,True,57,57,0,0,0.000875,0.000877,1.99999999999994e-06,True,True,True,True,True,
repeat=1|base=php_exit_single_p10_h9|variant=perm_seed1744,1,php_exit_single_p10_h9,perm_seed1744,1,1,SATISFIABLE,SATISFIABLE,True,True,54,54,0,0,0.000866,0.00097,0.00010400000000000003,True,True,True,True,True,
repeat=1|base=php_exit_single_p10_h9|variant=perm_seed1745,1,php_exit_single_p10_h9,perm_seed1745,1,1,SATISFIABLE,SATISFIABLE,True,True,69,69,9,9,0.000915,0.000905,-1.0000000000000026e-05,True,True,True,True,True,
repeat=1|base=php_exit_single_p11_h10|variant=base,1,php_exit_single_p11_h10,base,1,1,SATISFIABLE,SATISFIABLE,True,True,47,47,0,0,0.000979,0.000924,-5.5000000000000036e-05,True,True,True,True,True,
repeat=1|base=php_exit_single_p11_h10|variant=perm_seed1730,1,php_exit_single_p11_h10,perm_seed1730,1,1,SATISFIABLE,SATISFIABLE,True,True,79,79,0,0,0.000966,0.001006,3.9999999999999996e-05,True,True,True,True,True,
repeat=1|base=php_exit_single_p11_h10|variant=perm_seed1731,1,php_exit_single_p11_h10,perm_seed1731,1,1,SATISFIABLE,SATISFIABLE,True,True,77,77,0,0,0.000998,0.000937,-6.0999999999999965e-05,True,True,True,True,True,
repeat=1|base=php_exit_single_p11_h10|variant=perm_seed1732,1,php_exit_single_p11_h10,perm_seed1732,1,1,SATISFIABLE,SATISFIABLE,True,True,89,89,12,12,0.000946,0.000969,2.3000000000000017e-05,True,True,True,True,True,
repeat=1|base=php_exit_single_p11_h10|variant=perm_seed1733,1,php_exit_single_p11_h10,perm_seed1733,1,1,SATISFIABLE,SATISFIABLE,True,True,79,79,0,0,0.000929,0.00102,9.100000000000004e-05,True,True,True,True,True,
repeat=1|base=php_exit_single_p11_h10|variant=perm_seed1734,1,php_exit_single_p11_h10,perm_seed1734,1,1,SATISFIABLE,SATISFIABLE,True,True,161,161,85,85,0.001085,0.001137,5.199999999999996e-05,True,True,True,True,True,
repeat=1|base=php_exit_single_p11_h10|variant=perm_seed1735,1,php_exit_single_p11_h10,perm_seed1735,1,1,SATISFIABLE,SATISFIABLE,True,True,77,77,0,0,0.000986,0.001108,0.00012200000000000015,True,True,True,True,True,
repeat=1|base=php_exit_single_p11_h10|variant=perm_seed1736,1,php_exit_single_p11_h10,perm_seed1736,1,1,SATISFIABLE,SATISFIABLE,True,True,87,87,9,9,0.000972,0.001282,0.00030999999999999995,True,True,True,True,True,
repeat=1|base=php_exit_single_p11_h10|variant=perm_seed1737,1,php_exit_single_p11_h10,perm_seed1737,1,1,SATISFIABLE,SATISFIABLE,True,True,72,72,0,0,0.001003,0.001015,1.2000000000000075e-05,True,True,True,True,True,
repeat=1|base=php_exit_single_p11_h10|variant=perm_seed1738,1,php_exit_single_p11_h10,perm_seed1738,1,1,SATISFIABLE,SATISFIABLE,True,True,72,72,0,0,0.001036,0.00106,2.3999999999999933e-05,True,True,True,True,True,
repeat=1|base=php_exit_single_p11_h10|variant=perm_seed1739,1,php_exit_single_p11_h10,perm_seed1739,1,1,SATISFIABLE,SATISFIABLE,True,True,77,77,4,4,0.000964,0.000985,2.099999999999997e-05,True,True,True,True,True,
repeat=1|base=php_exit_single_p11_h10|variant=perm_seed1740,1,php_exit_single_p11_h10,perm_seed1740,1,1,SATISFIABLE,SATISFIABLE,True,True,92,92,15,15,0.001002,0.001023,2.099999999999997e-05,True,True,True,True,True,
repeat=1|base=php_exit_single_p11_h10|variant=perm_seed1741,1,php_exit_single_p11_h10,perm_seed1741,1,1,SATISFIABLE,SATISFIABLE,True,True,78,78,2,2,0.000945,0.000991,4.5999999999999925e-05,True,True,True,True,True,
repeat=1|base=php_exit_single_p11_h10|variant=perm_seed1742,1,php_exit_single_p11_h10,perm_seed1742,1,1,SATISFIABLE,SATISFIABLE,True,True,72,72,0,0,0.000961,0.001005,4.3999999999999985e-05,True,True,True,True,True,
repeat=1|base=php_exit_single_p11_h10|variant=perm_seed1743,1,php_exit_single_p11_h10,perm_seed1743,1,1,SATISFIABLE,SATISFIABLE,True,True,77,77,0,0,0.001131,0.001062,-6.900000000000005e-05,True,True,True,True,True,
repeat=1|base=php_exit_single_p11_h10|variant=perm_seed1744,1,php_exit_single_p11_h10,perm_seed1744,1,1,SATISFIABLE,SATISFIABLE,True,True,73,73,0,0,0.001107,0.001131,2.400000000000015e-05,True,True,True,True,True,
repeat=1|base=php_exit_single_p11_h10|variant=perm_seed1745,1,php_exit_single_p11_h10,perm_seed1745,1,1,SATISFIABLE,SATISFIABLE,True,True,81,81,2,2,0.001104,0.001008,-9.599999999999995e-05,True,True,True,True,True,
repeat=1|base=php_exit_single_p12_h11|variant=base,1,php_exit_single_p12_h11,base,1,1,SATISFIABLE,SATISFIABLE,True,True,57,57,0,0,0.001438,0.0012,-0.00023800000000000015,True,True,True,True,True,
repeat=1|base=php_exit_single_p12_h11|variant=perm_seed1730,1,php_exit_single_p12_h11,perm_seed1730,1,1,SATISFIABLE,SATISFIABLE,True,True,101,101,1,1,0.001179,0.001212,3.300000000000004e-05,True,True,True,True,True,
repeat=1|base=php_exit_single_p12_h11|variant=perm_seed1731,1,php_exit_single_p12_h11,perm_seed1731,1,1,SATISFIABLE,SATISFIABLE,True,True,98,98,1,1,0.001146,0.001196,4.9999999999999914e-05,True,True,True,True,True,
repeat=1|base=php_exit_single_p12_h11|variant=perm_seed1732,1,php_exit_single_p12_h11,perm_seed1732,1,1,SATISFIABLE,SATISFIABLE,True,True,112,112,22,22,0.001469,0.001316,-0.00015300000000000014,True,True,True,True,True,
repeat=1|base=php_exit_single_p12_h11|variant=perm_seed1733,1,php_exit_single_p12_h11,perm_seed1733,1,1,SATISFIABLE,SATISFIABLE,True,True,96,96,1,1,0.001142,0.001238,9.599999999999995e-05,True,True,True,True,True,
repeat=1|base=php_exit_single_p12_h11|variant=perm_seed1734,1,php_exit_single_p12_h11,perm_seed1734,1,1,SATISFIABLE,SATISFIABLE,True,True,113,113,19,19,0.001247,0.001165,-8.200000000000004e-05,True,True,True,True,True,
repeat=1|base=php_exit_single_p12_h11|variant=perm_seed1735,1,php_exit_single_p12_h11,perm_seed1735,1,1,SATISFIABLE,SATISFIABLE,True,True,107,107,12,12,0.001438,0.001568,0.0001299999999999999,True,True,True,True,True,
repeat=1|base=php_exit_single_p12_h11|variant=perm_seed1736,1,php_exit_single_p12_h11,perm_seed1736,1,1,SATISFIABLE,SATISFIABLE,True,True,95,95,0,0,0.001209,0.001481,0.0002719999999999999,True,True,True,True,True,
repeat=1|base=php_exit_single_p12_h11|variant=perm_seed1737,1,php_exit_single_p12_h11,perm_seed1737,1,1,SATISFIABLE,SATISFIABLE,True,True,101,101,2,2,0.001209,0.001229,2.0000000000000052e-05,True,True,True,True,True,
repeat=1|base=php_exit_single_p12_h11|variant=perm_seed1738,1,php_exit_single_p12_h11,perm_seed1738,1,1,SATISFIABLE,SATISFIABLE,True,True,129,129,38,38,0.00144,0.001521,8.099999999999991e-05,True,True,True,True,True,
repeat=1|base=php_exit_single_p12_h11|variant=perm_seed1739,1,php_exit_single_p12_h11,perm_seed1739,1,1,SATISFIABLE,SATISFIABLE,True,True,91,91,0,0,0.001183,0.001085,-9.8e-05,True,True,True,True,True,
repeat=1|base=php_exit_single_p12_h11|variant=perm_seed1740,1,php_exit_single_p12_h11,perm_seed1740,1,1,SATISFIABLE,SATISFIABLE,True,True,97,97,0,0,0.001082,0.001084,1.9999999999998318e-06,True,True,True,True,True,
repeat=1|base=php_exit_single_p12_h11|variant=perm_seed1741,1,php_exit_single_p12_h11,perm_seed1741,1,1,SATISFIABLE,SATISFIABLE,True,True,89,89,0,0,0.001191,0.001119,-7.200000000000002e-05,True,True,True,True,True,
repeat=1|base=php_exit_single_p12_h11|variant=perm_seed1742,1,php_exit_single_p12_h11,perm_seed1742,1,1,SATISFIABLE,SATISFIABLE,True,True,96,96,9,9,0.001143,0.001101,-4.199999999999994e-05,True,True,True,True,True,
repeat=1|base=php_exit_single_p12_h11|variant=perm_seed1743,1,php_exit_single_p12_h11,perm_seed1743,1,1,SATISFIABLE,SATISFIABLE,True,True,94,94,1,1,0.001069,0.00109,2.099999999999997e-05,True,True,True,True,True,
repeat=1|base=php_exit_single_p12_h11|variant=perm_seed1744,1,php_exit_single_p12_h11,perm_seed1744,1,1,SATISFIABLE,SATISFIABLE,True,True,95,95,1,1,0.0011,0.001062,-3.8000000000000056e-05,True,True,True,True,True,
repeat=1|base=php_exit_single_p12_h11|variant=perm_seed1745,1,php_exit_single_p12_h11,perm_seed1745,1,1,SATISFIABLE,SATISFIABLE,True,True,92,92,1,1,0.001077,0.001073,-4.000000000000097e-06,True,True,True,True,True,
repeat=1|base=php_exit_single_p5_h4|variant=base,1,php_exit_single_p5_h4,base,1,1,SATISFIABLE,SATISFIABLE,True,True,1,1,0,0,0.000616,0.000645,2.8999999999999946e-05,True,True,True,True,True,
repeat=1|base=php_exit_single_p5_h4|variant=perm_seed1730,1,php_exit_single_p5_h4,perm_seed1730,1,1,SATISFIABLE,SATISFIABLE,True,True,1,1,0,0,0.000638,0.000628,-1.0000000000000026e-05,True,True,True,True,True,
repeat=1|base=php_exit_single_p5_h4|variant=perm_seed1731,1,php_exit_single_p5_h4,perm_seed1731,1,1,SATISFIABLE,SATISFIABLE,True,True,1,1,0,0,0.000616,0.000611,-5.000000000000013e-06,True,True,True,True,True,
repeat=1|base=php_exit_single_p6_h5|variant=base,1,php_exit_single_p6_h5,base,1,1,SATISFIABLE,SATISFIABLE,True,True,12,12,0,0,0.000726,0.000693,-3.2999999999999935e-05,True,True,True,True,True,
repeat=1|base=php_exit_single_p6_h5|variant=perm_seed1730,1,php_exit_single_p6_h5,perm_seed1730,1,1,SATISFIABLE,SATISFIABLE,True,True,18,18,0,0,0.000649,0.000637,-1.1999999999999966e-05,True,True,True,True,True,
repeat=1|base=php_exit_single_p6_h5|variant=perm_seed1731,1,php_exit_single_p6_h5,perm_seed1731,1,1,SATISFIABLE,SATISFIABLE,True,True,16,16,0,0,0.000629,0.000667,3.799999999999995e-05,True,True,True,True,True,
repeat=1|base=php_exit_single_p6_h5|variant=perm_seed1732,1,php_exit_single_p6_h5,perm_seed1732,1,1,SATISFIABLE,SATISFIABLE,True,True,16,16,1,1,0.00072,0.000638,-8.200000000000004e-05,True,True,True,True,True,
repeat=1|base=php_exit_single_p6_h5|variant=perm_seed1733,1,php_exit_single_p6_h5,perm_seed1733,1,1,SATISFIABLE,SATISFIABLE,True,True,14,14,0,0,0.000613,0.000677,6.399999999999993e-05,True,True,True,True,True,
repeat=1|base=php_exit_single_p6_h5|variant=perm_seed1734,1,php_exit_single_p6_h5,perm_seed1734,1,1,SATISFIABLE,SATISFIABLE,True,True,14,14,0,0,0.00066,0.000619,-4.100000000000002e-05,True,True,True,True,True,
repeat=1|base=php_exit_single_p6_h5|variant=perm_seed1735,1,php_exit_single_p6_h5,perm_seed1735,1,1,SATISFIABLE,SATISFIABLE,True,True,17,17,2,2,0.000615,0.000636,2.099999999999997e-05,True,True,True,True,True,
repeat=1|base=php_exit_single_p6_h5|variant=perm_seed1736,1,php_exit_single_p6_h5,perm_seed1736,1,1,SATISFIABLE,SATISFIABLE,True,True,18,18,2,2,0.000641,0.000766,0.000125,True,True,True,True,True,
repeat=1|base=php_exit_single_p6_h5|variant=perm_seed1737,1,php_exit_single_p6_h5,perm_seed1737,1,1,SATISFIABLE,SATISFIABLE,True,True,17,17,1,1,0.000764,0.000661,-0.00010300000000000001,True,True,True,True,True,
repeat=1|base=php_exit_single_p6_h5|variant=perm_seed1738,1,php_exit_single_p6_h5,perm_seed1738,1,1,SATISFIABLE,SATISFIABLE,True,True,16,16,0,0,0.000637,0.00063,-6.999999999999953e-06,True,True,True,True,True,
repeat=1|base=php_exit_single_p6_h5|variant=perm_seed1739,1,php_exit_single_p6_h5,perm_seed1739,1,1,SATISFIABLE,SATISFIABLE,True,True,13,13,0,0,0.000673,0.00068,7.000000000000062e-06,True,True,True,True,True,
repeat=1|base=php_exit_single_p6_h5|variant=perm_seed1740,1,php_exit_single_p6_h5,perm_seed1740,1,1,SATISFIABLE,SATISFIABLE,True,True,14,14,0,0,0.000619,0.000718,9.900000000000002e-05,True,True,True,True,True,
repeat=1|base=php_exit_single_p6_h5|variant=perm_seed1741,1,php_exit_single_p6_h5,perm_seed1741,1,1,SATISFIABLE,SATISFIABLE,True,True,18,18,2,2,0.000718,0.000647,-7.099999999999999e-05,True,True,True,True,True,
repeat=1|base=php_exit_single_p6_h5|variant=perm_seed1742,1,php_exit_single_p6_h5,perm_seed1742,1,1,SATISFIABLE,SATISFIABLE,True,True,14,14,0,0,0.000604,0.000594,-1.0000000000000026e-05,True,True,True,True,True,
repeat=1|base=php_exit_single_p6_h5|variant=perm_seed1743,1,php_exit_single_p6_h5,perm_seed1743,1,1,SATISFIABLE,SATISFIABLE,True,True,17,17,1,1,0.000597,0.000728,0.00013100000000000004,True,True,True,True,True,
repeat=1|base=php_exit_single_p6_h5|variant=perm_seed1744,1,php_exit_single_p6_h5,perm_seed1744,1,1,SATISFIABLE,SATISFIABLE,True,True,16,16,0,0,0.000721,0.000742,2.1000000000000077e-05,True,True,True,True,True,
repeat=1|base=php_exit_single_p6_h5|variant=perm_seed1745,1,php_exit_single_p6_h5,perm_seed1745,1,1,SATISFIABLE,SATISFIABLE,True,True,19,19,3,3,0.000692,0.000676,-1.6000000000000064e-05,True,True,True,True,True,
repeat=1|base=php_exit_single_p7_h6|variant=base,1,php_exit_single_p7_h6,base,1,1,SATISFIABLE,SATISFIABLE,True,True,17,17,0,0,0.000767,0.000698,-6.899999999999994e-05,True,True,True,True,True,
repeat=1|base=php_exit_single_p7_h6|variant=perm_seed1730,1,php_exit_single_p7_h6,perm_seed1730,1,1,SATISFIABLE,SATISFIABLE,True,True,22,22,0,0,0.000655,0.000704,4.9e-05,True,True,True,True,True,
repeat=1|base=php_exit_single_p7_h6|variant=perm_seed1731,1,php_exit_single_p7_h6,perm_seed1731,1,1,SATISFIABLE,SATISFIABLE,True,True,28,28,5,5,0.000666,0.000736,6.999999999999997e-05,True,True,True,True,True,
repeat=1|base=php_exit_single_p7_h6|variant=perm_seed1732,1,php_exit_single_p7_h6,perm_seed1732,1,1,SATISFIABLE,SATISFIABLE,True,True,24,24,0,0,0.000641,0.000762,0.00012100000000000001,True,True,True,True,True,
repeat=1|base=php_exit_single_p7_h6|variant=perm_seed1733,1,php_exit_single_p7_h6,perm_seed1733,1,1,SATISFIABLE,SATISFIABLE,True,True,32,32,11,11,0.000793,0.000749,-4.3999999999999985e-05,True,True,True,True,True,
repeat=1|base=php_exit_single_p7_h6|variant=perm_seed1734,1,php_exit_single_p7_h6,perm_seed1734,1,1,SATISFIABLE,SATISFIABLE,True,True,25,25,0,0,0.00066,0.000773,0.00011300000000000004,True,True,True,True,True,
repeat=1|base=php_exit_single_p7_h6|variant=perm_seed1735,1,php_exit_single_p7_h6,perm_seed1735,1,1,SATISFIABLE,SATISFIABLE,True,True,23,23,3,3,0.000798,0.000729,-6.899999999999994e-05,True,True,True,True,True,
repeat=1|base=php_exit_single_p7_h6|variant=perm_seed1736,1,php_exit_single_p7_h6,perm_seed1736,1,1,SATISFIABLE,SATISFIABLE,True,True,21,21,0,0,0.000694,0.000754,6.000000000000005e-05,True,True,True,True,True,
repeat=1|base=php_exit_single_p7_h6|variant=perm_seed1737,1,php_exit_single_p7_h6,perm_seed1737,1,1,SATISFIABLE,SATISFIABLE,True,True,21,21,0,0,0.000694,0.000742,4.800000000000008e-05,True,True,True,True,True,
repeat=1|base=php_exit_single_p7_h6|variant=perm_seed1738,1,php_exit_single_p7_h6,perm_seed1738,1,1,SATISFIABLE,SATISFIABLE,True,True,25,25,0,0,0.000732,0.00067,-6.199999999999999e-05,True,True,True,True,True,
repeat=1|base=php_exit_single_p7_h6|variant=perm_seed1739,1,php_exit_single_p7_h6,perm_seed1739,1,1,SATISFIABLE,SATISFIABLE,True,True,27,27,1,1,0.000679,0.00064,-3.899999999999997e-05,True,True,True,True,True,
repeat=1|base=php_exit_single_p7_h6|variant=perm_seed1740,1,php_exit_single_p7_h6,perm_seed1740,1,1,SATISFIABLE,SATISFIABLE,True,True,25,25,0,0,0.000661,0.000652,-9.000000000000002e-06,True,True,True,True,True,
repeat=1|base=php_exit_single_p7_h6|variant=perm_seed1741,1,php_exit_single_p7_h6,perm_seed1741,1,1,SATISFIABLE,SATISFIABLE,True,True,24,24,1,1,0.000771,0.000709,-6.199999999999999e-05,True,True,True,True,True,
repeat=1|base=php_exit_single_p7_h6|variant=perm_seed1742,1,php_exit_single_p7_h6,perm_seed1742,1,1,SATISFIABLE,SATISFIABLE,True,True,26,26,1,1,0.000717,0.000719,2.0000000000000486e-06,True,True,True,True,True,
repeat=1|base=php_exit_single_p7_h6|variant=perm_seed1743,1,php_exit_single_p7_h6,perm_seed1743,1,1,SATISFIABLE,SATISFIABLE,True,True,23,23,0,0,0.000663,0.000664,1.0000000000000243e-06,True,True,True,True,True,
repeat=1|base=php_exit_single_p7_h6|variant=perm_seed1744,1,php_exit_single_p7_h6,perm_seed1744,1,1,SATISFIABLE,SATISFIABLE,True,True,23,23,0,0,0.000732,0.000686,-4.6000000000000034e-05,True,True,True,True,True,
repeat=1|base=php_exit_single_p7_h6|variant=perm_seed1745,1,php_exit_single_p7_h6,perm_seed1745,1,1,SATISFIABLE,SATISFIABLE,True,True,20,20,0,0,0.000689,0.000689,0.0,True,True,True,True,True,
repeat=1|base=php_exit_single_p8_h7|variant=base,1,php_exit_single_p8_h7,base,1,1,SATISFIABLE,SATISFIABLE,True,True,23,23,0,0,0.000776,0.000746,-2.999999999999997e-05,True,True,True,True,True,
repeat=1|base=php_exit_single_p8_h7|variant=perm_seed1730,1,php_exit_single_p8_h7,perm_seed1730,1,1,SATISFIABLE,SATISFIABLE,True,True,35,35,1,1,0.000673,0.00081,0.00013699999999999997,True,True,True,True,True,
repeat=1|base=php_exit_single_p8_h7|variant=perm_seed1731,1,php_exit_single_p8_h7,perm_seed1731,1,1,SATISFIABLE,SATISFIABLE,True,True,33,33,0,0,0.00071,0.000825,0.00011499999999999998,True,True,True,True,True,
repeat=1|base=php_exit_single_p8_h7|variant=perm_seed1732,1,php_exit_single_p8_h7,perm_seed1732,1,1,SATISFIABLE,SATISFIABLE,True,True,31,31,0,0,0.000722,0.00079,6.800000000000003e-05,True,True,True,True,True,
repeat=1|base=php_exit_single_p8_h7|variant=perm_seed1733,1,php_exit_single_p8_h7,perm_seed1733,1,1,SATISFIABLE,SATISFIABLE,True,True,37,37,5,5,0.000776,0.000782,6.000000000000037e-06,True,True,True,True,True,
repeat=1|base=php_exit_single_p8_h7|variant=perm_seed1734,1,php_exit_single_p8_h7,perm_seed1734,1,1,SATISFIABLE,SATISFIABLE,True,True,35,35,0,0,0.00071,0.000705,-5.000000000000013e-06,True,True,True,True,True,
repeat=1|base=php_exit_single_p8_h7|variant=perm_seed1735,1,php_exit_single_p8_h7,perm_seed1735,1,1,SATISFIABLE,SATISFIABLE,True,True,30,30,0,0,0.000697,0.000818,0.00012100000000000001,True,True,True,True,True,
repeat=1|base=php_exit_single_p8_h7|variant=perm_seed1736,1,php_exit_single_p8_h7,perm_seed1736,1,1,SATISFIABLE,SATISFIABLE,True,True,36,36,1,1,0.000739,0.000786,4.700000000000006e-05,True,True,True,True,True,
repeat=1|base=php_exit_single_p8_h7|variant=perm_seed1737,1,php_exit_single_p8_h7,perm_seed1737,1,1,SATISFIABLE,SATISFIABLE,True,True,36,36,2,2,0.000777,0.000771,-6.000000000000037e-06,True,True,True,True,True,
repeat=1|base=php_exit_single_p8_h7|variant=perm_seed1738,1,php_exit_single_p8_h7,perm_seed1738,1,1,SATISFIABLE,SATISFIABLE,True,True,35,35,0,0,0.000687,0.000669,-1.8000000000000004e-05,True,True,True,True,True,
repeat=1|base=php_exit_single_p8_h7|variant=perm_seed1739,1,php_exit_single_p8_h7,perm_seed1739,1,1,SATISFIABLE,SATISFIABLE,True,True,36,36,2,2,0.000694,0.000687,-6.999999999999953e-06,True,True,True,True,True,
repeat=1|base=php_exit_single_p8_h7|variant=perm_seed1740,1,php_exit_single_p8_h7,perm_seed1740,1,1,SATISFIABLE,SATISFIABLE,True,True,34,34,1,1,0.000672,0.000796,0.0001240000000000001,True,True,True,True,True,
repeat=1|base=php_exit_single_p8_h7|variant=perm_seed1741,1,php_exit_single_p8_h7,perm_seed1741,1,1,SATISFIABLE,SATISFIABLE,True,True,38,38,2,2,0.000743,0.000717,-2.599999999999998e-05,True,True,True,True,True,
repeat=1|base=php_exit_single_p8_h7|variant=perm_seed1742,1,php_exit_single_p8_h7,perm_seed1742,1,1,SATISFIABLE,SATISFIABLE,True,True,32,32,0,0,0.000747,0.000918,0.00017099999999999993,True,True,True,True,True,
repeat=1|base=php_exit_single_p8_h7|variant=perm_seed1743,1,php_exit_single_p8_h7,perm_seed1743,1,1,SATISFIABLE,SATISFIABLE,True,True,37,37,0,0,0.00073,0.000711,-1.899999999999992e-05,True,True,True,True,True,
repeat=1|base=php_exit_single_p8_h7|variant=perm_seed1744,1,php_exit_single_p8_h7,perm_seed1744,1,1,SATISFIABLE,SATISFIABLE,True,True,33,33,0,0,0.000904,0.000731,-0.00017299999999999998,True,True,True,True,True,
repeat=1|base=php_exit_single_p8_h7|variant=perm_seed1745,1,php_exit_single_p8_h7,perm_seed1745,1,1,SATISFIABLE,SATISFIABLE,True,True,36,36,0,0,0.000674,0.000747,7.300000000000004e-05,True,True,True,True,True,
repeat=1|base=php_exit_single_p9_h8|variant=base,1,php_exit_single_p9_h8,base,1,1,SATISFIABLE,SATISFIABLE,True,True,30,30,0,0,0.000753,0.000773,2.0000000000000052e-05,True,True,True,True,True,
repeat=1|base=php_exit_single_p9_h8|variant=perm_seed1730,1,php_exit_single_p9_h8,perm_seed1730,1,1,SATISFIABLE,SATISFIABLE,True,True,47,47,0,0,0.00073,0.00079,6.000000000000005e-05,True,True,True,True,True,
repeat=1|base=php_exit_single_p9_h8|variant=perm_seed1731,1,php_exit_single_p9_h8,perm_seed1731,1,1,SATISFIABLE,SATISFIABLE,True,True,41,41,0,0,0.000792,0.00077,-2.1999999999999993e-05,True,True,True,True,True,
repeat=1|base=php_exit_single_p9_h8|variant=perm_seed1732,1,php_exit_single_p9_h8,perm_seed1732,1,1,SATISFIABLE,SATISFIABLE,True,True,42,42,0,0,0.000766,0.000785,1.9000000000000028e-05,True,True,True,True,True,
repeat=1|base=php_exit_single_p9_h8|variant=perm_seed1733,1,php_exit_single_p9_h8,perm_seed1733,1,1,SATISFIABLE,SATISFIABLE,True,True,51,51,6,6,0.000767,0.000781,1.4000000000000015e-05,True,True,True,True,True,
repeat=1|base=php_exit_single_p9_h8|variant=perm_seed1734,1,php_exit_single_p9_h8,perm_seed1734,1,1,SATISFIABLE,SATISFIABLE,True,True,51,51,3,3,0.000819,0.00078,-3.899999999999997e-05,True,True,True,True,True,
repeat=1|base=php_exit_single_p9_h8|variant=perm_seed1735,1,php_exit_single_p9_h8,perm_seed1735,1,1,SATISFIABLE,SATISFIABLE,True,True,46,46,0,0,0.000808,0.000974,0.00016600000000000002,True,True,True,True,True,
repeat=1|base=php_exit_single_p9_h8|variant=perm_seed1736,1,php_exit_single_p9_h8,perm_seed1736,1,1,SATISFIABLE,SATISFIABLE,True,True,56,56,7,7,0.000778,0.000916,0.000138,True,True,True,True,True,
repeat=1|base=php_exit_single_p9_h8|variant=perm_seed1737,1,php_exit_single_p9_h8,perm_seed1737,1,1,SATISFIABLE,SATISFIABLE,True,True,51,51,1,1,0.000815,0.000847,3.200000000000002e-05,True,True,True,True,True,
repeat=1|base=php_exit_single_p9_h8|variant=perm_seed1738,1,php_exit_single_p9_h8,perm_seed1738,1,1,SATISFIABLE,SATISFIABLE,True,True,47,47,0,0,0.000862,0.000789,-7.300000000000004e-05,True,True,True,True,True,
repeat=1|base=php_exit_single_p9_h8|variant=perm_seed1739,1,php_exit_single_p9_h8,perm_seed1739,1,1,SATISFIABLE,SATISFIABLE,True,True,45,45,0,0,0.000801,0.000846,4.500000000000001e-05,True,True,True,True,True,
repeat=1|base=php_exit_single_p9_h8|variant=perm_seed1740,1,php_exit_single_p9_h8,perm_seed1740,1,1,SATISFIABLE,SATISFIABLE,True,True,50,50,1,1,0.000965,0.000847,-0.00011800000000000005,True,True,True,True,True,
repeat=1|base=php_exit_single_p9_h8|variant=perm_seed1741,1,php_exit_single_p9_h8,perm_seed1741,1,1,SATISFIABLE,SATISFIABLE,True,True,48,48,0,0,0.000781,0.00085,6.899999999999994e-05,True,True,True,True,True,
repeat=1|base=php_exit_single_p9_h8|variant=perm_seed1742,1,php_exit_single_p9_h8,perm_seed1742,1,1,SATISFIABLE,SATISFIABLE,True,True,44,44,0,0,0.000786,0.00082,3.399999999999996e-05,True,True,True,True,True,
repeat=1|base=php_exit_single_p9_h8|variant=perm_seed1743,1,php_exit_single_p9_h8,perm_seed1743,1,1,SATISFIABLE,SATISFIABLE,True,True,48,48,4,4,0.000788,0.000985,0.00019700000000000002,True,True,True,True,True,
repeat=1|base=php_exit_single_p9_h8|variant=perm_seed1744,1,php_exit_single_p9_h8,perm_seed1744,1,1,SATISFIABLE,SATISFIABLE,True,True,43,43,0,0,0.000916,0.000845,-7.099999999999999e-05,True,True,True,True,True,
repeat=1|base=php_exit_single_p9_h8|variant=perm_seed1745,1,php_exit_single_p9_h8,perm_seed1745,1,1,SATISFIABLE,SATISFIABLE,True,True,38,38,0,0,0.000822,0.000879,5.6999999999999976e-05,True,True,True,True,True,
repeat=1|base=php_p10_h9|variant=base,1,php_p10_h9,base,1,1,UNSATISFIABLE,UNSATISFIABLE,True,True,340861,340861,314066,314066,1.49747,1.47902,-0.018450000000000077,True,True,True,True,True,
repeat=1|base=php_p10_h9|variant=perm_seed1730,1,php_p10_h9,perm_seed1730,1,1,UNSATISFIABLE,UNSATISFIABLE,True,True,413643,413643,382655,382655,1.85915,1.82675,-0.032399999999999984,True,True,True,True,True,
repeat=1|base=php_p10_h9|variant=perm_seed1731,1,php_p10_h9,perm_seed1731,1,1,UNSATISFIABLE,UNSATISFIABLE,True,True,340033,340033,312592,312592,1.5609,1.52208,-0.038819999999999855,True,True,True,True,True,
repeat=1|base=php_p10_h9|variant=perm_seed1732,1,php_p10_h9,perm_seed1732,1,1,UNSATISFIABLE,UNSATISFIABLE,True,True,343992,343992,317747,317747,1.64534,1.61649,-0.028850000000000042,True,True,True,True,True,
repeat=1|base=php_p10_h9|variant=perm_seed1733,1,php_p10_h9,perm_seed1733,1,1,UNSATISFIABLE,UNSATISFIABLE,True,True,365838,365838,336996,336996,1.64816,1.63891,-0.00924999999999998,True,True,True,True,True,
repeat=1|base=php_p10_h9|variant=perm_seed1734,1,php_p10_h9,perm_seed1734,1,1,UNSATISFIABLE,UNSATISFIABLE,True,True,365935,365935,336060,336060,1.62638,1.61306,-0.013319999999999999,True,True,True,True,True,
repeat=1|base=php_p10_h9|variant=perm_seed1735,1,php_p10_h9,perm_seed1735,1,1,UNSATISFIABLE,UNSATISFIABLE,True,True,330122,330122,306476,306476,1.6723,1.65867,-0.013629999999999809,True,True,True,True,True,
repeat=1|base=php_p10_h9|variant=perm_seed1736,1,php_p10_h9,perm_seed1736,1,1,UNSATISFIABLE,UNSATISFIABLE,True,True,398736,398736,368877,368877,1.80957,1.79246,-0.01710999999999996,True,True,True,True,True,
repeat=1|base=php_p10_h9|variant=perm_seed1737,1,php_p10_h9,perm_seed1737,1,1,UNSATISFIABLE,UNSATISFIABLE,True,True,342164,342164,314955,314955,1.50992,1.49744,-0.012479999999999825,True,True,True,True,True,
repeat=1|base=php_p10_h9|variant=perm_seed1738,1,php_p10_h9,perm_seed1738,1,1,UNSATISFIABLE,UNSATISFIABLE,True,True,384737,384737,352935,352935,1.74329,1.71983,-0.023460000000000036,True,True,True,True,True,
repeat=1|base=php_p10_h9|variant=perm_seed1739,1,php_p10_h9,perm_seed1739,1,1,UNSATISFIABLE,UNSATISFIABLE,True,True,319534,319534,295751,295751,1.61747,1.59692,-0.020550000000000068,True,True,True,True,True,
repeat=1|base=php_p10_h9|variant=perm_seed1740,1,php_p10_h9,perm_seed1740,1,1,UNSATISFIABLE,UNSATISFIABLE,True,True,330849,330849,304467,304467,1.45082,1.43668,-0.014140000000000041,True,True,True,True,True,
repeat=1|base=php_p10_h9|variant=perm_seed1741,1,php_p10_h9,perm_seed1741,1,1,UNSATISFIABLE,UNSATISFIABLE,True,True,339549,339549,313004,313004,1.69151,1.6677,-0.02381000000000011,True,True,True,True,True,
repeat=1|base=php_p10_h9|variant=perm_seed1742,1,php_p10_h9,perm_seed1742,1,1,UNSATISFIABLE,UNSATISFIABLE,True,True,358341,358341,330928,330928,1.62066,1.59613,-0.02452999999999994,True,True,True,True,True,
repeat=1|base=php_p10_h9|variant=perm_seed1743,1,php_p10_h9,perm_seed1743,1,1,UNSATISFIABLE,UNSATISFIABLE,True,True,347432,347432,320321,320321,1.62046,1.59446,-0.026000000000000023,True,True,True,True,True,
repeat=1|base=php_p10_h9|variant=perm_seed1744,1,php_p10_h9,perm_seed1744,1,1,UNSATISFIABLE,UNSATISFIABLE,True,True,409179,409179,376780,376780,1.82626,1.81038,-0.015879999999999894,True,True,True,True,True,
repeat=1|base=php_p10_h9|variant=perm_seed1745,1,php_p10_h9,perm_seed1745,1,1,UNSATISFIABLE,UNSATISFIABLE,True,True,384710,384710,354679,354679,1.74752,1.71623,-0.03129000000000004,True,True,True,True,True,
repeat=1|base=php_p11_h10|variant=base,1,php_p11_h10,base,1,1,INDETERMINATE,INDETERMINATE,False,False,1371197,1375843,1249448,1253705,4.97818,4.97592,-0.0022599999999997067,True,True,False,False,True,
repeat=1|base=php_p11_h10|variant=perm_seed1730,1,php_p11_h10,perm_seed1730,1,1,INDETERMINATE,INDETERMINATE,False,False,1242445,1248460,1126402,1131869,4.97584,4.97744,0.0015999999999998238,True,True,False,False,True,
repeat=1|base=php_p11_h10|variant=perm_seed1731,1,php_p11_h10,perm_seed1731,1,1,INDETERMINATE,INDETERMINATE,False,False,1347979,1352942,1220360,1224887,4.97635,4.975,-0.0013500000000004064,True,True,False,False,True,
repeat=1|base=php_p11_h10|variant=perm_seed1732,1,php_p11_h10,perm_seed1732,1,1,INDETERMINATE,INDETERMINATE,False,False,1202127,1210478,1086463,1094000,4.97685,4.97629,-0.000560000000000116,True,True,False,False,True,
repeat=1|base=php_p11_h10|variant=perm_seed1733,1,php_p11_h10,perm_seed1733,1,1,INDETERMINATE,INDETERMINATE,False,False,1262116,1275265,1145378,1157044,4.97857,4.97447,-0.004100000000000215,True,True,False,False,True,
repeat=1|base=php_p11_h10|variant=perm_seed1734,1,php_p11_h10,perm_seed1734,1,1,INDETERMINATE,INDETERMINATE,False,False,1231144,1242219,1123376,1133498,4.97779,4.9757,-0.0020899999999999253,True,True,False,False,True,
repeat=1|base=php_p11_h10|variant=perm_seed1735,1,php_p11_h10,perm_seed1735,1,1,INDETERMINATE,INDETERMINATE,False,False,1204409,1212995,1098741,1106560,4.97873,4.97679,-0.0019399999999993867,True,True,False,False,True,
repeat=1|base=php_p11_h10|variant=perm_seed1736,1,php_p11_h10,perm_seed1736,1,1,INDETERMINATE,INDETERMINATE,False,False,1368421,1377244,1239079,1247225,4.98053,4.97542,-0.00511000000000017,True,True,False,False,True,
repeat=1|base=php_p11_h10|variant=perm_seed1737,1,php_p11_h10,perm_seed1737,1,1,INDETERMINATE,INDETERMINATE,False,False,1267435,1278756,1150000,1160267,4.97835,4.97726,-0.0010899999999995913,True,True,False,False,True,
repeat=1|base=php_p11_h10|variant=perm_seed1738,1,php_p11_h10,perm_seed1738,1,1,INDETERMINATE,INDETERMINATE,False,False,1289992,1298074,1168675,1176002,4.97959,4.97667,-0.0029199999999995896,True,True,False,False,True,
repeat=1|base=php_p11_h10|variant=perm_seed1739,1,php_p11_h10,perm_seed1739,1,1,INDETERMINATE,INDETERMINATE,False,False,1227395,1237524,1126882,1136000,4.97868,4.9791,0.00042000000000008697,True,True,False,False,True,
repeat=1|base=php_p11_h10|variant=perm_seed1740,1,php_p11_h10,perm_seed1740,1,1,INDETERMINATE,INDETERMINATE,False,False,1209071,1219951,1098000,1108002,4.97632,4.97808,0.0017599999999999838,True,True,False,False,True,
repeat=1|base=php_p11_h10|variant=perm_seed1741,1,php_p11_h10,perm_seed1741,1,1,INDETERMINATE,INDETERMINATE,False,False,1238848,1247850,1121129,1129472,4.97801,4.97563,-0.002380000000000493,True,True,False,False,True,
repeat=1|base=php_p11_h10|variant=perm_seed1742,1,php_p11_h10,perm_seed1742,1,1,INDETERMINATE,INDETERMINATE,False,False,1267859,1279071,1151579,1161932,4.97588,4.97501,-0.0008699999999999264,True,True,False,False,True,
repeat=1|base=php_p11_h10|variant=perm_seed1743,1,php_p11_h10,perm_seed1743,1,1,INDETERMINATE,INDETERMINATE,False,False,1299657,1310881,1174004,1184001,4.97446,4.97582,0.0013600000000000279,True,True,False,False,True,
repeat=1|base=php_p11_h10|variant=perm_seed1744,1,php_p11_h10,perm_seed1744,1,1,INDETERMINATE,INDETERMINATE,False,False,1136695,1144803,1047979,1055387,4.976,4.97585,-0.0001499999999996504,True,True,False,False,True,
repeat=1|base=php_p11_h10|variant=perm_seed1745,1,php_p11_h10,perm_seed1745,1,1,INDETERMINATE,INDETERMINATE,False,False,1170227,1197058,1071426,1095746,4.98199,4.98011,-0.0018799999999998818,True,True,False,False,True,
repeat=1|base=php_p12_h11|variant=base,1,php_p12_h11,base,1,1,INDETERMINATE,INDETERMINATE,False,False,999637,1022913,926938,948374,4.97795,4.97938,0.0014300000000000423,True,True,False,False,True,
repeat=1|base=php_p12_h11|variant=perm_seed1730,1,php_p12_h11,perm_seed1730,1,1,INDETERMINATE,INDETERMINATE,False,False,1194251,1219866,1088179,1111427,4.97661,4.98014,0.003529999999999589,True,True,False,False,True,
repeat=1|base=php_p12_h11|variant=perm_seed1731,1,php_p12_h11,perm_seed1731,1,1,INDETERMINATE,INDETERMINATE,False,False,1164522,1181805,1073586,1089577,4.97661,4.97923,0.0026200000000002888,True,True,False,False,True,
repeat=1|base=php_p12_h11|variant=perm_seed1732,1,php_p12_h11,perm_seed1732,1,1,INDETERMINATE,INDETERMINATE,False,False,1206742,1206659,1094001,1093921,4.97955,4.97487,-0.004679999999999573,True,True,False,False,True,
repeat=1|base=php_p12_h11|variant=perm_seed1733,1,php_p12_h11,perm_seed1733,1,1,INDETERMINATE,INDETERMINATE,False,False,1109649,1113060,1017874,1020958,4.97476,4.97443,-0.00032999999999994145,True,True,False,False,True,
repeat=1|base=php_p12_h11|variant=perm_seed1734,1,php_p12_h11,perm_seed1734,1,1,INDETERMINATE,INDETERMINATE,False,False,1144938,1152332,1042000,1048402,4.97729,4.97611,-0.0011799999999997368,True,True,False,False,True,
repeat=1|base=php_p12_h11|variant=perm_seed1735,1,php_p12_h11,perm_seed1735,1,1,INDETERMINATE,INDETERMINATE,False,False,1073503,1078025,956000,960001,4.98106,4.97915,-0.0019100000000005224,True,True,False,False,True,
repeat=1|base=php_p12_h11|variant=perm_seed1736,1,php_p12_h11,perm_seed1736,1,1,INDETERMINATE,INDETERMINATE,False,False,1149416,1152236,1054819,1057400,4.97776,4.97745,-0.00030999999999981043,True,True,False,False,True,
repeat=1|base=php_p12_h11|variant=perm_seed1737,1,php_p12_h11,perm_seed1737,1,1,INDETERMINATE,INDETERMINATE,False,False,1090128,1097841,1006991,1013965,4.98102,4.98339,0.0023699999999999832,True,True,False,False,True,
repeat=1|base=php_p12_h11|variant=perm_seed1738,1,php_p12_h11,perm_seed1738,1,1,INDETERMINATE,INDETERMINATE,False,False,1249924,1257355,1093868,1100092,4.97821,4.97688,-0.0013299999999993872,True,True,False,False,True,
repeat=1|base=php_p12_h11|variant=perm_seed1739,1,php_p12_h11,perm_seed1739,1,1,INDETERMINATE,INDETERMINATE,False,False,1246152,1256057,1128792,1137751,4.9781,4.98006,0.0019599999999995177,True,True,False,False,True,
repeat=1|base=php_p12_h11|variant=perm_seed1740,1,php_p12_h11,perm_seed1740,1,1,INDETERMINATE,INDETERMINATE,False,False,1065398,1062562,977340,974714,4.9803,4.97881,-0.0014899999999995472,True,True,False,False,True,
repeat=1|base=php_p12_h11|variant=perm_seed1741,1,php_p12_h11,perm_seed1741,1,1,INDETERMINATE,INDETERMINATE,False,False,1185732,1199224,1066417,1078877,4.97692,4.98145,0.004529999999999923,True,True,False,False,True,
repeat=1|base=php_p12_h11|variant=perm_seed1742,1,php_p12_h11,perm_seed1742,1,1,INDETERMINATE,INDETERMINATE,False,False,1041467,1054893,963606,976000,4.97617,4.98172,0.005550000000000388,True,True,False,False,True,
repeat=1|base=php_p12_h11|variant=perm_seed1743,1,php_p12_h11,perm_seed1743,1,1,INDETERMINATE,INDETERMINATE,False,False,1228217,1238396,1107440,1116216,4.97787,4.9802,0.002329999999999721,True,True,False,False,True,
repeat=1|base=php_p12_h11|variant=perm_seed1744,1,php_p12_h11,perm_seed1744,1,1,INDETERMINATE,INDETERMINATE,False,False,1132952,1133286,1045680,1046000,4.98096,4.97761,-0.003349999999999298,True,True,False,False,True,
repeat=1|base=php_p12_h11|variant=perm_seed1745,1,php_p12_h11,perm_seed1745,1,1,INDETERMINATE,INDETERMINATE,False,False,1208145,1182738,1112602,1089028,4.97954,4.97935,-0.00018999999999991246,True,True,False,False,True,
repeat=1|base=php_p4_h3|variant=base,1,php_p4_h3,base,1,1,UNSATISFIABLE,UNSATISFIABLE,True,True,0,0,0,0,0.000695,0.000695,0.0,True,True,True,True,True,
repeat=1|base=php_p4_h3|variant=perm_seed1730,1,php_p4_h3,perm_seed1730,1,1,UNSATISFIABLE,UNSATISFIABLE,True,True,0,0,0,0,0.00062,0.000655,3.499999999999998e-05,True,True,True,True,True,
repeat=1|base=php_p4_h3|variant=perm_seed1731,1,php_p4_h3,perm_seed1731,1,1,UNSATISFIABLE,UNSATISFIABLE,True,True,0,0,0,0,0.000658,0.000673,1.500000000000004e-05,True,True,True,True,True,
repeat=1|base=php_p5_h4|variant=base,1,php_p5_h4,base,1,1,UNSATISFIABLE,UNSATISFIABLE,True,True,32,32,27,27,0.000775,0.000726,-4.9e-05,True,True,True,True,True,
repeat=1|base=php_p5_h4|variant=perm_seed1730,1,php_p5_h4,perm_seed1730,1,1,UNSATISFIABLE,UNSATISFIABLE,True,True,31,31,28,28,0.000988,0.000878,-0.00010999999999999996,True,True,True,True,True,
repeat=1|base=php_p5_h4|variant=perm_seed1731,1,php_p5_h4,perm_seed1731,1,1,UNSATISFIABLE,UNSATISFIABLE,True,True,32,32,31,31,0.000739,0.000754,1.500000000000004e-05,True,True,True,True,True,
repeat=1|base=php_p6_h5|variant=base,1,php_p6_h5,base,1,1,UNSATISFIABLE,UNSATISFIABLE,True,True,157,157,139,139,0.000872,0.00083,-4.2000000000000045e-05,True,True,True,True,True,
repeat=1|base=php_p6_h5|variant=perm_seed1730,1,php_p6_h5,perm_seed1730,1,1,UNSATISFIABLE,UNSATISFIABLE,True,True,161,161,142,142,0.000887,0.000863,-2.3999999999999933e-05,True,True,True,True,True,
repeat=1|base=php_p6_h5|variant=perm_seed1731,1,php_p6_h5,perm_seed1731,1,1,UNSATISFIABLE,UNSATISFIABLE,True,True,160,160,141,141,0.000841,0.000833,-7.999999999999978e-06,True,True,True,True,True,
repeat=1|base=php_p6_h5|variant=perm_seed1732,1,php_p6_h5,perm_seed1732,1,1,UNSATISFIABLE,UNSATISFIABLE,True,True,157,157,137,137,0.000858,0.000971,0.00011299999999999993,True,True,True,True,True,
repeat=1|base=php_p6_h5|variant=perm_seed1733,1,php_p6_h5,perm_seed1733,1,1,UNSATISFIABLE,UNSATISFIABLE,True,True,158,158,142,142,0.000929,0.000886,-4.300000000000007e-05,True,True,True,True,True,
repeat=1|base=php_p6_h5|variant=perm_seed1734,1,php_p6_h5,perm_seed1734,1,1,UNSATISFIABLE,UNSATISFIABLE,True,True,171,171,146,146,0.000833,0.000836,3.000000000000073e-06,True,True,True,True,True,
repeat=1|base=php_p6_h5|variant=perm_seed1735,1,php_p6_h5,perm_seed1735,1,1,UNSATISFIABLE,UNSATISFIABLE,True,True,174,174,155,155,0.000891,0.000867,-2.3999999999999933e-05,True,True,True,True,True,
repeat=1|base=php_p6_h5|variant=perm_seed1736,1,php_p6_h5,perm_seed1736,1,1,UNSATISFIABLE,UNSATISFIABLE,True,True,158,158,145,145,0.00084,0.000847,6.999999999999953e-06,True,True,True,True,True,
repeat=1|base=php_p6_h5|variant=perm_seed1737,1,php_p6_h5,perm_seed1737,1,1,UNSATISFIABLE,UNSATISFIABLE,True,True,163,163,145,145,0.00088,0.000886,5.999999999999929e-06,True,True,True,True,True,
repeat=1|base=php_p6_h5|variant=perm_seed1738,1,php_p6_h5,perm_seed1738,1,1,UNSATISFIABLE,UNSATISFIABLE,True,True,140,140,130,130,0.000807,0.001319,0.0005120000000000001,True,True,True,True,True,
repeat=1|base=php_p6_h5|variant=perm_seed1739,1,php_p6_h5,perm_seed1739,1,1,UNSATISFIABLE,UNSATISFIABLE,True,True,157,157,143,143,0.001009,0.00092,-8.899999999999989e-05,True,True,True,True,True,
repeat=1|base=php_p6_h5|variant=perm_seed1740,1,php_p6_h5,perm_seed1740,1,1,UNSATISFIABLE,UNSATISFIABLE,True,True,163,163,138,138,0.000863,0.000829,-3.400000000000007e-05,True,True,True,True,True,
repeat=1|base=php_p6_h5|variant=perm_seed1741,1,php_p6_h5,perm_seed1741,1,1,UNSATISFIABLE,UNSATISFIABLE,True,True,158,158,140,140,0.000873,0.000869,-3.999999999999989e-06,True,True,True,True,True,
repeat=1|base=php_p6_h5|variant=perm_seed1742,1,php_p6_h5,perm_seed1742,1,1,UNSATISFIABLE,UNSATISFIABLE,True,True,155,155,137,137,0.000849,0.000859,9.999999999999918e-06,True,True,True,True,True,
repeat=1|base=php_p6_h5|variant=perm_seed1743,1,php_p6_h5,perm_seed1743,1,1,UNSATISFIABLE,UNSATISFIABLE,True,True,147,147,135,135,0.000835,0.000878,4.299999999999996e-05,True,True,True,True,True,
repeat=1|base=php_p6_h5|variant=perm_seed1744,1,php_p6_h5,perm_seed1744,1,1,UNSATISFIABLE,UNSATISFIABLE,True,True,147,147,133,133,0.001579,0.001091,-0.00048800000000000015,True,True,True,True,True,
repeat=1|base=php_p6_h5|variant=perm_seed1745,1,php_p6_h5,perm_seed1745,1,1,UNSATISFIABLE,UNSATISFIABLE,True,True,156,156,137,137,0.000902,0.001239,0.00033700000000000006,True,True,True,True,True,
repeat=1|base=php_p7_h6|variant=base,1,php_p7_h6,base,1,1,UNSATISFIABLE,UNSATISFIABLE,True,True,970,970,845,845,0.002202,0.002214,1.1999999999999858e-05,True,True,True,True,True,
repeat=1|base=php_p7_h6|variant=perm_seed1730,1,php_p7_h6,perm_seed1730,1,1,UNSATISFIABLE,UNSATISFIABLE,True,True,913,913,812,812,0.002235,0.002268,3.300000000000004e-05,True,True,True,True,True,
repeat=1|base=php_p7_h6|variant=perm_seed1731,1,php_p7_h6,perm_seed1731,1,1,UNSATISFIABLE,UNSATISFIABLE,True,True,1013,1013,877,877,0.001975,0.002093,0.00011799999999999962,True,True,True,True,True,
repeat=1|base=php_p7_h6|variant=perm_seed1732,1,php_p7_h6,perm_seed1732,1,1,UNSATISFIABLE,UNSATISFIABLE,True,True,949,949,839,839,0.002162,0.002109,-5.299999999999966e-05,True,True,True,True,True,
repeat=1|base=php_p7_h6|variant=perm_seed1733,1,php_p7_h6,perm_seed1733,1,1,UNSATISFIABLE,UNSATISFIABLE,True,True,937,937,837,837,0.002147,0.002117,-3.000000000000008e-05,True,True,True,True,True,
repeat=1|base=php_p7_h6|variant=perm_seed1734,1,php_p7_h6,perm_seed1734,1,1,UNSATISFIABLE,UNSATISFIABLE,True,True,893,893,821,821,0.002631,0.002766,0.0001349999999999997,True,True,True,True,True,
repeat=1|base=php_p7_h6|variant=perm_seed1735,1,php_p7_h6,perm_seed1735,1,1,UNSATISFIABLE,UNSATISFIABLE,True,True,967,967,866,866,0.002271,0.002143,-0.00012800000000000008,True,True,True,True,True,
repeat=1|base=php_p7_h6|variant=perm_seed1736,1,php_p7_h6,perm_seed1736,1,1,UNSATISFIABLE,UNSATISFIABLE,True,True,891,891,832,832,0.002186,0.002282,9.600000000000017e-05,True,True,True,True,True,
repeat=1|base=php_p7_h6|variant=perm_seed1737,1,php_p7_h6,perm_seed1737,1,1,UNSATISFIABLE,UNSATISFIABLE,True,True,935,935,832,832,0.002214,0.0022,-1.399999999999969e-05,True,True,True,True,True,
repeat=1|base=php_p7_h6|variant=perm_seed1738,1,php_p7_h6,perm_seed1738,1,1,UNSATISFIABLE,UNSATISFIABLE,True,True,959,959,852,852,0.002283,0.002594,0.0003110000000000001,True,True,True,True,True,
repeat=1|base=php_p7_h6|variant=perm_seed1739,1,php_p7_h6,perm_seed1739,1,1,UNSATISFIABLE,UNSATISFIABLE,True,True,889,889,813,813,0.002215,0.002589,0.0003740000000000002,True,True,True,True,True,
repeat=1|base=php_p7_h6|variant=perm_seed1740,1,php_p7_h6,perm_seed1740,1,1,UNSATISFIABLE,UNSATISFIABLE,True,True,938,938,850,850,0.002269,0.0027,0.00043099999999999996,True,True,True,True,True,
repeat=1|base=php_p7_h6|variant=perm_seed1741,1,php_p7_h6,perm_seed1741,1,1,UNSATISFIABLE,UNSATISFIABLE,True,True,998,998,873,873,0.002504,0.002374,-0.00013000000000000034,True,True,True,True,True,
repeat=1|base=php_p7_h6|variant=perm_seed1742,1,php_p7_h6,perm_seed1742,1,1,UNSATISFIABLE,UNSATISFIABLE,True,True,975,975,865,865,0.002148,0.002251,0.00010299999999999979,True,True,True,True,True,
repeat=1|base=php_p7_h6|variant=perm_seed1743,1,php_p7_h6,perm_seed1743,1,1,UNSATISFIABLE,UNSATISFIABLE,True,True,971,971,852,852,0.002368,0.002168,-0.0002000000000000001,True,True,True,True,True,
repeat=1|base=php_p7_h6|variant=perm_seed1744,1,php_p7_h6,perm_seed1744,1,1,UNSATISFIABLE,UNSATISFIABLE,True,True,912,912,833,833,0.002454,0.002183,-0.000271,True,True,True,True,True,
repeat=1|base=php_p7_h6|variant=perm_seed1745,1,php_p7_h6,perm_seed1745,1,1,UNSATISFIABLE,UNSATISFIABLE,True,True,967,967,854,854,0.002327,0.00217,-0.00015700000000000002,True,True,True,True,True,
repeat=1|base=php_p8_h7|variant=base,1,php_p8_h7,base,1,1,UNSATISFIABLE,UNSATISFIABLE,True,True,6158,6158,5600,5600,0.019666,0.019907,0.00024100000000000163,True,True,True,True,True,
repeat=1|base=php_p8_h7|variant=perm_seed1730,1,php_p8_h7,perm_seed1730,1,1,UNSATISFIABLE,UNSATISFIABLE,True,True,6138,6138,5624,5624,0.01903,0.018653,-0.00037699999999999886,True,True,True,True,True,
repeat=1|base=php_p8_h7|variant=perm_seed1731,1,php_p8_h7,perm_seed1731,1,1,UNSATISFIABLE,UNSATISFIABLE,True,True,5800,5800,5271,5271,0.014814,0.014673,-0.0001410000000000005,True,True,True,True,True,
repeat=1|base=php_p8_h7|variant=perm_seed1732,1,php_p8_h7,perm_seed1732,1,1,UNSATISFIABLE,UNSATISFIABLE,True,True,5924,5924,5469,5469,0.01815,0.018151,1.000000000001e-06,True,True,True,True,True,
repeat=1|base=php_p8_h7|variant=perm_seed1733,1,php_p8_h7,perm_seed1733,1,1,UNSATISFIABLE,UNSATISFIABLE,True,True,5998,5998,5468,5468,0.016556,0.016483,-7.300000000000015e-05,True,True,True,True,True,
repeat=1|base=php_p8_h7|variant=perm_seed1734,1,php_p8_h7,perm_seed1734,1,1,UNSATISFIABLE,UNSATISFIABLE,True,True,6065,6065,5514,5514,0.017007,0.016166,-0.0008410000000000015,True,True,True,True,True,
repeat=1|base=php_p8_h7|variant=perm_seed1735,1,php_p8_h7,perm_seed1735,1,1,UNSATISFIABLE,UNSATISFIABLE,True,True,6386,6386,5811,5811,0.017223,0.016286,-0.0009370000000000003,True,True,True,True,True,
repeat=1|base=php_p8_h7|variant=perm_seed1736,1,php_p8_h7,perm_seed1736,1,1,UNSATISFIABLE,UNSATISFIABLE,True,True,6265,6265,5729,5729,0.018109,0.017445,-0.0006640000000000014,True,True,True,True,True,
repeat=1|base=php_p8_h7|variant=perm_seed1737,1,php_p8_h7,perm_seed1737,1,1,UNSATISFIABLE,UNSATISFIABLE,True,True,5646,5646,5224,5224,0.019835,0.01648,-0.003354999999999997,True,True,True,True,True,
repeat=1|base=php_p8_h7|variant=perm_seed1738,1,php_p8_h7,perm_seed1738,1,1,UNSATISFIABLE,UNSATISFIABLE,True,True,5875,5875,5336,5336,0.01625,0.01686,0.0006099999999999994,True,True,True,True,True,
repeat=1|base=php_p8_h7|variant=perm_seed1739,1,php_p8_h7,perm_seed1739,1,1,UNSATISFIABLE,UNSATISFIABLE,True,True,6199,6199,5714,5714,0.019231,0.018878,-0.0003530000000000026,True,True,True,True,True,
repeat=1|base=php_p8_h7|variant=perm_seed1740,1,php_p8_h7,perm_seed1740,1,1,UNSATISFIABLE,UNSATISFIABLE,True,True,5664,5664,5199,5199,0.016551,0.01657,1.9000000000001654e-05,True,True,True,True,True,
repeat=1|base=php_p8_h7|variant=perm_seed1741,1,php_p8_h7,perm_seed1741,1,1,UNSATISFIABLE,UNSATISFIABLE,True,True,6125,6125,5545,5545,0.018892,0.018558,-0.0003339999999999975,True,True,True,True,True,
repeat=1|base=php_p8_h7|variant=perm_seed1742,1,php_p8_h7,perm_seed1742,1,1,UNSATISFIABLE,UNSATISFIABLE,True,True,5850,5850,5407,5407,0.018014,0.018132,0.00011800000000000005,True,True,True,True,True,
repeat=1|base=php_p8_h7|variant=perm_seed1743,1,php_p8_h7,perm_seed1743,1,1,UNSATISFIABLE,UNSATISFIABLE,True,True,6238,6238,5695,5695,0.018313,0.017944,-0.0003689999999999978,True,True,True,True,True,
repeat=1|base=php_p8_h7|variant=perm_seed1744,1,php_p8_h7,perm_seed1744,1,1,UNSATISFIABLE,UNSATISFIABLE,True,True,6140,6140,5609,5609,0.016924,0.01757,0.0006459999999999973,True,True,True,True,True,
repeat=1|base=php_p8_h7|variant=perm_seed1745,1,php_p8_h7,perm_seed1745,1,1,UNSATISFIABLE,UNSATISFIABLE,True,True,5774,5774,5262,5262,0.018033,0.018821,0.0007880000000000005,True,True,True,True,True,
repeat=1|base=php_p9_h8|variant=base,1,php_p9_h8,base,1,1,UNSATISFIABLE,UNSATISFIABLE,True,True,46557,46557,43529,43529,0.267148,0.258166,-0.00898199999999999,True,True,True,True,True,
repeat=1|base=php_p9_h8|variant=perm_seed1730,1,php_p9_h8,perm_seed1730,1,1,UNSATISFIABLE,UNSATISFIABLE,True,True,39708,39708,36681,36681,0.180603,0.184822,0.004218999999999973,True,True,True,True,True,
repeat=1|base=php_p9_h8|variant=perm_seed1731,1,php_p9_h8,perm_seed1731,1,1,UNSATISFIABLE,UNSATISFIABLE,True,True,47177,47177,43763,43763,0.240311,0.230543,-0.009767999999999999,True,True,True,True,True,
repeat=1|base=php_p9_h8|variant=perm_seed1732,1,php_p9_h8,perm_seed1732,1,1,UNSATISFIABLE,UNSATISFIABLE,True,True,42631,42631,39886,39886,0.238109,0.233994,-0.00411499999999998,True,True,True,True,True,
repeat=1|base=php_p9_h8|variant=perm_seed1733,1,php_p9_h8,perm_seed1733,1,1,UNSATISFIABLE,UNSATISFIABLE,True,True,40549,40549,37474,37474,0.202126,0.201259,-0.0008670000000000067,True,True,True,True,True,
repeat=1|base=php_p9_h8|variant=perm_seed1734,1,php_p9_h8,perm_seed1734,1,1,UNSATISFIABLE,UNSATISFIABLE,True,True,38155,38155,35575,35575,0.198429,0.193103,-0.005325999999999997,True,True,True,True,True,
repeat=1|base=php_p9_h8|variant=perm_seed1735,1,php_p9_h8,perm_seed1735,1,1,UNSATISFIABLE,UNSATISFIABLE,True,True,38038,38038,34825,34825,0.169072,0.166851,-0.0022210000000000008,True,True,True,True,True,
repeat=1|base=php_p9_h8|variant=perm_seed1736,1,php_p9_h8,perm_seed1736,1,1,UNSATISFIABLE,UNSATISFIABLE,True,True,37635,37635,34827,34827,0.178114,0.174203,-0.003910999999999998,True,True,True,True,True,
repeat=1|base=php_p9_h8|variant=perm_seed1737,1,php_p9_h8,perm_seed1737,1,1,UNSATISFIABLE,UNSATISFIABLE,True,True,34889,34889,32493,32493,0.182256,0.182532,0.00027599999999999847,True,True,True,True,True,
repeat=1|base=php_p9_h8|variant=perm_seed1738,1,php_p9_h8,perm_seed1738,1,1,UNSATISFIABLE,UNSATISFIABLE,True,True,44410,44410,41150,41150,0.202557,0.203087,0.0005300000000000027,True,True,True,True,True,
repeat=1|base=php_p9_h8|variant=perm_seed1739,1,php_p9_h8,perm_seed1739,1,1,UNSATISFIABLE,UNSATISFIABLE,True,True,38390,38390,35458,35458,0.198756,0.1966,-0.0021559999999999913,True,True,True,True,True,
repeat=1|base=php_p9_h8|variant=perm_seed1740,1,php_p9_h8,perm_seed1740,1,1,UNSATISFIABLE,UNSATISFIABLE,True,True,45308,45308,42027,42027,0.24043,0.24059,0.00015999999999999348,True,True,True,True,True,
repeat=1|base=php_p9_h8|variant=perm_seed1741,1,php_p9_h8,perm_seed1741,1,1,UNSATISFIABLE,UNSATISFIABLE,True,True,44335,44335,41422,41422,0.252298,0.256377,0.004078999999999999,True,True,True,True,True,
repeat=1|base=php_p9_h8|variant=perm_seed1742,1,php_p9_h8,perm_seed1742,1,1,UNSATISFIABLE,UNSATISFIABLE,True,True,35433,35433,33046,33046,0.185785,0.181673,-0.0041120000000000045,True,True,True,True,True,
repeat=1|base=php_p9_h8|variant=perm_seed1743,1,php_p9_h8,perm_seed1743,1,1,UNSATISFIABLE,UNSATISFIABLE,True,True,42142,42142,39194,39194,0.20913,0.205879,-0.003251000000000004,True,True,True,True,True,
repeat=1|base=php_p9_h8|variant=perm_seed1744,1,php_p9_h8,perm_seed1744,1,1,UNSATISFIABLE,UNSATISFIABLE,True,True,38390,38390,35980,35980,0.224753,0.221539,-0.0032139999999999946,True,True,True,True,True,
repeat=1|base=php_p9_h8|variant=perm_seed1745,1,php_p9_h8,perm_seed1745,1,1,UNSATISFIABLE,UNSATISFIABLE,True,True,39580,39580,36681,36681,0.205949,0.203082,-0.0028669999999999807,True,True,True,True,True,
repeat=1|base=random_3sat_control_v100_c360_seed1931|variant=base,1,random_3sat_control_v100_c360_seed1931,base,1,1,SATISFIABLE,SATISFIABLE,True,True,39,39,9,9,0.000797,0.000822,2.5000000000000066e-05,True,True,True,True,True,
repeat=1|base=random_3sat_control_v100_c360_seed1931|variant=perm_seed1730,1,random_3sat_control_v100_c360_seed1931,perm_seed1730,1,1,SATISFIABLE,SATISFIABLE,True,True,60,60,27,27,0.000947,0.000845,-0.00010199999999999999,True,True,True,True,True,
repeat=1|base=random_3sat_control_v100_c360_seed1931|variant=perm_seed1731,1,random_3sat_control_v100_c360_seed1931,perm_seed1731,1,1,SATISFIABLE,SATISFIABLE,True,True,120,120,81,81,0.000899,0.000929,3.000000000000008e-05,True,True,True,True,True,
repeat=1|base=random_3sat_control_v100_c360_seed1931|variant=perm_seed1732,1,random_3sat_control_v100_c360_seed1931,perm_seed1732,1,1,SATISFIABLE,SATISFIABLE,True,True,183,183,148,148,0.001066,0.001073,6.999999999999845e-06,True,True,True,True,True,
repeat=1|base=random_3sat_control_v100_c360_seed1931|variant=perm_seed1733,1,random_3sat_control_v100_c360_seed1931,perm_seed1733,1,1,SATISFIABLE,SATISFIABLE,True,True,114,114,79,79,0.000901,0.001142,0.000241,True,True,True,True,True,
repeat=1|base=random_3sat_control_v100_c360_seed1931|variant=perm_seed1734,1,random_3sat_control_v100_c360_seed1931,perm_seed1734,1,1,SATISFIABLE,SATISFIABLE,True,True,72,72,38,38,0.000868,0.000845,-2.299999999999991e-05,True,True,True,True,True,
repeat=1|base=random_3sat_control_v100_c360_seed1931|variant=perm_seed1735,1,random_3sat_control_v100_c360_seed1931,perm_seed1735,1,1,SATISFIABLE,SATISFIABLE,True,True,42,42,5,5,0.000766,0.000742,-2.3999999999999933e-05,True,True,True,True,True,
repeat=1|base=random_3sat_control_v100_c360_seed1931|variant=perm_seed1736,1,random_3sat_control_v100_c360_seed1931,perm_seed1736,1,1,SATISFIABLE,SATISFIABLE,True,True,34,34,6,6,0.000746,0.000757,1.0999999999999942e-05,True,True,True,True,True,
repeat=1|base=random_3sat_control_v100_c360_seed1931|variant=perm_seed1737,1,random_3sat_control_v100_c360_seed1931,perm_seed1737,1,1,SATISFIABLE,SATISFIABLE,True,True,29,29,2,2,0.000784,0.000741,-4.299999999999996e-05,True,True,True,True,True,
repeat=1|base=random_3sat_control_v100_c360_seed1931|variant=perm_seed1738,1,random_3sat_control_v100_c360_seed1931,perm_seed1738,1,1,SATISFIABLE,SATISFIABLE,True,True,47,47,21,21,0.000795,0.000832,3.6999999999999924e-05,True,True,True,True,True,
repeat=1|base=random_3sat_control_v100_c360_seed1931|variant=perm_seed1739,1,random_3sat_control_v100_c360_seed1931,perm_seed1739,1,1,SATISFIABLE,SATISFIABLE,True,True,30,30,2,2,0.000706,0.000819,0.00011299999999999993,True,True,True,True,True,
repeat=1|base=random_3sat_control_v100_c360_seed1931|variant=perm_seed1740,1,random_3sat_control_v100_c360_seed1931,perm_seed1740,1,1,SATISFIABLE,SATISFIABLE,True,True,89,89,56,56,0.000869,0.000907,3.8000000000000056e-05,True,True,True,True,True,
repeat=1|base=random_3sat_control_v100_c360_seed1931|variant=perm_seed1741,1,random_3sat_control_v100_c360_seed1931,perm_seed1741,1,1,SATISFIABLE,SATISFIABLE,True,True,48,48,16,16,0.000926,0.000843,-8.299999999999996e-05,True,True,True,True,True,
repeat=1|base=random_3sat_control_v100_c360_seed1931|variant=perm_seed1742,1,random_3sat_control_v100_c360_seed1931,perm_seed1742,1,1,SATISFIABLE,SATISFIABLE,True,True,30,30,5,5,0.000919,0.000765,-0.00015400000000000006,True,True,True,True,True,
repeat=1|base=random_3sat_control_v100_c360_seed1931|variant=perm_seed1743,1,random_3sat_control_v100_c360_seed1931,perm_seed1743,1,1,SATISFIABLE,SATISFIABLE,True,True,49,49,16,16,0.000801,0.000814,1.3000000000000099e-05,True,True,True,True,True,
repeat=1|base=random_3sat_control_v100_c360_seed1931|variant=perm_seed1744,1,random_3sat_control_v100_c360_seed1931,perm_seed1744,1,1,SATISFIABLE,SATISFIABLE,True,True,72,72,32,32,0.000756,0.000896,0.00013999999999999993,True,True,True,True,True,
repeat=1|base=random_3sat_control_v100_c360_seed1931|variant=perm_seed1745,1,random_3sat_control_v100_c360_seed1931,perm_seed1745,1,1,SATISFIABLE,SATISFIABLE,True,True,39,39,19,19,0.000782,0.000909,0.00012699999999999994,True,True,True,True,True,
repeat=1|base=random_3sat_control_v100_c425_seed1932|variant=base,1,random_3sat_control_v100_c425_seed1932,base,1,1,UNSATISFIABLE,UNSATISFIABLE,True,True,1295,1295,1100,1100,0.003468,0.003727,0.0002589999999999997,True,True,True,True,True,
repeat=1|base=random_3sat_control_v100_c425_seed1932|variant=perm_seed1730,1,random_3sat_control_v100_c425_seed1932,perm_seed1730,1,1,UNSATISFIABLE,UNSATISFIABLE,True,True,924,924,801,801,0.002468,0.002433,-3.500000000000031e-05,True,True,True,True,True,
repeat=1|base=random_3sat_control_v100_c425_seed1932|variant=perm_seed1731,1,random_3sat_control_v100_c425_seed1932,perm_seed1731,1,1,UNSATISFIABLE,UNSATISFIABLE,True,True,1368,1368,1209,1209,0.003778,0.003768,-1.0000000000000026e-05,True,True,True,True,True,
repeat=1|base=random_3sat_control_v100_c425_seed1932|variant=perm_seed1732,1,random_3sat_control_v100_c425_seed1932,perm_seed1732,1,1,UNSATISFIABLE,UNSATISFIABLE,True,True,889,889,751,751,0.002315,0.002601,0.00028600000000000023,True,True,True,True,True,
repeat=1|base=random_3sat_control_v100_c425_seed1932|variant=perm_seed1733,1,random_3sat_control_v100_c425_seed1932,perm_seed1733,1,1,UNSATISFIABLE,UNSATISFIABLE,True,True,1248,1248,1070,1070,0.003202,0.003183,-1.899999999999992e-05,True,True,True,True,True,
repeat=1|base=random_3sat_control_v100_c425_seed1932|variant=perm_seed1734,1,random_3sat_control_v100_c425_seed1932,perm_seed1734,1,1,UNSATISFIABLE,UNSATISFIABLE,True,True,815,815,686,686,0.002129,0.002164,3.500000000000031e-05,True,True,True,True,True,
repeat=1|base=random_3sat_control_v100_c425_seed1932|variant=perm_seed1735,1,random_3sat_control_v100_c425_seed1932,perm_seed1735,1,1,UNSATISFIABLE,UNSATISFIABLE,True,True,1114,1114,958,958,0.0029,0.003115,0.00021500000000000035,True,True,True,True,True,
repeat=1|base=random_3sat_control_v100_c425_seed1932|variant=perm_seed1736,1,random_3sat_control_v100_c425_seed1932,perm_seed1736,1,1,UNSATISFIABLE,UNSATISFIABLE,True,True,1068,1068,936,936,0.002949,0.003133,0.00018400000000000014,True,True,True,True,True,
repeat=1|base=random_3sat_control_v100_c425_seed1932|variant=perm_seed1737,1,random_3sat_control_v100_c425_seed1932,perm_seed1737,1,1,UNSATISFIABLE,UNSATISFIABLE,True,True,1265,1265,1083,1083,0.003354,0.003299,-5.500000000000036e-05,True,True,True,True,True,
repeat=1|base=random_3sat_control_v100_c425_seed1932|variant=perm_seed1738,1,random_3sat_control_v100_c425_seed1932,perm_seed1738,1,1,UNSATISFIABLE,UNSATISFIABLE,True,True,995,995,860,860,0.002607,0.002696,8.90000000000001e-05,True,True,True,True,True,
repeat=1|base=random_3sat_control_v100_c425_seed1932|variant=perm_seed1739,1,random_3sat_control_v100_c425_seed1932,perm_seed1739,1,1,UNSATISFIABLE,UNSATISFIABLE,True,True,1222,1222,1057,1057,0.003144,0.003109,-3.500000000000031e-05,True,True,True,True,True,
repeat=1|base=random_3sat_control_v100_c425_seed1932|variant=perm_seed1740,1,random_3sat_control_v100_c425_seed1932,perm_seed1740,1,1,UNSATISFIABLE,UNSATISFIABLE,True,True,1232,1232,1053,1053,0.00354,0.003754,0.00021399999999999978,True,True,True,True,True,
repeat=1|base=random_3sat_control_v100_c425_seed1932|variant=perm_seed1741,1,random_3sat_control_v100_c425_seed1932,perm_seed1741,1,1,UNSATISFIABLE,UNSATISFIABLE,True,True,1256,1256,1113,1113,0.003576,0.003415,-0.00016100000000000012,True,True,True,True,True,
repeat=1|base=random_3sat_control_v100_c425_seed1932|variant=perm_seed1742,1,random_3sat_control_v100_c425_seed1932,perm_seed1742,1,1,UNSATISFIABLE,UNSATISFIABLE,True,True,1404,1404,1195,1195,0.003899,0.003567,-0.00033200000000000026,True,True,True,True,True,
repeat=1|base=random_3sat_control_v100_c425_seed1932|variant=perm_seed1743,1,random_3sat_control_v100_c425_seed1932,perm_seed1743,1,1,UNSATISFIABLE,UNSATISFIABLE,True,True,1514,1514,1318,1318,0.004029,0.004055,2.599999999999998e-05,True,True,True,True,True,
repeat=1|base=random_3sat_control_v100_c425_seed1932|variant=perm_seed1744,1,random_3sat_control_v100_c425_seed1932,perm_seed1744,1,1,UNSATISFIABLE,UNSATISFIABLE,True,True,865,865,716,716,0.002306,0.002398,9.200000000000007e-05,True,True,True,True,True,
repeat=1|base=random_3sat_control_v100_c425_seed1932|variant=perm_seed1745,1,random_3sat_control_v100_c425_seed1932,perm_seed1745,1,1,UNSATISFIABLE,UNSATISFIABLE,True,True,805,805,716,716,0.00233,0.002304,-2.599999999999998e-05,True,True,True,True,True,
repeat=1|base=random_3sat_control_v100_c600_seed1914|variant=base,1,random_3sat_control_v100_c600_seed1914,base,1,1,UNSATISFIABLE,UNSATISFIABLE,True,True,178,178,148,148,0.001024,0.001036,1.2000000000000075e-05,True,True,True,True,True,
repeat=1|base=random_3sat_control_v100_c600_seed1914|variant=perm_seed1730,1,random_3sat_control_v100_c600_seed1914,perm_seed1730,1,1,UNSATISFIABLE,UNSATISFIABLE,True,True,327,327,284,284,0.001376,0.001344,-3.200000000000013e-05,True,True,True,True,True,
repeat=1|base=random_3sat_control_v100_c600_seed1914|variant=perm_seed1731,1,random_3sat_control_v100_c600_seed1914,perm_seed1731,1,1,UNSATISFIABLE,UNSATISFIABLE,True,True,250,250,203,203,0.001225,0.001176,-4.9e-05,True,True,True,True,True,
repeat=1|base=random_3sat_control_v100_c600_seed1914|variant=perm_seed1732,1,random_3sat_control_v100_c600_seed1914,perm_seed1732,1,1,UNSATISFIABLE,UNSATISFIABLE,True,True,176,176,152,152,0.001007,0.001095,8.799999999999997e-05,True,True,True,True,True,
repeat=1|base=random_3sat_control_v100_c600_seed1914|variant=perm_seed1733,1,random_3sat_control_v100_c600_seed1914,perm_seed1733,1,1,UNSATISFIABLE,UNSATISFIABLE,True,True,283,283,255,255,0.001232,0.001249,1.699999999999987e-05,True,True,True,True,True,
repeat=1|base=random_3sat_control_v100_c600_seed1914|variant=perm_seed1734,1,random_3sat_control_v100_c600_seed1914,perm_seed1734,1,1,UNSATISFIABLE,UNSATISFIABLE,True,True,197,197,171,171,0.001097,0.001085,-1.2000000000000075e-05,True,True,True,True,True,
repeat=1|base=random_3sat_control_v100_c600_seed1914|variant=perm_seed1735,1,random_3sat_control_v100_c600_seed1914,perm_seed1735,1,1,UNSATISFIABLE,UNSATISFIABLE,True,True,124,124,110,110,0.000988,0.000995,7.000000000000062e-06,True,True,True,True,True,
repeat=1|base=random_3sat_control_v100_c600_seed1914|variant=perm_seed1736,1,random_3sat_control_v100_c600_seed1914,perm_seed1736,1,1,UNSATISFIABLE,UNSATISFIABLE,True,True,194,194,166,166,0.001099,0.001079,-1.9999999999999836e-05,True,True,True,True,True,
repeat=1|base=random_3sat_control_v100_c600_seed1914|variant=perm_seed1737,1,random_3sat_control_v100_c600_seed1914,perm_seed1737,1,1,UNSATISFIABLE,UNSATISFIABLE,True,True,172,172,150,150,0.001027,0.001089,6.199999999999999e-05,True,True,True,True,True,
repeat=1|base=random_3sat_control_v100_c600_seed1914|variant=perm_seed1738,1,random_3sat_control_v100_c600_seed1914,perm_seed1738,1,1,UNSATISFIABLE,UNSATISFIABLE,True,True,189,189,173,173,0.001094,0.001213,0.00011900000000000018,True,True,True,True,True,
repeat=1|base=random_3sat_control_v100_c600_seed1914|variant=perm_seed1739,1,random_3sat_control_v100_c600_seed1914,perm_seed1739,1,1,UNSATISFIABLE,UNSATISFIABLE,True,True,190,190,161,161,0.00128,0.00117,-0.00011000000000000007,True,True,True,True,True,
repeat=1|base=random_3sat_control_v100_c600_seed1914|variant=perm_seed1740,1,random_3sat_control_v100_c600_seed1914,perm_seed1740,1,1,UNSATISFIABLE,UNSATISFIABLE,True,True,231,231,201,201,0.001129,0.001184,5.499999999999993e-05,True,True,True,True,True,
repeat=1|base=random_3sat_control_v100_c600_seed1914|variant=perm_seed1741,1,random_3sat_control_v100_c600_seed1914,perm_seed1741,1,1,UNSATISFIABLE,UNSATISFIABLE,True,True,193,193,168,168,0.001159,0.001083,-7.600000000000011e-05,True,True,True,True,True,
repeat=1|base=random_3sat_control_v100_c600_seed1914|variant=perm_seed1742,1,random_3sat_control_v100_c600_seed1914,perm_seed1742,1,1,UNSATISFIABLE,UNSATISFIABLE,True,True,182,182,157,157,0.001097,0.001192,9.499999999999982e-05,True,True,True,True,True,
repeat=1|base=random_3sat_control_v100_c600_seed1914|variant=perm_seed1743,1,random_3sat_control_v100_c600_seed1914,perm_seed1743,1,1,UNSATISFIABLE,UNSATISFIABLE,True,True,130,130,109,109,0.001037,0.001091,5.400000000000001e-05,True,True,True,True,True,
repeat=1|base=random_3sat_control_v100_c600_seed1914|variant=perm_seed1744,1,random_3sat_control_v100_c600_seed1914,perm_seed1744,1,1,UNSATISFIABLE,UNSATISFIABLE,True,True,215,215,193,193,0.001275,0.001102,-0.0001730000000000002,True,True,True,True,True,
repeat=1|base=random_3sat_control_v100_c600_seed1914|variant=perm_seed1745,1,random_3sat_control_v100_c600_seed1914,perm_seed1745,1,1,UNSATISFIABLE,UNSATISFIABLE,True,True,153,153,133,133,0.001054,0.001063,8.999999999999894e-06,True,True,True,True,True,
repeat=1|base=random_3sat_control_v120_c420_seed1933|variant=base,1,random_3sat_control_v120_c420_seed1933,base,1,1,SATISFIABLE,SATISFIABLE,True,True,135,135,79,79,0.000859,0.000956,9.700000000000008e-05,True,True,True,True,True,
repeat=1|base=random_3sat_control_v120_c420_seed1933|variant=perm_seed1730,1,random_3sat_control_v120_c420_seed1933,perm_seed1730,1,1,SATISFIABLE,SATISFIABLE,True,True,52,52,12,12,0.000775,0.000782,7.000000000000062e-06,True,True,True,True,True,
repeat=1|base=random_3sat_control_v120_c420_seed1933|variant=perm_seed1731,1,random_3sat_control_v120_c420_seed1933,perm_seed1731,1,1,SATISFIABLE,SATISFIABLE,True,True,192,192,126,126,0.001036,0.001091,5.499999999999993e-05,True,True,True,True,True,
repeat=1|base=random_3sat_control_v120_c420_seed1933|variant=perm_seed1732,1,random_3sat_control_v120_c420_seed1933,perm_seed1732,1,1,SATISFIABLE,SATISFIABLE,True,True,36,36,0,0,0.00073,0.000742,1.2000000000000075e-05,True,True,True,True,True,
repeat=1|base=random_3sat_control_v120_c420_seed1933|variant=perm_seed1733,1,random_3sat_control_v120_c420_seed1933,perm_seed1733,1,1,SATISFIABLE,SATISFIABLE,True,True,38,38,5,5,0.000732,0.000751,1.9000000000000028e-05,True,True,True,True,True,
repeat=1|base=random_3sat_control_v120_c420_seed1933|variant=perm_seed1734,1,random_3sat_control_v120_c420_seed1933,perm_seed1734,1,1,SATISFIABLE,SATISFIABLE,True,True,138,138,90,90,0.001137,0.001118,-1.899999999999992e-05,True,True,True,True,True,
repeat=1|base=random_3sat_control_v120_c420_seed1933|variant=perm_seed1735,1,random_3sat_control_v120_c420_seed1933,perm_seed1735,1,1,SATISFIABLE,SATISFIABLE,True,True,32,32,0,0,0.000858,0.000913,5.499999999999993e-05,True,True,True,True,True,
repeat=1|base=random_3sat_control_v120_c420_seed1933|variant=perm_seed1736,1,random_3sat_control_v120_c420_seed1933,perm_seed1736,1,1,SATISFIABLE,SATISFIABLE,True,True,30,30,6,6,0.000899,0.000951,5.200000000000007e-05,True,True,True,True,True,
repeat=1|base=random_3sat_control_v120_c420_seed1933|variant=perm_seed1737,1,random_3sat_control_v120_c420_seed1933,perm_seed1737,1,1,SATISFIABLE,SATISFIABLE,True,True,56,56,24,24,0.000925,0.000874,-5.100000000000005e-05,True,True,True,True,True,
repeat=1|base=random_3sat_control_v120_c420_seed1933|variant=perm_seed1738,1,random_3sat_control_v120_c420_seed1933,perm_seed1738,1,1,SATISFIABLE,SATISFIABLE,True,True,37,37,0,0,0.000952,0.000891,-6.100000000000007e-05,True,True,True,True,True,
repeat=1|base=random_3sat_control_v120_c420_seed1933|variant=perm_seed1739,1,random_3sat_control_v120_c420_seed1933,perm_seed1739,1,1,SATISFIABLE,SATISFIABLE,True,True,39,39,1,1,0.000832,0.000846,1.4000000000000015e-05,True,True,True,True,True,
repeat=1|base=random_3sat_control_v120_c420_seed1933|variant=perm_seed1740,1,random_3sat_control_v120_c420_seed1933,perm_seed1740,1,1,SATISFIABLE,SATISFIABLE,True,True,31,31,1,1,0.000796,0.000843,4.699999999999995e-05,True,True,True,True,True,
repeat=1|base=random_3sat_control_v120_c420_seed1933|variant=perm_seed1741,1,random_3sat_control_v120_c420_seed1933,perm_seed1741,1,1,SATISFIABLE,SATISFIABLE,True,True,111,111,57,57,0.000893,0.001027,0.0001339999999999999,True,True,True,True,True,
repeat=1|base=random_3sat_control_v120_c420_seed1933|variant=perm_seed1742,1,random_3sat_control_v120_c420_seed1933,perm_seed1742,1,1,SATISFIABLE,SATISFIABLE,True,True,33,33,10,10,0.000981,0.000794,-0.0001870000000000001,True,True,True,True,True,
repeat=1|base=random_3sat_control_v120_c420_seed1933|variant=perm_seed1743,1,random_3sat_control_v120_c420_seed1933,perm_seed1743,1,1,SATISFIABLE,SATISFIABLE,True,True,72,72,25,25,0.000922,0.000863,-5.8999999999999916e-05,True,True,True,True,True,
repeat=1|base=random_3sat_control_v120_c420_seed1933|variant=perm_seed1744,1,random_3sat_control_v120_c420_seed1933,perm_seed1744,1,1,SATISFIABLE,SATISFIABLE,True,True,86,86,33,33,0.001091,0.000894,-0.0001969999999999999,True,True,True,True,True,
repeat=1|base=random_3sat_control_v120_c420_seed1933|variant=perm_seed1745,1,random_3sat_control_v120_c420_seed1933,perm_seed1745,1,1,SATISFIABLE,SATISFIABLE,True,True,42,42,4,4,0.000841,0.000805,-3.59999999999999e-05,True,True,True,True,True,
repeat=1|base=random_3sat_control_v120_c510_seed1934|variant=base,1,random_3sat_control_v120_c510_seed1934,base,1,1,SATISFIABLE,SATISFIABLE,True,True,243,243,196,196,0.001252,0.001299,4.699999999999995e-05,True,True,True,True,True,
repeat=1|base=random_3sat_control_v120_c510_seed1934|variant=perm_seed1730,1,random_3sat_control_v120_c510_seed1934,perm_seed1730,1,1,SATISFIABLE,SATISFIABLE,True,True,780,780,644,644,0.002438,0.002801,0.00036300000000000004,True,True,True,True,True,
repeat=1|base=random_3sat_control_v120_c510_seed1934|variant=perm_seed1731,1,random_3sat_control_v120_c510_seed1934,perm_seed1731,1,1,SATISFIABLE,SATISFIABLE,True,True,758,758,654,654,0.002583,0.002466,-0.00011699999999999992,True,True,True,True,True,
repeat=1|base=random_3sat_control_v120_c510_seed1934|variant=perm_seed1732,1,random_3sat_control_v120_c510_seed1934,perm_seed1732,1,1,SATISFIABLE,SATISFIABLE,True,True,1356,1356,1182,1182,0.003863,0.004012,0.00014899999999999983,True,True,True,True,True,
repeat=1|base=random_3sat_control_v120_c510_seed1934|variant=perm_seed1733,1,random_3sat_control_v120_c510_seed1934,perm_seed1733,1,1,SATISFIABLE,SATISFIABLE,True,True,613,613,519,519,0.002224,0.002153,-7.099999999999988e-05,True,True,True,True,True,
repeat=1|base=random_3sat_control_v120_c510_seed1934|variant=perm_seed1734,1,random_3sat_control_v120_c510_seed1934,perm_seed1734,1,1,SATISFIABLE,SATISFIABLE,True,True,1348,1348,1164,1164,0.003919,0.004003,8.399999999999987e-05,True,True,True,True,True,
repeat=1|base=random_3sat_control_v120_c510_seed1934|variant=perm_seed1735,1,random_3sat_control_v120_c510_seed1934,perm_seed1735,1,1,SATISFIABLE,SATISFIABLE,True,True,923,923,763,763,0.002962,0.002826,-0.00013599999999999984,True,True,True,True,True,
repeat=1|base=random_3sat_control_v120_c510_seed1934|variant=perm_seed1736,1,random_3sat_control_v120_c510_seed1934,perm_seed1736,1,1,SATISFIABLE,SATISFIABLE,True,True,316,316,239,239,0.001376,0.001339,-3.700000000000014e-05,True,True,True,True,True,
repeat=1|base=random_3sat_control_v120_c510_seed1934|variant=perm_seed1737,1,random_3sat_control_v120_c510_seed1934,perm_seed1737,1,1,SATISFIABLE,SATISFIABLE,True,True,1069,1069,900,900,0.003068,0.002996,-7.200000000000002e-05,True,True,True,True,True,
repeat=1|base=random_3sat_control_v120_c510_seed1934|variant=perm_seed1738,1,random_3sat_control_v120_c510_seed1934,perm_seed1738,1,1,SATISFIABLE,SATISFIABLE,True,True,1313,1313,1140,1140,0.003624,0.003673,4.9e-05,True,True,True,True,True,
repeat=1|base=random_3sat_control_v120_c510_seed1934|variant=perm_seed1739,1,random_3sat_control_v120_c510_seed1934,perm_seed1739,1,1,SATISFIABLE,SATISFIABLE,True,True,1230,1230,1051,1051,0.003363,0.003418,5.499999999999993e-05,True,True,True,True,True,
repeat=1|base=random_3sat_control_v120_c510_seed1934|variant=perm_seed1740,1,random_3sat_control_v120_c510_seed1934,perm_seed1740,1,1,SATISFIABLE,SATISFIABLE,True,True,741,741,619,619,0.002283,0.002361,7.799999999999994e-05,True,True,True,True,True,
repeat=1|base=random_3sat_control_v120_c510_seed1934|variant=perm_seed1741,1,random_3sat_control_v120_c510_seed1934,perm_seed1741,1,1,SATISFIABLE,SATISFIABLE,True,True,854,854,708,708,0.002457,0.002614,0.00015700000000000002,True,True,True,True,True,
repeat=1|base=random_3sat_control_v120_c510_seed1934|variant=perm_seed1742,1,random_3sat_control_v120_c510_seed1934,perm_seed1742,1,1,SATISFIABLE,SATISFIABLE,True,True,807,807,686,686,0.00242,0.002503,8.300000000000017e-05,True,True,True,True,True,
repeat=1|base=random_3sat_control_v120_c510_seed1934|variant=perm_seed1743,1,random_3sat_control_v120_c510_seed1934,perm_seed1743,1,1,SATISFIABLE,SATISFIABLE,True,True,1021,1021,858,858,0.003019,0.003221,0.00020199999999999992,True,True,True,True,True,
repeat=1|base=random_3sat_control_v120_c510_seed1934|variant=perm_seed1744,1,random_3sat_control_v120_c510_seed1934,perm_seed1744,1,1,SATISFIABLE,SATISFIABLE,True,True,440,440,352,352,0.001694,0.001706,1.2000000000000075e-05,True,True,True,True,True,
repeat=1|base=random_3sat_control_v120_c510_seed1934|variant=perm_seed1745,1,random_3sat_control_v120_c510_seed1934,perm_seed1745,1,1,SATISFIABLE,SATISFIABLE,True,True,682,682,589,589,0.002287,0.00227,-1.7000000000000088e-05,True,True,True,True,True,
repeat=1|base=random_3sat_control_v140_c595_seed1935|variant=base,1,random_3sat_control_v140_c595_seed1935,base,1,1,UNSATISFIABLE,UNSATISFIABLE,True,True,3075,3075,2591,2591,0.008552,0.008836,0.00028399999999999953,True,True,True,True,True,
repeat=1|base=random_3sat_control_v140_c595_seed1935|variant=perm_seed1730,1,random_3sat_control_v140_c595_seed1935,perm_seed1730,1,1,UNSATISFIABLE,UNSATISFIABLE,True,True,4309,4309,3607,3607,0.013404,0.01487,0.0014660000000000003,True,True,True,True,True,
repeat=1|base=random_3sat_control_v140_c595_seed1935|variant=perm_seed1731,1,random_3sat_control_v140_c595_seed1935,perm_seed1731,1,1,UNSATISFIABLE,UNSATISFIABLE,True,True,4589,4589,3950,3950,0.014955,0.014474,-0.0004809999999999988,True,True,True,True,True,
repeat=1|base=random_3sat_control_v140_c595_seed1935|variant=perm_seed1732,1,random_3sat_control_v140_c595_seed1935,perm_seed1732,1,1,UNSATISFIABLE,UNSATISFIABLE,True,True,3477,3477,2986,2986,0.010598,0.01074,0.00014199999999999977,True,True,True,True,True,
repeat=1|base=random_3sat_control_v140_c595_seed1935|variant=perm_seed1733,1,random_3sat_control_v140_c595_seed1935,perm_seed1733,1,1,UNSATISFIABLE,UNSATISFIABLE,True,True,3288,3288,2769,2769,0.008613,0.008601,-1.2000000000001593e-05,True,True,True,True,True,
repeat=1|base=random_3sat_control_v140_c595_seed1935|variant=perm_seed1734,1,random_3sat_control_v140_c595_seed1935,perm_seed1734,1,1,UNSATISFIABLE,UNSATISFIABLE,True,True,3521,3521,2997,2997,0.009842,0.009923,8.099999999999948e-05,True,True,True,True,True,
repeat=1|base=random_3sat_control_v140_c595_seed1935|variant=perm_seed1735,1,random_3sat_control_v140_c595_seed1935,perm_seed1735,1,1,UNSATISFIABLE,UNSATISFIABLE,True,True,3414,3414,2941,2941,0.009971,0.010044,7.300000000000015e-05,True,True,True,True,True,
repeat=1|base=random_3sat_control_v140_c595_seed1935|variant=perm_seed1736,1,random_3sat_control_v140_c595_seed1935,perm_seed1736,1,1,UNSATISFIABLE,UNSATISFIABLE,True,True,3531,3531,3024,3024,0.01022,0.010564,0.00034400000000000056,True,True,True,True,True,
repeat=1|base=random_3sat_control_v140_c595_seed1935|variant=perm_seed1737,1,random_3sat_control_v140_c595_seed1935,perm_seed1737,1,1,UNSATISFIABLE,UNSATISFIABLE,True,True,3490,3490,2973,2973,0.010166,0.010655,0.0004889999999999999,True,True,True,True,True,
repeat=1|base=random_3sat_control_v140_c595_seed1935|variant=perm_seed1738,1,random_3sat_control_v140_c595_seed1935,perm_seed1738,1,1,UNSATISFIABLE,UNSATISFIABLE,True,True,3180,3180,2682,2682,0.009343,0.009986,0.0006429999999999995,True,True,True,True,True,
repeat=1|base=random_3sat_control_v140_c595_seed1935|variant=perm_seed1739,1,random_3sat_control_v140_c595_seed1935,perm_seed1739,1,1,UNSATISFIABLE,UNSATISFIABLE,True,True,3928,3928,3329,3329,0.011273,0.011189,-8.400000000000074e-05,True,True,True,True,True,
repeat=1|base=random_3sat_control_v140_c595_seed1935|variant=perm_seed1740,1,random_3sat_control_v140_c595_seed1935,perm_seed1740,1,1,UNSATISFIABLE,UNSATISFIABLE,True,True,2789,2789,2362,2362,0.00829,0.008892,0.0006020000000000001,True,True,True,True,True,
repeat=1|base=random_3sat_control_v140_c595_seed1935|variant=perm_seed1741,1,random_3sat_control_v140_c595_seed1935,perm_seed1741,1,1,UNSATISFIABLE,UNSATISFIABLE,True,True,3699,3699,3145,3145,0.012039,0.011368,-0.0006709999999999997,True,True,True,True,True,
repeat=1|base=random_3sat_control_v140_c595_seed1935|variant=perm_seed1742,1,random_3sat_control_v140_c595_seed1935,perm_seed1742,1,1,UNSATISFIABLE,UNSATISFIABLE,True,True,2994,2994,2540,2540,0.008898,0.009141,0.00024300000000000016,True,True,True,True,True,
repeat=1|base=random_3sat_control_v140_c595_seed1935|variant=perm_seed1743,1,random_3sat_control_v140_c595_seed1935,perm_seed1743,1,1,UNSATISFIABLE,UNSATISFIABLE,True,True,3045,3045,2579,2579,0.008952,0.008991,3.900000000000084e-05,True,True,True,True,True,
repeat=1|base=random_3sat_control_v140_c595_seed1935|variant=perm_seed1744,1,random_3sat_control_v140_c595_seed1935,perm_seed1744,1,1,UNSATISFIABLE,UNSATISFIABLE,True,True,3721,3721,3205,3205,0.010931,0.011427,0.0004959999999999999,True,True,True,True,True,
repeat=1|base=random_3sat_control_v140_c595_seed1935|variant=perm_seed1745,1,random_3sat_control_v140_c595_seed1935,perm_seed1745,1,1,UNSATISFIABLE,UNSATISFIABLE,True,True,3463,3463,2976,2976,0.010953,0.011053,0.00010000000000000113,True,True,True,True,True,
repeat=1|base=random_3sat_control_v150_c525_seed1936|variant=base,1,random_3sat_control_v150_c525_seed1936,base,1,1,SATISFIABLE,SATISFIABLE,True,True,52,52,3,3,0.000929,0.000833,-9.600000000000006e-05,True,True,True,True,True,
repeat=1|base=random_3sat_control_v150_c525_seed1936|variant=perm_seed1730,1,random_3sat_control_v150_c525_seed1936,perm_seed1730,1,1,SATISFIABLE,SATISFIABLE,True,True,36,36,1,1,0.000864,0.000999,0.00013500000000000014,True,True,True,True,True,
repeat=1|base=random_3sat_control_v150_c525_seed1936|variant=perm_seed1731,1,random_3sat_control_v150_c525_seed1936,perm_seed1731,1,1,SATISFIABLE,SATISFIABLE,True,True,64,64,17,17,0.000956,0.000949,-7.000000000000062e-06,True,True,True,True,True,
repeat=1|base=random_3sat_control_v150_c525_seed1936|variant=perm_seed1732,1,random_3sat_control_v150_c525_seed1936,perm_seed1732,1,1,SATISFIABLE,SATISFIABLE,True,True,66,66,17,17,0.000864,0.000843,-2.099999999999997e-05,True,True,True,True,True,
repeat=1|base=random_3sat_control_v150_c525_seed1936|variant=perm_seed1733,1,random_3sat_control_v150_c525_seed1936,perm_seed1733,1,1,SATISFIABLE,SATISFIABLE,True,True,89,89,36,36,0.000912,0.000917,4.999999999999905e-06,True,True,True,True,True,
repeat=1|base=random_3sat_control_v150_c525_seed1936|variant=perm_seed1734,1,random_3sat_control_v150_c525_seed1936,perm_seed1734,1,1,SATISFIABLE,SATISFIABLE,True,True,40,40,5,5,0.000838,0.000849,1.100000000000005e-05,True,True,True,True,True,
repeat=1|base=random_3sat_control_v150_c525_seed1936|variant=perm_seed1735,1,random_3sat_control_v150_c525_seed1936,perm_seed1735,1,1,SATISFIABLE,SATISFIABLE,True,True,177,177,116,116,0.001045,0.001145,0.00010000000000000005,True,True,True,True,True,
repeat=1|base=random_3sat_control_v150_c525_seed1936|variant=perm_seed1736,1,random_3sat_control_v150_c525_seed1936,perm_seed1736,1,1,SATISFIABLE,SATISFIABLE,True,True,71,71,22,22,0.000892,0.000965,7.300000000000004e-05,True,True,True,True,True,
repeat=1|base=random_3sat_control_v150_c525_seed1936|variant=perm_seed1737,1,random_3sat_control_v150_c525_seed1936,perm_seed1737,1,1,SATISFIABLE,SATISFIABLE,True,True,116,116,61,61,0.00093,0.001118,0.00018800000000000002,True,True,True,True,True,
repeat=1|base=random_3sat_control_v150_c525_seed1936|variant=perm_seed1738,1,random_3sat_control_v150_c525_seed1936,perm_seed1738,1,1,SATISFIABLE,SATISFIABLE,True,True,72,72,26,26,0.001159,0.000972,-0.0001870000000000001,True,True,True,True,True,
repeat=1|base=random_3sat_control_v150_c525_seed1936|variant=perm_seed1739,1,random_3sat_control_v150_c525_seed1936,perm_seed1739,1,1,SATISFIABLE,SATISFIABLE,True,True,184,184,126,126,0.001818,0.001247,-0.0005709999999999999,True,True,True,True,True,
repeat=1|base=random_3sat_control_v150_c525_seed1936|variant=perm_seed1740,1,random_3sat_control_v150_c525_seed1936,perm_seed1740,1,1,SATISFIABLE,SATISFIABLE,True,True,81,81,31,31,0.00092,0.001061,0.00014100000000000007,True,True,True,True,True,
repeat=1|base=random_3sat_control_v150_c525_seed1936|variant=perm_seed1741,1,random_3sat_control_v150_c525_seed1936,perm_seed1741,1,1,SATISFIABLE,SATISFIABLE,True,True,135,135,71,71,0.001065,0.00109,2.5000000000000066e-05,True,True,True,True,True,
repeat=1|base=random_3sat_control_v150_c525_seed1936|variant=perm_seed1742,1,random_3sat_control_v150_c525_seed1936,perm_seed1742,1,1,SATISFIABLE,SATISFIABLE,True,True,60,60,14,14,0.000866,0.000903,3.700000000000003e-05,True,True,True,True,True,
repeat=1|base=random_3sat_control_v150_c525_seed1936|variant=perm_seed1743,1,random_3sat_control_v150_c525_seed1936,perm_seed1743,1,1,SATISFIABLE,SATISFIABLE,True,True,179,179,124,124,0.001091,0.001232,0.00014100000000000007,True,True,True,True,True,
repeat=1|base=random_3sat_control_v150_c525_seed1936|variant=perm_seed1744,1,random_3sat_control_v150_c525_seed1936,perm_seed1744,1,1,SATISFIABLE,SATISFIABLE,True,True,141,141,98,98,0.001195,0.001128,-6.7e-05,True,True,True,True,True,
repeat=1|base=random_3sat_control_v150_c525_seed1936|variant=perm_seed1745,1,random_3sat_control_v150_c525_seed1936,perm_seed1745,1,1,SATISFIABLE,SATISFIABLE,True,True,53,53,11,11,0.000859,0.00084,-1.899999999999992e-05,True,True,True,True,True,
repeat=1|base=random_3sat_control_v150_c638_seed1937|variant=base,1,random_3sat_control_v150_c638_seed1937,base,1,1,SATISFIABLE,SATISFIABLE,True,True,4053,4053,3484,3484,0.011866,0.012001,0.0001349999999999997,True,True,True,True,True,
repeat=1|base=random_3sat_control_v150_c638_seed1937|variant=perm_seed1730,1,random_3sat_control_v150_c638_seed1937,perm_seed1730,1,1,SATISFIABLE,SATISFIABLE,True,True,4404,4404,3807,3807,0.01369,0.014168,0.00047799999999999926,True,True,True,True,True,
repeat=1|base=random_3sat_control_v150_c638_seed1937|variant=perm_seed1731,1,random_3sat_control_v150_c638_seed1937,perm_seed1731,1,1,SATISFIABLE,SATISFIABLE,True,True,4759,4759,4083,4083,0.016067,0.016297,0.00022999999999999757,True,True,True,True,True,
repeat=1|base=random_3sat_control_v150_c638_seed1937|variant=perm_seed1732,1,random_3sat_control_v150_c638_seed1937,perm_seed1732,1,1,SATISFIABLE,SATISFIABLE,True,True,771,771,634,634,0.002688,0.002584,-0.00010399999999999993,True,True,True,True,True,
repeat=1|base=random_3sat_control_v150_c638_seed1937|variant=perm_seed1733,1,random_3sat_control_v150_c638_seed1937,perm_seed1733,1,1,SATISFIABLE,SATISFIABLE,True,True,1063,1063,885,885,0.003633,0.00347,-0.00016299999999999995,True,True,True,True,True,
repeat=1|base=random_3sat_control_v150_c638_seed1937|variant=perm_seed1734,1,random_3sat_control_v150_c638_seed1937,perm_seed1734,1,1,SATISFIABLE,SATISFIABLE,True,True,1176,1176,977,977,0.003569,0.003524,-4.5000000000000335e-05,True,True,True,True,True,
repeat=1|base=random_3sat_control_v150_c638_seed1937|variant=perm_seed1735,1,random_3sat_control_v150_c638_seed1937,perm_seed1735,1,1,SATISFIABLE,SATISFIABLE,True,True,1229,1229,1039,1039,0.003838,0.003953,0.00011500000000000008,True,True,True,True,True,
repeat=1|base=random_3sat_control_v150_c638_seed1937|variant=perm_seed1736,1,random_3sat_control_v150_c638_seed1937,perm_seed1736,1,1,SATISFIABLE,SATISFIABLE,True,True,5506,5506,4760,4760,0.018843,0.019003,0.00016000000000000042,True,True,True,True,True,
repeat=1|base=random_3sat_control_v150_c638_seed1937|variant=perm_seed1737,1,random_3sat_control_v150_c638_seed1937,perm_seed1737,1,1,SATISFIABLE,SATISFIABLE,True,True,3490,3490,3007,3007,0.011195,0.011526,0.0003309999999999997,True,True,True,True,True,
repeat=1|base=random_3sat_control_v150_c638_seed1937|variant=perm_seed1738,1,random_3sat_control_v150_c638_seed1937,perm_seed1738,1,1,SATISFIABLE,SATISFIABLE,True,True,3456,3456,2946,2946,0.011386,0.011717,0.0003309999999999997,True,True,True,True,True,
repeat=1|base=random_3sat_control_v150_c638_seed1937|variant=perm_seed1739,1,random_3sat_control_v150_c638_seed1937,perm_seed1739,1,1,SATISFIABLE,SATISFIABLE,True,True,6287,6287,5476,5476,0.025558,0.025429,-0.00012900000000000064,True,True,True,True,True,
repeat=1|base=random_3sat_control_v150_c638_seed1937|variant=perm_seed1740,1,random_3sat_control_v150_c638_seed1937,perm_seed1740,1,1,SATISFIABLE,SATISFIABLE,True,True,2756,2756,2378,2378,0.01064,0.008811,-0.0018290000000000008,True,True,True,True,True,
repeat=1|base=random_3sat_control_v150_c638_seed1937|variant=perm_seed1741,1,random_3sat_control_v150_c638_seed1937,perm_seed1741,1,1,SATISFIABLE,SATISFIABLE,True,True,3793,3793,3223,3223,0.012428,0.012589,0.00016099999999999969,True,True,True,True,True,
repeat=1|base=random_3sat_control_v150_c638_seed1937|variant=perm_seed1742,1,random_3sat_control_v150_c638_seed1937,perm_seed1742,1,1,SATISFIABLE,SATISFIABLE,True,True,5826,5826,4968,4968,0.019498,0.019746,0.0002479999999999982,True,True,True,True,True,
repeat=1|base=random_3sat_control_v150_c638_seed1937|variant=perm_seed1743,1,random_3sat_control_v150_c638_seed1937,perm_seed1743,1,1,SATISFIABLE,SATISFIABLE,True,True,2954,2954,2512,2512,0.009759,0.010369,0.0006099999999999994,True,True,True,True,True,
repeat=1|base=random_3sat_control_v150_c638_seed1937|variant=perm_seed1744,1,random_3sat_control_v150_c638_seed1937,perm_seed1744,1,1,SATISFIABLE,SATISFIABLE,True,True,4325,4325,3666,3666,0.013439,0.012915,-0.0005240000000000002,True,True,True,True,True,
repeat=1|base=random_3sat_control_v150_c638_seed1937|variant=perm_seed1745,1,random_3sat_control_v150_c638_seed1937,perm_seed1745,1,1,SATISFIABLE,SATISFIABLE,True,True,1341,1341,1104,1104,0.004139,0.004181,4.19999999999995e-05,True,True,True,True,True,
repeat=1|base=random_3sat_control_v160_c704_seed2615|variant=base,1,random_3sat_control_v160_c704_seed2615,base,1,1,UNSATISFIABLE,UNSATISFIABLE,True,True,6771,6771,5767,5767,0.023397,0.023367,-3.0000000000002247e-05,True,True,True,True,True,
repeat=1|base=random_3sat_control_v160_c704_seed2615|variant=perm_seed1730,1,random_3sat_control_v160_c704_seed2615,perm_seed1730,1,1,UNSATISFIABLE,UNSATISFIABLE,True,True,8522,8522,7299,7299,0.034623,0.035427,0.0008039999999999992,True,True,True,True,True,
repeat=1|base=random_3sat_control_v160_c704_seed2615|variant=perm_seed1731,1,random_3sat_control_v160_c704_seed2615,perm_seed1731,1,1,UNSATISFIABLE,UNSATISFIABLE,True,True,5676,5676,4847,4847,0.017269,0.017062,-0.00020699999999999885,True,True,True,True,True,
repeat=1|base=random_3sat_control_v180_c760_seed3301|variant=base,1,random_3sat_control_v180_c760_seed3301,base,1,1,SATISFIABLE,SATISFIABLE,True,True,27442,27442,23617,23617,0.181622,0.181631,8.999999999981245e-06,True,True,True,True,True,
repeat=1|base=random_3sat_control_v180_c760_seed3301|variant=perm_seed1730,1,random_3sat_control_v180_c760_seed3301,perm_seed1730,1,1,SATISFIABLE,SATISFIABLE,True,True,47649,47649,41152,41152,0.381694,0.385643,0.003949000000000036,True,True,True,True,True,
repeat=1|base=random_3sat_control_v180_c760_seed3301|variant=perm_seed1731,1,random_3sat_control_v180_c760_seed3301,perm_seed1731,1,1,SATISFIABLE,SATISFIABLE,True,True,27197,27197,23469,23469,0.182331,0.181218,-0.0011130000000000029,True,True,True,True,True,
repeat=1|base=random_3sat_control_v20_c85_seed1901|variant=base,1,random_3sat_control_v20_c85_seed1901,base,1,1,SATISFIABLE,SATISFIABLE,True,True,17,17,9,9,0.000809,0.000786,-2.3000000000000017e-05,True,True,True,True,True,
repeat=1|base=random_3sat_control_v20_c85_seed1901|variant=perm_seed1730,1,random_3sat_control_v20_c85_seed1901,perm_seed1730,1,1,SATISFIABLE,SATISFIABLE,True,True,12,12,5,5,0.00073,0.000633,-9.699999999999997e-05,True,True,True,True,True,
repeat=1|base=random_3sat_control_v20_c85_seed1901|variant=perm_seed1731,1,random_3sat_control_v20_c85_seed1901,perm_seed1731,1,1,SATISFIABLE,SATISFIABLE,True,True,15,15,11,11,0.000671,0.000665,-6.000000000000037e-06,True,True,True,True,True,
repeat=1|base=random_3sat_control_v20_c85_seed1901|variant=perm_seed1732,1,random_3sat_control_v20_c85_seed1901,perm_seed1732,1,1,SATISFIABLE,SATISFIABLE,True,True,16,16,6,6,0.000655,0.000629,-2.599999999999998e-05,True,True,True,True,True,
repeat=1|base=random_3sat_control_v20_c85_seed1901|variant=perm_seed1733,1,random_3sat_control_v20_c85_seed1901,perm_seed1733,1,1,SATISFIABLE,SATISFIABLE,True,True,12,12,7,7,0.00061,0.000655,4.500000000000001e-05,True,True,True,True,True,
repeat=1|base=random_3sat_control_v20_c85_seed1901|variant=perm_seed1734,1,random_3sat_control_v20_c85_seed1901,perm_seed1734,1,1,SATISFIABLE,SATISFIABLE,True,True,11,11,4,4,0.00061,0.000656,4.6000000000000034e-05,True,True,True,True,True,
repeat=1|base=random_3sat_control_v20_c85_seed1901|variant=perm_seed1735,1,random_3sat_control_v20_c85_seed1901,perm_seed1735,1,1,SATISFIABLE,SATISFIABLE,True,True,11,11,1,1,0.00057,0.000599,2.9000000000000054e-05,True,True,True,True,True,
repeat=1|base=random_3sat_control_v20_c85_seed1901|variant=perm_seed1736,1,random_3sat_control_v20_c85_seed1901,perm_seed1736,1,1,SATISFIABLE,SATISFIABLE,True,True,14,14,6,6,0.000592,0.00078,0.00018800000000000002,True,True,True,True,True,
repeat=1|base=random_3sat_control_v20_c85_seed1901|variant=perm_seed1737,1,random_3sat_control_v20_c85_seed1901,perm_seed1737,1,1,SATISFIABLE,SATISFIABLE,True,True,17,17,8,8,0.000717,0.001022,0.00030499999999999993,True,True,True,True,True,
repeat=1|base=random_3sat_control_v20_c85_seed1901|variant=perm_seed1738,1,random_3sat_control_v20_c85_seed1901,perm_seed1738,1,1,SATISFIABLE,SATISFIABLE,True,True,12,12,7,7,0.000672,0.000686,1.4000000000000015e-05,True,True,True,True,True,
repeat=1|base=random_3sat_control_v20_c85_seed1901|variant=perm_seed1739,1,random_3sat_control_v20_c85_seed1901,perm_seed1739,1,1,SATISFIABLE,SATISFIABLE,True,True,10,10,3,3,0.000752,0.000686,-6.599999999999998e-05,True,True,True,True,True,
repeat=1|base=random_3sat_control_v20_c85_seed1901|variant=perm_seed1740,1,random_3sat_control_v20_c85_seed1901,perm_seed1740,1,1,SATISFIABLE,SATISFIABLE,True,True,11,11,6,6,0.000666,0.000658,-8.000000000000086e-06,True,True,True,True,True,
repeat=1|base=random_3sat_control_v20_c85_seed1901|variant=perm_seed1741,1,random_3sat_control_v20_c85_seed1901,perm_seed1741,1,1,SATISFIABLE,SATISFIABLE,True,True,11,11,4,4,0.000653,0.000645,-8.000000000000086e-06,True,True,True,True,True,
repeat=1|base=random_3sat_control_v20_c85_seed1901|variant=perm_seed1742,1,random_3sat_control_v20_c85_seed1901,perm_seed1742,1,1,SATISFIABLE,SATISFIABLE,True,True,8,8,1,1,0.000704,0.000651,-5.299999999999999e-05,True,True,True,True,True,
repeat=1|base=random_3sat_control_v20_c85_seed1901|variant=perm_seed1743,1,random_3sat_control_v20_c85_seed1901,perm_seed1743,1,1,SATISFIABLE,SATISFIABLE,True,True,14,14,4,4,0.000607,0.000654,4.699999999999995e-05,True,True,True,True,True,
repeat=1|base=random_3sat_control_v20_c85_seed1901|variant=perm_seed1744,1,random_3sat_control_v20_c85_seed1901,perm_seed1744,1,1,SATISFIABLE,SATISFIABLE,True,True,15,15,7,7,0.000646,0.00065,3.999999999999989e-06,True,True,True,True,True,
repeat=1|base=random_3sat_control_v20_c85_seed1901|variant=perm_seed1745,1,random_3sat_control_v20_c85_seed1901,perm_seed1745,1,1,SATISFIABLE,SATISFIABLE,True,True,8,8,4,4,0.000646,0.000616,-2.999999999999997e-05,True,True,True,True,True,
repeat=1|base=random_3sat_control_v220_c928_seed3303|variant=base,1,random_3sat_control_v220_c928_seed3303,base,1,1,SATISFIABLE,SATISFIABLE,True,True,30277,30277,25994,25994,0.270786,0.266174,-0.004612000000000005,True,True,True,True,True,
repeat=1|base=random_3sat_control_v220_c928_seed3303|variant=perm_seed1730,1,random_3sat_control_v220_c928_seed3303,perm_seed1730,1,1,SATISFIABLE,SATISFIABLE,True,True,52742,52742,45477,45477,0.522908,0.518194,-0.004713999999999996,True,True,True,True,True,
repeat=1|base=random_3sat_control_v220_c928_seed3303|variant=perm_seed1731,1,random_3sat_control_v220_c928_seed3303,perm_seed1731,1,1,SATISFIABLE,SATISFIABLE,True,True,4930,4930,4147,4147,0.020636,0.020937,0.0003009999999999992,True,True,True,True,True,
repeat=1|base=random_3sat_control_v220_c942_seed3304|variant=base,1,random_3sat_control_v220_c942_seed3304,base,1,1,UNSATISFIABLE,UNSATISFIABLE,True,True,35472,35472,30813,30813,0.239593,0.241867,0.0022739999999999982,True,True,True,True,True,
repeat=1|base=random_3sat_control_v220_c942_seed3304|variant=perm_seed1730,1,random_3sat_control_v220_c942_seed3304,perm_seed1730,1,1,UNSATISFIABLE,UNSATISFIABLE,True,True,34825,34825,30052,30052,0.239718,0.24104,0.0013220000000000176,True,True,True,True,True,
repeat=1|base=random_3sat_control_v220_c942_seed3304|variant=perm_seed1731,1,random_3sat_control_v220_c942_seed3304,perm_seed1731,1,1,UNSATISFIABLE,UNSATISFIABLE,True,True,38737,38737,33758,33758,0.260816,0.25897,-0.0018460000000000143,True,True,True,True,True,
repeat=1|base=random_3sat_control_v24_c102_seed1921|variant=base,1,random_3sat_control_v24_c102_seed1921,base,1,1,UNSATISFIABLE,UNSATISFIABLE,True,True,10,10,11,11,0.001182,0.000715,-0.0004670000000000001,True,True,True,True,True,
repeat=1|base=random_3sat_control_v24_c102_seed1921|variant=perm_seed1730,1,random_3sat_control_v24_c102_seed1921,perm_seed1730,1,1,UNSATISFIABLE,UNSATISFIABLE,True,True,22,22,18,18,0.000788,0.000787,-9.999999999999159e-07,True,True,True,True,True,
repeat=1|base=random_3sat_control_v24_c102_seed1921|variant=perm_seed1731,1,random_3sat_control_v24_c102_seed1921,perm_seed1731,1,1,UNSATISFIABLE,UNSATISFIABLE,True,True,26,26,26,26,0.000735,0.000691,-4.3999999999999985e-05,True,True,True,True,True,
repeat=1|base=random_3sat_control_v24_c102_seed1921|variant=perm_seed1732,1,random_3sat_control_v24_c102_seed1921,perm_seed1732,1,1,UNSATISFIABLE,UNSATISFIABLE,True,True,18,18,16,16,0.000664,0.000635,-2.8999999999999946e-05,True,True,True,True,True,
repeat=1|base=random_3sat_control_v24_c102_seed1921|variant=perm_seed1733,1,random_3sat_control_v24_c102_seed1921,perm_seed1733,1,1,UNSATISFIABLE,UNSATISFIABLE,True,True,19,19,19,19,0.000651,0.000668,1.699999999999998e-05,True,True,True,True,True,
repeat=1|base=random_3sat_control_v24_c102_seed1921|variant=perm_seed1734,1,random_3sat_control_v24_c102_seed1921,perm_seed1734,1,1,UNSATISFIABLE,UNSATISFIABLE,True,True,20,20,20,20,0.000745,0.000731,-1.4000000000000015e-05,True,True,True,True,True,
repeat=1|base=random_3sat_control_v24_c102_seed1921|variant=perm_seed1735,1,random_3sat_control_v24_c102_seed1921,perm_seed1735,1,1,UNSATISFIABLE,UNSATISFIABLE,True,True,19,19,19,19,0.000712,0.000691,-2.099999999999997e-05,True,True,True,True,True,
repeat=1|base=random_3sat_control_v24_c102_seed1921|variant=perm_seed1736,1,random_3sat_control_v24_c102_seed1921,perm_seed1736,1,1,UNSATISFIABLE,UNSATISFIABLE,True,True,18,18,17,17,0.00067,0.000693,2.3000000000000017e-05,True,True,True,True,True,
repeat=1|base=random_3sat_control_v24_c102_seed1921|variant=perm_seed1737,1,random_3sat_control_v24_c102_seed1921,perm_seed1737,1,1,UNSATISFIABLE,UNSATISFIABLE,True,True,19,19,17,17,0.000766,0.000652,-0.00011399999999999995,True,True,True,True,True,
repeat=1|base=random_3sat_control_v24_c102_seed1921|variant=perm_seed1738,1,random_3sat_control_v24_c102_seed1921,perm_seed1738,1,1,UNSATISFIABLE,UNSATISFIABLE,True,True,26,26,26,26,0.000866,0.000812,-5.400000000000001e-05,True,True,True,True,True,
repeat=1|base=random_3sat_control_v24_c102_seed1921|variant=perm_seed1739,1,random_3sat_control_v24_c102_seed1921,perm_seed1739,1,1,UNSATISFIABLE,UNSATISFIABLE,True,True,19,19,18,18,0.000769,0.000706,-6.300000000000001e-05,True,True,True,True,True,
repeat=1|base=random_3sat_control_v24_c102_seed1921|variant=perm_seed1740,1,random_3sat_control_v24_c102_seed1921,perm_seed1740,1,1,UNSATISFIABLE,UNSATISFIABLE,True,True,21,21,22,22,0.000764,0.000676,-8.800000000000008e-05,True,True,True,True,True,
repeat=1|base=random_3sat_control_v24_c102_seed1921|variant=perm_seed1741,1,random_3sat_control_v24_c102_seed1921,perm_seed1741,1,1,UNSATISFIABLE,UNSATISFIABLE,True,True,15,15,13,13,0.000634,0.000787,0.00015300000000000003,True,True,True,True,True,
repeat=1|base=random_3sat_control_v24_c102_seed1921|variant=perm_seed1742,1,random_3sat_control_v24_c102_seed1921,perm_seed1742,1,1,UNSATISFIABLE,UNSATISFIABLE,True,True,13,13,14,14,0.000698,0.000723,2.4999999999999957e-05,True,True,True,True,True,
repeat=1|base=random_3sat_control_v24_c102_seed1921|variant=perm_seed1743,1,random_3sat_control_v24_c102_seed1921,perm_seed1743,1,1,UNSATISFIABLE,UNSATISFIABLE,True,True,25,25,23,23,0.000723,0.000668,-5.5000000000000036e-05,True,True,True,True,True,
repeat=1|base=random_3sat_control_v24_c102_seed1921|variant=perm_seed1744,1,random_3sat_control_v24_c102_seed1921,perm_seed1744,1,1,UNSATISFIABLE,UNSATISFIABLE,True,True,17,17,14,14,0.000682,0.000641,-4.100000000000002e-05,True,True,True,True,True,
repeat=1|base=random_3sat_control_v24_c102_seed1921|variant=perm_seed1745,1,random_3sat_control_v24_c102_seed1921,perm_seed1745,1,1,UNSATISFIABLE,UNSATISFIABLE,True,True,19,19,19,19,0.000682,0.000823,0.00014099999999999996,True,True,True,True,True,
repeat=1|base=random_3sat_control_v260_c1097_seed3305|variant=base,1,random_3sat_control_v260_c1097_seed3305,base,1,1,SATISFIABLE,SATISFIABLE,True,True,216854,216854,188499,188499,2.4484,2.45363,0.005230000000000068,True,True,True,True,True,
repeat=1|base=random_3sat_control_v260_c1097_seed3305|variant=perm_seed1730,1,random_3sat_control_v260_c1097_seed3305,perm_seed1730,1,1,SATISFIABLE,SATISFIABLE,True,True,224505,224505,195557,195557,2.63034,2.63454,0.0041999999999999815,True,True,True,True,True,
repeat=1|base=random_3sat_control_v260_c1097_seed3305|variant=perm_seed1731,1,random_3sat_control_v260_c1097_seed3305,perm_seed1731,1,1,SATISFIABLE,SATISFIABLE,True,True,105916,105916,92052,92052,1.4251,1.4325,0.007400000000000073,True,True,True,True,True,
repeat=1|base=random_3sat_control_v260_c1113_seed3306|variant=base,1,random_3sat_control_v260_c1113_seed3306,base,1,1,UNSATISFIABLE,UNSATISFIABLE,True,True,178146,178146,155541,155541,1.96121,1.96672,0.005510000000000126,True,True,True,True,True,
repeat=1|base=random_3sat_control_v260_c1113_seed3306|variant=perm_seed1730,1,random_3sat_control_v260_c1113_seed3306,perm_seed1730,1,1,UNSATISFIABLE,UNSATISFIABLE,True,True,171334,171334,149746,149746,1.84901,1.85427,0.005260000000000042,True,True,True,True,True,
repeat=1|base=random_3sat_control_v260_c1113_seed3306|variant=perm_seed1731,1,random_3sat_control_v260_c1113_seed3306,perm_seed1731,1,1,UNSATISFIABLE,UNSATISFIABLE,True,True,202621,202621,177648,177648,2.31672,2.37348,0.0567599999999997,True,True,True,True,True,
repeat=1|base=random_3sat_control_v28_c119_seed1922|variant=base,1,random_3sat_control_v28_c119_seed1922,base,1,1,SATISFIABLE,SATISFIABLE,True,True,9,9,0,0,0.000822,0.0007,-0.00012200000000000004,True,True,True,True,True,
repeat=1|base=random_3sat_control_v28_c119_seed1922|variant=perm_seed1730,1,random_3sat_control_v28_c119_seed1922,perm_seed1730,1,1,SATISFIABLE,SATISFIABLE,True,True,16,16,11,11,0.000669,0.000732,6.300000000000001e-05,True,True,True,True,True,
repeat=1|base=random_3sat_control_v28_c119_seed1922|variant=perm_seed1731,1,random_3sat_control_v28_c119_seed1922,perm_seed1731,1,1,SATISFIABLE,SATISFIABLE,True,True,11,11,1,1,0.000661,0.000644,-1.699999999999998e-05,True,True,True,True,True,
repeat=1|base=random_3sat_control_v28_c119_seed1922|variant=perm_seed1732,1,random_3sat_control_v28_c119_seed1922,perm_seed1732,1,1,SATISFIABLE,SATISFIABLE,True,True,19,19,10,10,0.000694,0.000666,-2.799999999999992e-05,True,True,True,True,True,
repeat=1|base=random_3sat_control_v28_c119_seed1922|variant=perm_seed1733,1,random_3sat_control_v28_c119_seed1922,perm_seed1733,1,1,SATISFIABLE,SATISFIABLE,True,True,13,13,4,4,0.001167,0.000837,-0.0003300000000000001,True,True,True,True,True,
repeat=1|base=random_3sat_control_v28_c119_seed1922|variant=perm_seed1734,1,random_3sat_control_v28_c119_seed1922,perm_seed1734,1,1,SATISFIABLE,SATISFIABLE,True,True,13,13,5,5,0.000787,0.001026,0.00023899999999999995,True,True,True,True,True,
repeat=1|base=random_3sat_control_v28_c119_seed1922|variant=perm_seed1735,1,random_3sat_control_v28_c119_seed1922,perm_seed1735,1,1,SATISFIABLE,SATISFIABLE,True,True,13,13,6,6,0.00122,0.000745,-0.00047499999999999994,True,True,True,True,True,
repeat=1|base=random_3sat_control_v28_c119_seed1922|variant=perm_seed1736,1,random_3sat_control_v28_c119_seed1922,perm_seed1736,1,1,SATISFIABLE,SATISFIABLE,True,True,13,13,5,5,0.001018,0.001184,0.00016599999999999991,True,True,True,True,True,
repeat=1|base=random_3sat_control_v28_c119_seed1922|variant=perm_seed1737,1,random_3sat_control_v28_c119_seed1922,perm_seed1737,1,1,SATISFIABLE,SATISFIABLE,True,True,13,13,3,3,0.000807,0.00099,0.000183,True,True,True,True,True,
repeat=1|base=random_3sat_control_v28_c119_seed1922|variant=perm_seed1738,1,random_3sat_control_v28_c119_seed1922,perm_seed1738,1,1,SATISFIABLE,SATISFIABLE,True,True,19,19,7,7,0.000852,0.000815,-3.700000000000003e-05,True,True,True,True,True,
repeat=1|base=random_3sat_control_v28_c119_seed1922|variant=perm_seed1739,1,random_3sat_control_v28_c119_seed1922,perm_seed1739,1,1,SATISFIABLE,SATISFIABLE,True,True,15,15,3,3,0.000932,0.001267,0.0003349999999999999,True,True,True,True,True,
repeat=1|base=random_3sat_control_v28_c119_seed1922|variant=perm_seed1740,1,random_3sat_control_v28_c119_seed1922,perm_seed1740,1,1,SATISFIABLE,SATISFIABLE,True,True,16,16,9,9,0.000812,0.000701,-0.00011099999999999999,True,True,True,True,True,
repeat=1|base=random_3sat_control_v28_c119_seed1922|variant=perm_seed1741,1,random_3sat_control_v28_c119_seed1922,perm_seed1741,1,1,SATISFIABLE,SATISFIABLE,True,True,14,14,4,4,0.000705,0.000666,-3.899999999999997e-05,True,True,True,True,True,
repeat=1|base=random_3sat_control_v28_c119_seed1922|variant=perm_seed1742,1,random_3sat_control_v28_c119_seed1922,perm_seed1742,1,1,SATISFIABLE,SATISFIABLE,True,True,29,29,13,13,0.000676,0.000682,6.000000000000037e-06,True,True,True,True,True,
repeat=1|base=random_3sat_control_v28_c119_seed1922|variant=perm_seed1743,1,random_3sat_control_v28_c119_seed1922,perm_seed1743,1,1,SATISFIABLE,SATISFIABLE,True,True,9,9,2,2,0.000639,0.000695,5.599999999999995e-05,True,True,True,True,True,
repeat=1|base=random_3sat_control_v28_c119_seed1922|variant=perm_seed1744,1,random_3sat_control_v28_c119_seed1922,perm_seed1744,1,1,SATISFIABLE,SATISFIABLE,True,True,12,12,2,2,0.000643,0.000675,3.200000000000002e-05,True,True,True,True,True,
repeat=1|base=random_3sat_control_v28_c119_seed1922|variant=perm_seed1745,1,random_3sat_control_v28_c119_seed1922,perm_seed1745,1,1,SATISFIABLE,SATISFIABLE,True,True,20,20,9,9,0.000683,0.00066,-2.3000000000000017e-05,True,True,True,True,True,
repeat=1|base=random_3sat_control_v300_c1266_seed3307|variant=base,1,random_3sat_control_v300_c1266_seed3307,base,1,1,SATISFIABLE,SATISFIABLE,True,True,12894,12894,10895,10895,0.079163,0.079281,0.00011800000000000699,True,True,True,True,True,
repeat=1|base=random_3sat_control_v300_c1266_seed3307|variant=perm_seed1730,1,random_3sat_control_v300_c1266_seed3307,perm_seed1730,1,1,SATISFIABLE,SATISFIABLE,True,True,43103,43103,37339,37339,0.467101,0.471075,0.003974000000000033,True,True,True,True,True,
repeat=1|base=random_3sat_control_v300_c1266_seed3307|variant=perm_seed1731,1,random_3sat_control_v300_c1266_seed3307,perm_seed1731,1,1,SATISFIABLE,SATISFIABLE,True,True,66962,66962,57424,57424,0.74568,0.753454,0.007773999999999948,True,True,True,True,True,
repeat=1|base=random_3sat_control_v30_c128_seed1902|variant=base,1,random_3sat_control_v30_c128_seed1902,base,1,1,UNSATISFIABLE,UNSATISFIABLE,True,True,40,40,39,39,0.000824,0.000774,-5.000000000000002e-05,True,True,True,True,True,
repeat=1|base=random_3sat_control_v30_c128_seed1902|variant=perm_seed1730,1,random_3sat_control_v30_c128_seed1902,perm_seed1730,1,1,UNSATISFIABLE,UNSATISFIABLE,True,True,25,25,23,23,0.000697,0.00079,9.299999999999998e-05,True,True,True,True,True,
repeat=1|base=random_3sat_control_v30_c128_seed1902|variant=perm_seed1731,1,random_3sat_control_v30_c128_seed1902,perm_seed1731,1,1,UNSATISFIABLE,UNSATISFIABLE,True,True,42,42,41,41,0.000726,0.000764,3.8000000000000056e-05,True,True,True,True,True,
repeat=1|base=random_3sat_control_v30_c128_seed1902|variant=perm_seed1732,1,random_3sat_control_v30_c128_seed1902,perm_seed1732,1,1,UNSATISFIABLE,UNSATISFIABLE,True,True,15,15,14,14,0.000683,0.000702,1.9000000000000028e-05,True,True,True,True,True,
repeat=1|base=random_3sat_control_v30_c128_seed1902|variant=perm_seed1733,1,random_3sat_control_v30_c128_seed1902,perm_seed1733,1,1,UNSATISFIABLE,UNSATISFIABLE,True,True,15,15,14,14,0.000668,0.000666,-1.99999999999994e-06,True,True,True,True,True,
repeat=1|base=random_3sat_control_v30_c128_seed1902|variant=perm_seed1734,1,random_3sat_control_v30_c128_seed1902,perm_seed1734,1,1,UNSATISFIABLE,UNSATISFIABLE,True,True,14,14,15,15,0.000651,0.000657,6.000000000000037e-06,True,True,True,True,True,
repeat=1|base=random_3sat_control_v30_c128_seed1902|variant=perm_seed1735,1,random_3sat_control_v30_c128_seed1902,perm_seed1735,1,1,UNSATISFIABLE,UNSATISFIABLE,True,True,30,30,27,27,0.000713,0.000725,1.1999999999999966e-05,True,True,True,True,True,
repeat=1|base=random_3sat_control_v30_c128_seed1902|variant=perm_seed1736,1,random_3sat_control_v30_c128_seed1902,perm_seed1736,1,1,UNSATISFIABLE,UNSATISFIABLE,True,True,25,25,24,24,0.000659,0.00072,6.100000000000007e-05,True,True,True,True,True,
repeat=1|base=random_3sat_control_v30_c128_seed1902|variant=perm_seed1737,1,random_3sat_control_v30_c128_seed1902,perm_seed1737,1,1,UNSATISFIABLE,UNSATISFIABLE,True,True,22,22,21,21,0.000659,0.000696,3.700000000000003e-05,True,True,True,True,True,
repeat=1|base=random_3sat_control_v30_c128_seed1902|variant=perm_seed1738,1,random_3sat_control_v30_c128_seed1902,perm_seed1738,1,1,UNSATISFIABLE,UNSATISFIABLE,True,True,15,15,16,16,0.000739,0.001151,0.00041199999999999993,True,True,True,True,True,
repeat=1|base=random_3sat_control_v30_c128_seed1902|variant=perm_seed1739,1,random_3sat_control_v30_c128_seed1902,perm_seed1739,1,1,UNSATISFIABLE,UNSATISFIABLE,True,True,15,15,15,15,0.001359,0.000802,-0.000557,True,True,True,True,True,
repeat=1|base=random_3sat_control_v30_c128_seed1902|variant=perm_seed1740,1,random_3sat_control_v30_c128_seed1902,perm_seed1740,1,1,UNSATISFIABLE,UNSATISFIABLE,True,True,23,23,20,20,0.001002,0.00073,-0.0002720000000000001,True,True,True,True,True,
repeat=1|base=random_3sat_control_v30_c128_seed1902|variant=perm_seed1741,1,random_3sat_control_v30_c128_seed1902,perm_seed1741,1,1,UNSATISFIABLE,UNSATISFIABLE,True,True,7,7,8,8,0.000806,0.001011,0.000205,True,True,True,True,True,
repeat=1|base=random_3sat_control_v30_c128_seed1902|variant=perm_seed1742,1,random_3sat_control_v30_c128_seed1902,perm_seed1742,1,1,UNSATISFIABLE,UNSATISFIABLE,True,True,15,15,16,16,0.000671,0.000839,0.00016799999999999996,True,True,True,True,True,
repeat=1|base=random_3sat_control_v30_c128_seed1902|variant=perm_seed1743,1,random_3sat_control_v30_c128_seed1902,perm_seed1743,1,1,UNSATISFIABLE,UNSATISFIABLE,True,True,16,16,15,15,0.0009,0.000755,-0.00014499999999999995,True,True,True,True,True,
repeat=1|base=random_3sat_control_v30_c128_seed1902|variant=perm_seed1744,1,random_3sat_control_v30_c128_seed1902,perm_seed1744,1,1,UNSATISFIABLE,UNSATISFIABLE,True,True,18,18,17,17,0.000777,0.000688,-8.9e-05,True,True,True,True,True,
repeat=1|base=random_3sat_control_v30_c128_seed1902|variant=perm_seed1745,1,random_3sat_control_v30_c128_seed1902,perm_seed1745,1,1,UNSATISFIABLE,UNSATISFIABLE,True,True,15,15,15,15,0.000796,0.001158,0.0003619999999999999,True,True,True,True,True,
repeat=1|base=random_3sat_control_v32_c136_seed1923|variant=base,1,random_3sat_control_v32_c136_seed1923,base,1,1,SATISFIABLE,SATISFIABLE,True,True,21,21,12,12,0.00117,0.000804,-0.000366,True,True,True,True,True,
repeat=1|base=random_3sat_control_v32_c136_seed1923|variant=perm_seed1730,1,random_3sat_control_v32_c136_seed1923,perm_seed1730,1,1,SATISFIABLE,SATISFIABLE,True,True,32,32,17,17,0.000763,0.000695,-6.800000000000003e-05,True,True,True,True,True,
repeat=1|base=random_3sat_control_v32_c136_seed1923|variant=perm_seed1731,1,random_3sat_control_v32_c136_seed1923,perm_seed1731,1,1,SATISFIABLE,SATISFIABLE,True,True,10,10,2,2,0.000636,0.000699,6.300000000000001e-05,True,True,True,True,True,
repeat=1|base=random_3sat_control_v32_c136_seed1923|variant=perm_seed1732,1,random_3sat_control_v32_c136_seed1923,perm_seed1732,1,1,SATISFIABLE,SATISFIABLE,True,True,36,36,25,25,0.000655,0.000669,1.4000000000000015e-05,True,True,True,True,True,
repeat=1|base=random_3sat_control_v32_c136_seed1923|variant=perm_seed1733,1,random_3sat_control_v32_c136_seed1923,perm_seed1733,1,1,SATISFIABLE,SATISFIABLE,True,True,19,19,12,12,0.0007,0.000667,-3.300000000000004e-05,True,True,True,True,True,
repeat=1|base=random_3sat_control_v32_c136_seed1923|variant=perm_seed1734,1,random_3sat_control_v32_c136_seed1923,perm_seed1734,1,1,SATISFIABLE,SATISFIABLE,True,True,31,31,22,22,0.000648,0.000726,7.799999999999994e-05,True,True,True,True,True,
repeat=1|base=random_3sat_control_v32_c136_seed1923|variant=perm_seed1735,1,random_3sat_control_v32_c136_seed1923,perm_seed1735,1,1,SATISFIABLE,SATISFIABLE,True,True,14,14,6,6,0.000644,0.000641,-3.000000000000073e-06,True,True,True,True,True,
repeat=1|base=random_3sat_control_v32_c136_seed1923|variant=perm_seed1736,1,random_3sat_control_v32_c136_seed1923,perm_seed1736,1,1,SATISFIABLE,SATISFIABLE,True,True,19,19,7,7,0.000618,0.000624,6.000000000000037e-06,True,True,True,True,True,
repeat=1|base=random_3sat_control_v32_c136_seed1923|variant=perm_seed1737,1,random_3sat_control_v32_c136_seed1923,perm_seed1737,1,1,SATISFIABLE,SATISFIABLE,True,True,14,14,5,5,0.000611,0.00063,1.9000000000000028e-05,True,True,True,True,True,
repeat=1|base=random_3sat_control_v32_c136_seed1923|variant=perm_seed1738,1,random_3sat_control_v32_c136_seed1923,perm_seed1738,1,1,SATISFIABLE,SATISFIABLE,True,True,29,29,18,18,0.000633,0.000637,3.999999999999989e-06,True,True,True,True,True,
repeat=1|base=random_3sat_control_v32_c136_seed1923|variant=perm_seed1739,1,random_3sat_control_v32_c136_seed1923,perm_seed1739,1,1,SATISFIABLE,SATISFIABLE,True,True,36,36,22,22,0.00064,0.000639,-1.0000000000000243e-06,True,True,True,True,True,
repeat=1|base=random_3sat_control_v32_c136_seed1923|variant=perm_seed1740,1,random_3sat_control_v32_c136_seed1923,perm_seed1740,1,1,SATISFIABLE,SATISFIABLE,True,True,28,28,16,16,0.000609,0.000644,3.500000000000009e-05,True,True,True,True,True,
repeat=1|base=random_3sat_control_v32_c136_seed1923|variant=perm_seed1741,1,random_3sat_control_v32_c136_seed1923,perm_seed1741,1,1,SATISFIABLE,SATISFIABLE,True,True,25,25,13,13,0.000615,0.001026,0.000411,True,True,True,True,True,
repeat=1|base=random_3sat_control_v32_c136_seed1923|variant=perm_seed1742,1,random_3sat_control_v32_c136_seed1923,perm_seed1742,1,1,SATISFIABLE,SATISFIABLE,True,True,9,9,2,2,0.000763,0.000737,-2.599999999999998e-05,True,True,True,True,True,
repeat=1|base=random_3sat_control_v32_c136_seed1923|variant=perm_seed1743,1,random_3sat_control_v32_c136_seed1923,perm_seed1743,1,1,SATISFIABLE,SATISFIABLE,True,True,24,24,11,11,0.000711,0.000741,2.999999999999997e-05,True,True,True,True,True,
repeat=1|base=random_3sat_control_v32_c136_seed1923|variant=perm_seed1744,1,random_3sat_control_v32_c136_seed1923,perm_seed1744,1,1,SATISFIABLE,SATISFIABLE,True,True,23,23,15,15,0.00078,0.000673,-0.000107,True,True,True,True,True,
repeat=1|base=random_3sat_control_v32_c136_seed1923|variant=perm_seed1745,1,random_3sat_control_v32_c136_seed1923,perm_seed1745,1,1,SATISFIABLE,SATISFIABLE,True,True,25,25,13,13,0.000694,0.0007,6.000000000000037e-06,True,True,True,True,True,
repeat=1|base=random_3sat_control_v35_c149_seed1911|variant=base,1,random_3sat_control_v35_c149_seed1911,base,1,1,SATISFIABLE,SATISFIABLE,True,True,31,31,17,17,0.001123,0.000859,-0.00026400000000000013,True,True,True,True,True,
repeat=1|base=random_3sat_control_v35_c149_seed1911|variant=perm_seed1730,1,random_3sat_control_v35_c149_seed1911,perm_seed1730,1,1,SATISFIABLE,SATISFIABLE,True,True,36,36,25,25,0.000854,0.001236,0.00038199999999999985,True,True,True,True,True,
repeat=1|base=random_3sat_control_v35_c149_seed1911|variant=perm_seed1731,1,random_3sat_control_v35_c149_seed1911,perm_seed1731,1,1,SATISFIABLE,SATISFIABLE,True,True,20,20,14,14,0.001176,0.001106,-6.999999999999997e-05,True,True,True,True,True,
repeat=1|base=random_3sat_control_v35_c149_seed1911|variant=perm_seed1732,1,random_3sat_control_v35_c149_seed1911,perm_seed1732,1,1,SATISFIABLE,SATISFIABLE,True,True,49,49,41,41,0.000869,0.0012,0.0003309999999999999,True,True,True,True,True,
repeat=1|base=random_3sat_control_v35_c149_seed1911|variant=perm_seed1733,1,random_3sat_control_v35_c149_seed1911,perm_seed1733,1,1,SATISFIABLE,SATISFIABLE,True,True,47,47,40,40,0.00092,0.000928,7.999999999999978e-06,True,True,True,True,True,
repeat=1|base=random_3sat_control_v35_c149_seed1911|variant=perm_seed1734,1,random_3sat_control_v35_c149_seed1911,perm_seed1734,1,1,SATISFIABLE,SATISFIABLE,True,True,33,33,24,24,0.001301,0.001188,-0.00011300000000000004,True,True,True,True,True,
repeat=1|base=random_3sat_control_v35_c149_seed1911|variant=perm_seed1735,1,random_3sat_control_v35_c149_seed1911,perm_seed1735,1,1,SATISFIABLE,SATISFIABLE,True,True,24,24,13,13,0.001077,0.000803,-0.00027400000000000005,True,True,True,True,True,
repeat=1|base=random_3sat_control_v35_c149_seed1911|variant=perm_seed1736,1,random_3sat_control_v35_c149_seed1911,perm_seed1736,1,1,SATISFIABLE,SATISFIABLE,True,True,42,42,33,33,0.00073,0.000713,-1.699999999999998e-05,True,True,True,True,True,
repeat=1|base=random_3sat_control_v35_c149_seed1911|variant=perm_seed1737,1,random_3sat_control_v35_c149_seed1911,perm_seed1737,1,1,SATISFIABLE,SATISFIABLE,True,True,26,26,16,16,0.000659,0.000721,6.199999999999999e-05,True,True,True,True,True,
repeat=1|base=random_3sat_control_v35_c149_seed1911|variant=perm_seed1738,1,random_3sat_control_v35_c149_seed1911,perm_seed1738,1,1,SATISFIABLE,SATISFIABLE,True,True,28,28,21,21,0.000665,0.000673,7.999999999999978e-06,True,True,True,True,True,
repeat=1|base=random_3sat_control_v35_c149_seed1911|variant=perm_seed1739,1,random_3sat_control_v35_c149_seed1911,perm_seed1739,1,1,SATISFIABLE,SATISFIABLE,True,True,43,43,35,35,0.000799,0.000758,-4.100000000000002e-05,True,True,True,True,True,
repeat=1|base=random_3sat_control_v35_c149_seed1911|variant=perm_seed1740,1,random_3sat_control_v35_c149_seed1911,perm_seed1740,1,1,SATISFIABLE,SATISFIABLE,True,True,34,34,25,25,0.00069,0.000682,-7.999999999999978e-06,True,True,True,True,True,
repeat=1|base=random_3sat_control_v35_c149_seed1911|variant=perm_seed1741,1,random_3sat_control_v35_c149_seed1911,perm_seed1741,1,1,SATISFIABLE,SATISFIABLE,True,True,46,46,34,34,0.000705,0.000697,-7.999999999999978e-06,True,True,True,True,True,
repeat=1|base=random_3sat_control_v35_c149_seed1911|variant=perm_seed1742,1,random_3sat_control_v35_c149_seed1911,perm_seed1742,1,1,SATISFIABLE,SATISFIABLE,True,True,33,33,25,25,0.000656,0.000654,-2.0000000000000486e-06,True,True,True,True,True,
repeat=1|base=random_3sat_control_v35_c149_seed1911|variant=perm_seed1743,1,random_3sat_control_v35_c149_seed1911,perm_seed1743,1,1,SATISFIABLE,SATISFIABLE,True,True,13,13,8,8,0.000671,0.000651,-2.0000000000000052e-05,True,True,True,True,True,
repeat=1|base=random_3sat_control_v35_c149_seed1911|variant=perm_seed1744,1,random_3sat_control_v35_c149_seed1911,perm_seed1744,1,1,SATISFIABLE,SATISFIABLE,True,True,26,26,21,21,0.000633,0.000649,1.5999999999999955e-05,True,True,True,True,True,
repeat=1|base=random_3sat_control_v35_c149_seed1911|variant=perm_seed1745,1,random_3sat_control_v35_c149_seed1911,perm_seed1745,1,1,SATISFIABLE,SATISFIABLE,True,True,11,11,5,5,0.000614,0.000616,2.0000000000000486e-06,True,True,True,True,True,
repeat=1|base=random_3sat_control_v40_c170_seed1903|variant=base,1,random_3sat_control_v40_c170_seed1903,base,1,1,SATISFIABLE,SATISFIABLE,True,True,49,49,38,38,0.000646,0.000667,2.099999999999997e-05,True,True,True,True,True,
repeat=1|base=random_3sat_control_v40_c170_seed1903|variant=perm_seed1730,1,random_3sat_control_v40_c170_seed1903,perm_seed1730,1,1,SATISFIABLE,SATISFIABLE,True,True,59,59,45,45,0.00067,0.000767,9.699999999999997e-05,True,True,True,True,True,
repeat=1|base=random_3sat_control_v40_c170_seed1903|variant=perm_seed1731,1,random_3sat_control_v40_c170_seed1903,perm_seed1731,1,1,SATISFIABLE,SATISFIABLE,True,True,20,20,10,10,0.000716,0.000688,-2.799999999999992e-05,True,True,True,True,True,
repeat=1|base=random_3sat_control_v40_c170_seed1903|variant=perm_seed1732,1,random_3sat_control_v40_c170_seed1903,perm_seed1732,1,1,SATISFIABLE,SATISFIABLE,True,True,20,20,9,9,0.000654,0.000668,1.4000000000000015e-05,True,True,True,True,True,
repeat=1|base=random_3sat_control_v40_c170_seed1903|variant=perm_seed1733,1,random_3sat_control_v40_c170_seed1903,perm_seed1733,1,1,SATISFIABLE,SATISFIABLE,True,True,12,12,2,2,0.000635,0.000643,7.999999999999978e-06,True,True,True,True,True,
repeat=1|base=random_3sat_control_v40_c170_seed1903|variant=perm_seed1734,1,random_3sat_control_v40_c170_seed1903,perm_seed1734,1,1,SATISFIABLE,SATISFIABLE,True,True,25,25,13,13,0.000629,0.000756,0.00012700000000000005,True,True,True,True,True,
repeat=1|base=random_3sat_control_v40_c170_seed1903|variant=perm_seed1735,1,random_3sat_control_v40_c170_seed1903,perm_seed1735,1,1,SATISFIABLE,SATISFIABLE,True,True,25,25,12,12,0.000685,0.000739,5.400000000000001e-05,True,True,True,True,True,
repeat=1|base=random_3sat_control_v40_c170_seed1903|variant=perm_seed1736,1,random_3sat_control_v40_c170_seed1903,perm_seed1736,1,1,SATISFIABLE,SATISFIABLE,True,True,16,16,9,9,0.000681,0.000659,-2.1999999999999993e-05,True,True,True,True,True,
repeat=1|base=random_3sat_control_v40_c170_seed1903|variant=perm_seed1737,1,random_3sat_control_v40_c170_seed1903,perm_seed1737,1,1,SATISFIABLE,SATISFIABLE,True,True,12,12,6,6,0.00097,0.001347,0.00037700000000000006,True,True,True,True,True,
repeat=1|base=random_3sat_control_v40_c170_seed1903|variant=perm_seed1738,1,random_3sat_control_v40_c170_seed1903,perm_seed1738,1,1,SATISFIABLE,SATISFIABLE,True,True,15,15,6,6,0.000787,0.001291,0.000504,True,True,True,True,True,
repeat=1|base=random_3sat_control_v40_c170_seed1903|variant=perm_seed1739,1,random_3sat_control_v40_c170_seed1903,perm_seed1739,1,1,SATISFIABLE,SATISFIABLE,True,True,65,65,50,50,0.001115,0.000914,-0.00020100000000000012,True,True,True,True,True,
repeat=1|base=random_3sat_control_v40_c170_seed1903|variant=perm_seed1740,1,random_3sat_control_v40_c170_seed1903,perm_seed1740,1,1,SATISFIABLE,SATISFIABLE,True,True,8,8,2,2,0.00078,0.00139,0.00061,True,True,True,True,True,
repeat=1|base=random_3sat_control_v40_c170_seed1903|variant=perm_seed1741,1,random_3sat_control_v40_c170_seed1903,perm_seed1741,1,1,SATISFIABLE,SATISFIABLE,True,True,16,16,6,6,0.000874,0.000879,5.000000000000013e-06,True,True,True,True,True,
repeat=1|base=random_3sat_control_v40_c170_seed1903|variant=perm_seed1742,1,random_3sat_control_v40_c170_seed1903,perm_seed1742,1,1,SATISFIABLE,SATISFIABLE,True,True,21,21,8,8,0.001304,0.000789,-0.000515,True,True,True,True,True,
repeat=1|base=random_3sat_control_v40_c170_seed1903|variant=perm_seed1743,1,random_3sat_control_v40_c170_seed1903,perm_seed1743,1,1,SATISFIABLE,SATISFIABLE,True,True,55,55,36,36,0.000867,0.000869,1.99999999999994e-06,True,True,True,True,True,
repeat=1|base=random_3sat_control_v40_c170_seed1903|variant=perm_seed1744,1,random_3sat_control_v40_c170_seed1903,perm_seed1744,1,1,SATISFIABLE,SATISFIABLE,True,True,10,10,1,1,0.000699,0.000899,0.00019999999999999998,True,True,True,True,True,
repeat=1|base=random_3sat_control_v40_c170_seed1903|variant=perm_seed1745,1,random_3sat_control_v40_c170_seed1903,perm_seed1745,1,1,SATISFIABLE,SATISFIABLE,True,True,32,32,22,22,0.000768,0.000723,-4.500000000000001e-05,True,True,True,True,True,
repeat=1|base=random_3sat_control_v45_c191_seed1924|variant=base,1,random_3sat_control_v45_c191_seed1924,base,1,1,SATISFIABLE,SATISFIABLE,True,True,49,49,35,35,0.000781,0.00073,-5.100000000000005e-05,True,True,True,True,True,
repeat=1|base=random_3sat_control_v45_c191_seed1924|variant=perm_seed1730,1,random_3sat_control_v45_c191_seed1924,perm_seed1730,1,1,SATISFIABLE,SATISFIABLE,True,True,40,40,22,22,0.000726,0.000728,2.0000000000000486e-06,True,True,True,True,True,
repeat=1|base=random_3sat_control_v45_c191_seed1924|variant=perm_seed1731,1,random_3sat_control_v45_c191_seed1924,perm_seed1731,1,1,SATISFIABLE,SATISFIABLE,True,True,33,33,25,25,0.000813,0.000878,6.499999999999995e-05,True,True,True,True,True,
repeat=1|base=random_3sat_control_v45_c191_seed1924|variant=perm_seed1732,1,random_3sat_control_v45_c191_seed1924,perm_seed1732,1,1,SATISFIABLE,SATISFIABLE,True,True,32,32,27,27,0.000777,0.000767,-1.0000000000000026e-05,True,True,True,True,True,
repeat=1|base=random_3sat_control_v45_c191_seed1924|variant=perm_seed1733,1,random_3sat_control_v45_c191_seed1924,perm_seed1733,1,1,SATISFIABLE,SATISFIABLE,True,True,34,34,22,22,0.000756,0.000765,8.999999999999894e-06,True,True,True,True,True,
repeat=1|base=random_3sat_control_v45_c191_seed1924|variant=perm_seed1734,1,random_3sat_control_v45_c191_seed1924,perm_seed1734,1,1,SATISFIABLE,SATISFIABLE,True,True,23,23,18,18,0.000743,0.000702,-4.099999999999991e-05,True,True,True,True,True,
repeat=1|base=random_3sat_control_v45_c191_seed1924|variant=perm_seed1735,1,random_3sat_control_v45_c191_seed1924,perm_seed1735,1,1,SATISFIABLE,SATISFIABLE,True,True,26,26,16,16,0.000711,0.000704,-7.000000000000062e-06,True,True,True,True,True,
repeat=1|base=random_3sat_control_v45_c191_seed1924|variant=perm_seed1736,1,random_3sat_control_v45_c191_seed1924,perm_seed1736,1,1,SATISFIABLE,SATISFIABLE,True,True,17,17,6,6,0.000658,0.000664,6.000000000000037e-06,True,True,True,True,True,
repeat=1|base=random_3sat_control_v45_c191_seed1924|variant=perm_seed1737,1,random_3sat_control_v45_c191_seed1924,perm_seed1737,1,1,SATISFIABLE,SATISFIABLE,True,True,45,45,32,32,0.000689,0.000682,-7.000000000000062e-06,True,True,True,True,True,
repeat=1|base=random_3sat_control_v45_c191_seed1924|variant=perm_seed1738,1,random_3sat_control_v45_c191_seed1924,perm_seed1738,1,1,SATISFIABLE,SATISFIABLE,True,True,23,23,16,16,0.000646,0.000672,2.599999999999998e-05,True,True,True,True,True,
repeat=1|base=random_3sat_control_v45_c191_seed1924|variant=perm_seed1739,1,random_3sat_control_v45_c191_seed1924,perm_seed1739,1,1,SATISFIABLE,SATISFIABLE,True,True,7,7,4,4,0.000629,0.000639,1.0000000000000026e-05,True,True,True,True,True,
repeat=1|base=random_3sat_control_v45_c191_seed1924|variant=perm_seed1740,1,random_3sat_control_v45_c191_seed1924,perm_seed1740,1,1,SATISFIABLE,SATISFIABLE,True,True,17,17,8,8,0.000627,0.000718,9.100000000000004e-05,True,True,True,True,True,
repeat=1|base=random_3sat_control_v45_c191_seed1924|variant=perm_seed1741,1,random_3sat_control_v45_c191_seed1924,perm_seed1741,1,1,SATISFIABLE,SATISFIABLE,True,True,43,43,31,31,0.000652,0.000745,9.299999999999998e-05,True,True,True,True,True,
repeat=1|base=random_3sat_control_v45_c191_seed1924|variant=perm_seed1742,1,random_3sat_control_v45_c191_seed1924,perm_seed1742,1,1,SATISFIABLE,SATISFIABLE,True,True,62,62,53,53,0.000722,0.000706,-1.5999999999999955e-05,True,True,True,True,True,
repeat=1|base=random_3sat_control_v45_c191_seed1924|variant=perm_seed1743,1,random_3sat_control_v45_c191_seed1924,perm_seed1743,1,1,SATISFIABLE,SATISFIABLE,True,True,31,31,20,20,0.000659,0.000735,7.6e-05,True,True,True,True,True,
repeat=1|base=random_3sat_control_v45_c191_seed1924|variant=perm_seed1744,1,random_3sat_control_v45_c191_seed1924,perm_seed1744,1,1,SATISFIABLE,SATISFIABLE,True,True,35,35,21,21,0.000694,0.000814,0.0001200000000000001,True,True,True,True,True,
repeat=1|base=random_3sat_control_v45_c191_seed1924|variant=perm_seed1745,1,random_3sat_control_v45_c191_seed1924,perm_seed1745,1,1,SATISFIABLE,SATISFIABLE,True,True,14,14,3,3,0.000716,0.000713,-2.9999999999999645e-06,True,True,True,True,True,
repeat=1|base=random_3sat_control_v50_c213_seed1925|variant=base,1,random_3sat_control_v50_c213_seed1925,base,1,1,SATISFIABLE,SATISFIABLE,True,True,20,20,4,4,0.000702,0.000668,-3.400000000000007e-05,True,True,True,True,True,
repeat=1|base=random_3sat_control_v50_c213_seed1925|variant=perm_seed1730,1,random_3sat_control_v50_c213_seed1925,perm_seed1730,1,1,SATISFIABLE,SATISFIABLE,True,True,61,61,47,47,0.000713,0.000719,6.000000000000037e-06,True,True,True,True,True,
repeat=1|base=random_3sat_control_v50_c213_seed1925|variant=perm_seed1731,1,random_3sat_control_v50_c213_seed1925,perm_seed1731,1,1,SATISFIABLE,SATISFIABLE,True,True,64,64,45,45,0.000687,0.000698,1.100000000000005e-05,True,True,True,True,True,
repeat=1|base=random_3sat_control_v50_c213_seed1925|variant=perm_seed1732,1,random_3sat_control_v50_c213_seed1925,perm_seed1732,1,1,SATISFIABLE,SATISFIABLE,True,True,47,47,35,35,0.000653,0.000758,0.00010499999999999995,True,True,True,True,True,
repeat=1|base=random_3sat_control_v50_c213_seed1925|variant=perm_seed1733,1,random_3sat_control_v50_c213_seed1925,perm_seed1733,1,1,SATISFIABLE,SATISFIABLE,True,True,22,22,10,10,0.000647,0.000707,5.999999999999994e-05,True,True,True,True,True,
repeat=1|base=random_3sat_control_v50_c213_seed1925|variant=perm_seed1734,1,random_3sat_control_v50_c213_seed1925,perm_seed1734,1,1,SATISFIABLE,SATISFIABLE,True,True,91,91,78,78,0.000916,0.000906,-1.0000000000000026e-05,True,True,True,True,True,
repeat=1|base=random_3sat_control_v50_c213_seed1925|variant=perm_seed1735,1,random_3sat_control_v50_c213_seed1925,perm_seed1735,1,1,SATISFIABLE,SATISFIABLE,True,True,26,26,12,12,0.000723,0.000801,7.799999999999994e-05,True,True,True,True,True,
repeat=1|base=random_3sat_control_v50_c213_seed1925|variant=perm_seed1736,1,random_3sat_control_v50_c213_seed1925,perm_seed1736,1,1,SATISFIABLE,SATISFIABLE,True,True,38,38,24,24,0.000761,0.000724,-3.6999999999999924e-05,True,True,True,True,True,
repeat=1|base=random_3sat_control_v50_c213_seed1925|variant=perm_seed1737,1,random_3sat_control_v50_c213_seed1925,perm_seed1737,1,1,SATISFIABLE,SATISFIABLE,True,True,33,33,21,21,0.00075,0.000747,-2.9999999999999645e-06,True,True,True,True,True,
repeat=1|base=random_3sat_control_v50_c213_seed1925|variant=perm_seed1738,1,random_3sat_control_v50_c213_seed1925,perm_seed1738,1,1,SATISFIABLE,SATISFIABLE,True,True,34,34,17,17,0.000812,0.000771,-4.100000000000002e-05,True,True,True,True,True,
repeat=1|base=random_3sat_control_v50_c213_seed1925|variant=perm_seed1739,1,random_3sat_control_v50_c213_seed1925,perm_seed1739,1,1,SATISFIABLE,SATISFIABLE,True,True,57,57,46,46,0.000741,0.000725,-1.6000000000000064e-05,True,True,True,True,True,
repeat=1|base=random_3sat_control_v50_c213_seed1925|variant=perm_seed1740,1,random_3sat_control_v50_c213_seed1925,perm_seed1740,1,1,SATISFIABLE,SATISFIABLE,True,True,45,45,29,29,0.000712,0.00071,-1.99999999999994e-06,True,True,True,True,True,
repeat=1|base=random_3sat_control_v50_c213_seed1925|variant=perm_seed1741,1,random_3sat_control_v50_c213_seed1925,perm_seed1741,1,1,SATISFIABLE,SATISFIABLE,True,True,47,47,26,26,0.000695,0.000832,0.00013699999999999997,True,True,True,True,True,
repeat=1|base=random_3sat_control_v50_c213_seed1925|variant=perm_seed1742,1,random_3sat_control_v50_c213_seed1925,perm_seed1742,1,1,SATISFIABLE,SATISFIABLE,True,True,30,30,16,16,0.000725,0.000706,-1.899999999999992e-05,True,True,True,True,True,
repeat=1|base=random_3sat_control_v50_c213_seed1925|variant=perm_seed1743,1,random_3sat_control_v50_c213_seed1925,perm_seed1743,1,1,SATISFIABLE,SATISFIABLE,True,True,49,49,22,22,0.000724,0.000705,-1.9000000000000028e-05,True,True,True,True,True,
repeat=1|base=random_3sat_control_v50_c213_seed1925|variant=perm_seed1744,1,random_3sat_control_v50_c213_seed1925,perm_seed1744,1,1,SATISFIABLE,SATISFIABLE,True,True,118,118,95,95,0.000841,0.000802,-3.899999999999997e-05,True,True,True,True,True,
repeat=1|base=random_3sat_control_v50_c213_seed1925|variant=perm_seed1745,1,random_3sat_control_v50_c213_seed1925,perm_seed1745,1,1,SATISFIABLE,SATISFIABLE,True,True,79,79,59,59,0.000775,0.000809,3.400000000000007e-05,True,True,True,True,True,
repeat=1|base=random_3sat_control_v55_c234_seed1926|variant=base,1,random_3sat_control_v55_c234_seed1926,base,1,1,SATISFIABLE,SATISFIABLE,True,True,88,88,64,64,0.00077,0.000808,3.8000000000000056e-05,True,True,True,True,True,
repeat=1|base=random_3sat_control_v55_c234_seed1926|variant=perm_seed1730,1,random_3sat_control_v55_c234_seed1926,perm_seed1730,1,1,SATISFIABLE,SATISFIABLE,True,True,142,142,113,113,0.000875,0.000862,-1.299999999999999e-05,True,True,True,True,True,
repeat=1|base=random_3sat_control_v55_c234_seed1926|variant=perm_seed1731,1,random_3sat_control_v55_c234_seed1926,perm_seed1731,1,1,SATISFIABLE,SATISFIABLE,True,True,37,37,17,17,0.000687,0.000817,0.00013000000000000002,True,True,True,True,True,
repeat=1|base=random_3sat_control_v55_c234_seed1926|variant=perm_seed1732,1,random_3sat_control_v55_c234_seed1926,perm_seed1732,1,1,SATISFIABLE,SATISFIABLE,True,True,39,39,19,19,0.000799,0.000784,-1.500000000000004e-05,True,True,True,True,True,
repeat=1|base=random_3sat_control_v55_c234_seed1926|variant=perm_seed1733,1,random_3sat_control_v55_c234_seed1926,perm_seed1733,1,1,SATISFIABLE,SATISFIABLE,True,True,66,66,46,46,0.000842,0.000751,-9.099999999999994e-05,True,True,True,True,True,
repeat=1|base=random_3sat_control_v55_c234_seed1926|variant=perm_seed1734,1,random_3sat_control_v55_c234_seed1926,perm_seed1734,1,1,SATISFIABLE,SATISFIABLE,True,True,69,69,41,41,0.000773,0.000794,2.099999999999997e-05,True,True,True,True,True,
repeat=1|base=random_3sat_control_v55_c234_seed1926|variant=perm_seed1735,1,random_3sat_control_v55_c234_seed1926,perm_seed1735,1,1,SATISFIABLE,SATISFIABLE,True,True,26,26,8,8,0.000761,0.000772,1.100000000000005e-05,True,True,True,True,True,
repeat=1|base=random_3sat_control_v55_c234_seed1926|variant=perm_seed1736,1,random_3sat_control_v55_c234_seed1926,perm_seed1736,1,1,SATISFIABLE,SATISFIABLE,True,True,61,61,49,49,0.000788,0.000748,-3.9999999999999996e-05,True,True,True,True,True,
repeat=1|base=random_3sat_control_v55_c234_seed1926|variant=perm_seed1737,1,random_3sat_control_v55_c234_seed1926,perm_seed1737,1,1,SATISFIABLE,SATISFIABLE,True,True,52,52,31,31,0.000685,0.000701,1.6000000000000064e-05,True,True,True,True,True,
repeat=1|base=random_3sat_control_v55_c234_seed1926|variant=perm_seed1738,1,random_3sat_control_v55_c234_seed1926,perm_seed1738,1,1,SATISFIABLE,SATISFIABLE,True,True,24,24,7,7,0.00072,0.00077,4.9999999999999914e-05,True,True,True,True,True,
repeat=1|base=random_3sat_control_v55_c234_seed1926|variant=perm_seed1739,1,random_3sat_control_v55_c234_seed1926,perm_seed1739,1,1,SATISFIABLE,SATISFIABLE,True,True,54,54,36,36,0.00076,0.000755,-5.000000000000013e-06,True,True,True,True,True,
repeat=1|base=random_3sat_control_v55_c234_seed1926|variant=perm_seed1740,1,random_3sat_control_v55_c234_seed1926,perm_seed1740,1,1,SATISFIABLE,SATISFIABLE,True,True,82,82,62,62,0.000744,0.000789,4.500000000000001e-05,True,True,True,True,True,
repeat=1|base=random_3sat_control_v55_c234_seed1926|variant=perm_seed1741,1,random_3sat_control_v55_c234_seed1926,perm_seed1741,1,1,SATISFIABLE,SATISFIABLE,True,True,129,129,112,112,0.000956,0.000821,-0.00013500000000000003,True,True,True,True,True,
repeat=1|base=random_3sat_control_v55_c234_seed1926|variant=perm_seed1742,1,random_3sat_control_v55_c234_seed1926,perm_seed1742,1,1,SATISFIABLE,SATISFIABLE,True,True,31,31,12,12,0.000715,0.000677,-3.8000000000000056e-05,True,True,True,True,True,
repeat=1|base=random_3sat_control_v55_c234_seed1926|variant=perm_seed1743,1,random_3sat_control_v55_c234_seed1926,perm_seed1743,1,1,SATISFIABLE,SATISFIABLE,True,True,30,30,11,11,0.000654,0.000673,1.9000000000000028e-05,True,True,True,True,True,
repeat=1|base=random_3sat_control_v55_c234_seed1926|variant=perm_seed1744,1,random_3sat_control_v55_c234_seed1926,perm_seed1744,1,1,SATISFIABLE,SATISFIABLE,True,True,52,52,37,37,0.000703,0.000752,4.9e-05,True,True,True,True,True,
repeat=1|base=random_3sat_control_v55_c234_seed1926|variant=perm_seed1745,1,random_3sat_control_v55_c234_seed1926,perm_seed1745,1,1,SATISFIABLE,SATISFIABLE,True,True,29,29,20,20,0.000782,0.000966,0.00018399999999999992,True,True,True,True,True,
repeat=1|base=random_3sat_control_v60_c180_seed1912|variant=base,1,random_3sat_control_v60_c180_seed1912,base,1,1,SATISFIABLE,SATISFIABLE,True,True,27,27,6,6,0.000706,0.000674,-3.200000000000002e-05,True,True,True,True,True,
repeat=1|base=random_3sat_control_v60_c180_seed1912|variant=perm_seed1730,1,random_3sat_control_v60_c180_seed1912,perm_seed1730,1,1,SATISFIABLE,SATISFIABLE,True,True,21,21,3,3,0.000657,0.000673,1.5999999999999955e-05,True,True,True,True,True,
repeat=1|base=random_3sat_control_v60_c180_seed1912|variant=perm_seed1731,1,random_3sat_control_v60_c180_seed1912,perm_seed1731,1,1,SATISFIABLE,SATISFIABLE,True,True,22,22,2,2,0.000705,0.000668,-3.700000000000003e-05,True,True,True,True,True,
repeat=1|base=random_3sat_control_v60_c180_seed1912|variant=perm_seed1732,1,random_3sat_control_v60_c180_seed1912,perm_seed1732,1,1,SATISFIABLE,SATISFIABLE,True,True,23,23,6,6,0.000668,0.000736,6.800000000000003e-05,True,True,True,True,True,
repeat=1|base=random_3sat_control_v60_c180_seed1912|variant=perm_seed1733,1,random_3sat_control_v60_c180_seed1912,perm_seed1733,1,1,SATISFIABLE,SATISFIABLE,True,True,22,22,5,5,0.000663,0.000683,2.0000000000000052e-05,True,True,True,True,True,
repeat=1|base=random_3sat_control_v60_c180_seed1912|variant=perm_seed1734,1,random_3sat_control_v60_c180_seed1912,perm_seed1734,1,1,SATISFIABLE,SATISFIABLE,True,True,23,23,2,2,0.000775,0.000792,1.699999999999998e-05,True,True,True,True,True,
repeat=1|base=random_3sat_control_v60_c180_seed1912|variant=perm_seed1735,1,random_3sat_control_v60_c180_seed1912,perm_seed1735,1,1,SATISFIABLE,SATISFIABLE,True,True,27,27,7,7,0.000716,0.000696,-1.9999999999999944e-05,True,True,True,True,True,
repeat=1|base=random_3sat_control_v60_c180_seed1912|variant=perm_seed1736,1,random_3sat_control_v60_c180_seed1912,perm_seed1736,1,1,SATISFIABLE,SATISFIABLE,True,True,26,26,2,2,0.000728,0.000734,5.999999999999929e-06,True,True,True,True,True,
repeat=1|base=random_3sat_control_v60_c180_seed1912|variant=perm_seed1737,1,random_3sat_control_v60_c180_seed1912,perm_seed1737,1,1,SATISFIABLE,SATISFIABLE,True,True,21,21,1,1,0.000666,0.000772,0.00010599999999999997,True,True,True,True,True,
repeat=1|base=random_3sat_control_v60_c180_seed1912|variant=perm_seed1738,1,random_3sat_control_v60_c180_seed1912,perm_seed1738,1,1,SATISFIABLE,SATISFIABLE,True,True,20,20,1,1,0.000843,0.000802,-4.100000000000002e-05,True,True,True,True,True,
repeat=1|base=random_3sat_control_v60_c180_seed1912|variant=perm_seed1739,1,random_3sat_control_v60_c180_seed1912,perm_seed1739,1,1,SATISFIABLE,SATISFIABLE,True,True,14,14,0,0,0.000761,0.000776,1.500000000000004e-05,True,True,True,True,True,
repeat=1|base=random_3sat_control_v60_c180_seed1912|variant=perm_seed1740,1,random_3sat_control_v60_c180_seed1912,perm_seed1740,1,1,SATISFIABLE,SATISFIABLE,True,True,17,17,0,0,0.000688,0.000693,5.000000000000013e-06,True,True,True,True,True,
repeat=1|base=random_3sat_control_v60_c180_seed1912|variant=perm_seed1741,1,random_3sat_control_v60_c180_seed1912,perm_seed1741,1,1,SATISFIABLE,SATISFIABLE,True,True,19,19,0,0,0.000752,0.000715,-3.6999999999999924e-05,True,True,True,True,True,
repeat=1|base=random_3sat_control_v60_c180_seed1912|variant=perm_seed1742,1,random_3sat_control_v60_c180_seed1912,perm_seed1742,1,1,SATISFIABLE,SATISFIABLE,True,True,26,26,8,8,0.000656,0.000816,0.00015999999999999999,True,True,True,True,True,
repeat=1|base=random_3sat_control_v60_c180_seed1912|variant=perm_seed1743,1,random_3sat_control_v60_c180_seed1912,perm_seed1743,1,1,SATISFIABLE,SATISFIABLE,True,True,22,22,6,6,0.000778,0.000713,-6.500000000000006e-05,True,True,True,True,True,
repeat=1|base=random_3sat_control_v60_c180_seed1912|variant=perm_seed1744,1,random_3sat_control_v60_c180_seed1912,perm_seed1744,1,1,SATISFIABLE,SATISFIABLE,True,True,21,21,1,1,0.000746,0.000717,-2.9000000000000054e-05,True,True,True,True,True,
repeat=1|base=random_3sat_control_v60_c180_seed1912|variant=perm_seed1745,1,random_3sat_control_v60_c180_seed1912,perm_seed1745,1,1,SATISFIABLE,SATISFIABLE,True,True,18,18,0,0,0.000769,0.000746,-2.3000000000000017e-05,True,True,True,True,True,
repeat=1|base=random_3sat_control_v60_c255_seed1927|variant=base,1,random_3sat_control_v60_c255_seed1927,base,1,1,SATISFIABLE,SATISFIABLE,True,True,106,106,76,76,0.000847,0.000827,-1.9999999999999944e-05,True,True,True,True,True,
repeat=1|base=random_3sat_control_v60_c255_seed1927|variant=perm_seed1730,1,random_3sat_control_v60_c255_seed1927,perm_seed1730,1,1,SATISFIABLE,SATISFIABLE,True,True,72,72,47,47,0.000883,0.000866,-1.699999999999998e-05,True,True,True,True,True,
repeat=1|base=random_3sat_control_v60_c255_seed1927|variant=perm_seed1731,1,random_3sat_control_v60_c255_seed1927,perm_seed1731,1,1,SATISFIABLE,SATISFIABLE,True,True,31,31,15,15,0.000692,0.000766,7.399999999999996e-05,True,True,True,True,True,
repeat=1|base=random_3sat_control_v60_c255_seed1927|variant=perm_seed1732,1,random_3sat_control_v60_c255_seed1927,perm_seed1732,1,1,SATISFIABLE,SATISFIABLE,True,True,126,126,95,95,0.000874,0.00099,0.000116,True,True,True,True,True,
repeat=1|base=random_3sat_control_v60_c255_seed1927|variant=perm_seed1733,1,random_3sat_control_v60_c255_seed1927,perm_seed1733,1,1,SATISFIABLE,SATISFIABLE,True,True,71,71,50,50,0.000848,0.000836,-1.1999999999999966e-05,True,True,True,True,True,
repeat=1|base=random_3sat_control_v60_c255_seed1927|variant=perm_seed1734,1,random_3sat_control_v60_c255_seed1927,perm_seed1734,1,1,SATISFIABLE,SATISFIABLE,True,True,61,61,38,38,0.00082,0.000742,-7.799999999999994e-05,True,True,True,True,True,
repeat=1|base=random_3sat_control_v60_c255_seed1927|variant=perm_seed1735,1,random_3sat_control_v60_c255_seed1927,perm_seed1735,1,1,SATISFIABLE,SATISFIABLE,True,True,150,150,128,128,0.000914,0.000879,-3.499999999999998e-05,True,True,True,True,True,
repeat=1|base=random_3sat_control_v60_c255_seed1927|variant=perm_seed1736,1,random_3sat_control_v60_c255_seed1927,perm_seed1736,1,1,SATISFIABLE,SATISFIABLE,True,True,132,132,112,112,0.000842,0.000872,3.000000000000008e-05,True,True,True,True,True,
repeat=1|base=random_3sat_control_v60_c255_seed1927|variant=perm_seed1737,1,random_3sat_control_v60_c255_seed1927,perm_seed1737,1,1,SATISFIABLE,SATISFIABLE,True,True,71,71,52,52,0.000756,0.000796,3.9999999999999996e-05,True,True,True,True,True,
repeat=1|base=random_3sat_control_v60_c255_seed1927|variant=perm_seed1738,1,random_3sat_control_v60_c255_seed1927,perm_seed1738,1,1,SATISFIABLE,SATISFIABLE,True,True,25,25,11,11,0.000738,0.000754,1.5999999999999955e-05,True,True,True,True,True,
repeat=1|base=random_3sat_control_v60_c255_seed1927|variant=perm_seed1739,1,random_3sat_control_v60_c255_seed1927,perm_seed1739,1,1,SATISFIABLE,SATISFIABLE,True,True,101,101,74,74,0.00084,0.000876,3.600000000000001e-05,True,True,True,True,True,
repeat=1|base=random_3sat_control_v60_c255_seed1927|variant=perm_seed1740,1,random_3sat_control_v60_c255_seed1927,perm_seed1740,1,1,SATISFIABLE,SATISFIABLE,True,True,124,124,94,94,0.000847,0.000849,2.0000000000000486e-06,True,True,True,True,True,
repeat=1|base=random_3sat_control_v60_c255_seed1927|variant=perm_seed1741,1,random_3sat_control_v60_c255_seed1927,perm_seed1741,1,1,SATISFIABLE,SATISFIABLE,True,True,33,33,20,20,0.00073,0.000789,5.9000000000000025e-05,True,True,True,True,True,
repeat=1|base=random_3sat_control_v60_c255_seed1927|variant=perm_seed1742,1,random_3sat_control_v60_c255_seed1927,perm_seed1742,1,1,SATISFIABLE,SATISFIABLE,True,True,100,100,80,80,0.000795,0.000829,3.399999999999996e-05,True,True,True,True,True,
repeat=1|base=random_3sat_control_v60_c255_seed1927|variant=perm_seed1743,1,random_3sat_control_v60_c255_seed1927,perm_seed1743,1,1,SATISFIABLE,SATISFIABLE,True,True,112,112,78,78,0.000802,0.000837,3.499999999999998e-05,True,True,True,True,True,
repeat=1|base=random_3sat_control_v60_c255_seed1927|variant=perm_seed1744,1,random_3sat_control_v60_c255_seed1927,perm_seed1744,1,1,SATISFIABLE,SATISFIABLE,True,True,31,31,15,15,0.000686,0.000756,7.000000000000008e-05,True,True,True,True,True,
repeat=1|base=random_3sat_control_v60_c255_seed1927|variant=perm_seed1745,1,random_3sat_control_v60_c255_seed1927,perm_seed1745,1,1,SATISFIABLE,SATISFIABLE,True,True,74,74,51,51,0.00077,0.000759,-1.0999999999999942e-05,True,True,True,True,True,
repeat=1|base=random_3sat_control_v70_c298_seed1928|variant=base,1,random_3sat_control_v70_c298_seed1928,base,1,1,SATISFIABLE,SATISFIABLE,True,True,148,148,116,116,0.00101,0.001033,2.3000000000000017e-05,True,True,True,True,True,
repeat=1|base=random_3sat_control_v70_c298_seed1928|variant=perm_seed1730,1,random_3sat_control_v70_c298_seed1928,perm_seed1730,1,1,SATISFIABLE,SATISFIABLE,True,True,242,242,196,196,0.001093,0.001174,8.099999999999991e-05,True,True,True,True,True,
repeat=1|base=random_3sat_control_v70_c298_seed1928|variant=perm_seed1731,1,random_3sat_control_v70_c298_seed1928,perm_seed1731,1,1,SATISFIABLE,SATISFIABLE,True,True,146,146,116,116,0.000977,0.000973,-3.999999999999989e-06,True,True,True,True,True,
repeat=1|base=random_3sat_control_v70_c298_seed1928|variant=perm_seed1732,1,random_3sat_control_v70_c298_seed1928,perm_seed1732,1,1,SATISFIABLE,SATISFIABLE,True,True,103,103,73,73,0.000855,0.000997,0.0001420000000000001,True,True,True,True,True,
repeat=1|base=random_3sat_control_v70_c298_seed1928|variant=perm_seed1733,1,random_3sat_control_v70_c298_seed1928,perm_seed1733,1,1,SATISFIABLE,SATISFIABLE,True,True,134,134,106,106,0.00097,0.000943,-2.7000000000000006e-05,True,True,True,True,True,
repeat=1|base=random_3sat_control_v70_c298_seed1928|variant=perm_seed1734,1,random_3sat_control_v70_c298_seed1928,perm_seed1734,1,1,SATISFIABLE,SATISFIABLE,True,True,108,108,85,85,0.00085,0.000924,7.400000000000006e-05,True,True,True,True,True,
repeat=1|base=random_3sat_control_v70_c298_seed1928|variant=perm_seed1735,1,random_3sat_control_v70_c298_seed1928,perm_seed1735,1,1,SATISFIABLE,SATISFIABLE,True,True,200,200,155,155,0.000976,0.001108,0.00013200000000000006,True,True,True,True,True,
repeat=1|base=random_3sat_control_v70_c298_seed1928|variant=perm_seed1736,1,random_3sat_control_v70_c298_seed1928,perm_seed1736,1,1,SATISFIABLE,SATISFIABLE,True,True,29,29,11,11,0.000785,0.000909,0.00012399999999999998,True,True,True,True,True,
repeat=1|base=random_3sat_control_v70_c298_seed1928|variant=perm_seed1737,1,random_3sat_control_v70_c298_seed1928,perm_seed1737,1,1,SATISFIABLE,SATISFIABLE,True,True,39,39,17,17,0.00078,0.000772,-7.999999999999978e-06,True,True,True,True,True,
repeat=1|base=random_3sat_control_v70_c298_seed1928|variant=perm_seed1738,1,random_3sat_control_v70_c298_seed1928,perm_seed1738,1,1,SATISFIABLE,SATISFIABLE,True,True,43,43,25,25,0.000829,0.00079,-3.899999999999997e-05,True,True,True,True,True,
repeat=1|base=random_3sat_control_v70_c298_seed1928|variant=perm_seed1739,1,random_3sat_control_v70_c298_seed1928,perm_seed1739,1,1,SATISFIABLE,SATISFIABLE,True,True,33,33,15,15,0.000945,0.000846,-9.900000000000002e-05,True,True,True,True,True,
repeat=1|base=random_3sat_control_v70_c298_seed1928|variant=perm_seed1740,1,random_3sat_control_v70_c298_seed1928,perm_seed1740,1,1,SATISFIABLE,SATISFIABLE,True,True,58,58,36,36,0.000801,0.001062,0.00026100000000000006,True,True,True,True,True,
repeat=1|base=random_3sat_control_v70_c298_seed1928|variant=perm_seed1741,1,random_3sat_control_v70_c298_seed1928,perm_seed1741,1,1,SATISFIABLE,SATISFIABLE,True,True,41,41,24,24,0.00083,0.000944,0.00011399999999999995,True,True,True,True,True,
repeat=1|base=random_3sat_control_v70_c298_seed1928|variant=perm_seed1742,1,random_3sat_control_v70_c298_seed1928,perm_seed1742,1,1,SATISFIABLE,SATISFIABLE,True,True,39,39,23,23,0.000884,0.000775,-0.00010900000000000005,True,True,True,True,True,
repeat=1|base=random_3sat_control_v70_c298_seed1928|variant=perm_seed1743,1,random_3sat_control_v70_c298_seed1928,perm_seed1743,1,1,SATISFIABLE,SATISFIABLE,True,True,189,189,146,146,0.000984,0.001007,2.3000000000000017e-05,True,True,True,True,True,
repeat=1|base=random_3sat_control_v70_c298_seed1928|variant=perm_seed1744,1,random_3sat_control_v70_c298_seed1928,perm_seed1744,1,1,SATISFIABLE,SATISFIABLE,True,True,49,49,22,22,0.000815,0.000919,0.00010400000000000003,True,True,True,True,True,
repeat=1|base=random_3sat_control_v70_c298_seed1928|variant=perm_seed1745,1,random_3sat_control_v70_c298_seed1928,perm_seed1745,1,1,SATISFIABLE,SATISFIABLE,True,True,90,90,64,64,0.000911,0.000843,-6.800000000000003e-05,True,True,True,True,True,
repeat=1|base=random_3sat_control_v80_c260_seed1929|variant=base,1,random_3sat_control_v80_c260_seed1929,base,1,1,SATISFIABLE,SATISFIABLE,True,True,36,36,13,13,0.00076,0.000798,3.799999999999995e-05,True,True,True,True,True,
repeat=1|base=random_3sat_control_v80_c260_seed1929|variant=perm_seed1730,1,random_3sat_control_v80_c260_seed1929,perm_seed1730,1,1,SATISFIABLE,SATISFIABLE,True,True,25,25,6,6,0.000689,0.000713,2.3999999999999933e-05,True,True,True,True,True,
repeat=1|base=random_3sat_control_v80_c260_seed1929|variant=perm_seed1731,1,random_3sat_control_v80_c260_seed1929,perm_seed1731,1,1,SATISFIABLE,SATISFIABLE,True,True,40,40,10,10,0.000752,0.000766,1.4000000000000015e-05,True,True,True,True,True,
repeat=1|base=random_3sat_control_v80_c260_seed1929|variant=perm_seed1732,1,random_3sat_control_v80_c260_seed1929,perm_seed1732,1,1,SATISFIABLE,SATISFIABLE,True,True,22,22,0,0,0.000909,0.000834,-7.499999999999998e-05,True,True,True,True,True,
repeat=1|base=random_3sat_control_v80_c260_seed1929|variant=perm_seed1733,1,random_3sat_control_v80_c260_seed1929,perm_seed1733,1,1,SATISFIABLE,SATISFIABLE,True,True,27,27,1,1,0.000787,0.000784,-3.000000000000073e-06,True,True,True,True,True,
repeat=1|base=random_3sat_control_v80_c260_seed1929|variant=perm_seed1734,1,random_3sat_control_v80_c260_seed1929,perm_seed1734,1,1,SATISFIABLE,SATISFIABLE,True,True,50,50,12,12,0.000854,0.000769,-8.5e-05,True,True,True,True,True,
repeat=1|base=random_3sat_control_v80_c260_seed1929|variant=perm_seed1735,1,random_3sat_control_v80_c260_seed1929,perm_seed1735,1,1,SATISFIABLE,SATISFIABLE,True,True,57,57,38,38,0.000834,0.000892,5.8e-05,True,True,True,True,True,
repeat=1|base=random_3sat_control_v80_c260_seed1929|variant=perm_seed1736,1,random_3sat_control_v80_c260_seed1929,perm_seed1736,1,1,SATISFIABLE,SATISFIABLE,True,True,22,22,1,1,0.000858,0.000742,-0.000116,True,True,True,True,True,
repeat=1|base=random_3sat_control_v80_c260_seed1929|variant=perm_seed1737,1,random_3sat_control_v80_c260_seed1929,perm_seed1737,1,1,SATISFIABLE,SATISFIABLE,True,True,26,26,7,7,0.000725,0.000764,3.900000000000008e-05,True,True,True,True,True,
repeat=1|base=random_3sat_control_v80_c260_seed1929|variant=perm_seed1738,1,random_3sat_control_v80_c260_seed1929,perm_seed1738,1,1,SATISFIABLE,SATISFIABLE,True,True,35,35,14,14,0.00081,0.000792,-1.8000000000000004e-05,True,True,True,True,True,
repeat=1|base=random_3sat_control_v80_c260_seed1929|variant=perm_seed1739,1,random_3sat_control_v80_c260_seed1929,perm_seed1739,1,1,SATISFIABLE,SATISFIABLE,True,True,55,55,25,25,0.000744,0.000743,-1.0000000000000243e-06,True,True,True,True,True,
repeat=1|base=random_3sat_control_v80_c260_seed1929|variant=perm_seed1740,1,random_3sat_control_v80_c260_seed1929,perm_seed1740,1,1,SATISFIABLE,SATISFIABLE,True,True,30,30,4,4,0.000753,0.000884,0.00013100000000000004,True,True,True,True,True,
repeat=1|base=random_3sat_control_v80_c260_seed1929|variant=perm_seed1741,1,random_3sat_control_v80_c260_seed1929,perm_seed1741,1,1,SATISFIABLE,SATISFIABLE,True,True,23,23,0,0,0.00084,0.000919,7.899999999999997e-05,True,True,True,True,True,
repeat=1|base=random_3sat_control_v80_c260_seed1929|variant=perm_seed1742,1,random_3sat_control_v80_c260_seed1929,perm_seed1742,1,1,SATISFIABLE,SATISFIABLE,True,True,30,30,4,4,0.000746,0.000845,9.900000000000002e-05,True,True,True,True,True,
repeat=1|base=random_3sat_control_v80_c260_seed1929|variant=perm_seed1743,1,random_3sat_control_v80_c260_seed1929,perm_seed1743,1,1,SATISFIABLE,SATISFIABLE,True,True,30,30,1,1,0.000743,0.000779,3.600000000000001e-05,True,True,True,True,True,
repeat=1|base=random_3sat_control_v80_c260_seed1929|variant=perm_seed1744,1,random_3sat_control_v80_c260_seed1929,perm_seed1744,1,1,SATISFIABLE,SATISFIABLE,True,True,36,36,4,4,0.000722,0.000786,6.400000000000004e-05,True,True,True,True,True,
repeat=1|base=random_3sat_control_v80_c260_seed1929|variant=perm_seed1745,1,random_3sat_control_v80_c260_seed1929,perm_seed1745,1,1,SATISFIABLE,SATISFIABLE,True,True,30,30,3,3,0.000742,0.000988,0.0002459999999999999,True,True,True,True,True,
repeat=1|base=random_3sat_control_v80_c340_seed1913|variant=base,1,random_3sat_control_v80_c340_seed1913,base,1,1,SATISFIABLE,SATISFIABLE,True,True,121,121,96,96,0.000997,0.001062,6.499999999999995e-05,True,True,True,True,True,
repeat=1|base=random_3sat_control_v80_c340_seed1913|variant=perm_seed1730,1,random_3sat_control_v80_c340_seed1913,perm_seed1730,1,1,SATISFIABLE,SATISFIABLE,True,True,380,380,310,310,0.001371,0.001278,-9.299999999999998e-05,True,True,True,True,True,
repeat=1|base=random_3sat_control_v80_c340_seed1913|variant=perm_seed1731,1,random_3sat_control_v80_c340_seed1913,perm_seed1731,1,1,SATISFIABLE,SATISFIABLE,True,True,74,74,48,48,0.000825,0.000841,1.5999999999999955e-05,True,True,True,True,True,
repeat=1|base=random_3sat_control_v80_c340_seed1913|variant=perm_seed1732,1,random_3sat_control_v80_c340_seed1913,perm_seed1732,1,1,SATISFIABLE,SATISFIABLE,True,True,54,54,32,32,0.000784,0.000914,0.00013000000000000002,True,True,True,True,True,
repeat=1|base=random_3sat_control_v80_c340_seed1913|variant=perm_seed1733,1,random_3sat_control_v80_c340_seed1913,perm_seed1733,1,1,SATISFIABLE,SATISFIABLE,True,True,103,103,78,78,0.000956,0.000922,-3.400000000000007e-05,True,True,True,True,True,
repeat=1|base=random_3sat_control_v80_c340_seed1913|variant=perm_seed1734,1,random_3sat_control_v80_c340_seed1913,perm_seed1734,1,1,SATISFIABLE,SATISFIABLE,True,True,222,222,172,172,0.001079,0.00106,-1.9000000000000137e-05,True,True,True,True,True,
repeat=1|base=random_3sat_control_v80_c340_seed1913|variant=perm_seed1735,1,random_3sat_control_v80_c340_seed1913,perm_seed1735,1,1,SATISFIABLE,SATISFIABLE,True,True,52,52,31,31,0.000755,0.000855,9.999999999999994e-05,True,True,True,True,True,
repeat=1|base=random_3sat_control_v80_c340_seed1913|variant=perm_seed1736,1,random_3sat_control_v80_c340_seed1913,perm_seed1736,1,1,SATISFIABLE,SATISFIABLE,True,True,310,310,243,243,0.001241,0.001136,-0.00010499999999999984,True,True,True,True,True,
repeat=1|base=random_3sat_control_v80_c340_seed1913|variant=perm_seed1737,1,random_3sat_control_v80_c340_seed1913,perm_seed1737,1,1,SATISFIABLE,SATISFIABLE,True,True,113,113,93,93,0.000952,0.000852,-0.00010000000000000005,True,True,True,True,True,
repeat=1|base=random_3sat_control_v80_c340_seed1913|variant=perm_seed1738,1,random_3sat_control_v80_c340_seed1913,perm_seed1738,1,1,SATISFIABLE,SATISFIABLE,True,True,27,27,8,8,0.000887,0.000768,-0.00011899999999999997,True,True,True,True,True,
repeat=1|base=random_3sat_control_v80_c340_seed1913|variant=perm_seed1739,1,random_3sat_control_v80_c340_seed1913,perm_seed1739,1,1,SATISFIABLE,SATISFIABLE,True,True,399,399,328,328,0.001382,0.001368,-1.3999999999999907e-05,True,True,True,True,True,
repeat=1|base=random_3sat_control_v80_c340_seed1913|variant=perm_seed1740,1,random_3sat_control_v80_c340_seed1913,perm_seed1740,1,1,SATISFIABLE,SATISFIABLE,True,True,63,63,37,37,0.000794,0.000848,5.400000000000001e-05,True,True,True,True,True,
repeat=1|base=random_3sat_control_v80_c340_seed1913|variant=perm_seed1741,1,random_3sat_control_v80_c340_seed1913,perm_seed1741,1,1,SATISFIABLE,SATISFIABLE,True,True,162,162,128,128,0.000972,0.001013,4.100000000000002e-05,True,True,True,True,True,
repeat=1|base=random_3sat_control_v80_c340_seed1913|variant=perm_seed1742,1,random_3sat_control_v80_c340_seed1913,perm_seed1742,1,1,SATISFIABLE,SATISFIABLE,True,True,80,80,63,63,0.000852,0.000868,1.5999999999999955e-05,True,True,True,True,True,
repeat=1|base=random_3sat_control_v80_c340_seed1913|variant=perm_seed1743,1,random_3sat_control_v80_c340_seed1913,perm_seed1743,1,1,SATISFIABLE,SATISFIABLE,True,True,193,193,159,159,0.001048,0.001032,-1.6000000000000172e-05,True,True,True,True,True,
repeat=1|base=random_3sat_control_v80_c340_seed1913|variant=perm_seed1744,1,random_3sat_control_v80_c340_seed1913,perm_seed1744,1,1,SATISFIABLE,SATISFIABLE,True,True,164,164,128,128,0.001158,0.000994,-0.00016399999999999987,True,True,True,True,True,
repeat=1|base=random_3sat_control_v80_c340_seed1913|variant=perm_seed1745,1,random_3sat_control_v80_c340_seed1913,perm_seed1745,1,1,SATISFIABLE,SATISFIABLE,True,True,300,300,236,236,0.001116,0.001203,8.700000000000005e-05,True,True,True,True,True,
repeat=1|base=random_3sat_control_v90_c383_seed1930|variant=base,1,random_3sat_control_v90_c383_seed1930,base,1,1,UNSATISFIABLE,UNSATISFIABLE,True,True,286,286,256,256,0.001179,0.001148,-3.0999999999999995e-05,True,True,True,True,True,
repeat=1|base=random_3sat_control_v90_c383_seed1930|variant=perm_seed1730,1,random_3sat_control_v90_c383_seed1930,perm_seed1730,1,1,UNSATISFIABLE,UNSATISFIABLE,True,True,583,583,499,499,0.001684,0.001971,0.00028700000000000015,True,True,True,True,True,
repeat=1|base=random_3sat_control_v90_c383_seed1930|variant=perm_seed1731,1,random_3sat_control_v90_c383_seed1930,perm_seed1731,1,1,UNSATISFIABLE,UNSATISFIABLE,True,True,502,502,439,439,0.001615,0.001588,-2.6999999999999897e-05,True,True,True,True,True,
repeat=1|base=random_3sat_control_v90_c383_seed1930|variant=perm_seed1732,1,random_3sat_control_v90_c383_seed1930,perm_seed1732,1,1,UNSATISFIABLE,UNSATISFIABLE,True,True,440,440,363,363,0.001533,0.001474,-5.9000000000000025e-05,True,True,True,True,True,
repeat=1|base=random_3sat_control_v90_c383_seed1930|variant=perm_seed1733,1,random_3sat_control_v90_c383_seed1930,perm_seed1733,1,1,UNSATISFIABLE,UNSATISFIABLE,True,True,508,508,440,440,0.001896,0.001621,-0.00027499999999999985,True,True,True,True,True,
repeat=1|base=random_3sat_control_v90_c383_seed1930|variant=perm_seed1734,1,random_3sat_control_v90_c383_seed1930,perm_seed1734,1,1,UNSATISFIABLE,UNSATISFIABLE,True,True,487,487,421,421,0.001652,0.001632,-2.0000000000000052e-05,True,True,True,True,True,
repeat=1|base=random_3sat_control_v90_c383_seed1930|variant=perm_seed1735,1,random_3sat_control_v90_c383_seed1930,perm_seed1735,1,1,UNSATISFIABLE,UNSATISFIABLE,True,True,481,481,420,420,0.001449,0.001484,3.500000000000009e-05,True,True,True,True,True,
repeat=1|base=random_3sat_control_v90_c383_seed1930|variant=perm_seed1736,1,random_3sat_control_v90_c383_seed1930,perm_seed1736,1,1,UNSATISFIABLE,UNSATISFIABLE,True,True,578,578,519,519,0.001767,0.001841,7.400000000000006e-05,True,True,True,True,True,
repeat=1|base=random_3sat_control_v90_c383_seed1930|variant=perm_seed1737,1,random_3sat_control_v90_c383_seed1930,perm_seed1737,1,1,UNSATISFIABLE,UNSATISFIABLE,True,True,528,528,463,463,0.001684,0.001724,4.0000000000000105e-05,True,True,True,True,True,
repeat=1|base=random_3sat_control_v90_c383_seed1930|variant=perm_seed1738,1,random_3sat_control_v90_c383_seed1930,perm_seed1738,1,1,UNSATISFIABLE,UNSATISFIABLE,True,True,385,385,333,333,0.001323,0.001377,5.400000000000001e-05,True,True,True,True,True,
repeat=1|base=random_3sat_control_v90_c383_seed1930|variant=perm_seed1739,1,random_3sat_control_v90_c383_seed1930,perm_seed1739,1,1,UNSATISFIABLE,UNSATISFIABLE,True,True,713,713,606,606,0.001915,0.001949,3.399999999999996e-05,True,True,True,True,True,
repeat=1|base=random_3sat_control_v90_c383_seed1930|variant=perm_seed1740,1,random_3sat_control_v90_c383_seed1930,perm_seed1740,1,1,UNSATISFIABLE,UNSATISFIABLE,True,True,547,547,479,479,0.001644,0.001858,0.000214,True,True,True,True,True,
repeat=1|base=random_3sat_control_v90_c383_seed1930|variant=perm_seed1741,1,random_3sat_control_v90_c383_seed1930,perm_seed1741,1,1,UNSATISFIABLE,UNSATISFIABLE,True,True,507,507,434,434,0.001648,0.001584,-6.400000000000004e-05,True,True,True,True,True,
repeat=1|base=random_3sat_control_v90_c383_seed1930|variant=perm_seed1742,1,random_3sat_control_v90_c383_seed1930,perm_seed1742,1,1,UNSATISFIABLE,UNSATISFIABLE,True,True,656,656,578,578,0.001881,0.002021,0.00013999999999999972,True,True,True,True,True,
repeat=1|base=random_3sat_control_v90_c383_seed1930|variant=perm_seed1743,1,random_3sat_control_v90_c383_seed1930,perm_seed1743,1,1,UNSATISFIABLE,UNSATISFIABLE,True,True,377,377,327,327,0.001765,0.001425,-0.00034,True,True,True,True,True,
repeat=1|base=random_3sat_control_v90_c383_seed1930|variant=perm_seed1744,1,random_3sat_control_v90_c383_seed1930,perm_seed1744,1,1,UNSATISFIABLE,UNSATISFIABLE,True,True,610,610,505,505,0.00183,0.001761,-6.900000000000005e-05,True,True,True,True,True,
repeat=1|base=random_3sat_control_v90_c383_seed1930|variant=perm_seed1745,1,random_3sat_control_v90_c383_seed1930,perm_seed1745,1,1,UNSATISFIABLE,UNSATISFIABLE,True,True,398,398,329,329,0.001402,0.001436,3.399999999999996e-05,True,True,True,True,True,
repeat=1|base=subset_cardinality_bw10|variant=base,1,subset_cardinality_bw10,base,1,1,UNSATISFIABLE,UNSATISFIABLE,True,True,193,193,141,141,0.000834,0.000804,-2.999999999999997e-05,True,True,True,True,True,
repeat=1|base=subset_cardinality_bw10|variant=perm_seed1730,1,subset_cardinality_bw10,perm_seed1730,1,1,UNSATISFIABLE,UNSATISFIABLE,True,True,218,218,167,167,0.000796,0.000883,8.699999999999995e-05,True,True,True,True,True,
repeat=1|base=subset_cardinality_bw10|variant=perm_seed1731,1,subset_cardinality_bw10,perm_seed1731,1,1,UNSATISFIABLE,UNSATISFIABLE,True,True,202,202,147,147,0.000906,0.00081,-9.600000000000006e-05,True,True,True,True,True,
repeat=1|base=subset_cardinality_bw10|variant=perm_seed1732,1,subset_cardinality_bw10,perm_seed1732,1,1,UNSATISFIABLE,UNSATISFIABLE,True,True,217,217,149,149,0.000807,0.00081,2.9999999999999645e-06,True,True,True,True,True,
repeat=1|base=subset_cardinality_bw10|variant=perm_seed1733,1,subset_cardinality_bw10,perm_seed1733,1,1,UNSATISFIABLE,UNSATISFIABLE,True,True,188,188,147,147,0.000785,0.000827,4.2000000000000045e-05,True,True,True,True,True,
repeat=1|base=subset_cardinality_bw10|variant=perm_seed1734,1,subset_cardinality_bw10,perm_seed1734,1,1,UNSATISFIABLE,UNSATISFIABLE,True,True,249,249,170,170,0.000846,0.000831,-1.4999999999999931e-05,True,True,True,True,True,
repeat=1|base=subset_cardinality_bw10|variant=perm_seed1735,1,subset_cardinality_bw10,perm_seed1735,1,1,UNSATISFIABLE,UNSATISFIABLE,True,True,187,187,145,145,0.000845,0.000778,-6.7e-05,True,True,True,True,True,
repeat=1|base=subset_cardinality_bw10|variant=perm_seed1736,1,subset_cardinality_bw10,perm_seed1736,1,1,UNSATISFIABLE,UNSATISFIABLE,True,True,218,218,175,175,0.000855,0.000818,-3.6999999999999924e-05,True,True,True,True,True,
repeat=1|base=subset_cardinality_bw10|variant=perm_seed1737,1,subset_cardinality_bw10,perm_seed1737,1,1,UNSATISFIABLE,UNSATISFIABLE,True,True,214,214,148,148,0.00082,0.000967,0.000147,True,True,True,True,True,
repeat=1|base=subset_cardinality_bw10|variant=perm_seed1738,1,subset_cardinality_bw10,perm_seed1738,1,1,UNSATISFIABLE,UNSATISFIABLE,True,True,245,245,175,175,0.000814,0.001049,0.00023499999999999997,True,True,True,True,True,
repeat=1|base=subset_cardinality_bw10|variant=perm_seed1739,1,subset_cardinality_bw10,perm_seed1739,1,1,UNSATISFIABLE,UNSATISFIABLE,True,True,178,178,140,140,0.000907,0.000833,-7.400000000000006e-05,True,True,True,True,True,
repeat=1|base=subset_cardinality_bw10|variant=perm_seed1740,1,subset_cardinality_bw10,perm_seed1740,1,1,UNSATISFIABLE,UNSATISFIABLE,True,True,255,255,180,180,0.000916,0.000864,-5.200000000000007e-05,True,True,True,True,True,
repeat=1|base=subset_cardinality_bw10|variant=perm_seed1741,1,subset_cardinality_bw10,perm_seed1741,1,1,UNSATISFIABLE,UNSATISFIABLE,True,True,200,200,162,162,0.000837,0.000931,9.400000000000001e-05,True,True,True,True,True,
repeat=1|base=subset_cardinality_bw10|variant=perm_seed1742,1,subset_cardinality_bw10,perm_seed1742,1,1,UNSATISFIABLE,UNSATISFIABLE,True,True,200,200,151,151,0.000786,0.000888,0.00010199999999999999,True,True,True,True,True,
repeat=1|base=subset_cardinality_bw10|variant=perm_seed1743,1,subset_cardinality_bw10,perm_seed1743,1,1,UNSATISFIABLE,UNSATISFIABLE,True,True,216,216,154,154,0.001009,0.000857,-0.0001519999999999999,True,True,True,True,True,
repeat=1|base=subset_cardinality_bw10|variant=perm_seed1744,1,subset_cardinality_bw10,perm_seed1744,1,1,UNSATISFIABLE,UNSATISFIABLE,True,True,206,206,157,157,0.000801,0.000779,-2.1999999999999993e-05,True,True,True,True,True,
repeat=1|base=subset_cardinality_bw10|variant=perm_seed1745,1,subset_cardinality_bw10,perm_seed1745,1,1,UNSATISFIABLE,UNSATISFIABLE,True,True,225,225,170,170,0.00086,0.000883,2.3000000000000017e-05,True,True,True,True,True,
repeat=1|base=subset_cardinality_bw12|variant=base,1,subset_cardinality_bw12,base,1,1,UNSATISFIABLE,UNSATISFIABLE,True,True,442,442,342,342,0.001042,0.0011,5.800000000000011e-05,True,True,True,True,True,
repeat=1|base=subset_cardinality_bw12|variant=perm_seed1730,1,subset_cardinality_bw12,perm_seed1730,1,1,UNSATISFIABLE,UNSATISFIABLE,True,True,440,440,329,329,0.001031,0.001047,1.5999999999999955e-05,True,True,True,True,True,
repeat=1|base=subset_cardinality_bw12|variant=perm_seed1731,1,subset_cardinality_bw12,perm_seed1731,1,1,UNSATISFIABLE,UNSATISFIABLE,True,True,393,393,297,297,0.000975,0.000959,-1.5999999999999955e-05,True,True,True,True,True,
repeat=1|base=subset_cardinality_bw12|variant=perm_seed1732,1,subset_cardinality_bw12,perm_seed1732,1,1,UNSATISFIABLE,UNSATISFIABLE,True,True,430,430,328,328,0.000997,0.000991,-6.000000000000146e-06,True,True,True,True,True,
repeat=1|base=subset_cardinality_bw12|variant=perm_seed1733,1,subset_cardinality_bw12,perm_seed1733,1,1,UNSATISFIABLE,UNSATISFIABLE,True,True,434,434,333,333,0.00105,0.001034,-1.5999999999999955e-05,True,True,True,True,True,
repeat=1|base=subset_cardinality_bw12|variant=perm_seed1734,1,subset_cardinality_bw12,perm_seed1734,1,1,UNSATISFIABLE,UNSATISFIABLE,True,True,464,464,361,361,0.001098,0.00104,-5.800000000000011e-05,True,True,True,True,True,
repeat=1|base=subset_cardinality_bw12|variant=perm_seed1735,1,subset_cardinality_bw12,perm_seed1735,1,1,UNSATISFIABLE,UNSATISFIABLE,True,True,394,394,340,340,0.00098,0.001041,6.100000000000007e-05,True,True,True,True,True,
repeat=1|base=subset_cardinality_bw12|variant=perm_seed1736,1,subset_cardinality_bw12,perm_seed1736,1,1,UNSATISFIABLE,UNSATISFIABLE,True,True,410,410,313,313,0.001013,0.001011,-2.0000000000000486e-06,True,True,True,True,True,
repeat=1|base=subset_cardinality_bw12|variant=perm_seed1737,1,subset_cardinality_bw12,perm_seed1737,1,1,UNSATISFIABLE,UNSATISFIABLE,True,True,411,411,323,323,0.000996,0.001018,2.20000000000001e-05,True,True,True,True,True,
repeat=1|base=subset_cardinality_bw12|variant=perm_seed1738,1,subset_cardinality_bw12,perm_seed1738,1,1,UNSATISFIABLE,UNSATISFIABLE,True,True,411,411,317,317,0.000986,0.001022,3.600000000000001e-05,True,True,True,True,True,
repeat=1|base=subset_cardinality_bw12|variant=perm_seed1739,1,subset_cardinality_bw12,perm_seed1739,1,1,UNSATISFIABLE,UNSATISFIABLE,True,True,406,406,316,316,0.001051,0.001019,-3.200000000000013e-05,True,True,True,True,True,
repeat=1|base=subset_cardinality_bw12|variant=perm_seed1740,1,subset_cardinality_bw12,perm_seed1740,1,1,UNSATISFIABLE,UNSATISFIABLE,True,True,442,442,321,321,0.001036,0.000971,-6.500000000000006e-05,True,True,True,True,True,
repeat=1|base=subset_cardinality_bw12|variant=perm_seed1741,1,subset_cardinality_bw12,perm_seed1741,1,1,UNSATISFIABLE,UNSATISFIABLE,True,True,417,417,333,333,0.001018,0.001125,0.00010699999999999989,True,True,True,True,True,
repeat=1|base=subset_cardinality_bw12|variant=perm_seed1742,1,subset_cardinality_bw12,perm_seed1742,1,1,UNSATISFIABLE,UNSATISFIABLE,True,True,443,443,346,346,0.001033,0.001176,0.0001429999999999999,True,True,True,True,True,
repeat=1|base=subset_cardinality_bw12|variant=perm_seed1743,1,subset_cardinality_bw12,perm_seed1743,1,1,UNSATISFIABLE,UNSATISFIABLE,True,True,439,439,339,339,0.001003,0.001215,0.00021199999999999995,True,True,True,True,True,
repeat=1|base=subset_cardinality_bw12|variant=perm_seed1744,1,subset_cardinality_bw12,perm_seed1744,1,1,UNSATISFIABLE,UNSATISFIABLE,True,True,430,430,339,339,0.001278,0.001198,-7.999999999999999e-05,True,True,True,True,True,
repeat=1|base=subset_cardinality_bw12|variant=perm_seed1745,1,subset_cardinality_bw12,perm_seed1745,1,1,UNSATISFIABLE,UNSATISFIABLE,True,True,408,408,323,323,0.001066,0.001207,0.00014099999999999985,True,True,True,True,True,
repeat=1|base=subset_cardinality_bw14|variant=base,1,subset_cardinality_bw14,base,1,1,UNSATISFIABLE,UNSATISFIABLE,True,True,759,759,561,561,0.001604,0.001472,-0.00013199999999999996,True,True,True,True,True,
repeat=1|base=subset_cardinality_bw14|variant=perm_seed1730,1,subset_cardinality_bw14,perm_seed1730,1,1,UNSATISFIABLE,UNSATISFIABLE,True,True,743,743,583,583,0.001538,0.001442,-9.600000000000017e-05,True,True,True,True,True,
repeat=1|base=subset_cardinality_bw14|variant=perm_seed1731,1,subset_cardinality_bw14,perm_seed1731,1,1,UNSATISFIABLE,UNSATISFIABLE,True,True,775,775,591,591,0.001452,0.00145,-2.0000000000000486e-06,True,True,True,True,True,
repeat=1|base=subset_cardinality_bw14|variant=perm_seed1732,1,subset_cardinality_bw14,perm_seed1732,1,1,UNSATISFIABLE,UNSATISFIABLE,True,True,696,696,526,526,0.001337,0.001338,9.999999999999159e-07,True,True,True,True,True,
repeat=1|base=subset_cardinality_bw14|variant=perm_seed1733,1,subset_cardinality_bw14,perm_seed1733,1,1,UNSATISFIABLE,UNSATISFIABLE,True,True,772,772,610,610,0.001442,0.001466,2.400000000000015e-05,True,True,True,True,True,
repeat=1|base=subset_cardinality_bw14|variant=perm_seed1734,1,subset_cardinality_bw14,perm_seed1734,1,1,UNSATISFIABLE,UNSATISFIABLE,True,True,692,692,568,568,0.001394,0.001403,8.999999999999894e-06,True,True,True,True,True,
repeat=1|base=subset_cardinality_bw14|variant=perm_seed1735,1,subset_cardinality_bw14,perm_seed1735,1,1,UNSATISFIABLE,UNSATISFIABLE,True,True,736,736,603,603,0.001523,0.001553,2.9999999999999862e-05,True,True,True,True,True,
repeat=1|base=subset_cardinality_bw14|variant=perm_seed1736,1,subset_cardinality_bw14,perm_seed1736,1,1,UNSATISFIABLE,UNSATISFIABLE,True,True,725,725,580,580,0.001493,0.001489,-3.99999999999988e-06,True,True,True,True,True,
repeat=1|base=subset_cardinality_bw14|variant=perm_seed1737,1,subset_cardinality_bw14,perm_seed1737,1,1,UNSATISFIABLE,UNSATISFIABLE,True,True,709,709,503,503,0.001253,0.001447,0.00019399999999999995,True,True,True,True,True,
repeat=1|base=subset_cardinality_bw14|variant=perm_seed1738,1,subset_cardinality_bw14,perm_seed1738,1,1,UNSATISFIABLE,UNSATISFIABLE,True,True,687,687,549,549,0.001438,0.001445,7.000000000000062e-06,True,True,True,True,True,
repeat=1|base=subset_cardinality_bw14|variant=perm_seed1739,1,subset_cardinality_bw14,perm_seed1739,1,1,UNSATISFIABLE,UNSATISFIABLE,True,True,765,765,626,626,0.001568,0.001569,1.0000000000001327e-06,True,True,True,True,True,
repeat=1|base=subset_cardinality_bw14|variant=perm_seed1740,1,subset_cardinality_bw14,perm_seed1740,1,1,UNSATISFIABLE,UNSATISFIABLE,True,True,681,681,539,539,0.001321,0.001315,-5.999999999999929e-06,True,True,True,True,True,
repeat=1|base=subset_cardinality_bw14|variant=perm_seed1741,1,subset_cardinality_bw14,perm_seed1741,1,1,UNSATISFIABLE,UNSATISFIABLE,True,True,738,738,563,563,0.001523,0.001411,-0.00011200000000000012,True,True,True,True,True,
repeat=1|base=subset_cardinality_bw14|variant=perm_seed1742,1,subset_cardinality_bw14,perm_seed1742,1,1,UNSATISFIABLE,UNSATISFIABLE,True,True,647,647,497,497,0.001262,0.001258,-4.000000000000097e-06,True,True,True,True,True,
repeat=1|base=subset_cardinality_bw14|variant=perm_seed1743,1,subset_cardinality_bw14,perm_seed1743,1,1,UNSATISFIABLE,UNSATISFIABLE,True,True,800,800,653,653,0.001485,0.001578,9.299999999999998e-05,True,True,True,True,True,
repeat=1|base=subset_cardinality_bw14|variant=perm_seed1744,1,subset_cardinality_bw14,perm_seed1744,1,1,UNSATISFIABLE,UNSATISFIABLE,True,True,702,702,576,576,0.001437,0.001418,-1.899999999999992e-05,True,True,True,True,True,
repeat=1|base=subset_cardinality_bw14|variant=perm_seed1745,1,subset_cardinality_bw14,perm_seed1745,1,1,UNSATISFIABLE,UNSATISFIABLE,True,True,769,769,586,586,0.001381,0.001499,0.00011799999999999983,True,True,True,True,True,
repeat=1|base=subset_cardinality_bw16|variant=base,1,subset_cardinality_bw16,base,1,1,UNSATISFIABLE,UNSATISFIABLE,True,True,914,914,659,659,0.001569,0.001491,-7.800000000000016e-05,True,True,True,True,True,
repeat=1|base=subset_cardinality_bw16|variant=perm_seed1730,1,subset_cardinality_bw16,perm_seed1730,1,1,UNSATISFIABLE,UNSATISFIABLE,True,True,1124,1124,863,863,0.001823,0.001953,0.00013000000000000012,True,True,True,True,True,
repeat=1|base=subset_cardinality_bw16|variant=perm_seed1731,1,subset_cardinality_bw16,perm_seed1731,1,1,UNSATISFIABLE,UNSATISFIABLE,True,True,1165,1165,901,901,0.001947,0.001949,2.0000000000000486e-06,True,True,True,True,True,
repeat=1|base=subset_cardinality_bw16|variant=perm_seed1732,1,subset_cardinality_bw16,perm_seed1732,1,1,UNSATISFIABLE,UNSATISFIABLE,True,True,1261,1261,971,971,0.001972,0.002117,0.00014500000000000016,True,True,True,True,True,
repeat=1|base=subset_cardinality_bw16|variant=perm_seed1733,1,subset_cardinality_bw16,perm_seed1733,1,1,UNSATISFIABLE,UNSATISFIABLE,True,True,1256,1256,997,997,0.002177,0.002166,-1.1000000000000159e-05,True,True,True,True,True,
repeat=1|base=subset_cardinality_bw16|variant=perm_seed1734,1,subset_cardinality_bw16,perm_seed1734,1,1,UNSATISFIABLE,UNSATISFIABLE,True,True,1201,1201,874,874,0.001893,0.001938,4.500000000000012e-05,True,True,True,True,True,
repeat=1|base=subset_cardinality_bw16|variant=perm_seed1735,1,subset_cardinality_bw16,perm_seed1735,1,1,UNSATISFIABLE,UNSATISFIABLE,True,True,1156,1156,858,858,0.001873,0.001962,8.90000000000001e-05,True,True,True,True,True,
repeat=1|base=subset_cardinality_bw16|variant=perm_seed1736,1,subset_cardinality_bw16,perm_seed1736,1,1,UNSATISFIABLE,UNSATISFIABLE,True,True,1269,1269,990,990,0.002084,0.002169,8.5e-05,True,True,True,True,True,
repeat=1|base=subset_cardinality_bw16|variant=perm_seed1737,1,subset_cardinality_bw16,perm_seed1737,1,1,UNSATISFIABLE,UNSATISFIABLE,True,True,1136,1136,881,881,0.001992,0.001832,-0.00015999999999999977,True,True,True,True,True,
repeat=1|base=subset_cardinality_bw16|variant=perm_seed1738,1,subset_cardinality_bw16,perm_seed1738,1,1,UNSATISFIABLE,UNSATISFIABLE,True,True,1155,1155,911,911,0.001989,0.00207,8.099999999999991e-05,True,True,True,True,True,
repeat=1|base=subset_cardinality_bw16|variant=perm_seed1739,1,subset_cardinality_bw16,perm_seed1739,1,1,UNSATISFIABLE,UNSATISFIABLE,True,True,1240,1240,926,926,0.001883,0.002012,0.000129,True,True,True,True,True,
repeat=1|base=subset_cardinality_bw16|variant=perm_seed1740,1,subset_cardinality_bw16,perm_seed1740,1,1,UNSATISFIABLE,UNSATISFIABLE,True,True,1144,1144,866,866,0.001946,0.001893,-5.3000000000000096e-05,True,True,True,True,True,
repeat=1|base=subset_cardinality_bw16|variant=perm_seed1741,1,subset_cardinality_bw16,perm_seed1741,1,1,UNSATISFIABLE,UNSATISFIABLE,True,True,1187,1187,895,895,0.001853,0.001856,2.9999999999999645e-06,True,True,True,True,True,
repeat=1|base=subset_cardinality_bw16|variant=perm_seed1742,1,subset_cardinality_bw16,perm_seed1742,1,1,UNSATISFIABLE,UNSATISFIABLE,True,True,1144,1144,845,845,0.001832,0.001877,4.49999999999999e-05,True,True,True,True,True,
repeat=1|base=subset_cardinality_bw16|variant=perm_seed1743,1,subset_cardinality_bw16,perm_seed1743,1,1,UNSATISFIABLE,UNSATISFIABLE,True,True,1340,1340,1021,1021,0.002336,0.00221,-0.0001259999999999998,True,True,True,True,True,
repeat=1|base=subset_cardinality_bw16|variant=perm_seed1744,1,subset_cardinality_bw16,perm_seed1744,1,1,UNSATISFIABLE,UNSATISFIABLE,True,True,1190,1190,952,952,0.002217,0.002313,9.600000000000017e-05,True,True,True,True,True,
repeat=1|base=subset_cardinality_bw16|variant=perm_seed1745,1,subset_cardinality_bw16,perm_seed1745,1,1,UNSATISFIABLE,UNSATISFIABLE,True,True,1275,1275,979,979,0.002122,0.002161,3.899999999999997e-05,True,True,True,True,True,
repeat=1|base=subset_cardinality_bw18|variant=base,1,subset_cardinality_bw18,base,1,1,UNSATISFIABLE,UNSATISFIABLE,True,True,1744,1744,1353,1353,0.002915,0.002849,-6.600000000000009e-05,True,True,True,True,True,
repeat=1|base=subset_cardinality_bw18|variant=perm_seed1730,1,subset_cardinality_bw18,perm_seed1730,1,1,UNSATISFIABLE,UNSATISFIABLE,True,True,1692,1692,1238,1238,0.002533,0.002556,2.3000000000000017e-05,True,True,True,True,True,
repeat=1|base=subset_cardinality_bw18|variant=perm_seed1731,1,subset_cardinality_bw18,perm_seed1731,1,1,UNSATISFIABLE,UNSATISFIABLE,True,True,1884,1884,1464,1464,0.003042,0.003144,0.0001020000000000001,True,True,True,True,True,
repeat=1|base=subset_cardinality_bw18|variant=perm_seed1732,1,subset_cardinality_bw18,perm_seed1732,1,1,UNSATISFIABLE,UNSATISFIABLE,True,True,1456,1456,1049,1049,0.00218,0.002163,-1.7000000000000088e-05,True,True,True,True,True,
repeat=1|base=subset_cardinality_bw18|variant=perm_seed1733,1,subset_cardinality_bw18,perm_seed1733,1,1,UNSATISFIABLE,UNSATISFIABLE,True,True,1993,1993,1604,1604,0.00326,0.003328,6.799999999999992e-05,True,True,True,True,True,
repeat=1|base=subset_cardinality_bw18|variant=perm_seed1734,1,subset_cardinality_bw18,perm_seed1734,1,1,UNSATISFIABLE,UNSATISFIABLE,True,True,1814,1814,1305,1305,0.002549,0.00253,-1.899999999999992e-05,True,True,True,True,True,
repeat=1|base=subset_cardinality_bw18|variant=perm_seed1735,1,subset_cardinality_bw18,perm_seed1735,1,1,UNSATISFIABLE,UNSATISFIABLE,True,True,1587,1587,1151,1151,0.002282,0.002354,7.200000000000002e-05,True,True,True,True,True,
repeat=1|base=subset_cardinality_bw18|variant=perm_seed1736,1,subset_cardinality_bw18,perm_seed1736,1,1,UNSATISFIABLE,UNSATISFIABLE,True,True,1684,1684,1216,1216,0.00246,0.00239,-6.999999999999975e-05,True,True,True,True,True,
repeat=1|base=subset_cardinality_bw18|variant=perm_seed1737,1,subset_cardinality_bw18,perm_seed1737,1,1,UNSATISFIABLE,UNSATISFIABLE,True,True,1851,1851,1302,1302,0.002666,0.002624,-4.199999999999994e-05,True,True,True,True,True,
repeat=1|base=subset_cardinality_bw18|variant=perm_seed1738,1,subset_cardinality_bw18,perm_seed1738,1,1,UNSATISFIABLE,UNSATISFIABLE,True,True,1549,1549,1103,1103,0.002155,0.00225,9.500000000000003e-05,True,True,True,True,True,
repeat=1|base=subset_cardinality_bw18|variant=perm_seed1739,1,subset_cardinality_bw18,perm_seed1739,1,1,UNSATISFIABLE,UNSATISFIABLE,True,True,1933,1933,1461,1461,0.003016,0.003244,0.0002279999999999999,True,True,True,True,True,
repeat=1|base=subset_cardinality_bw18|variant=perm_seed1740,1,subset_cardinality_bw18,perm_seed1740,1,1,UNSATISFIABLE,UNSATISFIABLE,True,True,1755,1755,1289,1289,0.002614,0.002816,0.00020199999999999992,True,True,True,True,True,
repeat=1|base=subset_cardinality_bw18|variant=perm_seed1741,1,subset_cardinality_bw18,perm_seed1741,1,1,UNSATISFIABLE,UNSATISFIABLE,True,True,1766,1766,1309,1309,0.002804,0.002649,-0.0001550000000000002,True,True,True,True,True,
repeat=1|base=subset_cardinality_bw18|variant=perm_seed1742,1,subset_cardinality_bw18,perm_seed1742,1,1,UNSATISFIABLE,UNSATISFIABLE,True,True,1570,1570,1172,1172,0.002349,0.00238,3.100000000000021e-05,True,True,True,True,True,
repeat=1|base=subset_cardinality_bw18|variant=perm_seed1743,1,subset_cardinality_bw18,perm_seed1743,1,1,UNSATISFIABLE,UNSATISFIABLE,True,True,1910,1910,1455,1455,0.003059,0.002991,-6.799999999999992e-05,True,True,True,True,True,
repeat=1|base=subset_cardinality_bw18|variant=perm_seed1744,1,subset_cardinality_bw18,perm_seed1744,1,1,UNSATISFIABLE,UNSATISFIABLE,True,True,1455,1455,1048,1048,0.002126,0.002315,0.00018899999999999993,True,True,True,True,True,
repeat=1|base=subset_cardinality_bw18|variant=perm_seed1745,1,subset_cardinality_bw18,perm_seed1745,1,1,UNSATISFIABLE,UNSATISFIABLE,True,True,1653,1653,1237,1237,0.002449,0.0026,0.0001510000000000001,True,True,True,True,True,
repeat=1|base=subset_cardinality_bw8|variant=base,1,subset_cardinality_bw8,base,1,1,UNSATISFIABLE,UNSATISFIABLE,True,True,89,89,67,67,0.000719,0.000781,6.199999999999999e-05,True,True,True,True,True,
repeat=1|base=subset_cardinality_bw8|variant=perm_seed1730,1,subset_cardinality_bw8,perm_seed1730,1,1,UNSATISFIABLE,UNSATISFIABLE,True,True,110,110,76,76,0.000743,0.00073,-1.299999999999999e-05,True,True,True,True,True,
repeat=1|base=subset_cardinality_bw8|variant=perm_seed1731,1,subset_cardinality_bw8,perm_seed1731,1,1,UNSATISFIABLE,UNSATISFIABLE,True,True,91,91,70,70,0.000707,0.000653,-5.39999999999999e-05,True,True,True,True,True,
repeat=1|base=subset_cardinality_bw8|variant=perm_seed1732,1,subset_cardinality_bw8,perm_seed1732,1,1,UNSATISFIABLE,UNSATISFIABLE,True,True,84,84,67,67,0.000695,0.000668,-2.7000000000000006e-05,True,True,True,True,True,
repeat=1|base=subset_cardinality_bw8|variant=perm_seed1733,1,subset_cardinality_bw8,perm_seed1733,1,1,UNSATISFIABLE,UNSATISFIABLE,True,True,109,109,86,86,0.00065,0.000707,5.6999999999999976e-05,True,True,True,True,True,
repeat=1|base=subset_cardinality_bw8|variant=perm_seed1734,1,subset_cardinality_bw8,perm_seed1734,1,1,UNSATISFIABLE,UNSATISFIABLE,True,True,112,112,82,82,0.000686,0.000699,1.299999999999999e-05,True,True,True,True,True,
repeat=1|base=subset_cardinality_bw8|variant=perm_seed1735,1,subset_cardinality_bw8,perm_seed1735,1,1,UNSATISFIABLE,UNSATISFIABLE,True,True,94,94,68,68,0.00068,0.00065,-3.000000000000008e-05,True,True,True,True,True,
repeat=1|base=subset_cardinality_bw8|variant=perm_seed1736,1,subset_cardinality_bw8,perm_seed1736,1,1,UNSATISFIABLE,UNSATISFIABLE,True,True,121,121,83,83,0.000662,0.000711,4.9e-05,True,True,True,True,True,
repeat=1|base=subset_cardinality_bw8|variant=perm_seed1737,1,subset_cardinality_bw8,perm_seed1737,1,1,UNSATISFIABLE,UNSATISFIABLE,True,True,87,87,66,66,0.000663,0.000667,3.999999999999989e-06,True,True,True,True,True,
repeat=1|base=subset_cardinality_bw8|variant=perm_seed1738,1,subset_cardinality_bw8,perm_seed1738,1,1,UNSATISFIABLE,UNSATISFIABLE,True,True,80,80,66,66,0.000638,0.000701,6.300000000000001e-05,True,True,True,True,True,
repeat=1|base=subset_cardinality_bw8|variant=perm_seed1739,1,subset_cardinality_bw8,perm_seed1739,1,1,UNSATISFIABLE,UNSATISFIABLE,True,True,103,103,74,74,0.000672,0.000687,1.500000000000004e-05,True,True,True,True,True,
repeat=1|base=subset_cardinality_bw8|variant=perm_seed1740,1,subset_cardinality_bw8,perm_seed1740,1,1,UNSATISFIABLE,UNSATISFIABLE,True,True,98,98,64,64,0.000678,0.000672,-6.000000000000037e-06,True,True,True,True,True,
repeat=1|base=subset_cardinality_bw8|variant=perm_seed1741,1,subset_cardinality_bw8,perm_seed1741,1,1,UNSATISFIABLE,UNSATISFIABLE,True,True,106,106,76,76,0.000661,0.000685,2.3999999999999933e-05,True,True,True,True,True,
repeat=1|base=subset_cardinality_bw8|variant=perm_seed1742,1,subset_cardinality_bw8,perm_seed1742,1,1,UNSATISFIABLE,UNSATISFIABLE,True,True,107,107,72,72,0.000661,0.000693,3.200000000000002e-05,True,True,True,True,True,
repeat=1|base=subset_cardinality_bw8|variant=perm_seed1743,1,subset_cardinality_bw8,perm_seed1743,1,1,UNSATISFIABLE,UNSATISFIABLE,True,True,106,106,74,74,0.000663,0.000673,1.0000000000000026e-05,True,True,True,True,True,
repeat=1|base=subset_cardinality_bw8|variant=perm_seed1744,1,subset_cardinality_bw8,perm_seed1744,1,1,UNSATISFIABLE,UNSATISFIABLE,True,True,99,99,71,71,0.000637,0.000683,4.6000000000000034e-05,True,True,True,True,True,
repeat=1|base=subset_cardinality_bw8|variant=perm_seed1745,1,subset_cardinality_bw8,perm_seed1745,1,1,UNSATISFIABLE,UNSATISFIABLE,True,True,102,102,71,71,0.00063,0.000671,4.100000000000002e-05,True,True,True,True,True,
repeat=1|base=tseitin_k5_even|variant=base,1,tseitin_k5_even,base,1,1,SATISFIABLE,SATISFIABLE,True,True,7,7,0,0,0.000599,0.00071,0.00011099999999999999,True,True,True,True,True,
repeat=1|base=tseitin_k5_even|variant=perm_seed1730,1,tseitin_k5_even,perm_seed1730,1,1,SATISFIABLE,SATISFIABLE,True,True,7,7,0,0,0.000744,0.00064,-0.00010399999999999993,True,True,True,True,True,
repeat=1|base=tseitin_k5_even|variant=perm_seed1731,1,tseitin_k5_even,perm_seed1731,1,1,SATISFIABLE,SATISFIABLE,True,True,7,7,0,0,0.000599,0.000674,7.499999999999998e-05,True,True,True,True,True,
repeat=1|base=tseitin_k5_even|variant=perm_seed1732,1,tseitin_k5_even,perm_seed1732,1,1,SATISFIABLE,SATISFIABLE,True,True,7,7,0,0,0.000712,0.000739,2.7000000000000006e-05,True,True,True,True,True,
repeat=1|base=tseitin_k5_even|variant=perm_seed1733,1,tseitin_k5_even,perm_seed1733,1,1,SATISFIABLE,SATISFIABLE,True,True,7,7,0,0,0.000714,0.000648,-6.599999999999998e-05,True,True,True,True,True,
repeat=1|base=tseitin_k5_even|variant=perm_seed1734,1,tseitin_k5_even,perm_seed1734,1,1,SATISFIABLE,SATISFIABLE,True,True,7,7,0,0,0.000677,0.000609,-6.800000000000003e-05,True,True,True,True,True,
repeat=1|base=tseitin_k5_even|variant=perm_seed1735,1,tseitin_k5_even,perm_seed1735,1,1,SATISFIABLE,SATISFIABLE,True,True,7,7,0,0,0.000643,0.000651,7.999999999999978e-06,True,True,True,True,True,
repeat=1|base=tseitin_k5_even|variant=perm_seed1736,1,tseitin_k5_even,perm_seed1736,1,1,SATISFIABLE,SATISFIABLE,True,True,7,7,0,0,0.000603,0.000643,3.9999999999999996e-05,True,True,True,True,True,
repeat=1|base=tseitin_k5_even|variant=perm_seed1737,1,tseitin_k5_even,perm_seed1737,1,1,SATISFIABLE,SATISFIABLE,True,True,7,7,0,0,0.000658,0.000598,-5.999999999999994e-05,True,True,True,True,True,
repeat=1|base=tseitin_k5_even|variant=perm_seed1738,1,tseitin_k5_even,perm_seed1738,1,1,SATISFIABLE,SATISFIABLE,True,True,7,7,0,0,0.000637,0.000687,5.000000000000002e-05,True,True,True,True,True,
repeat=1|base=tseitin_k5_even|variant=perm_seed1739,1,tseitin_k5_even,perm_seed1739,1,1,SATISFIABLE,SATISFIABLE,True,True,7,7,0,0,0.000681,0.000669,-1.1999999999999966e-05,True,True,True,True,True,
repeat=1|base=tseitin_k5_even|variant=perm_seed1740,1,tseitin_k5_even,perm_seed1740,1,1,SATISFIABLE,SATISFIABLE,True,True,7,7,0,0,0.00058,0.000654,7.399999999999996e-05,True,True,True,True,True,
repeat=1|base=tseitin_k5_even|variant=perm_seed1741,1,tseitin_k5_even,perm_seed1741,1,1,SATISFIABLE,SATISFIABLE,True,True,7,7,0,0,0.000617,0.000587,-3.000000000000008e-05,True,True,True,True,True,
repeat=1|base=tseitin_k5_even|variant=perm_seed1742,1,tseitin_k5_even,perm_seed1742,1,1,SATISFIABLE,SATISFIABLE,True,True,7,7,0,0,0.000636,0.000611,-2.4999999999999957e-05,True,True,True,True,True,
repeat=1|base=tseitin_k5_even|variant=perm_seed1743,1,tseitin_k5_even,perm_seed1743,1,1,SATISFIABLE,SATISFIABLE,True,True,7,7,0,0,0.000626,0.000758,0.00013199999999999996,True,True,True,True,True,
repeat=1|base=tseitin_k5_even|variant=perm_seed1744,1,tseitin_k5_even,perm_seed1744,1,1,SATISFIABLE,SATISFIABLE,True,True,7,7,0,0,0.001132,0.000669,-0.000463,True,True,True,True,True,
repeat=1|base=tseitin_k5_even|variant=perm_seed1745,1,tseitin_k5_even,perm_seed1745,1,1,SATISFIABLE,SATISFIABLE,True,True,7,7,0,0,0.000814,0.000688,-0.00012600000000000003,True,True,True,True,True,
repeat=1|base=tseitin_k5_odd|variant=base,1,tseitin_k5_odd,base,1,1,UNSATISFIABLE,UNSATISFIABLE,True,True,63,63,64,64,0.000604,0.000645,4.099999999999991e-05,True,True,True,True,True,
repeat=1|base=tseitin_k5_odd|variant=perm_seed1730,1,tseitin_k5_odd,perm_seed1730,1,1,UNSATISFIABLE,UNSATISFIABLE,True,True,63,63,64,64,0.000628,0.000598,-2.999999999999997e-05,True,True,True,True,True,
repeat=1|base=tseitin_k5_odd|variant=perm_seed1731,1,tseitin_k5_odd,perm_seed1731,1,1,UNSATISFIABLE,UNSATISFIABLE,True,True,63,63,64,64,0.000632,0.000628,-3.999999999999989e-06,True,True,True,True,True,
repeat=1|base=tseitin_k5_odd|variant=perm_seed1732,1,tseitin_k5_odd,perm_seed1732,1,1,UNSATISFIABLE,UNSATISFIABLE,True,True,63,63,64,64,0.000627,0.000621,-5.999999999999929e-06,True,True,True,True,True,
repeat=1|base=tseitin_k5_odd|variant=perm_seed1733,1,tseitin_k5_odd,perm_seed1733,1,1,UNSATISFIABLE,UNSATISFIABLE,True,True,63,63,64,64,0.000619,0.000633,1.4000000000000015e-05,True,True,True,True,True,
repeat=1|base=tseitin_k5_odd|variant=perm_seed1734,1,tseitin_k5_odd,perm_seed1734,1,1,UNSATISFIABLE,UNSATISFIABLE,True,True,63,63,64,64,0.00059,0.000613,2.3000000000000017e-05,True,True,True,True,True,
repeat=1|base=tseitin_k5_odd|variant=perm_seed1735,1,tseitin_k5_odd,perm_seed1735,1,1,UNSATISFIABLE,UNSATISFIABLE,True,True,63,63,64,64,0.000612,0.000617,5.000000000000013e-06,True,True,True,True,True,
repeat=1|base=tseitin_k5_odd|variant=perm_seed1736,1,tseitin_k5_odd,perm_seed1736,1,1,UNSATISFIABLE,UNSATISFIABLE,True,True,63,63,64,64,0.000627,0.000678,5.100000000000005e-05,True,True,True,True,True,
repeat=1|base=tseitin_k5_odd|variant=perm_seed1737,1,tseitin_k5_odd,perm_seed1737,1,1,UNSATISFIABLE,UNSATISFIABLE,True,True,63,63,64,64,0.000652,0.000632,-2.0000000000000052e-05,True,True,True,True,True,
repeat=1|base=tseitin_k5_odd|variant=perm_seed1738,1,tseitin_k5_odd,perm_seed1738,1,1,UNSATISFIABLE,UNSATISFIABLE,True,True,63,63,64,64,0.000646,0.000617,-2.8999999999999946e-05,True,True,True,True,True,
repeat=1|base=tseitin_k5_odd|variant=perm_seed1739,1,tseitin_k5_odd,perm_seed1739,1,1,UNSATISFIABLE,UNSATISFIABLE,True,True,63,63,64,64,0.000626,0.000673,4.699999999999995e-05,True,True,True,True,True,
repeat=1|base=tseitin_k5_odd|variant=perm_seed1740,1,tseitin_k5_odd,perm_seed1740,1,1,UNSATISFIABLE,UNSATISFIABLE,True,True,63,63,64,64,0.000613,0.000657,4.3999999999999985e-05,True,True,True,True,True,
repeat=1|base=tseitin_k5_odd|variant=perm_seed1741,1,tseitin_k5_odd,perm_seed1741,1,1,UNSATISFIABLE,UNSATISFIABLE,True,True,63,63,64,64,0.000584,0.000629,4.500000000000001e-05,True,True,True,True,True,
repeat=1|base=tseitin_k5_odd|variant=perm_seed1742,1,tseitin_k5_odd,perm_seed1742,1,1,UNSATISFIABLE,UNSATISFIABLE,True,True,63,63,64,64,0.000591,0.000612,2.099999999999997e-05,True,True,True,True,True,
repeat=1|base=tseitin_k5_odd|variant=perm_seed1743,1,tseitin_k5_odd,perm_seed1743,1,1,UNSATISFIABLE,UNSATISFIABLE,True,True,63,63,64,64,0.000582,0.000968,0.00038599999999999995,True,True,True,True,True,
repeat=1|base=tseitin_k5_odd|variant=perm_seed1744,1,tseitin_k5_odd,perm_seed1744,1,1,UNSATISFIABLE,UNSATISFIABLE,True,True,63,63,64,64,0.000817,0.001368,0.0005510000000000001,True,True,True,True,True,
repeat=1|base=tseitin_k5_odd|variant=perm_seed1745,1,tseitin_k5_odd,perm_seed1745,1,1,UNSATISFIABLE,UNSATISFIABLE,True,True,63,63,64,64,0.000589,0.000622,3.300000000000004e-05,True,True,True,True,True,
repeat=1|base=tseitin_k6_even|variant=base,1,tseitin_k6_even,base,1,1,SATISFIABLE,SATISFIABLE,True,True,11,11,0,0,0.000611,0.000672,6.0999999999999965e-05,True,True,True,True,True,
repeat=1|base=tseitin_k6_even|variant=perm_seed1730,1,tseitin_k6_even,perm_seed1730,1,1,SATISFIABLE,SATISFIABLE,True,True,11,11,0,0,0.000853,0.000877,2.3999999999999933e-05,True,True,True,True,True,
repeat=1|base=tseitin_k6_even|variant=perm_seed1731,1,tseitin_k6_even,perm_seed1731,1,1,SATISFIABLE,SATISFIABLE,True,True,11,11,0,0,0.000605,0.000729,0.0001240000000000001,True,True,True,True,True,
repeat=1|base=tseitin_k6_even|variant=perm_seed1732,1,tseitin_k6_even,perm_seed1732,1,1,SATISFIABLE,SATISFIABLE,True,True,11,11,0,0,0.000704,0.000688,-1.5999999999999955e-05,True,True,True,True,True,
repeat=1|base=tseitin_k6_even|variant=perm_seed1733,1,tseitin_k6_even,perm_seed1733,1,1,SATISFIABLE,SATISFIABLE,True,True,11,11,0,0,0.000691,0.000662,-2.8999999999999946e-05,True,True,True,True,True,
repeat=1|base=tseitin_k6_even|variant=perm_seed1734,1,tseitin_k6_even,perm_seed1734,1,1,SATISFIABLE,SATISFIABLE,True,True,11,11,0,0,0.000639,0.000666,2.7000000000000006e-05,True,True,True,True,True,
repeat=1|base=tseitin_k6_even|variant=perm_seed1735,1,tseitin_k6_even,perm_seed1735,1,1,SATISFIABLE,SATISFIABLE,True,True,11,11,0,0,0.000742,0.000692,-5.000000000000002e-05,True,True,True,True,True,
repeat=1|base=tseitin_k6_even|variant=perm_seed1736,1,tseitin_k6_even,perm_seed1736,1,1,SATISFIABLE,SATISFIABLE,True,True,11,11,0,0,0.000643,0.000635,-7.999999999999978e-06,True,True,True,True,True,
repeat=1|base=tseitin_k6_even|variant=perm_seed1737,1,tseitin_k6_even,perm_seed1737,1,1,SATISFIABLE,SATISFIABLE,True,True,11,11,0,0,0.000638,0.000608,-2.999999999999997e-05,True,True,True,True,True,
repeat=1|base=tseitin_k6_even|variant=perm_seed1738,1,tseitin_k6_even,perm_seed1738,1,1,SATISFIABLE,SATISFIABLE,True,True,11,11,0,0,0.000631,0.000608,-2.3000000000000017e-05,True,True,True,True,True,
repeat=1|base=tseitin_k6_even|variant=perm_seed1739,1,tseitin_k6_even,perm_seed1739,1,1,SATISFIABLE,SATISFIABLE,True,True,11,11,0,0,0.000627,0.000715,8.800000000000008e-05,True,True,True,True,True,
repeat=1|base=tseitin_k6_even|variant=perm_seed1740,1,tseitin_k6_even,perm_seed1740,1,1,SATISFIABLE,SATISFIABLE,True,True,11,11,0,0,0.000638,0.000629,-9.000000000000002e-06,True,True,True,True,True,
repeat=1|base=tseitin_k6_even|variant=perm_seed1741,1,tseitin_k6_even,perm_seed1741,1,1,SATISFIABLE,SATISFIABLE,True,True,11,11,0,0,0.000699,0.000685,-1.4000000000000015e-05,True,True,True,True,True,
repeat=1|base=tseitin_k6_even|variant=perm_seed1742,1,tseitin_k6_even,perm_seed1742,1,1,SATISFIABLE,SATISFIABLE,True,True,11,11,0,0,0.000777,0.000682,-9.500000000000003e-05,True,True,True,True,True,
repeat=1|base=tseitin_k6_even|variant=perm_seed1743,1,tseitin_k6_even,perm_seed1743,1,1,SATISFIABLE,SATISFIABLE,True,True,11,11,0,0,0.000634,0.000655,2.099999999999997e-05,True,True,True,True,True,
repeat=1|base=tseitin_k6_even|variant=perm_seed1744,1,tseitin_k6_even,perm_seed1744,1,1,SATISFIABLE,SATISFIABLE,True,True,11,11,0,0,0.000666,0.000734,6.799999999999992e-05,True,True,True,True,True,
repeat=1|base=tseitin_k6_even|variant=perm_seed1745,1,tseitin_k6_even,perm_seed1745,1,1,SATISFIABLE,SATISFIABLE,True,True,11,11,0,0,0.000616,0.000672,5.599999999999995e-05,True,True,True,True,True,
repeat=1|base=tseitin_k6_odd|variant=base,1,tseitin_k6_odd,base,1,1,UNSATISFIABLE,UNSATISFIABLE,True,True,1023,1023,1024,1024,0.001298,0.001354,5.600000000000006e-05,True,True,True,True,True,
repeat=1|base=tseitin_k6_odd|variant=perm_seed1730,1,tseitin_k6_odd,perm_seed1730,1,1,UNSATISFIABLE,UNSATISFIABLE,True,True,1387,1387,1025,1025,0.001312,0.001313,9.999999999999159e-07,True,True,True,True,True,
repeat=1|base=tseitin_k6_odd|variant=perm_seed1731,1,tseitin_k6_odd,perm_seed1731,1,1,UNSATISFIABLE,UNSATISFIABLE,True,True,1230,1230,996,996,0.001386,0.001321,-6.500000000000017e-05,True,True,True,True,True,
repeat=1|base=tseitin_k6_odd|variant=perm_seed1732,1,tseitin_k6_odd,perm_seed1732,1,1,UNSATISFIABLE,UNSATISFIABLE,True,True,1240,1240,1026,1026,0.001311,0.001295,-1.6000000000000172e-05,True,True,True,True,True,
repeat=1|base=tseitin_k6_odd|variant=perm_seed1733,1,tseitin_k6_odd,perm_seed1733,1,1,UNSATISFIABLE,UNSATISFIABLE,True,True,1471,1471,1024,1024,0.001289,0.001381,9.200000000000007e-05,True,True,True,True,True,
repeat=1|base=tseitin_k6_odd|variant=perm_seed1734,1,tseitin_k6_odd,perm_seed1734,1,1,UNSATISFIABLE,UNSATISFIABLE,True,True,1369,1369,1022,1022,0.001259,0.001359,0.00010000000000000005,True,True,True,True,True,
repeat=1|base=tseitin_k6_odd|variant=perm_seed1735,1,tseitin_k6_odd,perm_seed1735,1,1,UNSATISFIABLE,UNSATISFIABLE,True,True,1490,1490,1020,1020,0.001253,0.001252,-9.999999999999159e-07,True,True,True,True,True,
repeat=1|base=tseitin_k6_odd|variant=perm_seed1736,1,tseitin_k6_odd,perm_seed1736,1,1,UNSATISFIABLE,UNSATISFIABLE,True,True,1491,1491,1023,1023,0.00131,0.001315,5.000000000000013e-06,True,True,True,True,True,
repeat=1|base=tseitin_k6_odd|variant=perm_seed1737,1,tseitin_k6_odd,perm_seed1737,1,1,UNSATISFIABLE,UNSATISFIABLE,True,True,1370,1370,1029,1029,0.001344,0.001326,-1.8000000000000004e-05,True,True,True,True,True,
repeat=1|base=tseitin_k6_odd|variant=perm_seed1738,1,tseitin_k6_odd,perm_seed1738,1,1,UNSATISFIABLE,UNSATISFIABLE,True,True,1420,1420,1019,1019,0.001253,0.00127,1.7000000000000088e-05,True,True,True,True,True,
repeat=1|base=tseitin_k6_odd|variant=perm_seed1739,1,tseitin_k6_odd,perm_seed1739,1,1,UNSATISFIABLE,UNSATISFIABLE,True,True,1490,1490,1021,1021,0.001282,0.001269,-1.299999999999999e-05,True,True,True,True,True,
repeat=1|base=tseitin_k6_odd|variant=perm_seed1740,1,tseitin_k6_odd,perm_seed1740,1,1,UNSATISFIABLE,UNSATISFIABLE,True,True,1226,1226,1004,1004,0.001332,0.0013,-3.200000000000013e-05,True,True,True,True,True,
repeat=1|base=tseitin_k6_odd|variant=perm_seed1741,1,tseitin_k6_odd,perm_seed1741,1,1,UNSATISFIABLE,UNSATISFIABLE,True,True,1419,1419,1021,1021,0.001379,0.001284,-9.500000000000003e-05,True,True,True,True,True,
repeat=1|base=tseitin_k6_odd|variant=perm_seed1742,1,tseitin_k6_odd,perm_seed1742,1,1,UNSATISFIABLE,UNSATISFIABLE,True,True,1514,1514,1019,1019,0.00125,0.001265,1.500000000000004e-05,True,True,True,True,True,
repeat=1|base=tseitin_k6_odd|variant=perm_seed1743,1,tseitin_k6_odd,perm_seed1743,1,1,UNSATISFIABLE,UNSATISFIABLE,True,True,1289,1289,1023,1023,0.001268,0.001309,4.100000000000002e-05,True,True,True,True,True,
repeat=1|base=tseitin_k6_odd|variant=perm_seed1744,1,tseitin_k6_odd,perm_seed1744,1,1,UNSATISFIABLE,UNSATISFIABLE,True,True,1491,1491,1021,1021,0.00123,0.001223,-7.000000000000062e-06,True,True,True,True,True,
repeat=1|base=tseitin_k6_odd|variant=perm_seed1745,1,tseitin_k6_odd,perm_seed1745,1,1,UNSATISFIABLE,UNSATISFIABLE,True,True,1164,1164,1006,1006,0.001307,0.001332,2.5000000000000066e-05,True,True,True,True,True,
repeat=1|base=tseitin_k7_even|variant=base,1,tseitin_k7_even,base,1,1,SATISFIABLE,SATISFIABLE,True,True,16,16,0,0,0.000766,0.000723,-4.299999999999996e-05,True,True,True,True,True,
repeat=1|base=tseitin_k7_even|variant=perm_seed1730,1,tseitin_k7_even,perm_seed1730,1,1,SATISFIABLE,SATISFIABLE,True,True,16,16,0,0,0.000759,0.000829,6.999999999999997e-05,True,True,True,True,True,
repeat=1|base=tseitin_k7_even|variant=perm_seed1731,1,tseitin_k7_even,perm_seed1731,1,1,SATISFIABLE,SATISFIABLE,True,True,16,16,0,0,0.000805,0.000831,2.599999999999998e-05,True,True,True,True,True,
repeat=1|base=tseitin_k7_even|variant=perm_seed1732,1,tseitin_k7_even,perm_seed1732,1,1,SATISFIABLE,SATISFIABLE,True,True,16,16,0,0,0.00077,0.000754,-1.5999999999999955e-05,True,True,True,True,True,
repeat=1|base=tseitin_k7_even|variant=perm_seed1733,1,tseitin_k7_even,perm_seed1733,1,1,SATISFIABLE,SATISFIABLE,True,True,16,16,0,0,0.000719,0.000719,0.0,True,True,True,True,True,
repeat=1|base=tseitin_k7_even|variant=perm_seed1734,1,tseitin_k7_even,perm_seed1734,1,1,SATISFIABLE,SATISFIABLE,True,True,16,16,0,0,0.000749,0.000724,-2.4999999999999957e-05,True,True,True,True,True,
repeat=1|base=tseitin_k7_even|variant=perm_seed1735,1,tseitin_k7_even,perm_seed1735,1,1,SATISFIABLE,SATISFIABLE,True,True,16,16,0,0,0.000707,0.000701,-5.999999999999929e-06,True,True,True,True,True,
repeat=1|base=tseitin_k7_even|variant=perm_seed1736,1,tseitin_k7_even,perm_seed1736,1,1,SATISFIABLE,SATISFIABLE,True,True,16,16,0,0,0.000713,0.000679,-3.399999999999996e-05,True,True,True,True,True,
repeat=1|base=tseitin_k7_even|variant=perm_seed1737,1,tseitin_k7_even,perm_seed1737,1,1,SATISFIABLE,SATISFIABLE,True,True,16,16,0,0,0.00074,0.000718,-2.1999999999999993e-05,True,True,True,True,True,
repeat=1|base=tseitin_k7_even|variant=perm_seed1738,1,tseitin_k7_even,perm_seed1738,1,1,SATISFIABLE,SATISFIABLE,True,True,16,16,0,0,0.000735,0.000737,2.0000000000000486e-06,True,True,True,True,True,
repeat=1|base=tseitin_k7_even|variant=perm_seed1739,1,tseitin_k7_even,perm_seed1739,1,1,SATISFIABLE,SATISFIABLE,True,True,16,16,0,0,0.000696,0.000701,5.000000000000013e-06,True,True,True,True,True,
repeat=1|base=tseitin_k7_even|variant=perm_seed1740,1,tseitin_k7_even,perm_seed1740,1,1,SATISFIABLE,SATISFIABLE,True,True,16,16,0,0,0.000687,0.000737,5.000000000000002e-05,True,True,True,True,True,
repeat=1|base=tseitin_k7_even|variant=perm_seed1741,1,tseitin_k7_even,perm_seed1741,1,1,SATISFIABLE,SATISFIABLE,True,True,16,16,0,0,0.000702,0.000748,4.5999999999999925e-05,True,True,True,True,True,
repeat=1|base=tseitin_k7_even|variant=perm_seed1742,1,tseitin_k7_even,perm_seed1742,1,1,SATISFIABLE,SATISFIABLE,True,True,16,16,0,0,0.000692,0.00072,2.800000000000003e-05,True,True,True,True,True,
repeat=1|base=tseitin_k7_even|variant=perm_seed1743,1,tseitin_k7_even,perm_seed1743,1,1,SATISFIABLE,SATISFIABLE,True,True,16,16,0,0,0.000727,0.000739,1.1999999999999966e-05,True,True,True,True,True,
repeat=1|base=tseitin_k7_even|variant=perm_seed1744,1,tseitin_k7_even,perm_seed1744,1,1,SATISFIABLE,SATISFIABLE,True,True,16,16,0,0,0.000722,0.000707,-1.500000000000004e-05,True,True,True,True,True,
repeat=1|base=tseitin_k7_even|variant=perm_seed1745,1,tseitin_k7_even,perm_seed1745,1,1,SATISFIABLE,SATISFIABLE,True,True,16,16,0,0,0.000717,0.000743,2.599999999999998e-05,True,True,True,True,True,
repeat=1|base=tseitin_k7_odd|variant=base,1,tseitin_k7_odd,base,1,1,UNSATISFIABLE,UNSATISFIABLE,True,True,28961,28961,21460,21460,0.03279,0.033302,0.0005119999999999986,True,True,True,True,True,
repeat=1|base=tseitin_k7_odd|variant=perm_seed1730,1,tseitin_k7_odd,perm_seed1730,1,1,UNSATISFIABLE,UNSATISFIABLE,True,True,25967,25967,19927,19927,0.024907,0.024324,-0.0005830000000000002,True,True,True,True,True,
repeat=1|base=tseitin_k7_odd|variant=perm_seed1731,1,tseitin_k7_odd,perm_seed1731,1,1,UNSATISFIABLE,UNSATISFIABLE,True,True,27066,27066,20508,20508,0.025204,0.026469,0.0012649999999999988,True,True,True,True,True,
repeat=1|base=tseitin_k7_odd|variant=perm_seed1732,1,tseitin_k7_odd,perm_seed1732,1,1,UNSATISFIABLE,UNSATISFIABLE,True,True,27517,27517,20715,20715,0.024436,0.023604,-0.0008319999999999994,True,True,True,True,True,
repeat=1|base=tseitin_k7_odd|variant=perm_seed1733,1,tseitin_k7_odd,perm_seed1733,1,1,UNSATISFIABLE,UNSATISFIABLE,True,True,26660,26660,20373,20373,0.023839,0.0239,6.1000000000002025e-05,True,True,True,True,True,
repeat=1|base=tseitin_k7_odd|variant=perm_seed1734,1,tseitin_k7_odd,perm_seed1734,1,1,UNSATISFIABLE,UNSATISFIABLE,True,True,26703,26703,20334,20334,0.023993,0.022137,-0.001856,True,True,True,True,True,
repeat=1|base=tseitin_k7_odd|variant=perm_seed1735,1,tseitin_k7_odd,perm_seed1735,1,1,UNSATISFIABLE,UNSATISFIABLE,True,True,26190,26190,19954,19954,0.022728,0.021775,-0.0009530000000000025,True,True,True,True,True,
repeat=1|base=tseitin_k7_odd|variant=perm_seed1736,1,tseitin_k7_odd,perm_seed1736,1,1,UNSATISFIABLE,UNSATISFIABLE,True,True,27763,27763,20789,20789,0.027134,0.02505,-0.002083999999999999,True,True,True,True,True,
repeat=1|base=tseitin_k7_odd|variant=perm_seed1737,1,tseitin_k7_odd,perm_seed1737,1,1,UNSATISFIABLE,UNSATISFIABLE,True,True,28263,28263,20659,20659,0.026821,0.025833,-0.0009880000000000028,True,True,True,True,True,
repeat=1|base=tseitin_k7_odd|variant=perm_seed1738,1,tseitin_k7_odd,perm_seed1738,1,1,UNSATISFIABLE,UNSATISFIABLE,True,True,26168,26168,19584,19584,0.022184,0.020898,-0.001285999999999999,True,True,True,True,True,
repeat=1|base=tseitin_k7_odd|variant=perm_seed1739,1,tseitin_k7_odd,perm_seed1739,1,1,UNSATISFIABLE,UNSATISFIABLE,True,True,26892,26892,20027,20027,0.023748,0.023945,0.00019700000000000273,True,True,True,True,True,
repeat=1|base=tseitin_k7_odd|variant=perm_seed1740,1,tseitin_k7_odd,perm_seed1740,1,1,UNSATISFIABLE,UNSATISFIABLE,True,True,28372,28372,21578,21578,0.027233,0.027501,0.0002680000000000009,True,True,True,True,True,
repeat=1|base=tseitin_k7_odd|variant=perm_seed1741,1,tseitin_k7_odd,perm_seed1741,1,1,UNSATISFIABLE,UNSATISFIABLE,True,True,28492,28492,20650,20650,0.027192,0.025723,-0.0014690000000000016,True,True,True,True,True,
repeat=1|base=tseitin_k7_odd|variant=perm_seed1742,1,tseitin_k7_odd,perm_seed1742,1,1,UNSATISFIABLE,UNSATISFIABLE,True,True,25945,25945,19833,19833,0.023033,0.021821,-0.0012120000000000013,True,True,True,True,True,
repeat=1|base=tseitin_k7_odd|variant=perm_seed1743,1,tseitin_k7_odd,perm_seed1743,1,1,UNSATISFIABLE,UNSATISFIABLE,True,True,26452,26452,19859,19859,0.027229,0.026264,-0.0009650000000000006,True,True,True,True,True,
repeat=1|base=tseitin_k7_odd|variant=perm_seed1744,1,tseitin_k7_odd,perm_seed1744,1,1,UNSATISFIABLE,UNSATISFIABLE,True,True,26452,26452,19806,19806,0.025216,0.024267,-0.0009489999999999985,True,True,True,True,True,
repeat=1|base=tseitin_k7_odd|variant=perm_seed1745,1,tseitin_k7_odd,perm_seed1745,1,1,UNSATISFIABLE,UNSATISFIABLE,True,True,27512,27512,20790,20790,0.024594,0.023847,-0.0007470000000000011,True,True,True,True,True,
repeat=1|base=tseitin_k8_even|variant=base,1,tseitin_k8_even,base,1,1,SATISFIABLE,SATISFIABLE,True,True,22,22,0,0,0.001086,0.001034,-5.199999999999996e-05,True,True,True,True,True,
repeat=1|base=tseitin_k8_even|variant=perm_seed1730,1,tseitin_k8_even,perm_seed1730,1,1,SATISFIABLE,SATISFIABLE,True,True,22,22,0,0,0.001056,0.001068,1.1999999999999858e-05,True,True,True,True,True,
repeat=1|base=tseitin_k8_even|variant=perm_seed1731,1,tseitin_k8_even,perm_seed1731,1,1,SATISFIABLE,SATISFIABLE,True,True,22,22,0,0,0.001077,0.001088,1.0999999999999942e-05,True,True,True,True,True,
repeat=1|base=tseitin_k8_even|variant=perm_seed1732,1,tseitin_k8_even,perm_seed1732,1,1,SATISFIABLE,SATISFIABLE,True,True,22,22,0,0,0.001072,0.001074,2.0000000000000486e-06,True,True,True,True,True,
repeat=1|base=tseitin_k8_even|variant=perm_seed1733,1,tseitin_k8_even,perm_seed1733,1,1,SATISFIABLE,SATISFIABLE,True,True,22,22,0,0,0.001053,0.001039,-1.3999999999999907e-05,True,True,True,True,True,
repeat=1|base=tseitin_k8_even|variant=perm_seed1734,1,tseitin_k8_even,perm_seed1734,1,1,SATISFIABLE,SATISFIABLE,True,True,22,22,0,0,0.001163,0.001146,-1.699999999999987e-05,True,True,True,True,True,
repeat=1|base=tseitin_k8_even|variant=perm_seed1735,1,tseitin_k8_even,perm_seed1735,1,1,SATISFIABLE,SATISFIABLE,True,True,22,22,0,0,0.001139,0.001169,2.9999999999999862e-05,True,True,True,True,True,
repeat=1|base=tseitin_k8_even|variant=perm_seed1736,1,tseitin_k8_even,perm_seed1736,1,1,SATISFIABLE,SATISFIABLE,True,True,22,22,0,0,0.001078,0.001121,4.300000000000007e-05,True,True,True,True,True,
repeat=1|base=tseitin_k8_even|variant=perm_seed1737,1,tseitin_k8_even,perm_seed1737,1,1,SATISFIABLE,SATISFIABLE,True,True,22,22,0,0,0.001082,0.001157,7.499999999999998e-05,True,True,True,True,True,
repeat=1|base=tseitin_k8_even|variant=perm_seed1738,1,tseitin_k8_even,perm_seed1738,1,1,SATISFIABLE,SATISFIABLE,True,True,23,23,0,0,0.001155,0.001118,-3.6999999999999924e-05,True,True,True,True,True,
repeat=1|base=tseitin_k8_even|variant=perm_seed1739,1,tseitin_k8_even,perm_seed1739,1,1,SATISFIABLE,SATISFIABLE,True,True,22,22,0,0,0.001074,0.001105,3.0999999999999995e-05,True,True,True,True,True,
repeat=1|base=tseitin_k8_even|variant=perm_seed1740,1,tseitin_k8_even,perm_seed1740,1,1,SATISFIABLE,SATISFIABLE,True,True,22,22,0,0,0.001079,0.001108,2.8999999999999946e-05,True,True,True,True,True,
repeat=1|base=tseitin_k8_even|variant=perm_seed1741,1,tseitin_k8_even,perm_seed1741,1,1,SATISFIABLE,SATISFIABLE,True,True,22,22,0,0,0.001185,0.001093,-9.200000000000007e-05,True,True,True,True,True,
repeat=1|base=tseitin_k8_even|variant=perm_seed1742,1,tseitin_k8_even,perm_seed1742,1,1,SATISFIABLE,SATISFIABLE,True,True,22,22,0,0,0.001096,0.001035,-6.100000000000007e-05,True,True,True,True,True,
repeat=1|base=tseitin_k8_even|variant=perm_seed1743,1,tseitin_k8_even,perm_seed1743,1,1,SATISFIABLE,SATISFIABLE,True,True,22,22,0,0,0.001077,0.001067,-1.0000000000000026e-05,True,True,True,True,True,
repeat=1|base=tseitin_k8_even|variant=perm_seed1744,1,tseitin_k8_even,perm_seed1744,1,1,SATISFIABLE,SATISFIABLE,True,True,22,22,0,0,0.001055,0.001094,3.899999999999997e-05,True,True,True,True,True,
repeat=1|base=tseitin_k8_even|variant=perm_seed1745,1,tseitin_k8_even,perm_seed1745,1,1,SATISFIABLE,SATISFIABLE,True,True,22,22,0,0,0.00108,0.001061,-1.899999999999992e-05,True,True,True,True,True,
repeat=1|base=tseitin_k8_odd|variant=base,1,tseitin_k8_odd,base,1,1,UNSATISFIABLE,UNSATISFIABLE,True,True,853943,853943,561452,561452,3.50459,3.1703,-0.33428999999999975,True,True,True,True,True,
repeat=1|base=tseitin_k8_odd|variant=perm_seed1730,1,tseitin_k8_odd,perm_seed1730,1,1,UNSATISFIABLE,UNSATISFIABLE,True,True,780361,780361,501015,501015,2.94439,2.64037,-0.30401999999999996,True,True,True,True,True,
repeat=1|base=tseitin_k8_odd|variant=perm_seed1731,1,tseitin_k8_odd,perm_seed1731,1,1,UNSATISFIABLE,UNSATISFIABLE,True,True,774845,774845,500081,500081,2.88191,2.60129,-0.28061999999999987,True,True,True,True,True,
repeat=1|base=tseitin_k8_odd|variant=perm_seed1732,1,tseitin_k8_odd,perm_seed1732,1,1,UNSATISFIABLE,UNSATISFIABLE,True,True,894889,894889,580020,580020,3.27492,2.90625,-0.36866999999999983,True,True,True,True,True,
repeat=1|base=tseitin_k8_odd|variant=perm_seed1733,1,tseitin_k8_odd,perm_seed1733,1,1,UNSATISFIABLE,UNSATISFIABLE,True,True,764758,764758,497062,497062,2.61024,2.42034,-0.18990000000000018,True,True,True,True,True,
repeat=1|base=tseitin_k8_odd|variant=perm_seed1734,1,tseitin_k8_odd,perm_seed1734,1,1,UNSATISFIABLE,UNSATISFIABLE,True,True,774980,774980,503198,503198,2.31655,2.13227,-0.18427999999999978,True,True,True,True,True,
repeat=1|base=tseitin_k8_odd|variant=perm_seed1735,1,tseitin_k8_odd,perm_seed1735,1,1,UNSATISFIABLE,UNSATISFIABLE,True,True,776567,776567,506956,506956,2.52565,2.34539,-0.1802600000000001,True,True,True,True,True,
repeat=1|base=tseitin_k8_odd|variant=perm_seed1736,1,tseitin_k8_odd,perm_seed1736,1,1,UNSATISFIABLE,UNSATISFIABLE,True,True,837563,837563,543229,543229,3.81831,3.57705,-0.24126000000000003,True,True,True,True,True,
repeat=1|base=tseitin_k8_odd|variant=perm_seed1737,1,tseitin_k8_odd,perm_seed1737,1,1,UNSATISFIABLE,UNSATISFIABLE,True,True,842673,842673,547674,547674,3.41398,3.19179,-0.2221899999999999,True,True,True,True,True,
repeat=1|base=tseitin_k8_odd|variant=perm_seed1738,1,tseitin_k8_odd,perm_seed1738,1,1,UNSATISFIABLE,UNSATISFIABLE,True,True,799245,799245,523477,523477,3.32591,3.13296,-0.19294999999999973,True,True,True,True,True,
repeat=1|base=tseitin_k8_odd|variant=perm_seed1739,1,tseitin_k8_odd,perm_seed1739,1,1,UNSATISFIABLE,UNSATISFIABLE,True,True,771434,771434,499382,499382,2.80474,2.62704,-0.17769999999999975,True,True,True,True,True,
repeat=1|base=tseitin_k8_odd|variant=perm_seed1740,1,tseitin_k8_odd,perm_seed1740,1,1,UNSATISFIABLE,UNSATISFIABLE,True,True,784401,784401,514284,514284,2.98059,2.77072,-0.20987,True,True,True,True,True,
repeat=1|base=tseitin_k8_odd|variant=perm_seed1741,1,tseitin_k8_odd,perm_seed1741,1,1,UNSATISFIABLE,UNSATISFIABLE,True,True,767092,767092,497376,497376,2.29228,2.11352,-0.17876000000000003,True,True,True,True,True,
repeat=1|base=tseitin_k8_odd|variant=perm_seed1742,1,tseitin_k8_odd,perm_seed1742,1,1,UNSATISFIABLE,UNSATISFIABLE,True,True,786687,786687,511028,511028,2.47533,2.271,-0.20433000000000012,True,True,True,True,True,
repeat=1|base=tseitin_k8_odd|variant=perm_seed1743,1,tseitin_k8_odd,perm_seed1743,1,1,UNSATISFIABLE,UNSATISFIABLE,True,True,841992,841992,552061,552061,3.30106,3.05564,-0.2454200000000002,True,True,True,True,True,
repeat=1|base=tseitin_k8_odd|variant=perm_seed1744,1,tseitin_k8_odd,perm_seed1744,1,1,UNSATISFIABLE,UNSATISFIABLE,True,True,769848,769848,500670,500670,2.70626,2.50487,-0.20138999999999996,True,True,True,True,True,
repeat=1|base=tseitin_k8_odd|variant=perm_seed1745,1,tseitin_k8_odd,perm_seed1745,1,1,UNSATISFIABLE,UNSATISFIABLE,True,True,763531,763531,495072,495072,3.02004,2.84094,-0.17910000000000004,True,True,True,True,True,
repeat=1|base=tseitin_k9_even|variant=base,1,tseitin_k9_even,base,1,1,SATISFIABLE,SATISFIABLE,True,True,29,29,0,0,0.002583,0.002323,-0.0002599999999999998,True,True,True,True,True,
repeat=1|base=tseitin_k9_even|variant=perm_seed1730,1,tseitin_k9_even,perm_seed1730,1,1,SATISFIABLE,SATISFIABLE,True,True,29,29,0,0,0.002499,0.002389,-0.00010999999999999985,True,True,True,True,True,
repeat=1|base=tseitin_k9_even|variant=perm_seed1731,1,tseitin_k9_even,perm_seed1731,1,1,SATISFIABLE,SATISFIABLE,True,True,29,29,0,0,0.00239,0.002289,-0.0001010000000000004,True,True,True,True,True,
repeat=1|base=tseitin_k9_even|variant=perm_seed1732,1,tseitin_k9_even,perm_seed1732,1,1,SATISFIABLE,SATISFIABLE,True,True,29,29,0,0,0.002434,0.002286,-0.00014800000000000013,True,True,True,True,True,
repeat=1|base=tseitin_k9_even|variant=perm_seed1733,1,tseitin_k9_even,perm_seed1733,1,1,SATISFIABLE,SATISFIABLE,True,True,29,29,0,0,0.00237,0.002357,-1.299999999999999e-05,True,True,True,True,True,
repeat=1|base=tseitin_k9_even|variant=perm_seed1734,1,tseitin_k9_even,perm_seed1734,1,1,SATISFIABLE,SATISFIABLE,True,True,29,29,0,0,0.00251,0.002236,-0.00027399999999999994,True,True,True,True,True,
repeat=1|base=tseitin_k9_even|variant=perm_seed1735,1,tseitin_k9_even,perm_seed1735,1,1,SATISFIABLE,SATISFIABLE,True,True,29,29,0,0,0.002389,0.002322,-6.700000000000022e-05,True,True,True,True,True,
repeat=1|base=tseitin_k9_even|variant=perm_seed1736,1,tseitin_k9_even,perm_seed1736,1,1,SATISFIABLE,SATISFIABLE,True,True,29,29,0,0,0.002887,0.004411,0.0015240000000000002,True,True,True,True,True,
repeat=1|base=tseitin_k9_even|variant=perm_seed1737,1,tseitin_k9_even,perm_seed1737,1,1,SATISFIABLE,SATISFIABLE,True,True,29,29,0,0,0.004156,0.003619,-0.0005370000000000002,True,True,True,True,True,
repeat=1|base=tseitin_k9_even|variant=perm_seed1738,1,tseitin_k9_even,perm_seed1738,1,1,SATISFIABLE,SATISFIABLE,True,True,29,29,0,0,0.004488,0.003212,-0.0012759999999999998,True,True,True,True,True,
repeat=1|base=tseitin_k9_even|variant=perm_seed1739,1,tseitin_k9_even,perm_seed1739,1,1,SATISFIABLE,SATISFIABLE,True,True,29,29,0,0,0.002689,0.00238,-0.0003089999999999998,True,True,True,True,True,
repeat=1|base=tseitin_k9_even|variant=perm_seed1740,1,tseitin_k9_even,perm_seed1740,1,1,SATISFIABLE,SATISFIABLE,True,True,29,29,0,0,0.002523,0.002403,-0.00011999999999999988,True,True,True,True,True,
repeat=1|base=tseitin_k9_even|variant=perm_seed1741,1,tseitin_k9_even,perm_seed1741,1,1,SATISFIABLE,SATISFIABLE,True,True,29,29,0,0,0.002412,0.002258,-0.00015400000000000006,True,True,True,True,True,
repeat=1|base=tseitin_k9_even|variant=perm_seed1742,1,tseitin_k9_even,perm_seed1742,1,1,SATISFIABLE,SATISFIABLE,True,True,29,29,0,0,0.002489,0.002463,-2.599999999999998e-05,True,True,True,True,True,
repeat=1|base=tseitin_k9_even|variant=perm_seed1743,1,tseitin_k9_even,perm_seed1743,1,1,SATISFIABLE,SATISFIABLE,True,True,29,29,0,0,0.002457,0.002234,-0.0002230000000000001,True,True,True,True,True,
repeat=1|base=tseitin_k9_even|variant=perm_seed1744,1,tseitin_k9_even,perm_seed1744,1,1,SATISFIABLE,SATISFIABLE,True,True,29,29,0,0,0.002382,0.002365,-1.7000000000000088e-05,True,True,True,True,True,
repeat=1|base=tseitin_k9_even|variant=perm_seed1745,1,tseitin_k9_even,perm_seed1745,1,1,SATISFIABLE,SATISFIABLE,True,True,29,29,0,0,0.002455,0.002274,-0.00018100000000000017,True,True,True,True,True,
repeat=1|base=tseitin_k9_odd|variant=base,1,tseitin_k9_odd,base,1,1,INDETERMINATE,INDETERMINATE,False,False,1032763,1105270,740331,795377,4.96781,4.96649,-0.0013199999999997658,True,True,False,False,True,
repeat=1|base=tseitin_k9_odd|variant=perm_seed1730,1,tseitin_k9_odd,perm_seed1730,1,1,INDETERMINATE,INDETERMINATE,False,False,1094260,1179372,782198,843034,4.96635,4.96572,-0.0006300000000001305,True,True,False,False,True,
repeat=1|base=tseitin_k9_odd|variant=perm_seed1731,1,tseitin_k9_odd,perm_seed1731,1,1,INDETERMINATE,INDETERMINATE,False,False,4113296,4218653,2827285,2904001,4.97734,4.98114,0.0038000000000000256,True,True,False,False,True,
repeat=1|base=tseitin_k9_odd|variant=perm_seed1732,1,tseitin_k9_odd,perm_seed1732,1,1,INDETERMINATE,INDETERMINATE,False,False,4572125,4754205,2976001,3092000,4.97703,4.98019,0.0031600000000002737,True,True,False,False,True,
repeat=1|base=tseitin_k9_odd|variant=perm_seed1733,1,tseitin_k9_odd,perm_seed1733,1,1,INDETERMINATE,INDETERMINATE,False,False,4304114,4343969,2878988,2903811,4.97902,4.97751,-0.0015100000000005664,True,True,False,False,True,
repeat=1|base=tseitin_k9_odd|variant=perm_seed1734,1,tseitin_k9_odd,perm_seed1734,1,1,INDETERMINATE,INDETERMINATE,False,False,1059387,1126996,767870,816083,4.96969,4.97104,0.0013500000000004064,True,True,False,False,True,
repeat=1|base=tseitin_k9_odd|variant=perm_seed1735,1,tseitin_k9_odd,perm_seed1735,1,1,INDETERMINATE,INDETERMINATE,False,False,1155239,1228253,767002,821856,4.9702,4.97321,0.003009999999999735,True,True,False,False,True,
repeat=1|base=tseitin_k9_odd|variant=perm_seed1736,1,tseitin_k9_odd,perm_seed1736,1,1,INDETERMINATE,INDETERMINATE,False,False,1047695,1112270,768992,817405,4.96941,4.96993,0.0005199999999998539,True,True,False,False,True,
repeat=1|base=tseitin_k9_odd|variant=perm_seed1737,1,tseitin_k9_odd,perm_seed1737,1,1,INDETERMINATE,INDETERMINATE,False,False,991609,1068943,743093,803099,4.97203,4.97084,-0.0011900000000002464,True,True,False,False,True,
repeat=1|base=tseitin_k9_odd|variant=perm_seed1738,1,tseitin_k9_odd,perm_seed1738,1,1,INDETERMINATE,INDETERMINATE,False,False,1028104,1102901,740261,796697,4.96974,4.96705,-0.002689999999999415,True,True,False,False,True,
repeat=1|base=tseitin_k9_odd|variant=perm_seed1739,1,tseitin_k9_odd,perm_seed1739,1,1,INDETERMINATE,INDETERMINATE,False,False,4193069,4258723,2855979,2900420,4.98143,4.97728,-0.00414999999999921,True,True,False,False,True,
repeat=1|base=tseitin_k9_odd|variant=perm_seed1740,1,tseitin_k9_odd,perm_seed1740,1,1,INDETERMINATE,INDETERMINATE,False,False,1070788,1159782,763459,828163,4.96801,4.96931,0.001300000000000523,True,True,False,False,True,
repeat=1|base=tseitin_k9_odd|variant=perm_seed1741,1,tseitin_k9_odd,perm_seed1741,1,1,INDETERMINATE,INDETERMINATE,False,False,1108949,1207729,712977,774029,4.96661,4.9654,-0.0012100000000003774,True,True,False,False,True,
repeat=1|base=tseitin_k9_odd|variant=perm_seed1742,1,tseitin_k9_odd,perm_seed1742,1,1,INDETERMINATE,INDETERMINATE,False,False,1063371,1144634,762548,822155,4.96701,4.96509,-0.0019200000000001438,True,True,False,False,True,
repeat=1|base=tseitin_k9_odd|variant=perm_seed1743,1,tseitin_k9_odd,perm_seed1743,1,1,INDETERMINATE,INDETERMINATE,False,False,1001807,1084895,742000,797799,4.96919,4.96657,-0.0026200000000002888,True,True,False,False,True,
repeat=1|base=tseitin_k9_odd|variant=perm_seed1744,1,tseitin_k9_odd,perm_seed1744,1,1,INDETERMINATE,INDETERMINATE,False,False,976741,1062033,720923,783016,4.96657,4.9688,0.0022299999999999542,True,True,False,False,True,
repeat=1|base=tseitin_k9_odd|variant=perm_seed1745,1,tseitin_k9_odd,perm_seed1745,1,1,INDETERMINATE,INDETERMINATE,False,False,1162421,1258100,836517,908477,4.97356,4.97293,-0.0006300000000001305,True,True,False,False,True,
repeat=1|base=vertex_cover_torus_3x4_k4_event|variant=base,1,vertex_cover_torus_3x4_k4_event,base,1,1,UNSATISFIABLE,UNSATISFIABLE,True,True,4,4,5,5,0.001199,0.001095,-0.00010399999999999993,True,True,True,True,True,
repeat=1|base=vertex_cover_torus_3x4_k4_event|variant=perm_seed1730,1,vertex_cover_torus_3x4_k4_event,perm_seed1730,1,1,UNSATISFIABLE,UNSATISFIABLE,True,True,4,4,5,5,0.001255,0.001068,-0.0001870000000000001,True,True,True,True,True,
repeat=1|base=vertex_cover_torus_3x4_k4_event|variant=perm_seed1731,1,vertex_cover_torus_3x4_k4_event,perm_seed1731,1,1,UNSATISFIABLE,UNSATISFIABLE,True,True,4,4,5,5,0.001028,0.001041,1.299999999999999e-05,True,True,True,True,True,
repeat=1|base=vertex_cover_torus_3x4_k4_event|variant=perm_seed1732,1,vertex_cover_torus_3x4_k4_event,perm_seed1732,1,1,UNSATISFIABLE,UNSATISFIABLE,True,True,4,4,5,5,0.001082,0.001006,-7.600000000000011e-05,True,True,True,True,True,
repeat=1|base=vertex_cover_torus_3x4_k4_event|variant=perm_seed1733,1,vertex_cover_torus_3x4_k4_event,perm_seed1733,1,1,UNSATISFIABLE,UNSATISFIABLE,True,True,4,4,5,5,0.001063,0.001052,-1.0999999999999942e-05,True,True,True,True,True,
repeat=1|base=vertex_cover_torus_3x4_k4_event|variant=perm_seed1734,1,vertex_cover_torus_3x4_k4_event,perm_seed1734,1,1,UNSATISFIABLE,UNSATISFIABLE,True,True,4,4,5,5,0.001513,0.00112,-0.0003930000000000001,True,True,True,True,True,
repeat=1|base=vertex_cover_torus_3x4_k4_event|variant=perm_seed1735,1,vertex_cover_torus_3x4_k4_event,perm_seed1735,1,1,UNSATISFIABLE,UNSATISFIABLE,True,True,4,4,5,5,0.001328,0.001081,-0.00024700000000000004,True,True,True,True,True,
repeat=1|base=vertex_cover_torus_3x4_k4_event|variant=perm_seed1736,1,vertex_cover_torus_3x4_k4_event,perm_seed1736,1,1,UNSATISFIABLE,UNSATISFIABLE,True,True,4,4,5,5,0.001014,0.000991,-2.3000000000000017e-05,True,True,True,True,True,
repeat=1|base=vertex_cover_torus_3x4_k4_event|variant=perm_seed1737,1,vertex_cover_torus_3x4_k4_event,perm_seed1737,1,1,UNSATISFIABLE,UNSATISFIABLE,True,True,4,4,5,5,0.001008,0.001006,-2.0000000000000486e-06,True,True,True,True,True,
repeat=1|base=vertex_cover_torus_3x4_k4_event|variant=perm_seed1738,1,vertex_cover_torus_3x4_k4_event,perm_seed1738,1,1,UNSATISFIABLE,UNSATISFIABLE,True,True,4,4,5,5,0.000962,0.000976,1.4000000000000015e-05,True,True,True,True,True,
repeat=1|base=vertex_cover_torus_3x4_k4_event|variant=perm_seed1739,1,vertex_cover_torus_3x4_k4_event,perm_seed1739,1,1,UNSATISFIABLE,UNSATISFIABLE,True,True,4,4,5,5,0.000958,0.001023,6.500000000000006e-05,True,True,True,True,True,
repeat=1|base=vertex_cover_torus_3x4_k4_event|variant=perm_seed1740,1,vertex_cover_torus_3x4_k4_event,perm_seed1740,1,1,UNSATISFIABLE,UNSATISFIABLE,True,True,4,4,5,5,0.001032,0.001187,0.00015499999999999997,True,True,True,True,True,
repeat=1|base=vertex_cover_torus_3x4_k4_event|variant=perm_seed1741,1,vertex_cover_torus_3x4_k4_event,perm_seed1741,1,1,UNSATISFIABLE,UNSATISFIABLE,True,True,4,4,5,5,0.00121,0.001132,-7.799999999999994e-05,True,True,True,True,True,
repeat=1|base=vertex_cover_torus_3x4_k4_event|variant=perm_seed1742,1,vertex_cover_torus_3x4_k4_event,perm_seed1742,1,1,UNSATISFIABLE,UNSATISFIABLE,True,True,4,4,5,5,0.001114,0.001124,1.0000000000000026e-05,True,True,True,True,True,
repeat=1|base=vertex_cover_torus_3x4_k4_event|variant=perm_seed1743,1,vertex_cover_torus_3x4_k4_event,perm_seed1743,1,1,UNSATISFIABLE,UNSATISFIABLE,True,True,4,4,5,5,0.001042,0.001116,7.400000000000006e-05,True,True,True,True,True,
repeat=1|base=vertex_cover_torus_3x4_k4_event|variant=perm_seed1744,1,vertex_cover_torus_3x4_k4_event,perm_seed1744,1,1,UNSATISFIABLE,UNSATISFIABLE,True,True,4,4,5,5,0.001071,0.001055,-1.5999999999999955e-05,True,True,True,True,True,
repeat=1|base=vertex_cover_torus_3x4_k4_event|variant=perm_seed1745,1,vertex_cover_torus_3x4_k4_event,perm_seed1745,1,1,UNSATISFIABLE,UNSATISFIABLE,True,True,4,4,5,5,0.000957,0.000965,8.000000000000086e-06,True,True,True,True,True,
repeat=1|base=vertex_cover_torus_3x4_k5_event|variant=base,1,vertex_cover_torus_3x4_k5_event,base,1,1,UNSATISFIABLE,UNSATISFIABLE,True,True,6,6,7,7,0.001111,0.001827,0.0007160000000000001,True,True,True,True,True,
repeat=1|base=vertex_cover_torus_3x4_k5_event|variant=perm_seed1730,1,vertex_cover_torus_3x4_k5_event,perm_seed1730,1,1,UNSATISFIABLE,UNSATISFIABLE,True,True,6,6,7,7,0.001261,0.001291,3.000000000000008e-05,True,True,True,True,True,
repeat=1|base=vertex_cover_torus_3x4_k5_event|variant=perm_seed1731,1,vertex_cover_torus_3x4_k5_event,perm_seed1731,1,1,UNSATISFIABLE,UNSATISFIABLE,True,True,7,7,8,8,0.001289,0.001302,1.299999999999999e-05,True,True,True,True,True,
repeat=1|base=vertex_cover_torus_3x4_k5_event|variant=perm_seed1732,1,vertex_cover_torus_3x4_k5_event,perm_seed1732,1,1,UNSATISFIABLE,UNSATISFIABLE,True,True,9,9,9,9,0.001266,0.001236,-3.000000000000008e-05,True,True,True,True,True,
repeat=1|base=vertex_cover_torus_3x4_k5_event|variant=perm_seed1733,1,vertex_cover_torus_3x4_k5_event,perm_seed1733,1,1,UNSATISFIABLE,UNSATISFIABLE,True,True,6,6,7,7,0.001848,0.001153,-0.0006950000000000001,True,True,True,True,True,
repeat=1|base=vertex_cover_torus_3x4_k5_event|variant=perm_seed1734,1,vertex_cover_torus_3x4_k5_event,perm_seed1734,1,1,UNSATISFIABLE,UNSATISFIABLE,True,True,7,7,8,8,0.00119,0.001195,5.000000000000013e-06,True,True,True,True,True,
repeat=1|base=vertex_cover_torus_3x4_k5_event|variant=perm_seed1735,1,vertex_cover_torus_3x4_k5_event,perm_seed1735,1,1,UNSATISFIABLE,UNSATISFIABLE,True,True,6,6,7,7,0.002435,0.002536,0.00010099999999999996,True,True,True,True,True,
repeat=1|base=vertex_cover_torus_3x4_k5_event|variant=perm_seed1736,1,vertex_cover_torus_3x4_k5_event,perm_seed1736,1,1,UNSATISFIABLE,UNSATISFIABLE,True,True,7,7,8,8,0.001376,0.00214,0.0007639999999999999,True,True,True,True,True,
repeat=1|base=vertex_cover_torus_3x4_k5_event|variant=perm_seed1737,1,vertex_cover_torus_3x4_k5_event,perm_seed1737,1,1,UNSATISFIABLE,UNSATISFIABLE,True,True,6,6,7,7,0.002005,0.001695,-0.00030999999999999995,True,True,True,True,True,
repeat=1|base=vertex_cover_torus_3x4_k5_event|variant=perm_seed1738,1,vertex_cover_torus_3x4_k5_event,perm_seed1738,1,1,UNSATISFIABLE,UNSATISFIABLE,True,True,7,7,8,8,0.002269,0.002272,2.9999999999999645e-06,True,True,True,True,True,
repeat=1|base=vertex_cover_torus_3x4_k5_event|variant=perm_seed1739,1,vertex_cover_torus_3x4_k5_event,perm_seed1739,1,1,UNSATISFIABLE,UNSATISFIABLE,True,True,7,7,8,8,0.001351,0.001289,-6.199999999999999e-05,True,True,True,True,True,
repeat=1|base=vertex_cover_torus_3x4_k5_event|variant=perm_seed1740,1,vertex_cover_torus_3x4_k5_event,perm_seed1740,1,1,UNSATISFIABLE,UNSATISFIABLE,True,True,7,7,8,8,0.001315,0.001301,-1.3999999999999907e-05,True,True,True,True,True,
repeat=1|base=vertex_cover_torus_3x4_k5_event|variant=perm_seed1741,1,vertex_cover_torus_3x4_k5_event,perm_seed1741,1,1,UNSATISFIABLE,UNSATISFIABLE,True,True,8,8,8,8,0.001255,0.001212,-4.300000000000007e-05,True,True,True,True,True,
repeat=1|base=vertex_cover_torus_3x4_k5_event|variant=perm_seed1742,1,vertex_cover_torus_3x4_k5_event,perm_seed1742,1,1,UNSATISFIABLE,UNSATISFIABLE,True,True,6,6,7,7,0.001256,0.001258,2.0000000000000486e-06,True,True,True,True,True,
repeat=1|base=vertex_cover_torus_3x4_k5_event|variant=perm_seed1743,1,vertex_cover_torus_3x4_k5_event,perm_seed1743,1,1,UNSATISFIABLE,UNSATISFIABLE,True,True,6,6,7,7,0.001834,0.00122,-0.000614,True,True,True,True,True,
repeat=1|base=vertex_cover_torus_3x4_k5_event|variant=perm_seed1744,1,vertex_cover_torus_3x4_k5_event,perm_seed1744,1,1,UNSATISFIABLE,UNSATISFIABLE,True,True,6,6,7,7,0.001764,0.001208,-0.0005559999999999999,True,True,True,True,True,
repeat=1|base=vertex_cover_torus_3x4_k5_event|variant=perm_seed1745,1,vertex_cover_torus_3x4_k5_event,perm_seed1745,1,1,UNSATISFIABLE,UNSATISFIABLE,True,True,7,7,8,8,0.001182,0.001226,4.3999999999999985e-05,True,True,True,True,True,
repeat=1|base=vertex_cover_torus_3x5_k5_event|variant=base,1,vertex_cover_torus_3x5_k5_event,base,1,1,UNSATISFIABLE,UNSATISFIABLE,True,True,8,8,8,8,0.008759,0.008926,0.00016700000000000048,True,True,True,True,True,
repeat=1|base=vertex_cover_torus_3x5_k5_event|variant=perm_seed1730,1,vertex_cover_torus_3x5_k5_event,perm_seed1730,1,1,UNSATISFIABLE,UNSATISFIABLE,True,True,6,6,7,7,0.00852,0.009209,0.0006890000000000004,True,True,True,True,True,
repeat=1|base=vertex_cover_torus_3x5_k5_event|variant=perm_seed1731,1,vertex_cover_torus_3x5_k5_event,perm_seed1731,1,1,UNSATISFIABLE,UNSATISFIABLE,True,True,6,6,7,7,0.009135,0.009082,-5.300000000000096e-05,True,True,True,True,True,
repeat=1|base=vertex_cover_torus_3x5_k5_event|variant=perm_seed1732,1,vertex_cover_torus_3x5_k5_event,perm_seed1732,1,1,UNSATISFIABLE,UNSATISFIABLE,True,True,8,8,8,8,0.009372,0.008869,-0.000503,True,True,True,True,True,
repeat=1|base=vertex_cover_torus_3x5_k5_event|variant=perm_seed1733,1,vertex_cover_torus_3x5_k5_event,perm_seed1733,1,1,UNSATISFIABLE,UNSATISFIABLE,True,True,6,6,7,7,0.010014,0.009618,-0.0003960000000000005,True,True,True,True,True,
repeat=1|base=vertex_cover_torus_3x5_k5_event|variant=perm_seed1734,1,vertex_cover_torus_3x5_k5_event,perm_seed1734,1,1,UNSATISFIABLE,UNSATISFIABLE,True,True,6,6,7,7,0.012651,0.009367,-0.0032840000000000005,True,True,True,True,True,
repeat=1|base=vertex_cover_torus_3x5_k5_event|variant=perm_seed1735,1,vertex_cover_torus_3x5_k5_event,perm_seed1735,1,1,UNSATISFIABLE,UNSATISFIABLE,True,True,6,6,7,7,0.009002,0.00976,0.000758,True,True,True,True,True,
repeat=1|base=vertex_cover_torus_3x5_k5_event|variant=perm_seed1736,1,vertex_cover_torus_3x5_k5_event,perm_seed1736,1,1,UNSATISFIABLE,UNSATISFIABLE,True,True,7,7,8,8,0.008759,0.009169,0.00041000000000000064,True,True,True,True,True,
repeat=1|base=vertex_cover_torus_3x5_k5_event|variant=perm_seed1737,1,vertex_cover_torus_3x5_k5_event,perm_seed1737,1,1,UNSATISFIABLE,UNSATISFIABLE,True,True,6,6,7,7,0.008852,0.008821,-3.099999999999978e-05,True,True,True,True,True,
repeat=1|base=vertex_cover_torus_3x5_k5_event|variant=perm_seed1738,1,vertex_cover_torus_3x5_k5_event,perm_seed1738,1,1,UNSATISFIABLE,UNSATISFIABLE,True,True,5,5,6,6,0.008729,0.008916,0.00018699999999999967,True,True,True,True,True,
repeat=1|base=vertex_cover_torus_3x5_k5_event|variant=perm_seed1739,1,vertex_cover_torus_3x5_k5_event,perm_seed1739,1,1,UNSATISFIABLE,UNSATISFIABLE,True,True,6,6,7,7,0.008928,0.008919,-9.000000000000327e-06,True,True,True,True,True,
repeat=1|base=vertex_cover_torus_3x5_k5_event|variant=perm_seed1740,1,vertex_cover_torus_3x5_k5_event,perm_seed1740,1,1,UNSATISFIABLE,UNSATISFIABLE,True,True,6,6,7,7,0.009181,0.008777,-0.00040399999999999985,True,True,True,True,True,
repeat=1|base=vertex_cover_torus_3x5_k5_event|variant=perm_seed1741,1,vertex_cover_torus_3x5_k5_event,perm_seed1741,1,1,UNSATISFIABLE,UNSATISFIABLE,True,True,6,6,7,7,0.009226,0.008862,-0.00036399999999999974,True,True,True,True,True,
repeat=1|base=vertex_cover_torus_3x5_k5_event|variant=perm_seed1742,1,vertex_cover_torus_3x5_k5_event,perm_seed1742,1,1,UNSATISFIABLE,UNSATISFIABLE,True,True,6,6,7,7,0.009295,0.008786,-0.000508999999999999,True,True,True,True,True,
repeat=1|base=vertex_cover_torus_3x5_k5_event|variant=perm_seed1743,1,vertex_cover_torus_3x5_k5_event,perm_seed1743,1,1,UNSATISFIABLE,UNSATISFIABLE,True,True,6,6,7,7,0.008716,0.009366,0.0006499999999999995,True,True,True,True,True,
repeat=1|base=vertex_cover_torus_3x5_k5_event|variant=perm_seed1744,1,vertex_cover_torus_3x5_k5_event,perm_seed1744,1,1,UNSATISFIABLE,UNSATISFIABLE,True,True,7,7,8,8,0.008763,0.009278,0.0005149999999999998,True,True,True,True,True,
repeat=1|base=vertex_cover_torus_3x5_k5_event|variant=perm_seed1745,1,vertex_cover_torus_3x5_k5_event,perm_seed1745,1,1,UNSATISFIABLE,UNSATISFIABLE,True,True,7,7,8,8,0.008867,0.009103,0.0002360000000000001,True,True,True,True,True,
repeat=1|base=vertex_cover_torus_3x5_k6_event|variant=base,1,vertex_cover_torus_3x5_k6_event,base,1,1,UNSATISFIABLE,UNSATISFIABLE,True,True,10,10,11,11,0.01648,0.016808,0.00032799999999999843,True,True,True,True,True,
repeat=1|base=vertex_cover_torus_3x5_k6_event|variant=perm_seed1730,1,vertex_cover_torus_3x5_k6_event,perm_seed1730,1,1,UNSATISFIABLE,UNSATISFIABLE,True,True,10,10,11,11,0.016825,0.01699,0.00016500000000000195,True,True,True,True,True,
repeat=1|base=vertex_cover_torus_3x5_k6_event|variant=perm_seed1731,1,vertex_cover_torus_3x5_k6_event,perm_seed1731,1,1,UNSATISFIABLE,UNSATISFIABLE,True,True,12,12,12,12,0.016855,0.017084,0.00022900000000000004,True,True,True,True,True,
repeat=1|base=vertex_cover_torus_3x5_k6_event|variant=perm_seed1732,1,vertex_cover_torus_3x5_k6_event,perm_seed1732,1,1,UNSATISFIABLE,UNSATISFIABLE,True,True,10,10,11,11,0.017478,0.016668,-0.0008100000000000017,True,True,True,True,True,
repeat=1|base=vertex_cover_torus_3x5_k6_event|variant=perm_seed1733,1,vertex_cover_torus_3x5_k6_event,perm_seed1733,1,1,UNSATISFIABLE,UNSATISFIABLE,True,True,10,10,11,11,0.017692,0.016694,-0.0009979999999999989,True,True,True,True,True,
repeat=1|base=vertex_cover_torus_3x5_k6_event|variant=perm_seed1734,1,vertex_cover_torus_3x5_k6_event,perm_seed1734,1,1,UNSATISFIABLE,UNSATISFIABLE,True,True,11,11,12,12,0.017058,0.01719,0.00013200000000000017,True,True,True,True,True,
repeat=1|base=vertex_cover_torus_3x5_k6_event|variant=perm_seed1735,1,vertex_cover_torus_3x5_k6_event,perm_seed1735,1,1,UNSATISFIABLE,UNSATISFIABLE,True,True,11,11,12,12,0.016856,0.016498,-0.0003580000000000007,True,True,True,True,True,
repeat=1|base=vertex_cover_torus_3x5_k6_event|variant=perm_seed1736,1,vertex_cover_torus_3x5_k6_event,perm_seed1736,1,1,UNSATISFIABLE,UNSATISFIABLE,True,True,10,10,11,11,0.017536,0.017483,-5.300000000000096e-05,True,True,True,True,True,
repeat=1|base=vertex_cover_torus_3x5_k6_event|variant=perm_seed1737,1,vertex_cover_torus_3x5_k6_event,perm_seed1737,1,1,UNSATISFIABLE,UNSATISFIABLE,True,True,9,9,10,10,0.017196,0.01669,-0.0005059999999999995,True,True,True,True,True,
repeat=1|base=vertex_cover_torus_3x5_k6_event|variant=perm_seed1738,1,vertex_cover_torus_3x5_k6_event,perm_seed1738,1,1,UNSATISFIABLE,UNSATISFIABLE,True,True,9,9,10,10,0.017387,0.017954,0.0005670000000000015,True,True,True,True,True,
repeat=1|base=vertex_cover_torus_3x5_k6_event|variant=perm_seed1739,1,vertex_cover_torus_3x5_k6_event,perm_seed1739,1,1,UNSATISFIABLE,UNSATISFIABLE,True,True,10,10,11,11,0.016966,0.017434,0.00046800000000000314,True,True,True,True,True,
repeat=1|base=vertex_cover_torus_3x5_k6_event|variant=perm_seed1740,1,vertex_cover_torus_3x5_k6_event,perm_seed1740,1,1,UNSATISFIABLE,UNSATISFIABLE,True,True,11,11,11,11,0.01716,0.017386,0.00022599999999999704,True,True,True,True,True,
repeat=1|base=vertex_cover_torus_3x5_k6_event|variant=perm_seed1741,1,vertex_cover_torus_3x5_k6_event,perm_seed1741,1,1,UNSATISFIABLE,UNSATISFIABLE,True,True,10,10,11,11,0.017591,0.017784,0.0001930000000000022,True,True,True,True,True,
repeat=1|base=vertex_cover_torus_3x5_k6_event|variant=perm_seed1742,1,vertex_cover_torus_3x5_k6_event,perm_seed1742,1,1,UNSATISFIABLE,UNSATISFIABLE,True,True,10,10,11,11,0.016714,0.01711,0.0003960000000000005,True,True,True,True,True,
repeat=1|base=vertex_cover_torus_3x5_k6_event|variant=perm_seed1743,1,vertex_cover_torus_3x5_k6_event,perm_seed1743,1,1,UNSATISFIABLE,UNSATISFIABLE,True,True,11,11,12,12,0.019568,0.018957,-0.000610999999999997,True,True,True,True,True,
repeat=1|base=vertex_cover_torus_3x5_k6_event|variant=perm_seed1744,1,vertex_cover_torus_3x5_k6_event,perm_seed1744,1,1,UNSATISFIABLE,UNSATISFIABLE,True,True,11,11,12,12,0.017156,0.017429,0.00027299999999999894,True,True,True,True,True,
repeat=1|base=vertex_cover_torus_3x5_k6_event|variant=perm_seed1745,1,vertex_cover_torus_3x5_k6_event,perm_seed1745,1,1,UNSATISFIABLE,UNSATISFIABLE,True,True,14,14,13,13,0.016894,0.016869,-2.5000000000000716e-05,True,True,True,True,True,
repeat=1|base=vertex_cover_torus_4x4_k5_event|variant=base,1,vertex_cover_torus_4x4_k5_event,base,1,1,UNSATISFIABLE,UNSATISFIABLE,True,True,6,6,7,7,0.020354,0.020926,0.0005719999999999996,True,True,True,True,True,
repeat=1|base=vertex_cover_torus_4x4_k5_event|variant=perm_seed1730,1,vertex_cover_torus_4x4_k5_event,perm_seed1730,1,1,UNSATISFIABLE,UNSATISFIABLE,True,True,6,6,7,7,0.020716,0.019959,-0.0007569999999999973,True,True,True,True,True,
repeat=1|base=vertex_cover_torus_4x4_k5_event|variant=perm_seed1731,1,vertex_cover_torus_4x4_k5_event,perm_seed1731,1,1,UNSATISFIABLE,UNSATISFIABLE,True,True,6,6,7,7,0.020686,0.019717,-0.0009690000000000011,True,True,True,True,True,
repeat=1|base=vertex_cover_torus_4x4_k5_event|variant=perm_seed1732,1,vertex_cover_torus_4x4_k5_event,perm_seed1732,1,1,UNSATISFIABLE,UNSATISFIABLE,True,True,7,7,8,8,0.020194,0.020932,0.0007379999999999991,True,True,True,True,True,
repeat=1|base=vertex_cover_torus_4x4_k5_event|variant=perm_seed1733,1,vertex_cover_torus_4x4_k5_event,perm_seed1733,1,1,UNSATISFIABLE,UNSATISFIABLE,True,True,6,6,7,7,0.020676,0.020272,-0.0004040000000000016,True,True,True,True,True,
repeat=1|base=vertex_cover_torus_4x4_k5_event|variant=perm_seed1734,1,vertex_cover_torus_4x4_k5_event,perm_seed1734,1,1,UNSATISFIABLE,UNSATISFIABLE,True,True,8,8,7,7,0.02015,0.020662,0.0005119999999999986,True,True,True,True,True,
repeat=1|base=vertex_cover_torus_4x4_k5_event|variant=perm_seed1735,1,vertex_cover_torus_4x4_k5_event,perm_seed1735,1,1,UNSATISFIABLE,UNSATISFIABLE,True,True,6,6,7,7,0.020834,0.020181,-0.0006529999999999973,True,True,True,True,True,
repeat=1|base=vertex_cover_torus_4x4_k5_event|variant=perm_seed1736,1,vertex_cover_torus_4x4_k5_event,perm_seed1736,1,1,UNSATISFIABLE,UNSATISFIABLE,True,True,7,7,7,7,0.021145,0.020484,-0.0006610000000000019,True,True,True,True,True,
repeat=1|base=vertex_cover_torus_4x4_k5_event|variant=perm_seed1737,1,vertex_cover_torus_4x4_k5_event,perm_seed1737,1,1,UNSATISFIABLE,UNSATISFIABLE,True,True,6,6,7,7,0.020226,0.021319,0.0010930000000000002,True,True,True,True,True,
repeat=1|base=vertex_cover_torus_4x4_k5_event|variant=perm_seed1738,1,vertex_cover_torus_4x4_k5_event,perm_seed1738,1,1,UNSATISFIABLE,UNSATISFIABLE,True,True,6,6,7,7,0.02117,0.020762,-0.0004080000000000021,True,True,True,True,True,
repeat=1|base=vertex_cover_torus_4x4_k5_event|variant=perm_seed1739,1,vertex_cover_torus_4x4_k5_event,perm_seed1739,1,1,UNSATISFIABLE,UNSATISFIABLE,True,True,6,6,7,7,0.020739,0.020496,-0.00024300000000000016,True,True,True,True,True,
repeat=1|base=vertex_cover_torus_4x4_k5_event|variant=perm_seed1740,1,vertex_cover_torus_4x4_k5_event,perm_seed1740,1,1,UNSATISFIABLE,UNSATISFIABLE,True,True,6,6,7,7,0.020076,0.019302,-0.0007740000000000004,True,True,True,True,True,
repeat=1|base=vertex_cover_torus_4x4_k5_event|variant=perm_seed1741,1,vertex_cover_torus_4x4_k5_event,perm_seed1741,1,1,UNSATISFIABLE,UNSATISFIABLE,True,True,7,7,8,8,0.020056,0.021099,0.0010429999999999988,True,True,True,True,True,
repeat=1|base=vertex_cover_torus_4x4_k5_event|variant=perm_seed1742,1,vertex_cover_torus_4x4_k5_event,perm_seed1742,1,1,UNSATISFIABLE,UNSATISFIABLE,True,True,8,8,8,8,0.020889,0.020859,-3.0000000000002247e-05,True,True,True,True,True,
repeat=1|base=vertex_cover_torus_4x4_k5_event|variant=perm_seed1743,1,vertex_cover_torus_4x4_k5_event,perm_seed1743,1,1,UNSATISFIABLE,UNSATISFIABLE,True,True,6,6,7,7,0.020696,0.020434,-0.00026199999999999835,True,True,True,True,True,
repeat=1|base=vertex_cover_torus_4x4_k5_event|variant=perm_seed1744,1,vertex_cover_torus_4x4_k5_event,perm_seed1744,1,1,UNSATISFIABLE,UNSATISFIABLE,True,True,6,6,7,7,0.021564,0.020212,-0.001351999999999999,True,True,True,True,True,
repeat=1|base=vertex_cover_torus_4x4_k5_event|variant=perm_seed1745,1,vertex_cover_torus_4x4_k5_event,perm_seed1745,1,1,UNSATISFIABLE,UNSATISFIABLE,True,True,6,6,7,7,0.020402,0.020875,0.0004730000000000012,True,True,True,True,True,
repeat=2|base=dominating_set_hex_3x5_s3|variant=base,2,dominating_set_hex_3x5_s3,base,1,1,SATISFIABLE,SATISFIABLE,True,True,6,6,0,0,0.002292,0.002351,5.899999999999959e-05,True,True,True,True,True,
repeat=2|base=dominating_set_hex_3x5_s3|variant=perm_seed1730,2,dominating_set_hex_3x5_s3,perm_seed1730,1,1,SATISFIABLE,SATISFIABLE,True,True,1,1,0,0,0.002179,0.002285,0.00010600000000000019,True,True,True,True,True,
repeat=2|base=dominating_set_hex_3x5_s3|variant=perm_seed1731,2,dominating_set_hex_3x5_s3,perm_seed1731,1,1,SATISFIABLE,SATISFIABLE,True,True,5,5,0,0,0.003023,0.0023,-0.0007230000000000001,True,True,True,True,True,
repeat=2|base=dominating_set_hex_3x5_s3|variant=perm_seed1732,2,dominating_set_hex_3x5_s3,perm_seed1732,1,1,SATISFIABLE,SATISFIABLE,True,True,1,1,0,0,0.002317,0.002425,0.00010800000000000002,True,True,True,True,True,
repeat=2|base=dominating_set_hex_3x5_s3|variant=perm_seed1733,2,dominating_set_hex_3x5_s3,perm_seed1733,1,1,SATISFIABLE,SATISFIABLE,True,True,1,1,0,0,0.00214,0.00217,3.000000000000008e-05,True,True,True,True,True,
repeat=2|base=dominating_set_hex_3x5_s3|variant=perm_seed1734,2,dominating_set_hex_3x5_s3,perm_seed1734,1,1,SATISFIABLE,SATISFIABLE,True,True,5,5,1,1,0.002332,0.002398,6.600000000000009e-05,True,True,True,True,True,
repeat=2|base=dominating_set_hex_3x5_s3|variant=perm_seed1735,2,dominating_set_hex_3x5_s3,perm_seed1735,1,1,SATISFIABLE,SATISFIABLE,True,True,1,1,0,0,0.002295,0.002417,0.00012199999999999971,True,True,True,True,True,
repeat=2|base=dominating_set_hex_3x5_s3|variant=perm_seed1736,2,dominating_set_hex_3x5_s3,perm_seed1736,1,1,SATISFIABLE,SATISFIABLE,True,True,1,1,0,0,0.002252,0.002118,-0.000134,True,True,True,True,True,
repeat=2|base=dominating_set_hex_3x5_s3|variant=perm_seed1737,2,dominating_set_hex_3x5_s3,perm_seed1737,1,1,SATISFIABLE,SATISFIABLE,True,True,1,1,0,0,0.002267,0.002318,5.1000000000000264e-05,True,True,True,True,True,
repeat=2|base=dominating_set_hex_3x5_s3|variant=perm_seed1738,2,dominating_set_hex_3x5_s3,perm_seed1738,1,1,SATISFIABLE,SATISFIABLE,True,True,1,1,0,0,0.002311,0.002172,-0.00013900000000000023,True,True,True,True,True,
repeat=2|base=dominating_set_hex_3x5_s3|variant=perm_seed1739,2,dominating_set_hex_3x5_s3,perm_seed1739,1,1,SATISFIABLE,SATISFIABLE,True,True,10,10,2,2,0.002386,0.002307,-7.900000000000008e-05,True,True,True,True,True,
repeat=2|base=dominating_set_hex_3x5_s3|variant=perm_seed1740,2,dominating_set_hex_3x5_s3,perm_seed1740,1,1,SATISFIABLE,SATISFIABLE,True,True,2,2,0,0,0.002281,0.002395,0.00011399999999999995,True,True,True,True,True,
repeat=2|base=dominating_set_hex_3x5_s3|variant=perm_seed1741,2,dominating_set_hex_3x5_s3,perm_seed1741,1,1,SATISFIABLE,SATISFIABLE,True,True,1,1,0,0,0.002171,0.002166,-5.00000000000023e-06,True,True,True,True,True,
repeat=2|base=dominating_set_hex_3x5_s3|variant=perm_seed1742,2,dominating_set_hex_3x5_s3,perm_seed1742,1,1,SATISFIABLE,SATISFIABLE,True,True,1,1,0,0,0.00239,0.002351,-3.9000000000000406e-05,True,True,True,True,True,
repeat=2|base=dominating_set_hex_3x5_s3|variant=perm_seed1743,2,dominating_set_hex_3x5_s3,perm_seed1743,1,1,SATISFIABLE,SATISFIABLE,True,True,6,6,0,0,0.00251,0.002379,-0.00013100000000000004,True,True,True,True,True,
repeat=2|base=dominating_set_hex_3x5_s3|variant=perm_seed1744,2,dominating_set_hex_3x5_s3,perm_seed1744,1,1,SATISFIABLE,SATISFIABLE,True,True,1,1,0,0,0.002346,0.002372,2.599999999999998e-05,True,True,True,True,True,
repeat=2|base=dominating_set_hex_3x5_s3|variant=perm_seed1745,2,dominating_set_hex_3x5_s3,perm_seed1745,1,1,SATISFIABLE,SATISFIABLE,True,True,5,5,1,1,0.002219,0.002263,4.399999999999977e-05,True,True,True,True,True,
repeat=2|base=dominating_set_hex_3x6_s4|variant=base,2,dominating_set_hex_3x6_s4,base,1,1,SATISFIABLE,SATISFIABLE,True,True,8,8,0,0,0.037959,0.038928,0.0009689999999999976,True,True,True,True,True,
repeat=2|base=dominating_set_hex_3x6_s4|variant=perm_seed1730,2,dominating_set_hex_3x6_s4,perm_seed1730,1,1,SATISFIABLE,SATISFIABLE,True,True,7,7,0,0,0.042226,0.043014,0.000787999999999997,True,True,True,True,True,
repeat=2|base=dominating_set_hex_3x6_s4|variant=perm_seed1731,2,dominating_set_hex_3x6_s4,perm_seed1731,1,1,SATISFIABLE,SATISFIABLE,True,True,13,13,2,2,0.042991,0.040243,-0.0027480000000000004,True,True,True,True,True,
repeat=2|base=dominating_set_hex_3x6_s4|variant=perm_seed1732,2,dominating_set_hex_3x6_s4,perm_seed1732,1,1,SATISFIABLE,SATISFIABLE,True,True,11,11,1,1,0.039048,0.038514,-0.0005339999999999998,True,True,True,True,True,
repeat=2|base=dominating_set_hex_3x6_s4|variant=perm_seed1733,2,dominating_set_hex_3x6_s4,perm_seed1733,1,1,SATISFIABLE,SATISFIABLE,True,True,7,7,0,0,0.040402,0.040423,2.1000000000000185e-05,True,True,True,True,True,
repeat=2|base=dominating_set_hex_3x6_s4|variant=perm_seed1734,2,dominating_set_hex_3x6_s4,perm_seed1734,1,1,SATISFIABLE,SATISFIABLE,True,True,10,10,1,1,0.04023,0.040758,0.0005280000000000007,True,True,True,True,True,
repeat=2|base=dominating_set_hex_3x6_s4|variant=perm_seed1735,2,dominating_set_hex_3x6_s4,perm_seed1735,1,1,SATISFIABLE,SATISFIABLE,True,True,5,5,0,0,0.042932,0.04266,-0.0002720000000000014,True,True,True,True,True,
repeat=2|base=dominating_set_hex_3x6_s4|variant=perm_seed1736,2,dominating_set_hex_3x6_s4,perm_seed1736,1,1,SATISFIABLE,SATISFIABLE,True,True,12,12,0,0,0.041693,0.042,0.0003070000000000017,True,True,True,True,True,
repeat=2|base=dominating_set_hex_3x6_s4|variant=perm_seed1737,2,dominating_set_hex_3x6_s4,perm_seed1737,1,1,SATISFIABLE,SATISFIABLE,True,True,8,8,1,1,0.043297,0.042492,-0.0008050000000000002,True,True,True,True,True,
repeat=2|base=dominating_set_hex_3x6_s4|variant=perm_seed1738,2,dominating_set_hex_3x6_s4,perm_seed1738,1,1,SATISFIABLE,SATISFIABLE,True,True,11,11,1,1,0.040754,0.041312,0.0005580000000000029,True,True,True,True,True,
repeat=2|base=dominating_set_hex_3x6_s4|variant=perm_seed1739,2,dominating_set_hex_3x6_s4,perm_seed1739,1,1,SATISFIABLE,SATISFIABLE,True,True,11,11,2,2,0.039826,0.040896,0.0010700000000000015,True,True,True,True,True,
repeat=2|base=dominating_set_hex_3x6_s4|variant=perm_seed1740,2,dominating_set_hex_3x6_s4,perm_seed1740,1,1,SATISFIABLE,SATISFIABLE,True,True,8,8,0,0,0.039951,0.040159,0.00020799999999999985,True,True,True,True,True,
repeat=2|base=dominating_set_hex_3x6_s4|variant=perm_seed1741,2,dominating_set_hex_3x6_s4,perm_seed1741,1,1,SATISFIABLE,SATISFIABLE,True,True,11,11,2,2,0.042919,0.040162,-0.0027569999999999956,True,True,True,True,True,
repeat=2|base=dominating_set_hex_3x6_s4|variant=perm_seed1742,2,dominating_set_hex_3x6_s4,perm_seed1742,1,1,SATISFIABLE,SATISFIABLE,True,True,9,9,1,1,0.039777,0.039702,-7.499999999999868e-05,True,True,True,True,True,
repeat=2|base=dominating_set_hex_3x6_s4|variant=perm_seed1743,2,dominating_set_hex_3x6_s4,perm_seed1743,1,1,SATISFIABLE,SATISFIABLE,True,True,11,11,3,3,0.041629,0.040989,-0.0006400000000000017,True,True,True,True,True,
repeat=2|base=dominating_set_hex_3x6_s4|variant=perm_seed1744,2,dominating_set_hex_3x6_s4,perm_seed1744,1,1,SATISFIABLE,SATISFIABLE,True,True,11,11,1,1,0.039255,0.037354,-0.001901,True,True,True,True,True,
repeat=2|base=dominating_set_hex_3x6_s4|variant=perm_seed1745,2,dominating_set_hex_3x6_s4,perm_seed1745,1,1,SATISFIABLE,SATISFIABLE,True,True,5,5,0,0,0.038039,0.036423,-0.0016160000000000063,True,True,True,True,True,
repeat=2|base=even_colouring_torus_4x5_split|variant=base,2,even_colouring_torus_4x5_split,base,1,1,SATISFIABLE,SATISFIABLE,True,True,22,22,0,0,0.000721,0.000756,3.500000000000009e-05,True,True,True,True,True,
repeat=2|base=even_colouring_torus_4x5_split|variant=perm_seed1730,2,even_colouring_torus_4x5_split,perm_seed1730,1,1,SATISFIABLE,SATISFIABLE,True,True,22,22,0,0,0.00074,0.000821,8.100000000000002e-05,True,True,True,True,True,
repeat=2|base=even_colouring_torus_4x5_split|variant=perm_seed1731,2,even_colouring_torus_4x5_split,perm_seed1731,1,1,SATISFIABLE,SATISFIABLE,True,True,23,23,0,0,0.000714,0.000724,1.0000000000000026e-05,True,True,True,True,True,
repeat=2|base=even_colouring_torus_4x5_split|variant=perm_seed1732,2,even_colouring_torus_4x5_split,perm_seed1732,1,1,SATISFIABLE,SATISFIABLE,True,True,22,22,0,0,0.000687,0.00077,8.299999999999996e-05,True,True,True,True,True,
repeat=2|base=even_colouring_torus_4x5_split|variant=perm_seed1733,2,even_colouring_torus_4x5_split,perm_seed1733,1,1,SATISFIABLE,SATISFIABLE,True,True,22,22,0,0,0.00074,0.000756,1.6000000000000064e-05,True,True,True,True,True,
repeat=2|base=even_colouring_torus_4x5_split|variant=perm_seed1734,2,even_colouring_torus_4x5_split,perm_seed1734,1,1,SATISFIABLE,SATISFIABLE,True,True,22,22,0,0,0.00065,0.000711,6.100000000000007e-05,True,True,True,True,True,
repeat=2|base=even_colouring_torus_4x5_split|variant=perm_seed1735,2,even_colouring_torus_4x5_split,perm_seed1735,1,1,SATISFIABLE,SATISFIABLE,True,True,22,22,0,0,0.000722,0.000758,3.600000000000001e-05,True,True,True,True,True,
repeat=2|base=even_colouring_torus_4x5_split|variant=perm_seed1736,2,even_colouring_torus_4x5_split,perm_seed1736,1,1,SATISFIABLE,SATISFIABLE,True,True,23,23,0,0,0.000655,0.000678,2.3000000000000017e-05,True,True,True,True,True,
repeat=2|base=even_colouring_torus_4x5_split|variant=perm_seed1737,2,even_colouring_torus_4x5_split,perm_seed1737,1,1,SATISFIABLE,SATISFIABLE,True,True,22,22,0,0,0.00066,0.000774,0.00011399999999999995,True,True,True,True,True,
repeat=2|base=even_colouring_torus_4x5_split|variant=perm_seed1738,2,even_colouring_torus_4x5_split,perm_seed1738,1,1,SATISFIABLE,SATISFIABLE,True,True,23,23,0,0,0.000629,0.000767,0.000138,True,True,True,True,True,
repeat=2|base=even_colouring_torus_4x5_split|variant=perm_seed1739,2,even_colouring_torus_4x5_split,perm_seed1739,1,1,SATISFIABLE,SATISFIABLE,True,True,22,22,0,0,0.000777,0.000752,-2.5000000000000066e-05,True,True,True,True,True,
repeat=2|base=even_colouring_torus_4x5_split|variant=perm_seed1740,2,even_colouring_torus_4x5_split,perm_seed1740,1,1,SATISFIABLE,SATISFIABLE,True,True,22,22,0,0,0.000712,0.000706,-5.999999999999929e-06,True,True,True,True,True,
repeat=2|base=even_colouring_torus_4x5_split|variant=perm_seed1741,2,even_colouring_torus_4x5_split,perm_seed1741,1,1,SATISFIABLE,SATISFIABLE,True,True,22,22,0,0,0.000674,0.000654,-2.0000000000000052e-05,True,True,True,True,True,
repeat=2|base=even_colouring_torus_4x5_split|variant=perm_seed1742,2,even_colouring_torus_4x5_split,perm_seed1742,1,1,SATISFIABLE,SATISFIABLE,True,True,22,22,0,0,0.000806,0.000701,-0.00010499999999999995,True,True,True,True,True,
repeat=2|base=even_colouring_torus_4x5_split|variant=perm_seed1743,2,even_colouring_torus_4x5_split,perm_seed1743,1,1,SATISFIABLE,SATISFIABLE,True,True,22,22,0,0,0.000692,0.000738,4.6000000000000034e-05,True,True,True,True,True,
repeat=2|base=even_colouring_torus_4x5_split|variant=perm_seed1744,2,even_colouring_torus_4x5_split,perm_seed1744,1,1,SATISFIABLE,SATISFIABLE,True,True,22,22,0,0,0.000742,0.000672,-7.000000000000008e-05,True,True,True,True,True,
repeat=2|base=even_colouring_torus_4x5_split|variant=perm_seed1745,2,even_colouring_torus_4x5_split,perm_seed1745,1,1,SATISFIABLE,SATISFIABLE,True,True,22,22,0,0,0.000731,0.000653,-7.799999999999994e-05,True,True,True,True,True,
repeat=2|base=even_colouring_torus_4x6_split|variant=base,2,even_colouring_torus_4x6_split,base,1,1,SATISFIABLE,SATISFIABLE,True,True,26,26,0,0,0.000774,0.001088,0.00031400000000000004,True,True,True,True,True,
repeat=2|base=even_colouring_torus_4x6_split|variant=perm_seed1730,2,even_colouring_torus_4x6_split,perm_seed1730,1,1,SATISFIABLE,SATISFIABLE,True,True,26,26,0,0,0.000842,0.000788,-5.400000000000001e-05,True,True,True,True,True,
repeat=2|base=even_colouring_torus_4x6_split|variant=perm_seed1731,2,even_colouring_torus_4x6_split,perm_seed1731,1,1,SATISFIABLE,SATISFIABLE,True,True,26,26,0,0,0.000678,0.000704,2.599999999999998e-05,True,True,True,True,True,
repeat=2|base=even_colouring_torus_4x6_split|variant=perm_seed1732,2,even_colouring_torus_4x6_split,perm_seed1732,1,1,SATISFIABLE,SATISFIABLE,True,True,26,26,0,0,0.000756,0.000737,-1.9000000000000028e-05,True,True,True,True,True,
repeat=2|base=even_colouring_torus_4x6_split|variant=perm_seed1733,2,even_colouring_torus_4x6_split,perm_seed1733,1,1,SATISFIABLE,SATISFIABLE,True,True,27,27,0,0,0.000649,0.00067,2.1000000000000077e-05,True,True,True,True,True,
repeat=2|base=even_colouring_torus_4x6_split|variant=perm_seed1734,2,even_colouring_torus_4x6_split,perm_seed1734,1,1,SATISFIABLE,SATISFIABLE,True,True,26,26,0,0,0.000763,0.000675,-8.799999999999997e-05,True,True,True,True,True,
repeat=2|base=even_colouring_torus_4x6_split|variant=perm_seed1735,2,even_colouring_torus_4x6_split,perm_seed1735,1,1,SATISFIABLE,SATISFIABLE,True,True,26,26,0,0,0.000679,0.000733,5.400000000000001e-05,True,True,True,True,True,
repeat=2|base=even_colouring_torus_4x6_split|variant=perm_seed1736,2,even_colouring_torus_4x6_split,perm_seed1736,1,1,SATISFIABLE,SATISFIABLE,True,True,26,26,0,0,0.000717,0.000685,-3.200000000000002e-05,True,True,True,True,True,
repeat=2|base=even_colouring_torus_4x6_split|variant=perm_seed1737,2,even_colouring_torus_4x6_split,perm_seed1737,1,1,SATISFIABLE,SATISFIABLE,True,True,26,26,0,0,0.000667,0.000717,5.000000000000002e-05,True,True,True,True,True,
repeat=2|base=even_colouring_torus_4x6_split|variant=perm_seed1738,2,even_colouring_torus_4x6_split,perm_seed1738,1,1,SATISFIABLE,SATISFIABLE,True,True,26,26,0,0,0.000723,0.000696,-2.7000000000000006e-05,True,True,True,True,True,
repeat=2|base=even_colouring_torus_4x6_split|variant=perm_seed1739,2,even_colouring_torus_4x6_split,perm_seed1739,1,1,SATISFIABLE,SATISFIABLE,True,True,26,26,0,0,0.000662,0.000652,-1.0000000000000026e-05,True,True,True,True,True,
repeat=2|base=even_colouring_torus_4x6_split|variant=perm_seed1740,2,even_colouring_torus_4x6_split,perm_seed1740,1,1,SATISFIABLE,SATISFIABLE,True,True,26,26,0,0,0.000716,0.000683,-3.2999999999999935e-05,True,True,True,True,True,
repeat=2|base=even_colouring_torus_4x6_split|variant=perm_seed1741,2,even_colouring_torus_4x6_split,perm_seed1741,1,1,SATISFIABLE,SATISFIABLE,True,True,26,26,0,0,0.000696,0.000708,1.1999999999999966e-05,True,True,True,True,True,
repeat=2|base=even_colouring_torus_4x6_split|variant=perm_seed1742,2,even_colouring_torus_4x6_split,perm_seed1742,1,1,SATISFIABLE,SATISFIABLE,True,True,26,26,0,0,0.00067,0.000722,5.199999999999996e-05,True,True,True,True,True,
repeat=2|base=even_colouring_torus_4x6_split|variant=perm_seed1743,2,even_colouring_torus_4x6_split,perm_seed1743,1,1,SATISFIABLE,SATISFIABLE,True,True,26,26,0,0,0.000699,0.00066,-3.899999999999997e-05,True,True,True,True,True,
repeat=2|base=even_colouring_torus_4x6_split|variant=perm_seed1744,2,even_colouring_torus_4x6_split,perm_seed1744,1,1,SATISFIABLE,SATISFIABLE,True,True,27,27,0,0,0.000867,0.000741,-0.00012600000000000003,True,True,True,True,True,
repeat=2|base=even_colouring_torus_4x6_split|variant=perm_seed1745,2,even_colouring_torus_4x6_split,perm_seed1745,1,1,SATISFIABLE,SATISFIABLE,True,True,26,26,0,0,0.000857,0.000782,-7.499999999999998e-05,True,True,True,True,True,
repeat=2|base=even_colouring_torus_5x5_split|variant=base,2,even_colouring_torus_5x5_split,base,1,1,SATISFIABLE,SATISFIABLE,True,True,27,27,0,0,0.000638,0.000685,4.699999999999995e-05,True,True,True,True,True,
repeat=2|base=even_colouring_torus_5x5_split|variant=perm_seed1730,2,even_colouring_torus_5x5_split,perm_seed1730,1,1,SATISFIABLE,SATISFIABLE,True,True,27,27,0,0,0.000666,0.000655,-1.100000000000005e-05,True,True,True,True,True,
repeat=2|base=even_colouring_torus_5x5_split|variant=perm_seed1731,2,even_colouring_torus_5x5_split,perm_seed1731,1,1,SATISFIABLE,SATISFIABLE,True,True,27,27,0,0,0.000757,0.000707,-5.000000000000002e-05,True,True,True,True,True,
repeat=2|base=even_colouring_torus_5x5_split|variant=perm_seed1732,2,even_colouring_torus_5x5_split,perm_seed1732,1,1,SATISFIABLE,SATISFIABLE,True,True,27,27,0,0,0.000694,0.000658,-3.600000000000001e-05,True,True,True,True,True,
repeat=2|base=even_colouring_torus_5x5_split|variant=perm_seed1733,2,even_colouring_torus_5x5_split,perm_seed1733,1,1,SATISFIABLE,SATISFIABLE,True,True,27,27,0,0,0.000655,0.000734,7.899999999999997e-05,True,True,True,True,True,
repeat=2|base=even_colouring_torus_5x5_split|variant=perm_seed1734,2,even_colouring_torus_5x5_split,perm_seed1734,1,1,SATISFIABLE,SATISFIABLE,True,True,27,27,0,0,0.000631,0.000747,0.000116,True,True,True,True,True,
repeat=2|base=even_colouring_torus_5x5_split|variant=perm_seed1735,2,even_colouring_torus_5x5_split,perm_seed1735,1,1,SATISFIABLE,SATISFIABLE,True,True,27,27,0,0,0.000646,0.000807,0.000161,True,True,True,True,True,
repeat=2|base=even_colouring_torus_5x5_split|variant=perm_seed1736,2,even_colouring_torus_5x5_split,perm_seed1736,1,1,SATISFIABLE,SATISFIABLE,True,True,27,27,0,0,0.000702,0.000666,-3.600000000000001e-05,True,True,True,True,True,
repeat=2|base=even_colouring_torus_5x5_split|variant=perm_seed1737,2,even_colouring_torus_5x5_split,perm_seed1737,1,1,SATISFIABLE,SATISFIABLE,True,True,27,27,0,0,0.000698,0.000674,-2.400000000000004e-05,True,True,True,True,True,
repeat=2|base=even_colouring_torus_5x5_split|variant=perm_seed1738,2,even_colouring_torus_5x5_split,perm_seed1738,1,1,SATISFIABLE,SATISFIABLE,True,True,28,28,0,0,0.000704,0.000665,-3.899999999999997e-05,True,True,True,True,True,
repeat=2|base=even_colouring_torus_5x5_split|variant=perm_seed1739,2,even_colouring_torus_5x5_split,perm_seed1739,1,1,SATISFIABLE,SATISFIABLE,True,True,27,27,0,0,0.000716,0.000663,-5.299999999999999e-05,True,True,True,True,True,
repeat=2|base=even_colouring_torus_5x5_split|variant=perm_seed1740,2,even_colouring_torus_5x5_split,perm_seed1740,1,1,SATISFIABLE,SATISFIABLE,True,True,27,27,0,0,0.000716,0.000641,-7.499999999999998e-05,True,True,True,True,True,
repeat=2|base=even_colouring_torus_5x5_split|variant=perm_seed1741,2,even_colouring_torus_5x5_split,perm_seed1741,1,1,SATISFIABLE,SATISFIABLE,True,True,28,28,0,0,0.000658,0.000665,7.000000000000062e-06,True,True,True,True,True,
repeat=2|base=even_colouring_torus_5x5_split|variant=perm_seed1742,2,even_colouring_torus_5x5_split,perm_seed1742,1,1,SATISFIABLE,SATISFIABLE,True,True,27,27,0,0,0.000633,0.000692,5.9000000000000025e-05,True,True,True,True,True,
repeat=2|base=even_colouring_torus_5x5_split|variant=perm_seed1743,2,even_colouring_torus_5x5_split,perm_seed1743,1,1,SATISFIABLE,SATISFIABLE,True,True,27,27,0,0,0.000692,0.000641,-5.100000000000005e-05,True,True,True,True,True,
repeat=2|base=even_colouring_torus_5x5_split|variant=perm_seed1744,2,even_colouring_torus_5x5_split,perm_seed1744,1,1,SATISFIABLE,SATISFIABLE,True,True,27,27,0,0,0.000705,0.000657,-4.7999999999999974e-05,True,True,True,True,True,
repeat=2|base=even_colouring_torus_5x5_split|variant=perm_seed1745,2,even_colouring_torus_5x5_split,perm_seed1745,1,1,SATISFIABLE,SATISFIABLE,True,True,27,27,0,0,0.000798,0.000744,-5.400000000000001e-05,True,True,True,True,True,
repeat=2|base=even_colouring_torus_5x6_split|variant=base,2,even_colouring_torus_5x6_split,base,1,1,SATISFIABLE,SATISFIABLE,True,True,32,32,0,0,0.000742,0.000692,-5.000000000000002e-05,True,True,True,True,True,
repeat=2|base=even_colouring_torus_5x6_split|variant=perm_seed1730,2,even_colouring_torus_5x6_split,perm_seed1730,1,1,SATISFIABLE,SATISFIABLE,True,True,33,33,0,0,0.000675,0.000709,3.399999999999996e-05,True,True,True,True,True,
repeat=2|base=even_colouring_torus_5x6_split|variant=perm_seed1731,2,even_colouring_torus_5x6_split,perm_seed1731,1,1,SATISFIABLE,SATISFIABLE,True,True,32,32,0,0,0.000682,0.000729,4.700000000000006e-05,True,True,True,True,True,
repeat=2|base=even_colouring_torus_5x6_split|variant=perm_seed1732,2,even_colouring_torus_5x6_split,perm_seed1732,1,1,SATISFIABLE,SATISFIABLE,True,True,32,32,0,0,0.000682,0.000697,1.500000000000004e-05,True,True,True,True,True,
repeat=2|base=even_colouring_torus_5x6_split|variant=perm_seed1733,2,even_colouring_torus_5x6_split,perm_seed1733,1,1,SATISFIABLE,SATISFIABLE,True,True,32,32,0,0,0.000697,0.00069,-7.000000000000062e-06,True,True,True,True,True,
repeat=2|base=even_colouring_torus_5x6_split|variant=perm_seed1734,2,even_colouring_torus_5x6_split,perm_seed1734,1,1,SATISFIABLE,SATISFIABLE,True,True,33,33,0,0,0.000731,0.00066,-7.099999999999999e-05,True,True,True,True,True,
repeat=2|base=even_colouring_torus_5x6_split|variant=perm_seed1735,2,even_colouring_torus_5x6_split,perm_seed1735,1,1,SATISFIABLE,SATISFIABLE,True,True,32,32,0,0,0.000689,0.000701,1.1999999999999966e-05,True,True,True,True,True,
repeat=2|base=even_colouring_torus_5x6_split|variant=perm_seed1736,2,even_colouring_torus_5x6_split,perm_seed1736,1,1,SATISFIABLE,SATISFIABLE,True,True,32,32,0,0,0.000665,0.000687,2.1999999999999993e-05,True,True,True,True,True,
repeat=2|base=even_colouring_torus_5x6_split|variant=perm_seed1737,2,even_colouring_torus_5x6_split,perm_seed1737,1,1,SATISFIABLE,SATISFIABLE,True,True,33,33,0,0,0.000703,0.000726,2.3000000000000017e-05,True,True,True,True,True,
repeat=2|base=even_colouring_torus_5x6_split|variant=perm_seed1738,2,even_colouring_torus_5x6_split,perm_seed1738,1,1,SATISFIABLE,SATISFIABLE,True,True,32,32,0,0,0.000695,0.000894,0.00019900000000000007,True,True,True,True,True,
repeat=2|base=even_colouring_torus_5x6_split|variant=perm_seed1739,2,even_colouring_torus_5x6_split,perm_seed1739,1,1,SATISFIABLE,SATISFIABLE,True,True,32,32,0,0,0.000785,0.000889,0.00010400000000000003,True,True,True,True,True,
repeat=2|base=even_colouring_torus_5x6_split|variant=perm_seed1740,2,even_colouring_torus_5x6_split,perm_seed1740,1,1,SATISFIABLE,SATISFIABLE,True,True,33,33,0,0,0.000809,0.000761,-4.800000000000008e-05,True,True,True,True,True,
repeat=2|base=even_colouring_torus_5x6_split|variant=perm_seed1741,2,even_colouring_torus_5x6_split,perm_seed1741,1,1,SATISFIABLE,SATISFIABLE,True,True,33,33,0,0,0.00074,0.000863,0.00012300000000000006,True,True,True,True,True,
repeat=2|base=even_colouring_torus_5x6_split|variant=perm_seed1742,2,even_colouring_torus_5x6_split,perm_seed1742,1,1,SATISFIABLE,SATISFIABLE,True,True,32,32,0,0,0.000855,0.000807,-4.7999999999999974e-05,True,True,True,True,True,
repeat=2|base=even_colouring_torus_5x6_split|variant=perm_seed1743,2,even_colouring_torus_5x6_split,perm_seed1743,1,1,SATISFIABLE,SATISFIABLE,True,True,33,33,0,0,0.000742,0.000749,6.999999999999953e-06,True,True,True,True,True,
repeat=2|base=even_colouring_torus_5x6_split|variant=perm_seed1744,2,even_colouring_torus_5x6_split,perm_seed1744,1,1,SATISFIABLE,SATISFIABLE,True,True,32,32,0,0,0.000699,0.000753,5.400000000000001e-05,True,True,True,True,True,
repeat=2|base=even_colouring_torus_5x6_split|variant=perm_seed1745,2,even_colouring_torus_5x6_split,perm_seed1745,1,1,SATISFIABLE,SATISFIABLE,True,True,32,32,0,0,0.000769,0.001358,0.000589,True,True,True,True,True,
repeat=2|base=even_colouring_torus_6x6_split|variant=base,2,even_colouring_torus_6x6_split,base,1,1,SATISFIABLE,SATISFIABLE,True,True,38,38,0,0,0.000883,0.001326,0.0004429999999999999,True,True,True,True,True,
repeat=2|base=even_colouring_torus_6x6_split|variant=perm_seed1730,2,even_colouring_torus_6x6_split,perm_seed1730,1,1,SATISFIABLE,SATISFIABLE,True,True,38,38,0,0,0.001177,0.000959,-0.0002180000000000001,True,True,True,True,True,
repeat=2|base=even_colouring_torus_6x6_split|variant=perm_seed1731,2,even_colouring_torus_6x6_split,perm_seed1731,1,1,SATISFIABLE,SATISFIABLE,True,True,39,39,0,0,0.000753,0.00144,0.0006870000000000001,True,True,True,True,True,
repeat=2|base=even_colouring_torus_6x6_split|variant=perm_seed1732,2,even_colouring_torus_6x6_split,perm_seed1732,1,1,SATISFIABLE,SATISFIABLE,True,True,39,39,0,0,0.001406,0.001299,-0.00010699999999999989,True,True,True,True,True,
repeat=2|base=even_colouring_torus_6x6_split|variant=perm_seed1733,2,even_colouring_torus_6x6_split,perm_seed1733,1,1,SATISFIABLE,SATISFIABLE,True,True,38,38,0,0,0.001306,0.000916,-0.00039000000000000005,True,True,True,True,True,
repeat=2|base=even_colouring_torus_6x6_split|variant=perm_seed1734,2,even_colouring_torus_6x6_split,perm_seed1734,1,1,SATISFIABLE,SATISFIABLE,True,True,39,39,0,0,0.001334,0.001333,-9.999999999999159e-07,True,True,True,True,True,
repeat=2|base=even_colouring_torus_6x6_split|variant=perm_seed1735,2,even_colouring_torus_6x6_split,perm_seed1735,1,1,SATISFIABLE,SATISFIABLE,True,True,38,38,0,0,0.001302,0.00123,-7.200000000000002e-05,True,True,True,True,True,
repeat=2|base=even_colouring_torus_6x6_split|variant=perm_seed1736,2,even_colouring_torus_6x6_split,perm_seed1736,1,1,SATISFIABLE,SATISFIABLE,True,True,38,38,0,0,0.001263,0.001318,5.499999999999993e-05,True,True,True,True,True,
repeat=2|base=even_colouring_torus_6x6_split|variant=perm_seed1737,2,even_colouring_torus_6x6_split,perm_seed1737,1,1,SATISFIABLE,SATISFIABLE,True,True,38,38,0,0,0.0013,0.001252,-4.7999999999999866e-05,True,True,True,True,True,
repeat=2|base=even_colouring_torus_6x6_split|variant=perm_seed1738,2,even_colouring_torus_6x6_split,perm_seed1738,1,1,SATISFIABLE,SATISFIABLE,True,True,38,38,0,0,0.001254,0.000995,-0.0002589999999999999,True,True,True,True,True,
repeat=2|base=even_colouring_torus_6x6_split|variant=perm_seed1739,2,even_colouring_torus_6x6_split,perm_seed1739,1,1,SATISFIABLE,SATISFIABLE,True,True,39,39,0,0,0.001327,0.001392,6.499999999999995e-05,True,True,True,True,True,
repeat=2|base=even_colouring_torus_6x6_split|variant=perm_seed1740,2,even_colouring_torus_6x6_split,perm_seed1740,1,1,SATISFIABLE,SATISFIABLE,True,True,38,38,0,0,0.00142,0.001296,-0.00012399999999999998,True,True,True,True,True,
repeat=2|base=even_colouring_torus_6x6_split|variant=perm_seed1741,2,even_colouring_torus_6x6_split,perm_seed1741,1,1,SATISFIABLE,SATISFIABLE,True,True,38,38,0,0,0.001301,0.001382,8.099999999999991e-05,True,True,True,True,True,
repeat=2|base=even_colouring_torus_6x6_split|variant=perm_seed1742,2,even_colouring_torus_6x6_split,perm_seed1742,1,1,SATISFIABLE,SATISFIABLE,True,True,38,38,0,0,0.001256,0.00126,4.000000000000097e-06,True,True,True,True,True,
repeat=2|base=even_colouring_torus_6x6_split|variant=perm_seed1743,2,even_colouring_torus_6x6_split,perm_seed1743,1,1,SATISFIABLE,SATISFIABLE,True,True,38,38,0,0,0.001242,0.001298,5.599999999999984e-05,True,True,True,True,True,
repeat=2|base=even_colouring_torus_6x6_split|variant=perm_seed1744,2,even_colouring_torus_6x6_split,perm_seed1744,1,1,SATISFIABLE,SATISFIABLE,True,True,39,39,0,0,0.001234,0.001321,8.699999999999984e-05,True,True,True,True,True,
repeat=2|base=even_colouring_torus_6x6_split|variant=perm_seed1745,2,even_colouring_torus_6x6_split,perm_seed1745,1,1,SATISFIABLE,SATISFIABLE,True,True,38,38,0,0,0.001217,0.001318,0.00010099999999999996,True,True,True,True,True,
repeat=2|base=k10_color9|variant=base,2,k10_color9,base,1,1,UNSATISFIABLE,UNSATISFIABLE,True,True,340861,340861,314066,314066,1.48852,1.47867,-0.009850000000000136,True,True,True,True,True,
repeat=2|base=k10_color9|variant=perm_seed1730,2,k10_color9,perm_seed1730,1,1,UNSATISFIABLE,UNSATISFIABLE,True,True,413643,413643,382655,382655,1.8401,1.82983,-0.010270000000000001,True,True,True,True,True,
repeat=2|base=k10_color9|variant=perm_seed1731,2,k10_color9,perm_seed1731,1,1,UNSATISFIABLE,UNSATISFIABLE,True,True,340033,340033,312592,312592,1.54004,1.54033,0.00028999999999990145,True,True,True,True,True,
repeat=2|base=k4_color3|variant=base,2,k4_color3,base,1,1,UNSATISFIABLE,UNSATISFIABLE,True,True,0,0,0,0,0.001317,0.00078,-0.000537,True,True,True,True,True,
repeat=2|base=k4_color3|variant=perm_seed1730,2,k4_color3,perm_seed1730,1,1,UNSATISFIABLE,UNSATISFIABLE,True,True,0,0,0,0,0.000899,0.001256,0.000357,True,True,True,True,True,
repeat=2|base=k4_color3|variant=perm_seed1731,2,k4_color3,perm_seed1731,1,1,UNSATISFIABLE,UNSATISFIABLE,True,True,0,0,0,0,0.00077,0.001162,0.0003920000000000001,True,True,True,True,True,
repeat=2|base=k4_color3|variant=perm_seed1732,2,k4_color3,perm_seed1732,1,1,UNSATISFIABLE,UNSATISFIABLE,True,True,0,0,0,0,0.001197,0.001128,-6.899999999999983e-05,True,True,True,True,True,
repeat=2|base=k4_color3|variant=perm_seed1733,2,k4_color3,perm_seed1733,1,1,UNSATISFIABLE,UNSATISFIABLE,True,True,0,0,0,0,0.001218,0.000685,-0.0005329999999999999,True,True,True,True,True,
repeat=2|base=k4_color3|variant=perm_seed1734,2,k4_color3,perm_seed1734,1,1,UNSATISFIABLE,UNSATISFIABLE,True,True,0,0,0,0,0.000638,0.001051,0.00041300000000000006,True,True,True,True,True,
repeat=2|base=k4_color3|variant=perm_seed1735,2,k4_color3,perm_seed1735,1,1,UNSATISFIABLE,UNSATISFIABLE,True,True,0,0,0,0,0.000723,0.001074,0.0003510000000000001,True,True,True,True,True,
repeat=2|base=k4_color3|variant=perm_seed1736,2,k4_color3,perm_seed1736,1,1,UNSATISFIABLE,UNSATISFIABLE,True,True,0,0,0,0,0.00076,0.000716,-4.4000000000000094e-05,True,True,True,True,True,
repeat=2|base=k4_color3|variant=perm_seed1737,2,k4_color3,perm_seed1737,1,1,UNSATISFIABLE,UNSATISFIABLE,True,True,0,0,0,0,0.000637,0.000625,-1.1999999999999966e-05,True,True,True,True,True,
repeat=2|base=k4_color3|variant=perm_seed1738,2,k4_color3,perm_seed1738,1,1,UNSATISFIABLE,UNSATISFIABLE,True,True,0,0,0,0,0.000657,0.000649,-8.000000000000086e-06,True,True,True,True,True,
repeat=2|base=k4_color3|variant=perm_seed1739,2,k4_color3,perm_seed1739,1,1,UNSATISFIABLE,UNSATISFIABLE,True,True,0,0,0,0,0.00063,0.000633,2.9999999999999645e-06,True,True,True,True,True,
repeat=2|base=k4_color3|variant=perm_seed1740,2,k4_color3,perm_seed1740,1,1,UNSATISFIABLE,UNSATISFIABLE,True,True,0,0,0,0,0.000722,0.000794,7.200000000000002e-05,True,True,True,True,True,
repeat=2|base=k4_color3|variant=perm_seed1741,2,k4_color3,perm_seed1741,1,1,UNSATISFIABLE,UNSATISFIABLE,True,True,0,0,0,0,0.000691,0.000681,-1.0000000000000026e-05,True,True,True,True,True,
repeat=2|base=k4_color3|variant=perm_seed1742,2,k4_color3,perm_seed1742,1,1,UNSATISFIABLE,UNSATISFIABLE,True,True,0,0,0,0,0.000694,0.00064,-5.39999999999999e-05,True,True,True,True,True,
repeat=2|base=k4_color3|variant=perm_seed1743,2,k4_color3,perm_seed1743,1,1,UNSATISFIABLE,UNSATISFIABLE,True,True,0,0,0,0,0.000619,0.000615,-3.999999999999989e-06,True,True,True,True,True,
repeat=2|base=k4_color3|variant=perm_seed1744,2,k4_color3,perm_seed1744,1,1,UNSATISFIABLE,UNSATISFIABLE,True,True,0,0,0,0,0.00062,0.000639,1.9000000000000028e-05,True,True,True,True,True,
repeat=2|base=k4_color3|variant=perm_seed1745,2,k4_color3,perm_seed1745,1,1,UNSATISFIABLE,UNSATISFIABLE,True,True,0,0,0,0,0.000596,0.000636,3.9999999999999996e-05,True,True,True,True,True,
repeat=2|base=k4_color4|variant=base,2,k4_color4,base,1,1,SATISFIABLE,SATISFIABLE,True,True,1,1,0,0,0.000631,0.000883,0.00025199999999999995,True,True,True,True,True,
repeat=2|base=k4_color4|variant=perm_seed1730,2,k4_color4,perm_seed1730,1,1,SATISFIABLE,SATISFIABLE,True,True,1,1,0,0,0.000739,0.000728,-1.0999999999999942e-05,True,True,True,True,True,
repeat=2|base=k4_color4|variant=perm_seed1731,2,k4_color4,perm_seed1731,1,1,SATISFIABLE,SATISFIABLE,True,True,1,1,0,0,0.000692,0.000669,-2.3000000000000017e-05,True,True,True,True,True,
repeat=2|base=k4_color4|variant=perm_seed1732,2,k4_color4,perm_seed1732,1,1,SATISFIABLE,SATISFIABLE,True,True,1,1,0,0,0.000641,0.000681,3.9999999999999996e-05,True,True,True,True,True,
repeat=2|base=k4_color4|variant=perm_seed1733,2,k4_color4,perm_seed1733,1,1,SATISFIABLE,SATISFIABLE,True,True,1,1,0,0,0.00063,0.000633,2.9999999999999645e-06,True,True,True,True,True,
repeat=2|base=k4_color4|variant=perm_seed1734,2,k4_color4,perm_seed1734,1,1,SATISFIABLE,SATISFIABLE,True,True,1,1,0,0,0.000666,0.000684,1.8000000000000004e-05,True,True,True,True,True,
repeat=2|base=k4_color4|variant=perm_seed1735,2,k4_color4,perm_seed1735,1,1,SATISFIABLE,SATISFIABLE,True,True,1,1,0,0,0.000624,0.000825,0.000201,True,True,True,True,True,
repeat=2|base=k4_color4|variant=perm_seed1736,2,k4_color4,perm_seed1736,1,1,SATISFIABLE,SATISFIABLE,True,True,1,1,0,0,0.000849,0.000874,2.4999999999999957e-05,True,True,True,True,True,
repeat=2|base=k4_color4|variant=perm_seed1737,2,k4_color4,perm_seed1737,1,1,SATISFIABLE,SATISFIABLE,True,True,1,1,0,0,0.00089,0.000734,-0.000156,True,True,True,True,True,
repeat=2|base=k4_color4|variant=perm_seed1738,2,k4_color4,perm_seed1738,1,1,SATISFIABLE,SATISFIABLE,True,True,1,1,0,0,0.000843,0.000682,-0.000161,True,True,True,True,True,
repeat=2|base=k4_color4|variant=perm_seed1739,2,k4_color4,perm_seed1739,1,1,SATISFIABLE,SATISFIABLE,True,True,1,1,0,0,0.000683,0.000662,-2.099999999999997e-05,True,True,True,True,True,
repeat=2|base=k4_color4|variant=perm_seed1740,2,k4_color4,perm_seed1740,1,1,SATISFIABLE,SATISFIABLE,True,True,1,1,0,0,0.000686,0.000634,-5.199999999999996e-05,True,True,True,True,True,
repeat=2|base=k4_color4|variant=perm_seed1741,2,k4_color4,perm_seed1741,1,1,SATISFIABLE,SATISFIABLE,True,True,1,1,0,0,0.000806,0.000724,-8.199999999999993e-05,True,True,True,True,True,
repeat=2|base=k4_color4|variant=perm_seed1742,2,k4_color4,perm_seed1742,1,1,SATISFIABLE,SATISFIABLE,True,True,1,1,0,0,0.000815,0.000712,-0.00010300000000000001,True,True,True,True,True,
repeat=2|base=k4_color4|variant=perm_seed1743,2,k4_color4,perm_seed1743,1,1,SATISFIABLE,SATISFIABLE,True,True,1,1,0,0,0.000637,0.000708,7.099999999999999e-05,True,True,True,True,True,
repeat=2|base=k4_color4|variant=perm_seed1744,2,k4_color4,perm_seed1744,1,1,SATISFIABLE,SATISFIABLE,True,True,1,1,0,0,0.000745,0.000751,6.000000000000037e-06,True,True,True,True,True,
repeat=2|base=k4_color4|variant=perm_seed1745,2,k4_color4,perm_seed1745,1,1,SATISFIABLE,SATISFIABLE,True,True,1,1,0,0,0.000672,0.0007,2.800000000000003e-05,True,True,True,True,True,
repeat=2|base=k5_color4|variant=base,2,k5_color4,base,1,1,UNSATISFIABLE,UNSATISFIABLE,True,True,32,32,27,27,0.000698,0.000831,0.00013299999999999998,True,True,True,True,True,
repeat=2|base=k5_color4|variant=perm_seed1730,2,k5_color4,perm_seed1730,1,1,UNSATISFIABLE,UNSATISFIABLE,True,True,31,31,28,28,0.000723,0.000743,1.9999999999999944e-05,True,True,True,True,True,
repeat=2|base=k5_color4|variant=perm_seed1731,2,k5_color4,perm_seed1731,1,1,UNSATISFIABLE,UNSATISFIABLE,True,True,32,32,31,31,0.000678,0.00065,-2.800000000000003e-05,True,True,True,True,True,
repeat=2|base=k5_color4|variant=perm_seed1732,2,k5_color4,perm_seed1732,1,1,UNSATISFIABLE,UNSATISFIABLE,True,True,31,31,30,30,0.000708,0.000709,1.0000000000000243e-06,True,True,True,True,True,
repeat=2|base=k5_color4|variant=perm_seed1733,2,k5_color4,perm_seed1733,1,1,UNSATISFIABLE,UNSATISFIABLE,True,True,31,31,27,27,0.00065,0.000688,3.8000000000000056e-05,True,True,True,True,True,
repeat=2|base=k5_color4|variant=perm_seed1734,2,k5_color4,perm_seed1734,1,1,UNSATISFIABLE,UNSATISFIABLE,True,True,27,27,25,25,0.000656,0.000642,-1.4000000000000015e-05,True,True,True,True,True,
repeat=2|base=k5_color4|variant=perm_seed1735,2,k5_color4,perm_seed1735,1,1,UNSATISFIABLE,UNSATISFIABLE,True,True,30,30,27,27,0.000684,0.000648,-3.600000000000001e-05,True,True,True,True,True,
repeat=2|base=k5_color4|variant=perm_seed1736,2,k5_color4,perm_seed1736,1,1,UNSATISFIABLE,UNSATISFIABLE,True,True,27,27,25,25,0.000678,0.000656,-2.1999999999999993e-05,True,True,True,True,True,
repeat=2|base=k5_color4|variant=perm_seed1737,2,k5_color4,perm_seed1737,1,1,UNSATISFIABLE,UNSATISFIABLE,True,True,31,31,30,30,0.000657,0.000687,2.999999999999997e-05,True,True,True,True,True,
repeat=2|base=k5_color4|variant=perm_seed1738,2,k5_color4,perm_seed1738,1,1,UNSATISFIABLE,UNSATISFIABLE,True,True,33,33,27,27,0.000627,0.000669,4.2000000000000045e-05,True,True,True,True,True,
repeat=2|base=k5_color4|variant=perm_seed1739,2,k5_color4,perm_seed1739,1,1,UNSATISFIABLE,UNSATISFIABLE,True,True,33,33,29,29,0.000632,0.00064,8.000000000000086e-06,True,True,True,True,True,
repeat=2|base=k5_color4|variant=perm_seed1740,2,k5_color4,perm_seed1740,1,1,UNSATISFIABLE,UNSATISFIABLE,True,True,27,27,26,26,0.000628,0.000629,1.0000000000000243e-06,True,True,True,True,True,
repeat=2|base=k5_color4|variant=perm_seed1741,2,k5_color4,perm_seed1741,1,1,UNSATISFIABLE,UNSATISFIABLE,True,True,30,30,27,27,0.000632,0.000641,9.000000000000002e-06,True,True,True,True,True,
repeat=2|base=k5_color4|variant=perm_seed1742,2,k5_color4,perm_seed1742,1,1,UNSATISFIABLE,UNSATISFIABLE,True,True,38,38,31,31,0.000713,0.000657,-5.599999999999995e-05,True,True,True,True,True,
repeat=2|base=k5_color4|variant=perm_seed1743,2,k5_color4,perm_seed1743,1,1,UNSATISFIABLE,UNSATISFIABLE,True,True,24,24,25,25,0.000677,0.000847,0.00017,True,True,True,True,True,
repeat=2|base=k5_color4|variant=perm_seed1744,2,k5_color4,perm_seed1744,1,1,UNSATISFIABLE,UNSATISFIABLE,True,True,28,28,26,26,0.000729,0.000793,6.399999999999993e-05,True,True,True,True,True,
repeat=2|base=k5_color4|variant=perm_seed1745,2,k5_color4,perm_seed1745,1,1,UNSATISFIABLE,UNSATISFIABLE,True,True,31,31,28,28,0.000762,0.000758,-3.999999999999989e-06,True,True,True,True,True,
repeat=2|base=k5_color5|variant=base,2,k5_color5,base,1,1,SATISFIABLE,SATISFIABLE,True,True,12,12,0,0,0.000675,0.000695,1.9999999999999944e-05,True,True,True,True,True,
repeat=2|base=k5_color5|variant=perm_seed1730,2,k5_color5,perm_seed1730,1,1,SATISFIABLE,SATISFIABLE,True,True,16,16,0,0,0.000761,0.000772,1.100000000000005e-05,True,True,True,True,True,
repeat=2|base=k5_color5|variant=perm_seed1731,2,k5_color5,perm_seed1731,1,1,SATISFIABLE,SATISFIABLE,True,True,17,17,0,0,0.000762,0.000795,3.300000000000004e-05,True,True,True,True,True,
repeat=2|base=k5_color5|variant=perm_seed1732,2,k5_color5,perm_seed1732,1,1,SATISFIABLE,SATISFIABLE,True,True,14,14,0,0,0.000705,0.0007,-5.000000000000013e-06,True,True,True,True,True,
repeat=2|base=k5_color5|variant=perm_seed1733,2,k5_color5,perm_seed1733,1,1,SATISFIABLE,SATISFIABLE,True,True,16,16,0,0,0.00081,0.000698,-0.0001119999999999999,True,True,True,True,True,
repeat=2|base=k5_color5|variant=perm_seed1734,2,k5_color5,perm_seed1734,1,1,SATISFIABLE,SATISFIABLE,True,True,14,14,0,0,0.000699,0.000686,-1.299999999999999e-05,True,True,True,True,True,
repeat=2|base=k5_color5|variant=perm_seed1735,2,k5_color5,perm_seed1735,1,1,SATISFIABLE,SATISFIABLE,True,True,16,16,0,0,0.000658,0.000683,2.5000000000000066e-05,True,True,True,True,True,
repeat=2|base=k5_color5|variant=perm_seed1736,2,k5_color5,perm_seed1736,1,1,SATISFIABLE,SATISFIABLE,True,True,17,17,0,0,0.000658,0.000669,1.100000000000005e-05,True,True,True,True,True,
repeat=2|base=k5_color5|variant=perm_seed1737,2,k5_color5,perm_seed1737,1,1,SATISFIABLE,SATISFIABLE,True,True,15,15,1,1,0.001232,0.000988,-0.00024400000000000008,True,True,True,True,True,
repeat=2|base=k5_color5|variant=perm_seed1738,2,k5_color5,perm_seed1738,1,1,SATISFIABLE,SATISFIABLE,True,True,18,18,0,0,0.000793,0.0007,-9.299999999999998e-05,True,True,True,True,True,
repeat=2|base=k5_color5|variant=perm_seed1739,2,k5_color5,perm_seed1739,1,1,SATISFIABLE,SATISFIABLE,True,True,15,15,0,0,0.000694,0.0007,6.000000000000037e-06,True,True,True,True,True,
repeat=2|base=k5_color5|variant=perm_seed1740,2,k5_color5,perm_seed1740,1,1,SATISFIABLE,SATISFIABLE,True,True,17,17,1,1,0.000678,0.000694,1.5999999999999955e-05,True,True,True,True,True,
repeat=2|base=k5_color5|variant=perm_seed1741,2,k5_color5,perm_seed1741,1,1,SATISFIABLE,SATISFIABLE,True,True,17,17,0,0,0.000646,0.000627,-1.9000000000000028e-05,True,True,True,True,True,
repeat=2|base=k5_color5|variant=perm_seed1742,2,k5_color5,perm_seed1742,1,1,SATISFIABLE,SATISFIABLE,True,True,14,14,0,0,0.000783,0.000681,-0.00010199999999999999,True,True,True,True,True,
repeat=2|base=k5_color5|variant=perm_seed1743,2,k5_color5,perm_seed1743,1,1,SATISFIABLE,SATISFIABLE,True,True,15,15,0,0,0.000685,0.000648,-3.6999999999999924e-05,True,True,True,True,True,
repeat=2|base=k5_color5|variant=perm_seed1744,2,k5_color5,perm_seed1744,1,1,SATISFIABLE,SATISFIABLE,True,True,15,15,0,0,0.000622,0.00082,0.00019799999999999993,True,True,True,True,True,
repeat=2|base=k5_color5|variant=perm_seed1745,2,k5_color5,perm_seed1745,1,1,SATISFIABLE,SATISFIABLE,True,True,17,17,0,0,0.000621,0.000712,9.099999999999994e-05,True,True,True,True,True,
repeat=2|base=k6_color5|variant=base,2,k6_color5,base,1,1,UNSATISFIABLE,UNSATISFIABLE,True,True,157,157,139,139,0.000857,0.000854,-2.9999999999999645e-06,True,True,True,True,True,
repeat=2|base=k6_color5|variant=perm_seed1730,2,k6_color5,perm_seed1730,1,1,UNSATISFIABLE,UNSATISFIABLE,True,True,161,161,142,142,0.000857,0.000861,3.999999999999989e-06,True,True,True,True,True,
repeat=2|base=k6_color5|variant=perm_seed1731,2,k6_color5,perm_seed1731,1,1,UNSATISFIABLE,UNSATISFIABLE,True,True,160,160,141,141,0.000837,0.000843,6.000000000000037e-06,True,True,True,True,True,
repeat=2|base=k6_color5|variant=perm_seed1732,2,k6_color5,perm_seed1732,1,1,UNSATISFIABLE,UNSATISFIABLE,True,True,157,157,137,137,0.0008,0.000903,0.00010300000000000001,True,True,True,True,True,
repeat=2|base=k6_color5|variant=perm_seed1733,2,k6_color5,perm_seed1733,1,1,UNSATISFIABLE,UNSATISFIABLE,True,True,158,158,142,142,0.000836,0.000845,9.000000000000002e-06,True,True,True,True,True,
repeat=2|base=k6_color5|variant=perm_seed1734,2,k6_color5,perm_seed1734,1,1,UNSATISFIABLE,UNSATISFIABLE,True,True,171,171,146,146,0.000789,0.000998,0.00020899999999999998,True,True,True,True,True,
repeat=2|base=k6_color5|variant=perm_seed1735,2,k6_color5,perm_seed1735,1,1,UNSATISFIABLE,UNSATISFIABLE,True,True,174,174,155,155,0.000856,0.000845,-1.0999999999999942e-05,True,True,True,True,True,
repeat=2|base=k6_color5|variant=perm_seed1736,2,k6_color5,perm_seed1736,1,1,UNSATISFIABLE,UNSATISFIABLE,True,True,158,158,145,145,0.000774,0.000809,3.500000000000009e-05,True,True,True,True,True,
repeat=2|base=k6_color5|variant=perm_seed1737,2,k6_color5,perm_seed1737,1,1,UNSATISFIABLE,UNSATISFIABLE,True,True,163,163,145,145,0.000844,0.000933,8.9e-05,True,True,True,True,True,
repeat=2|base=k6_color5|variant=perm_seed1738,2,k6_color5,perm_seed1738,1,1,UNSATISFIABLE,UNSATISFIABLE,True,True,140,140,130,130,0.000847,0.000895,4.7999999999999974e-05,True,True,True,True,True,
repeat=2|base=k6_color5|variant=perm_seed1739,2,k6_color5,perm_seed1739,1,1,UNSATISFIABLE,UNSATISFIABLE,True,True,157,157,143,143,0.000842,0.000843,1.0000000000000243e-06,True,True,True,True,True,
repeat=2|base=k6_color5|variant=perm_seed1740,2,k6_color5,perm_seed1740,1,1,UNSATISFIABLE,UNSATISFIABLE,True,True,163,163,138,138,0.000784,0.000798,1.4000000000000015e-05,True,True,True,True,True,
repeat=2|base=k6_color5|variant=perm_seed1741,2,k6_color5,perm_seed1741,1,1,UNSATISFIABLE,UNSATISFIABLE,True,True,158,158,140,140,0.000841,0.000829,-1.1999999999999966e-05,True,True,True,True,True,
repeat=2|base=k6_color5|variant=perm_seed1742,2,k6_color5,perm_seed1742,1,1,UNSATISFIABLE,UNSATISFIABLE,True,True,155,155,137,137,0.000859,0.000849,-9.999999999999918e-06,True,True,True,True,True,
repeat=2|base=k6_color5|variant=perm_seed1743,2,k6_color5,perm_seed1743,1,1,UNSATISFIABLE,UNSATISFIABLE,True,True,147,147,135,135,0.000822,0.000857,3.499999999999998e-05,True,True,True,True,True,
repeat=2|base=k6_color5|variant=perm_seed1744,2,k6_color5,perm_seed1744,1,1,UNSATISFIABLE,UNSATISFIABLE,True,True,147,147,133,133,0.000837,0.000831,-5.999999999999929e-06,True,True,True,True,True,
repeat=2|base=k6_color5|variant=perm_seed1745,2,k6_color5,perm_seed1745,1,1,UNSATISFIABLE,UNSATISFIABLE,True,True,156,156,137,137,0.00083,0.000814,-1.5999999999999955e-05,True,True,True,True,True,
repeat=2|base=k6_color6|variant=base,2,k6_color6,base,1,1,SATISFIABLE,SATISFIABLE,True,True,17,17,0,0,0.000753,0.000705,-4.7999999999999974e-05,True,True,True,True,True,
repeat=2|base=k6_color6|variant=perm_seed1730,2,k6_color6,perm_seed1730,1,1,SATISFIABLE,SATISFIABLE,True,True,25,25,4,4,0.000705,0.000697,-7.999999999999978e-06,True,True,True,True,True,
repeat=2|base=k6_color6|variant=perm_seed1731,2,k6_color6,perm_seed1731,1,1,SATISFIABLE,SATISFIABLE,True,True,22,22,0,0,0.00067,0.000684,1.4000000000000015e-05,True,True,True,True,True,
repeat=2|base=k6_color6|variant=perm_seed1732,2,k6_color6,perm_seed1732,1,1,SATISFIABLE,SATISFIABLE,True,True,33,33,10,10,0.000694,0.000773,7.900000000000008e-05,True,True,True,True,True,
repeat=2|base=k6_color6|variant=perm_seed1733,2,k6_color6,perm_seed1733,1,1,SATISFIABLE,SATISFIABLE,True,True,46,46,24,24,0.000706,0.00073,2.3999999999999933e-05,True,True,True,True,True,
repeat=2|base=k6_color6|variant=perm_seed1734,2,k6_color6,perm_seed1734,1,1,SATISFIABLE,SATISFIABLE,True,True,26,26,1,1,0.000655,0.000707,5.199999999999996e-05,True,True,True,True,True,
repeat=2|base=k6_color6|variant=perm_seed1735,2,k6_color6,perm_seed1735,1,1,SATISFIABLE,SATISFIABLE,True,True,25,25,0,0,0.000881,0.000711,-0.0001699999999999999,True,True,True,True,True,
repeat=2|base=k6_color6|variant=perm_seed1736,2,k6_color6,perm_seed1736,1,1,SATISFIABLE,SATISFIABLE,True,True,23,23,0,0,0.000717,0.000731,1.4000000000000015e-05,True,True,True,True,True,
repeat=2|base=k6_color6|variant=perm_seed1737,2,k6_color6,perm_seed1737,1,1,SATISFIABLE,SATISFIABLE,True,True,25,25,0,0,0.000776,0.000725,-5.100000000000005e-05,True,True,True,True,True,
repeat=2|base=k6_color6|variant=perm_seed1738,2,k6_color6,perm_seed1738,1,1,SATISFIABLE,SATISFIABLE,True,True,28,28,1,1,0.000716,0.000735,1.9000000000000028e-05,True,True,True,True,True,
repeat=2|base=k6_color6|variant=perm_seed1739,2,k6_color6,perm_seed1739,1,1,SATISFIABLE,SATISFIABLE,True,True,23,23,1,1,0.000729,0.000838,0.00010899999999999994,True,True,True,True,True,
repeat=2|base=k6_color6|variant=perm_seed1740,2,k6_color6,perm_seed1740,1,1,SATISFIABLE,SATISFIABLE,True,True,27,27,1,1,0.000896,0.000758,-0.000138,True,True,True,True,True,
repeat=2|base=k6_color6|variant=perm_seed1741,2,k6_color6,perm_seed1741,1,1,SATISFIABLE,SATISFIABLE,True,True,23,23,0,0,0.000754,0.000688,-6.599999999999998e-05,True,True,True,True,True,
repeat=2|base=k6_color6|variant=perm_seed1742,2,k6_color6,perm_seed1742,1,1,SATISFIABLE,SATISFIABLE,True,True,30,30,2,2,0.000671,0.000759,8.799999999999997e-05,True,True,True,True,True,
repeat=2|base=k6_color6|variant=perm_seed1743,2,k6_color6,perm_seed1743,1,1,SATISFIABLE,SATISFIABLE,True,True,22,22,1,1,0.000667,0.000719,5.200000000000007e-05,True,True,True,True,True,
repeat=2|base=k6_color6|variant=perm_seed1744,2,k6_color6,perm_seed1744,1,1,SATISFIABLE,SATISFIABLE,True,True,27,27,0,0,0.000721,0.000682,-3.899999999999997e-05,True,True,True,True,True,
repeat=2|base=k6_color6|variant=perm_seed1745,2,k6_color6,perm_seed1745,1,1,SATISFIABLE,SATISFIABLE,True,True,23,23,0,0,0.000683,0.000727,4.3999999999999985e-05,True,True,True,True,True,
repeat=2|base=k7_color6|variant=base,2,k7_color6,base,1,1,UNSATISFIABLE,UNSATISFIABLE,True,True,970,970,845,845,0.002188,0.002214,2.599999999999998e-05,True,True,True,True,True,
repeat=2|base=k7_color6|variant=perm_seed1730,2,k7_color6,perm_seed1730,1,1,UNSATISFIABLE,UNSATISFIABLE,True,True,913,913,812,812,0.00223,0.002219,-1.1000000000000159e-05,True,True,True,True,True,
repeat=2|base=k7_color6|variant=perm_seed1731,2,k7_color6,perm_seed1731,1,1,UNSATISFIABLE,UNSATISFIABLE,True,True,1013,1013,877,877,0.002474,0.002844,0.0003700000000000001,True,True,True,True,True,
repeat=2|base=k7_color6|variant=perm_seed1732,2,k7_color6,perm_seed1732,1,1,UNSATISFIABLE,UNSATISFIABLE,True,True,949,949,839,839,0.003195,0.002229,-0.0009659999999999998,True,True,True,True,True,
repeat=2|base=k7_color6|variant=perm_seed1733,2,k7_color6,perm_seed1733,1,1,UNSATISFIABLE,UNSATISFIABLE,True,True,937,937,837,837,0.002189,0.002262,7.300000000000015e-05,True,True,True,True,True,
repeat=2|base=k7_color6|variant=perm_seed1734,2,k7_color6,perm_seed1734,1,1,UNSATISFIABLE,UNSATISFIABLE,True,True,893,893,821,821,0.002334,0.00232,-1.4000000000000123e-05,True,True,True,True,True,
repeat=2|base=k7_color6|variant=perm_seed1735,2,k7_color6,perm_seed1735,1,1,UNSATISFIABLE,UNSATISFIABLE,True,True,967,967,866,866,0.002229,0.002234,4.999999999999796e-06,True,True,True,True,True,
repeat=2|base=k7_color6|variant=perm_seed1736,2,k7_color6,perm_seed1736,1,1,UNSATISFIABLE,UNSATISFIABLE,True,True,891,891,832,832,0.002272,0.002335,6.299999999999969e-05,True,True,True,True,True,
repeat=2|base=k7_color6|variant=perm_seed1737,2,k7_color6,perm_seed1737,1,1,UNSATISFIABLE,UNSATISFIABLE,True,True,935,935,832,832,0.002397,0.002306,-9.099999999999994e-05,True,True,True,True,True,
repeat=2|base=k7_color6|variant=perm_seed1738,2,k7_color6,perm_seed1738,1,1,UNSATISFIABLE,UNSATISFIABLE,True,True,959,959,852,852,0.002274,0.002466,0.0001919999999999999,True,True,True,True,True,
repeat=2|base=k7_color6|variant=perm_seed1739,2,k7_color6,perm_seed1739,1,1,UNSATISFIABLE,UNSATISFIABLE,True,True,889,889,813,813,0.00247,0.002489,1.899999999999992e-05,True,True,True,True,True,
repeat=2|base=k7_color6|variant=perm_seed1740,2,k7_color6,perm_seed1740,1,1,UNSATISFIABLE,UNSATISFIABLE,True,True,938,938,850,850,0.002336,0.002282,-5.3999999999999795e-05,True,True,True,True,True,
repeat=2|base=k7_color6|variant=perm_seed1741,2,k7_color6,perm_seed1741,1,1,UNSATISFIABLE,UNSATISFIABLE,True,True,998,998,873,873,0.002257,0.002329,7.200000000000002e-05,True,True,True,True,True,
repeat=2|base=k7_color6|variant=perm_seed1742,2,k7_color6,perm_seed1742,1,1,UNSATISFIABLE,UNSATISFIABLE,True,True,975,975,865,865,0.0021,0.002012,-8.799999999999997e-05,True,True,True,True,True,
repeat=2|base=k7_color6|variant=perm_seed1743,2,k7_color6,perm_seed1743,1,1,UNSATISFIABLE,UNSATISFIABLE,True,True,971,971,852,852,0.0022,0.002135,-6.499999999999995e-05,True,True,True,True,True,
repeat=2|base=k7_color6|variant=perm_seed1744,2,k7_color6,perm_seed1744,1,1,UNSATISFIABLE,UNSATISFIABLE,True,True,912,912,833,833,0.002209,0.002267,5.799999999999989e-05,True,True,True,True,True,
repeat=2|base=k7_color6|variant=perm_seed1745,2,k7_color6,perm_seed1745,1,1,UNSATISFIABLE,UNSATISFIABLE,True,True,967,967,854,854,0.00223,0.002195,-3.500000000000031e-05,True,True,True,True,True,
repeat=2|base=k7_color7|variant=base,2,k7_color7,base,1,1,SATISFIABLE,SATISFIABLE,True,True,23,23,0,0,0.000684,0.000689,5.000000000000013e-06,True,True,True,True,True,
repeat=2|base=k7_color7|variant=perm_seed1730,2,k7_color7,perm_seed1730,1,1,SATISFIABLE,SATISFIABLE,True,True,35,35,1,1,0.000716,0.000702,-1.3999999999999907e-05,True,True,True,True,True,
repeat=2|base=k7_color7|variant=perm_seed1731,2,k7_color7,perm_seed1731,1,1,SATISFIABLE,SATISFIABLE,True,True,36,36,0,0,0.000665,0.000671,6.000000000000037e-06,True,True,True,True,True,
repeat=2|base=k7_color7|variant=perm_seed1732,2,k7_color7,perm_seed1732,1,1,SATISFIABLE,SATISFIABLE,True,True,30,30,0,0,0.000662,0.000858,0.000196,True,True,True,True,True,
repeat=2|base=k7_color7|variant=perm_seed1733,2,k7_color7,perm_seed1733,1,1,SATISFIABLE,SATISFIABLE,True,True,39,39,0,0,0.000698,0.00081,0.0001119999999999999,True,True,True,True,True,
repeat=2|base=k7_color7|variant=perm_seed1734,2,k7_color7,perm_seed1734,1,1,SATISFIABLE,SATISFIABLE,True,True,38,38,0,0,0.000729,0.000895,0.00016599999999999991,True,True,True,True,True,
repeat=2|base=k7_color7|variant=perm_seed1735,2,k7_color7,perm_seed1735,1,1,SATISFIABLE,SATISFIABLE,True,True,43,43,14,14,0.000773,0.000741,-3.200000000000002e-05,True,True,True,True,True,
repeat=2|base=k7_color7|variant=perm_seed1736,2,k7_color7,perm_seed1736,1,1,SATISFIABLE,SATISFIABLE,True,True,38,38,5,5,0.000761,0.000835,7.400000000000006e-05,True,True,True,True,True,
repeat=2|base=k7_color7|variant=perm_seed1737,2,k7_color7,perm_seed1737,1,1,SATISFIABLE,SATISFIABLE,True,True,32,32,0,0,0.000766,0.000838,7.200000000000002e-05,True,True,True,True,True,
repeat=2|base=k7_color7|variant=perm_seed1738,2,k7_color7,perm_seed1738,1,1,SATISFIABLE,SATISFIABLE,True,True,33,33,0,0,0.000746,0.00075,3.999999999999989e-06,True,True,True,True,True,
repeat=2|base=k7_color7|variant=perm_seed1739,2,k7_color7,perm_seed1739,1,1,SATISFIABLE,SATISFIABLE,True,True,36,36,0,0,0.000721,0.000704,-1.699999999999998e-05,True,True,True,True,True,
repeat=2|base=k7_color7|variant=perm_seed1740,2,k7_color7,perm_seed1740,1,1,SATISFIABLE,SATISFIABLE,True,True,32,32,0,0,0.000743,0.00072,-2.299999999999991e-05,True,True,True,True,True,
repeat=2|base=k7_color7|variant=perm_seed1741,2,k7_color7,perm_seed1741,1,1,SATISFIABLE,SATISFIABLE,True,True,36,36,1,1,0.00081,0.000746,-6.399999999999993e-05,True,True,True,True,True,
repeat=2|base=k7_color7|variant=perm_seed1742,2,k7_color7,perm_seed1742,1,1,SATISFIABLE,SATISFIABLE,True,True,39,39,3,3,0.00075,0.000786,3.600000000000001e-05,True,True,True,True,True,
repeat=2|base=k7_color7|variant=perm_seed1743,2,k7_color7,perm_seed1743,1,1,SATISFIABLE,SATISFIABLE,True,True,43,43,9,9,0.000711,0.000763,5.199999999999996e-05,True,True,True,True,True,
repeat=2|base=k7_color7|variant=perm_seed1744,2,k7_color7,perm_seed1744,1,1,SATISFIABLE,SATISFIABLE,True,True,38,38,0,0,0.000708,0.00068,-2.799999999999992e-05,True,True,True,True,True,
repeat=2|base=k7_color7|variant=perm_seed1745,2,k7_color7,perm_seed1745,1,1,SATISFIABLE,SATISFIABLE,True,True,35,35,2,2,0.000678,0.000721,4.299999999999996e-05,True,True,True,True,True,
repeat=2|base=k8_color7|variant=base,2,k8_color7,base,1,1,UNSATISFIABLE,UNSATISFIABLE,True,True,6158,6158,5600,5600,0.0197,0.019683,-1.6999999999999654e-05,True,True,True,True,True,
repeat=2|base=k8_color7|variant=perm_seed1730,2,k8_color7,perm_seed1730,1,1,UNSATISFIABLE,UNSATISFIABLE,True,True,6138,6138,5624,5624,0.019385,0.01853,-0.0008549999999999981,True,True,True,True,True,
repeat=2|base=k8_color7|variant=perm_seed1731,2,k8_color7,perm_seed1731,1,1,UNSATISFIABLE,UNSATISFIABLE,True,True,5800,5800,5271,5271,0.014747,0.014475,-0.00027199999999999967,True,True,True,True,True,
repeat=2|base=k8_color7|variant=perm_seed1732,2,k8_color7,perm_seed1732,1,1,UNSATISFIABLE,UNSATISFIABLE,True,True,5924,5924,5469,5469,0.018813,0.018531,-0.000282000000000001,True,True,True,True,True,
repeat=2|base=k8_color7|variant=perm_seed1733,2,k8_color7,perm_seed1733,1,1,UNSATISFIABLE,UNSATISFIABLE,True,True,5998,5998,5468,5468,0.017027,0.016847,-0.0001799999999999996,True,True,True,True,True,
repeat=2|base=k8_color7|variant=perm_seed1734,2,k8_color7,perm_seed1734,1,1,UNSATISFIABLE,UNSATISFIABLE,True,True,6065,6065,5514,5514,0.018619,0.01678,-0.0018390000000000004,True,True,True,True,True,
repeat=2|base=k8_color7|variant=perm_seed1735,2,k8_color7,perm_seed1735,1,1,UNSATISFIABLE,UNSATISFIABLE,True,True,6386,6386,5811,5811,0.01653,0.016228,-0.0003020000000000002,True,True,True,True,True,
repeat=2|base=k8_color7|variant=perm_seed1736,2,k8_color7,perm_seed1736,1,1,UNSATISFIABLE,UNSATISFIABLE,True,True,6265,6265,5729,5729,0.01739,0.020576,0.0031860000000000013,True,True,True,True,True,
repeat=2|base=k8_color7|variant=perm_seed1737,2,k8_color7,perm_seed1737,1,1,UNSATISFIABLE,UNSATISFIABLE,True,True,5646,5646,5224,5224,0.01654,0.016813,0.0002730000000000024,True,True,True,True,True,
repeat=2|base=k8_color7|variant=perm_seed1738,2,k8_color7,perm_seed1738,1,1,UNSATISFIABLE,UNSATISFIABLE,True,True,5875,5875,5336,5336,0.01656,0.016823,0.0002630000000000028,True,True,True,True,True,
repeat=2|base=k8_color7|variant=perm_seed1739,2,k8_color7,perm_seed1739,1,1,UNSATISFIABLE,UNSATISFIABLE,True,True,6199,6199,5714,5714,0.019093,0.01905,-4.29999999999979e-05,True,True,True,True,True,
repeat=2|base=k8_color7|variant=perm_seed1740,2,k8_color7,perm_seed1740,1,1,UNSATISFIABLE,UNSATISFIABLE,True,True,5664,5664,5199,5199,0.016686,0.016775,8.900000000000227e-05,True,True,True,True,True,
repeat=2|base=k8_color7|variant=perm_seed1741,2,k8_color7,perm_seed1741,1,1,UNSATISFIABLE,UNSATISFIABLE,True,True,6125,6125,5545,5545,0.018518,0.019274,0.0007559999999999997,True,True,True,True,True,
repeat=2|base=k8_color7|variant=perm_seed1742,2,k8_color7,perm_seed1742,1,1,UNSATISFIABLE,UNSATISFIABLE,True,True,5850,5850,5407,5407,0.018507,0.018364,-0.00014300000000000077,True,True,True,True,True,
repeat=2|base=k8_color7|variant=perm_seed1743,2,k8_color7,perm_seed1743,1,1,UNSATISFIABLE,UNSATISFIABLE,True,True,6238,6238,5695,5695,0.021301,0.018121,-0.003179999999999999,True,True,True,True,True,
repeat=2|base=k8_color7|variant=perm_seed1744,2,k8_color7,perm_seed1744,1,1,UNSATISFIABLE,UNSATISFIABLE,True,True,6140,6140,5609,5609,0.018466,0.017062,-0.001403999999999999,True,True,True,True,True,
repeat=2|base=k8_color7|variant=perm_seed1745,2,k8_color7,perm_seed1745,1,1,UNSATISFIABLE,UNSATISFIABLE,True,True,5774,5774,5262,5262,0.018357,0.018065,-0.0002919999999999971,True,True,True,True,True,
repeat=2|base=k9_color8|variant=base,2,k9_color8,base,1,1,UNSATISFIABLE,UNSATISFIABLE,True,True,46557,46557,43529,43529,0.261209,0.257045,-0.004164000000000001,True,True,True,True,True,
repeat=2|base=k9_color8|variant=perm_seed1730,2,k9_color8,perm_seed1730,1,1,UNSATISFIABLE,UNSATISFIABLE,True,True,39708,39708,36681,36681,0.180555,0.181255,0.0007000000000000062,True,True,True,True,True,
repeat=2|base=k9_color8|variant=perm_seed1731,2,k9_color8,perm_seed1731,1,1,UNSATISFIABLE,UNSATISFIABLE,True,True,47177,47177,43763,43763,0.241869,0.232928,-0.008941000000000004,True,True,True,True,True,
repeat=2|base=php_exit_all_p10_h9|variant=base,2,php_exit_all_p10_h9,base,1,1,SATISFIABLE,SATISFIABLE,True,True,47,47,0,0,0.001056,0.001307,0.0002509999999999999,True,True,True,True,True,
repeat=2|base=php_exit_all_p10_h9|variant=perm_seed1730,2,php_exit_all_p10_h9,perm_seed1730,1,1,SATISFIABLE,SATISFIABLE,True,True,82,82,5,5,0.000981,0.001064,8.299999999999996e-05,True,True,True,True,True,
repeat=2|base=php_exit_all_p10_h9|variant=perm_seed1731,2,php_exit_all_p10_h9,perm_seed1731,1,1,SATISFIABLE,SATISFIABLE,True,True,70,70,1,1,0.000976,0.001018,4.2000000000000045e-05,True,True,True,True,True,
repeat=2|base=php_exit_all_p10_h9|variant=perm_seed1732,2,php_exit_all_p10_h9,perm_seed1732,1,1,SATISFIABLE,SATISFIABLE,True,True,77,77,2,2,0.001029,0.000998,-3.0999999999999995e-05,True,True,True,True,True,
repeat=2|base=php_exit_all_p10_h9|variant=perm_seed1733,2,php_exit_all_p10_h9,perm_seed1733,1,1,SATISFIABLE,SATISFIABLE,True,True,75,75,1,1,0.000987,0.001031,4.3999999999999985e-05,True,True,True,True,True,
repeat=2|base=php_exit_all_p10_h9|variant=perm_seed1734,2,php_exit_all_p10_h9,perm_seed1734,1,1,SATISFIABLE,SATISFIABLE,True,True,77,77,7,7,0.000944,0.000979,3.500000000000009e-05,True,True,True,True,True,
repeat=2|base=php_exit_all_p10_h9|variant=perm_seed1735,2,php_exit_all_p10_h9,perm_seed1735,1,1,SATISFIABLE,SATISFIABLE,True,True,91,91,17,17,0.000986,0.001055,6.900000000000005e-05,True,True,True,True,True,
repeat=2|base=php_exit_all_p10_h9|variant=perm_seed1736,2,php_exit_all_p10_h9,perm_seed1736,1,1,SATISFIABLE,SATISFIABLE,True,True,71,71,1,1,0.000928,0.000971,4.299999999999996e-05,True,True,True,True,True,
repeat=2|base=php_exit_all_p10_h9|variant=perm_seed1737,2,php_exit_all_p10_h9,perm_seed1737,1,1,SATISFIABLE,SATISFIABLE,True,True,79,79,1,1,0.000936,0.000966,2.999999999999997e-05,True,True,True,True,True,
repeat=2|base=php_exit_all_p10_h9|variant=perm_seed1738,2,php_exit_all_p10_h9,perm_seed1738,1,1,SATISFIABLE,SATISFIABLE,True,True,144,144,62,62,0.001096,0.001093,-2.9999999999999645e-06,True,True,True,True,True,
repeat=2|base=php_exit_all_p10_h9|variant=perm_seed1739,2,php_exit_all_p10_h9,perm_seed1739,1,1,SATISFIABLE,SATISFIABLE,True,True,71,71,1,1,0.000998,0.000992,-5.999999999999929e-06,True,True,True,True,True,
repeat=2|base=php_exit_all_p10_h9|variant=perm_seed1740,2,php_exit_all_p10_h9,perm_seed1740,1,1,SATISFIABLE,SATISFIABLE,True,True,64,64,0,0,0.000951,0.001004,5.299999999999988e-05,True,True,True,True,True,
repeat=2|base=php_exit_all_p10_h9|variant=perm_seed1741,2,php_exit_all_p10_h9,perm_seed1741,1,1,SATISFIABLE,SATISFIABLE,True,True,69,69,0,0,0.000945,0.000984,3.900000000000008e-05,True,True,True,True,True,
repeat=2|base=php_exit_all_p10_h9|variant=perm_seed1742,2,php_exit_all_p10_h9,perm_seed1742,1,1,SATISFIABLE,SATISFIABLE,True,True,89,89,17,17,0.000954,0.000989,3.500000000000009e-05,True,True,True,True,True,
repeat=2|base=php_exit_all_p10_h9|variant=perm_seed1743,2,php_exit_all_p10_h9,perm_seed1743,1,1,SATISFIABLE,SATISFIABLE,True,True,211,211,131,131,0.001252,0.001376,0.00012399999999999998,True,True,True,True,True,
repeat=2|base=php_exit_all_p10_h9|variant=perm_seed1744,2,php_exit_all_p10_h9,perm_seed1744,1,1,SATISFIABLE,SATISFIABLE,True,True,123,123,48,48,0.001172,0.001128,-4.3999999999999985e-05,True,True,True,True,True,
repeat=2|base=php_exit_all_p10_h9|variant=perm_seed1745,2,php_exit_all_p10_h9,perm_seed1745,1,1,SATISFIABLE,SATISFIABLE,True,True,146,146,71,71,0.001348,0.001226,-0.00012199999999999993,True,True,True,True,True,
repeat=2|base=php_exit_all_p5_h4|variant=base,2,php_exit_all_p5_h4,base,1,1,SATISFIABLE,SATISFIABLE,True,True,12,12,0,0,0.000721,0.000723,2.0000000000000486e-06,True,True,True,True,True,
repeat=2|base=php_exit_all_p5_h4|variant=perm_seed1730,2,php_exit_all_p5_h4,perm_seed1730,1,1,SATISFIABLE,SATISFIABLE,True,True,12,12,0,0,0.000651,0.000631,-1.9999999999999944e-05,True,True,True,True,True,
repeat=2|base=php_exit_all_p5_h4|variant=perm_seed1731,2,php_exit_all_p5_h4,perm_seed1731,1,1,SATISFIABLE,SATISFIABLE,True,True,16,16,1,1,0.00068,0.000629,-5.100000000000005e-05,True,True,True,True,True,
repeat=2|base=php_exit_all_p6_h5|variant=base,2,php_exit_all_p6_h5,base,1,1,SATISFIABLE,SATISFIABLE,True,True,17,17,0,0,0.000683,0.000738,5.5000000000000036e-05,True,True,True,True,True,
repeat=2|base=php_exit_all_p6_h5|variant=perm_seed1730,2,php_exit_all_p6_h5,perm_seed1730,1,1,SATISFIABLE,SATISFIABLE,True,True,23,23,0,0,0.000777,0.000773,-3.999999999999989e-06,True,True,True,True,True,
repeat=2|base=php_exit_all_p6_h5|variant=perm_seed1731,2,php_exit_all_p6_h5,perm_seed1731,1,1,SATISFIABLE,SATISFIABLE,True,True,21,21,0,0,0.000665,0.00072,5.5000000000000036e-05,True,True,True,True,True,
repeat=2|base=php_exit_all_p6_h5|variant=perm_seed1732,2,php_exit_all_p6_h5,perm_seed1732,1,1,SATISFIABLE,SATISFIABLE,True,True,26,26,3,3,0.000656,0.000696,3.9999999999999996e-05,True,True,True,True,True,
repeat=2|base=php_exit_all_p6_h5|variant=perm_seed1733,2,php_exit_all_p6_h5,perm_seed1733,1,1,SATISFIABLE,SATISFIABLE,True,True,22,22,0,0,0.000627,0.000669,4.2000000000000045e-05,True,True,True,True,True,
repeat=2|base=php_exit_all_p6_h5|variant=perm_seed1734,2,php_exit_all_p6_h5,perm_seed1734,1,1,SATISFIABLE,SATISFIABLE,True,True,21,21,1,1,0.000632,0.000812,0.00018000000000000004,True,True,True,True,True,
repeat=2|base=php_exit_all_p6_h5|variant=perm_seed1735,2,php_exit_all_p6_h5,perm_seed1735,1,1,SATISFIABLE,SATISFIABLE,True,True,24,24,1,1,0.000747,0.000733,-1.4000000000000015e-05,True,True,True,True,True,
repeat=2|base=php_exit_all_p6_h5|variant=perm_seed1736,2,php_exit_all_p6_h5,perm_seed1736,1,1,SATISFIABLE,SATISFIABLE,True,True,26,26,2,2,0.000667,0.000831,0.00016400000000000008,True,True,True,True,True,
repeat=2|base=php_exit_all_p6_h5|variant=perm_seed1737,2,php_exit_all_p6_h5,perm_seed1737,1,1,SATISFIABLE,SATISFIABLE,True,True,21,21,0,0,0.000793,0.000676,-0.00011700000000000002,True,True,True,True,True,
repeat=2|base=php_exit_all_p6_h5|variant=perm_seed1738,2,php_exit_all_p6_h5,perm_seed1738,1,1,SATISFIABLE,SATISFIABLE,True,True,22,22,2,2,0.000762,0.000716,-4.6000000000000034e-05,True,True,True,True,True,
repeat=2|base=php_exit_all_p6_h5|variant=perm_seed1739,2,php_exit_all_p6_h5,perm_seed1739,1,1,SATISFIABLE,SATISFIABLE,True,True,21,21,0,0,0.00067,0.000661,-9.000000000000002e-06,True,True,True,True,True,
repeat=2|base=php_exit_all_p6_h5|variant=perm_seed1740,2,php_exit_all_p6_h5,perm_seed1740,1,1,SATISFIABLE,SATISFIABLE,True,True,21,21,0,0,0.000682,0.000722,3.9999999999999996e-05,True,True,True,True,True,
repeat=2|base=php_exit_all_p6_h5|variant=perm_seed1741,2,php_exit_all_p6_h5,perm_seed1741,1,1,SATISFIABLE,SATISFIABLE,True,True,25,25,3,3,0.000711,0.000647,-6.400000000000004e-05,True,True,True,True,True,
repeat=2|base=php_exit_all_p6_h5|variant=perm_seed1742,2,php_exit_all_p6_h5,perm_seed1742,1,1,SATISFIABLE,SATISFIABLE,True,True,25,25,1,1,0.000664,0.00067,6.000000000000037e-06,True,True,True,True,True,
repeat=2|base=php_exit_all_p6_h5|variant=perm_seed1743,2,php_exit_all_p6_h5,perm_seed1743,1,1,SATISFIABLE,SATISFIABLE,True,True,61,61,37,37,0.000714,0.00069,-2.400000000000004e-05,True,True,True,True,True,
repeat=2|base=php_exit_all_p6_h5|variant=perm_seed1744,2,php_exit_all_p6_h5,perm_seed1744,1,1,SATISFIABLE,SATISFIABLE,True,True,22,22,0,0,0.00074,0.000707,-3.300000000000004e-05,True,True,True,True,True,
repeat=2|base=php_exit_all_p6_h5|variant=perm_seed1745,2,php_exit_all_p6_h5,perm_seed1745,1,1,SATISFIABLE,SATISFIABLE,True,True,20,20,0,0,0.00063,0.000639,9.000000000000002e-06,True,True,True,True,True,
repeat=2|base=php_exit_all_p7_h6|variant=base,2,php_exit_all_p7_h6,base,1,1,SATISFIABLE,SATISFIABLE,True,True,23,23,0,0,0.000725,0.000721,-3.999999999999989e-06,True,True,True,True,True,
repeat=2|base=php_exit_all_p7_h6|variant=perm_seed1730,2,php_exit_all_p7_h6,perm_seed1730,1,1,SATISFIABLE,SATISFIABLE,True,True,39,39,12,12,0.00074,0.000684,-5.599999999999995e-05,True,True,True,True,True,
repeat=2|base=php_exit_all_p7_h6|variant=perm_seed1731,2,php_exit_all_p7_h6,perm_seed1731,1,1,SATISFIABLE,SATISFIABLE,True,True,37,37,2,2,0.000665,0.000679,1.4000000000000015e-05,True,True,True,True,True,
repeat=2|base=php_exit_all_p7_h6|variant=perm_seed1732,2,php_exit_all_p7_h6,perm_seed1732,1,1,SATISFIABLE,SATISFIABLE,True,True,41,41,8,8,0.00068,0.000722,4.199999999999994e-05,True,True,True,True,True,
repeat=2|base=php_exit_all_p7_h6|variant=perm_seed1733,2,php_exit_all_p7_h6,perm_seed1733,1,1,SATISFIABLE,SATISFIABLE,True,True,35,35,1,1,0.000741,0.00071,-3.0999999999999995e-05,True,True,True,True,True,
repeat=2|base=php_exit_all_p7_h6|variant=perm_seed1734,2,php_exit_all_p7_h6,perm_seed1734,1,1,SATISFIABLE,SATISFIABLE,True,True,41,41,6,6,0.000716,0.000725,9.000000000000002e-06,True,True,True,True,True,
repeat=2|base=php_exit_all_p7_h6|variant=perm_seed1735,2,php_exit_all_p7_h6,perm_seed1735,1,1,SATISFIABLE,SATISFIABLE,True,True,32,32,0,0,0.000721,0.000704,-1.699999999999998e-05,True,True,True,True,True,
repeat=2|base=php_exit_all_p7_h6|variant=perm_seed1736,2,php_exit_all_p7_h6,perm_seed1736,1,1,SATISFIABLE,SATISFIABLE,True,True,33,33,1,1,0.000686,0.00072,3.400000000000007e-05,True,True,True,True,True,
repeat=2|base=php_exit_all_p7_h6|variant=perm_seed1737,2,php_exit_all_p7_h6,perm_seed1737,1,1,SATISFIABLE,SATISFIABLE,True,True,37,37,1,1,0.000688,0.000733,4.500000000000001e-05,True,True,True,True,True,
repeat=2|base=php_exit_all_p7_h6|variant=perm_seed1738,2,php_exit_all_p7_h6,perm_seed1738,1,1,SATISFIABLE,SATISFIABLE,True,True,66,66,41,41,0.000777,0.000798,2.099999999999997e-05,True,True,True,True,True,
repeat=2|base=php_exit_all_p7_h6|variant=perm_seed1739,2,php_exit_all_p7_h6,perm_seed1739,1,1,SATISFIABLE,SATISFIABLE,True,True,34,34,1,1,0.000676,0.000695,1.9000000000000028e-05,True,True,True,True,True,
repeat=2|base=php_exit_all_p7_h6|variant=perm_seed1740,2,php_exit_all_p7_h6,perm_seed1740,1,1,SATISFIABLE,SATISFIABLE,True,True,29,29,0,0,0.00072,0.000711,-9.000000000000002e-06,True,True,True,True,True,
repeat=2|base=php_exit_all_p7_h6|variant=perm_seed1741,2,php_exit_all_p7_h6,perm_seed1741,1,1,SATISFIABLE,SATISFIABLE,True,True,32,32,0,0,0.000695,0.000666,-2.8999999999999946e-05,True,True,True,True,True,
repeat=2|base=php_exit_all_p7_h6|variant=perm_seed1742,2,php_exit_all_p7_h6,perm_seed1742,1,1,SATISFIABLE,SATISFIABLE,True,True,35,35,3,3,0.000673,0.000676,2.9999999999999645e-06,True,True,True,True,True,
repeat=2|base=php_exit_all_p7_h6|variant=perm_seed1743,2,php_exit_all_p7_h6,perm_seed1743,1,1,SATISFIABLE,SATISFIABLE,True,True,33,33,0,0,0.000737,0.000755,1.8000000000000004e-05,True,True,True,True,True,
repeat=2|base=php_exit_all_p7_h6|variant=perm_seed1744,2,php_exit_all_p7_h6,perm_seed1744,1,1,SATISFIABLE,SATISFIABLE,True,True,36,36,4,4,0.000703,0.00071,7.000000000000062e-06,True,True,True,True,True,
repeat=2|base=php_exit_all_p7_h6|variant=perm_seed1745,2,php_exit_all_p7_h6,perm_seed1745,1,1,SATISFIABLE,SATISFIABLE,True,True,29,29,0,0,0.00073,0.000792,6.199999999999999e-05,True,True,True,True,True,
repeat=2|base=php_exit_all_p8_h7|variant=base,2,php_exit_all_p8_h7,base,1,1,SATISFIABLE,SATISFIABLE,True,True,30,30,0,0,0.000775,0.000761,-1.4000000000000015e-05,True,True,True,True,True,
repeat=2|base=php_exit_all_p8_h7|variant=perm_seed1730,2,php_exit_all_p8_h7,perm_seed1730,1,1,SATISFIABLE,SATISFIABLE,True,True,39,39,0,0,0.000761,0.000811,5.000000000000002e-05,True,True,True,True,True,
repeat=2|base=php_exit_all_p8_h7|variant=perm_seed1731,2,php_exit_all_p8_h7,perm_seed1731,1,1,SATISFIABLE,SATISFIABLE,True,True,56,56,7,7,0.00077,0.000786,1.6000000000000064e-05,True,True,True,True,True,
repeat=2|base=php_exit_all_p8_h7|variant=perm_seed1732,2,php_exit_all_p8_h7,perm_seed1732,1,1,SATISFIABLE,SATISFIABLE,True,True,38,38,0,0,0.000753,0.000771,1.8000000000000004e-05,True,True,True,True,True,
repeat=2|base=php_exit_all_p8_h7|variant=perm_seed1733,2,php_exit_all_p8_h7,perm_seed1733,1,1,SATISFIABLE,SATISFIABLE,True,True,44,44,3,3,0.000809,0.000765,-4.4000000000000094e-05,True,True,True,True,True,
repeat=2|base=php_exit_all_p8_h7|variant=perm_seed1734,2,php_exit_all_p8_h7,perm_seed1734,1,1,SATISFIABLE,SATISFIABLE,True,True,37,37,1,1,0.000724,0.000826,0.00010199999999999999,True,True,True,True,True,
repeat=2|base=php_exit_all_p8_h7|variant=perm_seed1735,2,php_exit_all_p8_h7,perm_seed1735,1,1,SATISFIABLE,SATISFIABLE,True,True,65,65,23,23,0.000919,0.00084,-7.899999999999997e-05,True,True,True,True,True,
repeat=2|base=php_exit_all_p8_h7|variant=perm_seed1736,2,php_exit_all_p8_h7,perm_seed1736,1,1,SATISFIABLE,SATISFIABLE,True,True,42,42,0,0,0.000935,0.00084,-9.499999999999992e-05,True,True,True,True,True,
repeat=2|base=php_exit_all_p8_h7|variant=perm_seed1737,2,php_exit_all_p8_h7,perm_seed1737,1,1,SATISFIABLE,SATISFIABLE,True,True,46,46,1,1,0.000907,0.000826,-8.100000000000002e-05,True,True,True,True,True,
repeat=2|base=php_exit_all_p8_h7|variant=perm_seed1738,2,php_exit_all_p8_h7,perm_seed1738,1,1,SATISFIABLE,SATISFIABLE,True,True,44,44,3,3,0.000868,0.000797,-7.099999999999999e-05,True,True,True,True,True,
repeat=2|base=php_exit_all_p8_h7|variant=perm_seed1739,2,php_exit_all_p8_h7,perm_seed1739,1,1,SATISFIABLE,SATISFIABLE,True,True,95,95,60,60,0.000904,0.000865,-3.899999999999997e-05,True,True,True,True,True,
repeat=2|base=php_exit_all_p8_h7|variant=perm_seed1740,2,php_exit_all_p8_h7,perm_seed1740,1,1,SATISFIABLE,SATISFIABLE,True,True,47,47,1,1,0.000742,0.000745,2.9999999999999645e-06,True,True,True,True,True,
repeat=2|base=php_exit_all_p8_h7|variant=perm_seed1741,2,php_exit_all_p8_h7,perm_seed1741,1,1,SATISFIABLE,SATISFIABLE,True,True,226,226,173,173,0.001043,0.001064,2.099999999999997e-05,True,True,True,True,True,
repeat=2|base=php_exit_all_p8_h7|variant=perm_seed1742,2,php_exit_all_p8_h7,perm_seed1742,1,1,SATISFIABLE,SATISFIABLE,True,True,49,49,1,1,0.000845,0.000776,-6.900000000000005e-05,True,True,True,True,True,
repeat=2|base=php_exit_all_p8_h7|variant=perm_seed1743,2,php_exit_all_p8_h7,perm_seed1743,1,1,SATISFIABLE,SATISFIABLE,True,True,70,70,26,26,0.00082,0.00085,2.999999999999997e-05,True,True,True,True,True,
repeat=2|base=php_exit_all_p8_h7|variant=perm_seed1744,2,php_exit_all_p8_h7,perm_seed1744,1,1,SATISFIABLE,SATISFIABLE,True,True,40,40,0,0,0.000876,0.000815,-6.100000000000007e-05,True,True,True,True,True,
repeat=2|base=php_exit_all_p8_h7|variant=perm_seed1745,2,php_exit_all_p8_h7,perm_seed1745,1,1,SATISFIABLE,SATISFIABLE,True,True,41,41,0,0,0.000835,0.00086,2.4999999999999957e-05,True,True,True,True,True,
repeat=2|base=php_exit_all_p9_h8|variant=base,2,php_exit_all_p9_h8,base,1,1,SATISFIABLE,SATISFIABLE,True,True,38,38,0,0,0.000834,0.000819,-1.500000000000004e-05,True,True,True,True,True,
repeat=2|base=php_exit_all_p9_h8|variant=perm_seed1730,2,php_exit_all_p9_h8,perm_seed1730,1,1,SATISFIABLE,SATISFIABLE,True,True,50,50,0,0,0.000859,0.000896,3.700000000000003e-05,True,True,True,True,True,
repeat=2|base=php_exit_all_p9_h8|variant=perm_seed1731,2,php_exit_all_p9_h8,perm_seed1731,1,1,SATISFIABLE,SATISFIABLE,True,True,58,58,1,1,0.000861,0.000847,-1.4000000000000015e-05,True,True,True,True,True,
repeat=2|base=php_exit_all_p9_h8|variant=perm_seed1732,2,php_exit_all_p9_h8,perm_seed1732,1,1,SATISFIABLE,SATISFIABLE,True,True,283,283,217,217,0.001276,0.001288,1.2000000000000075e-05,True,True,True,True,True,
repeat=2|base=php_exit_all_p9_h8|variant=perm_seed1733,2,php_exit_all_p9_h8,perm_seed1733,1,1,SATISFIABLE,SATISFIABLE,True,True,136,136,79,79,0.001004,0.000994,-9.99999999999981e-06,True,True,True,True,True,
repeat=2|base=php_exit_all_p9_h8|variant=perm_seed1734,2,php_exit_all_p9_h8,perm_seed1734,1,1,SATISFIABLE,SATISFIABLE,True,True,61,61,1,1,0.000831,0.000893,6.199999999999999e-05,True,True,True,True,True,
repeat=2|base=php_exit_all_p9_h8|variant=perm_seed1735,2,php_exit_all_p9_h8,perm_seed1735,1,1,SATISFIABLE,SATISFIABLE,True,True,79,79,18,18,0.000918,0.000884,-3.399999999999996e-05,True,True,True,True,True,
repeat=2|base=php_exit_all_p9_h8|variant=perm_seed1736,2,php_exit_all_p9_h8,perm_seed1736,1,1,SATISFIABLE,SATISFIABLE,True,True,54,54,0,0,0.000845,0.000913,6.799999999999992e-05,True,True,True,True,True,
repeat=2|base=php_exit_all_p9_h8|variant=perm_seed1737,2,php_exit_all_p9_h8,perm_seed1737,1,1,SATISFIABLE,SATISFIABLE,True,True,82,82,20,20,0.000873,0.000908,3.499999999999998e-05,True,True,True,True,True,
repeat=2|base=php_exit_all_p9_h8|variant=perm_seed1738,2,php_exit_all_p9_h8,perm_seed1738,1,1,SATISFIABLE,SATISFIABLE,True,True,356,356,279,279,0.001361,0.001681,0.00031999999999999997,True,True,True,True,True,
repeat=2|base=php_exit_all_p9_h8|variant=perm_seed1739,2,php_exit_all_p9_h8,perm_seed1739,1,1,SATISFIABLE,SATISFIABLE,True,True,61,61,4,4,0.000829,0.000962,0.00013299999999999998,True,True,True,True,True,
repeat=2|base=php_exit_all_p9_h8|variant=perm_seed1740,2,php_exit_all_p9_h8,perm_seed1740,1,1,SATISFIABLE,SATISFIABLE,True,True,60,60,2,2,0.000956,0.001001,4.49999999999999e-05,True,True,True,True,True,
repeat=2|base=php_exit_all_p9_h8|variant=perm_seed1741,2,php_exit_all_p9_h8,perm_seed1741,1,1,SATISFIABLE,SATISFIABLE,True,True,63,63,6,6,0.00093,0.001006,7.59999999999999e-05,True,True,True,True,True,
repeat=2|base=php_exit_all_p9_h8|variant=perm_seed1742,2,php_exit_all_p9_h8,perm_seed1742,1,1,SATISFIABLE,SATISFIABLE,True,True,57,57,1,1,0.000995,0.000944,-5.100000000000005e-05,True,True,True,True,True,
repeat=2|base=php_exit_all_p9_h8|variant=perm_seed1743,2,php_exit_all_p9_h8,perm_seed1743,1,1,SATISFIABLE,SATISFIABLE,True,True,60,60,2,2,0.000888,0.000972,8.399999999999998e-05,True,True,True,True,True,
repeat=2|base=php_exit_all_p9_h8|variant=perm_seed1744,2,php_exit_all_p9_h8,perm_seed1744,1,1,SATISFIABLE,SATISFIABLE,True,True,55,55,0,0,0.000959,0.000985,2.599999999999998e-05,True,True,True,True,True,
repeat=2|base=php_exit_all_p9_h8|variant=perm_seed1745,2,php_exit_all_p9_h8,perm_seed1745,1,1,SATISFIABLE,SATISFIABLE,True,True,59,59,1,1,0.000999,0.000901,-9.80000000000001e-05,True,True,True,True,True,
repeat=2|base=php_exit_single_p10_h9|variant=base,2,php_exit_single_p10_h9,base,1,1,SATISFIABLE,SATISFIABLE,True,True,38,38,0,0,0.000867,0.00092,5.299999999999999e-05,True,True,True,True,True,
repeat=2|base=php_exit_single_p10_h9|variant=perm_seed1730,2,php_exit_single_p10_h9,perm_seed1730,1,1,SATISFIABLE,SATISFIABLE,True,True,63,63,0,0,0.000877,0.000892,1.500000000000004e-05,True,True,True,True,True,
repeat=2|base=php_exit_single_p10_h9|variant=perm_seed1731,2,php_exit_single_p10_h9,perm_seed1731,1,1,SATISFIABLE,SATISFIABLE,True,True,64,64,0,0,0.000889,0.000872,-1.699999999999998e-05,True,True,True,True,True,
repeat=2|base=php_exit_single_p10_h9|variant=perm_seed1732,2,php_exit_single_p10_h9,perm_seed1732,1,1,SATISFIABLE,SATISFIABLE,True,True,82,82,22,22,0.000895,0.000937,4.2000000000000045e-05,True,True,True,True,True,
repeat=2|base=php_exit_single_p10_h9|variant=perm_seed1733,2,php_exit_single_p10_h9,perm_seed1733,1,1,SATISFIABLE,SATISFIABLE,True,True,59,59,1,1,0.000848,0.000873,2.4999999999999957e-05,True,True,True,True,True,
repeat=2|base=php_exit_single_p10_h9|variant=perm_seed1734,2,php_exit_single_p10_h9,perm_seed1734,1,1,SATISFIABLE,SATISFIABLE,True,True,65,65,1,1,0.000867,0.000857,-1.0000000000000026e-05,True,True,True,True,True,
repeat=2|base=php_exit_single_p10_h9|variant=perm_seed1735,2,php_exit_single_p10_h9,perm_seed1735,1,1,SATISFIABLE,SATISFIABLE,True,True,181,181,104,104,0.001037,0.001043,6.000000000000146e-06,True,True,True,True,True,
repeat=2|base=php_exit_single_p10_h9|variant=perm_seed1736,2,php_exit_single_p10_h9,perm_seed1736,1,1,SATISFIABLE,SATISFIABLE,True,True,62,62,0,0,0.000876,0.00091,3.399999999999996e-05,True,True,True,True,True,
repeat=2|base=php_exit_single_p10_h9|variant=perm_seed1737,2,php_exit_single_p10_h9,perm_seed1737,1,1,SATISFIABLE,SATISFIABLE,True,True,107,107,39,39,0.001006,0.000992,-1.3999999999999907e-05,True,True,True,True,True,
repeat=2|base=php_exit_single_p10_h9|variant=perm_seed1738,2,php_exit_single_p10_h9,perm_seed1738,1,1,SATISFIABLE,SATISFIABLE,True,True,67,67,7,7,0.000876,0.000923,4.699999999999995e-05,True,True,True,True,True,
repeat=2|base=php_exit_single_p10_h9|variant=perm_seed1739,2,php_exit_single_p10_h9,perm_seed1739,1,1,SATISFIABLE,SATISFIABLE,True,True,59,59,0,0,0.000897,0.000925,2.800000000000003e-05,True,True,True,True,True,
repeat=2|base=php_exit_single_p10_h9|variant=perm_seed1740,2,php_exit_single_p10_h9,perm_seed1740,1,1,SATISFIABLE,SATISFIABLE,True,True,60,60,6,6,0.000956,0.001017,6.0999999999999856e-05,True,True,True,True,True,
repeat=2|base=php_exit_single_p10_h9|variant=perm_seed1741,2,php_exit_single_p10_h9,perm_seed1741,1,1,SATISFIABLE,SATISFIABLE,True,True,59,59,1,1,0.000931,0.000961,3.000000000000008e-05,True,True,True,True,True,
repeat=2|base=php_exit_single_p10_h9|variant=perm_seed1742,2,php_exit_single_p10_h9,perm_seed1742,1,1,SATISFIABLE,SATISFIABLE,True,True,64,64,2,2,0.00095,0.000906,-4.3999999999999985e-05,True,True,True,True,True,
repeat=2|base=php_exit_single_p10_h9|variant=perm_seed1743,2,php_exit_single_p10_h9,perm_seed1743,1,1,SATISFIABLE,SATISFIABLE,True,True,57,57,0,0,0.000939,0.000943,4.000000000000097e-06,True,True,True,True,True,
repeat=2|base=php_exit_single_p10_h9|variant=perm_seed1744,2,php_exit_single_p10_h9,perm_seed1744,1,1,SATISFIABLE,SATISFIABLE,True,True,54,54,0,0,0.0009,0.000908,7.999999999999978e-06,True,True,True,True,True,
repeat=2|base=php_exit_single_p10_h9|variant=perm_seed1745,2,php_exit_single_p10_h9,perm_seed1745,1,1,SATISFIABLE,SATISFIABLE,True,True,69,69,9,9,0.000877,0.000881,3.999999999999989e-06,True,True,True,True,True,
repeat=2|base=php_exit_single_p11_h10|variant=base,2,php_exit_single_p11_h10,base,1,1,SATISFIABLE,SATISFIABLE,True,True,47,47,0,0,0.00094,0.000955,1.500000000000004e-05,True,True,True,True,True,
repeat=2|base=php_exit_single_p11_h10|variant=perm_seed1730,2,php_exit_single_p11_h10,perm_seed1730,1,1,SATISFIABLE,SATISFIABLE,True,True,79,79,0,0,0.000985,0.000955,-2.999999999999997e-05,True,True,True,True,True,
repeat=2|base=php_exit_single_p11_h10|variant=perm_seed1731,2,php_exit_single_p11_h10,perm_seed1731,1,1,SATISFIABLE,SATISFIABLE,True,True,77,77,0,0,0.001014,0.001091,7.700000000000003e-05,True,True,True,True,True,
repeat=2|base=php_exit_single_p11_h10|variant=perm_seed1732,2,php_exit_single_p11_h10,perm_seed1732,1,1,SATISFIABLE,SATISFIABLE,True,True,89,89,12,12,0.000963,0.001199,0.000236,True,True,True,True,True,
repeat=2|base=php_exit_single_p11_h10|variant=perm_seed1733,2,php_exit_single_p11_h10,perm_seed1733,1,1,SATISFIABLE,SATISFIABLE,True,True,79,79,0,0,0.001055,0.000966,-8.9e-05,True,True,True,True,True,
repeat=2|base=php_exit_single_p11_h10|variant=perm_seed1734,2,php_exit_single_p11_h10,perm_seed1734,1,1,SATISFIABLE,SATISFIABLE,True,True,161,161,85,85,0.00123,0.001442,0.00021199999999999995,True,True,True,True,True,
repeat=2|base=php_exit_single_p11_h10|variant=perm_seed1735,2,php_exit_single_p11_h10,perm_seed1735,1,1,SATISFIABLE,SATISFIABLE,True,True,77,77,0,0,0.001053,0.001058,5.000000000000013e-06,True,True,True,True,True,
repeat=2|base=php_exit_single_p11_h10|variant=perm_seed1736,2,php_exit_single_p11_h10,perm_seed1736,1,1,SATISFIABLE,SATISFIABLE,True,True,87,87,9,9,0.001032,0.000997,-3.4999999999999875e-05,True,True,True,True,True,
repeat=2|base=php_exit_single_p11_h10|variant=perm_seed1737,2,php_exit_single_p11_h10,perm_seed1737,1,1,SATISFIABLE,SATISFIABLE,True,True,72,72,0,0,0.00098,0.000992,1.2000000000000075e-05,True,True,True,True,True,
repeat=2|base=php_exit_single_p11_h10|variant=perm_seed1738,2,php_exit_single_p11_h10,perm_seed1738,1,1,SATISFIABLE,SATISFIABLE,True,True,72,72,0,0,0.000968,0.001018,5.000000000000002e-05,True,True,True,True,True,
repeat=2|base=php_exit_single_p11_h10|variant=perm_seed1739,2,php_exit_single_p11_h10,perm_seed1739,1,1,SATISFIABLE,SATISFIABLE,True,True,77,77,4,4,0.001041,0.001033,-7.999999999999978e-06,True,True,True,True,True,
repeat=2|base=php_exit_single_p11_h10|variant=perm_seed1740,2,php_exit_single_p11_h10,perm_seed1740,1,1,SATISFIABLE,SATISFIABLE,True,True,92,92,15,15,0.001139,0.001145,5.999999999999929e-06,True,True,True,True,True,
repeat=2|base=php_exit_single_p11_h10|variant=perm_seed1741,2,php_exit_single_p11_h10,perm_seed1741,1,1,SATISFIABLE,SATISFIABLE,True,True,78,78,2,2,0.00101,0.00118,0.00017,True,True,True,True,True,
repeat=2|base=php_exit_single_p11_h10|variant=perm_seed1742,2,php_exit_single_p11_h10,perm_seed1742,1,1,SATISFIABLE,SATISFIABLE,True,True,72,72,0,0,0.000993,0.001091,9.8e-05,True,True,True,True,True,
repeat=2|base=php_exit_single_p11_h10|variant=perm_seed1743,2,php_exit_single_p11_h10,perm_seed1743,1,1,SATISFIABLE,SATISFIABLE,True,True,77,77,0,0,0.001212,0.001016,-0.000196,True,True,True,True,True,
repeat=2|base=php_exit_single_p11_h10|variant=perm_seed1744,2,php_exit_single_p11_h10,perm_seed1744,1,1,SATISFIABLE,SATISFIABLE,True,True,73,73,0,0,0.0011,0.00113,2.9999999999999862e-05,True,True,True,True,True,
repeat=2|base=php_exit_single_p11_h10|variant=perm_seed1745,2,php_exit_single_p11_h10,perm_seed1745,1,1,SATISFIABLE,SATISFIABLE,True,True,81,81,2,2,0.001009,0.001008,-9.999999999999159e-07,True,True,True,True,True,
repeat=2|base=php_exit_single_p12_h11|variant=base,2,php_exit_single_p12_h11,base,1,1,SATISFIABLE,SATISFIABLE,True,True,57,57,0,0,0.001153,0.001191,3.8000000000000056e-05,True,True,True,True,True,
repeat=2|base=php_exit_single_p12_h11|variant=perm_seed1730,2,php_exit_single_p12_h11,perm_seed1730,1,1,SATISFIABLE,SATISFIABLE,True,True,101,101,1,1,0.001203,0.001219,1.5999999999999955e-05,True,True,True,True,True,
repeat=2|base=php_exit_single_p12_h11|variant=perm_seed1731,2,php_exit_single_p12_h11,perm_seed1731,1,1,SATISFIABLE,SATISFIABLE,True,True,98,98,1,1,0.001437,0.001243,-0.00019399999999999995,True,True,True,True,True,
repeat=2|base=php_exit_single_p12_h11|variant=perm_seed1732,2,php_exit_single_p12_h11,perm_seed1732,1,1,SATISFIABLE,SATISFIABLE,True,True,112,112,22,22,0.00124,0.001237,-2.9999999999999645e-06,True,True,True,True,True,
repeat=2|base=php_exit_single_p12_h11|variant=perm_seed1733,2,php_exit_single_p12_h11,perm_seed1733,1,1,SATISFIABLE,SATISFIABLE,True,True,96,96,1,1,0.001085,0.001194,0.00010899999999999994,True,True,True,True,True,
repeat=2|base=php_exit_single_p12_h11|variant=perm_seed1734,2,php_exit_single_p12_h11,perm_seed1734,1,1,SATISFIABLE,SATISFIABLE,True,True,113,113,19,19,0.001251,0.00113,-0.00012100000000000001,True,True,True,True,True,
repeat=2|base=php_exit_single_p12_h11|variant=perm_seed1735,2,php_exit_single_p12_h11,perm_seed1735,1,1,SATISFIABLE,SATISFIABLE,True,True,107,107,12,12,0.001128,0.00112,-8.000000000000194e-06,True,True,True,True,True,
repeat=2|base=php_exit_single_p12_h11|variant=perm_seed1736,2,php_exit_single_p12_h11,perm_seed1736,1,1,SATISFIABLE,SATISFIABLE,True,True,95,95,0,0,0.001181,0.00123,4.9e-05,True,True,True,True,True,
repeat=2|base=php_exit_single_p12_h11|variant=perm_seed1737,2,php_exit_single_p12_h11,perm_seed1737,1,1,SATISFIABLE,SATISFIABLE,True,True,101,101,2,2,0.001095,0.001421,0.0003259999999999999,True,True,True,True,True,
repeat=2|base=php_exit_single_p12_h11|variant=perm_seed1738,2,php_exit_single_p12_h11,perm_seed1738,1,1,SATISFIABLE,SATISFIABLE,True,True,129,129,38,38,0.001244,0.001369,0.0001249999999999999,True,True,True,True,True,
repeat=2|base=php_exit_single_p12_h11|variant=perm_seed1739,2,php_exit_single_p12_h11,perm_seed1739,1,1,SATISFIABLE,SATISFIABLE,True,True,91,91,0,0,0.00123,0.001157,-7.299999999999993e-05,True,True,True,True,True,
repeat=2|base=php_exit_single_p12_h11|variant=perm_seed1740,2,php_exit_single_p12_h11,perm_seed1740,1,1,SATISFIABLE,SATISFIABLE,True,True,97,97,0,0,0.001109,0.001198,8.90000000000001e-05,True,True,True,True,True,
repeat=2|base=php_exit_single_p12_h11|variant=perm_seed1741,2,php_exit_single_p12_h11,perm_seed1741,1,1,SATISFIABLE,SATISFIABLE,True,True,89,89,0,0,0.001355,0.001142,-0.00021300000000000008,True,True,True,True,True,
repeat=2|base=php_exit_single_p12_h11|variant=perm_seed1742,2,php_exit_single_p12_h11,perm_seed1742,1,1,SATISFIABLE,SATISFIABLE,True,True,96,96,9,9,0.001296,0.001224,-7.200000000000002e-05,True,True,True,True,True,
repeat=2|base=php_exit_single_p12_h11|variant=perm_seed1743,2,php_exit_single_p12_h11,perm_seed1743,1,1,SATISFIABLE,SATISFIABLE,True,True,94,94,1,1,0.00121,0.001166,-4.3999999999999985e-05,True,True,True,True,True,
repeat=2|base=php_exit_single_p12_h11|variant=perm_seed1744,2,php_exit_single_p12_h11,perm_seed1744,1,1,SATISFIABLE,SATISFIABLE,True,True,95,95,1,1,0.001147,0.001123,-2.3999999999999933e-05,True,True,True,True,True,
repeat=2|base=php_exit_single_p12_h11|variant=perm_seed1745,2,php_exit_single_p12_h11,perm_seed1745,1,1,SATISFIABLE,SATISFIABLE,True,True,92,92,1,1,0.00113,0.001145,1.500000000000004e-05,True,True,True,True,True,
repeat=2|base=php_exit_single_p5_h4|variant=base,2,php_exit_single_p5_h4,base,1,1,SATISFIABLE,SATISFIABLE,True,True,1,1,0,0,0.000675,0.000642,-3.300000000000004e-05,True,True,True,True,True,
repeat=2|base=php_exit_single_p5_h4|variant=perm_seed1730,2,php_exit_single_p5_h4,perm_seed1730,1,1,SATISFIABLE,SATISFIABLE,True,True,1,1,0,0,0.000682,0.000686,3.999999999999989e-06,True,True,True,True,True,
repeat=2|base=php_exit_single_p5_h4|variant=perm_seed1731,2,php_exit_single_p5_h4,perm_seed1731,1,1,SATISFIABLE,SATISFIABLE,True,True,1,1,0,0,0.000674,0.00064,-3.399999999999996e-05,True,True,True,True,True,
repeat=2|base=php_exit_single_p6_h5|variant=base,2,php_exit_single_p6_h5,base,1,1,SATISFIABLE,SATISFIABLE,True,True,12,12,0,0,0.000663,0.000708,4.500000000000001e-05,True,True,True,True,True,
repeat=2|base=php_exit_single_p6_h5|variant=perm_seed1730,2,php_exit_single_p6_h5,perm_seed1730,1,1,SATISFIABLE,SATISFIABLE,True,True,18,18,0,0,0.000739,0.000754,1.500000000000004e-05,True,True,True,True,True,
repeat=2|base=php_exit_single_p6_h5|variant=perm_seed1731,2,php_exit_single_p6_h5,perm_seed1731,1,1,SATISFIABLE,SATISFIABLE,True,True,16,16,0,0,0.000676,0.000681,5.000000000000013e-06,True,True,True,True,True,
repeat=2|base=php_exit_single_p6_h5|variant=perm_seed1732,2,php_exit_single_p6_h5,perm_seed1732,1,1,SATISFIABLE,SATISFIABLE,True,True,16,16,1,1,0.000639,0.000648,9.000000000000002e-06,True,True,True,True,True,
repeat=2|base=php_exit_single_p6_h5|variant=perm_seed1733,2,php_exit_single_p6_h5,perm_seed1733,1,1,SATISFIABLE,SATISFIABLE,True,True,14,14,0,0,0.000648,0.000653,5.000000000000013e-06,True,True,True,True,True,
repeat=2|base=php_exit_single_p6_h5|variant=perm_seed1734,2,php_exit_single_p6_h5,perm_seed1734,1,1,SATISFIABLE,SATISFIABLE,True,True,14,14,0,0,0.000666,0.000704,3.799999999999995e-05,True,True,True,True,True,
repeat=2|base=php_exit_single_p6_h5|variant=perm_seed1735,2,php_exit_single_p6_h5,perm_seed1735,1,1,SATISFIABLE,SATISFIABLE,True,True,17,17,2,2,0.000645,0.000702,5.7000000000000084e-05,True,True,True,True,True,
repeat=2|base=php_exit_single_p6_h5|variant=perm_seed1736,2,php_exit_single_p6_h5,perm_seed1736,1,1,SATISFIABLE,SATISFIABLE,True,True,18,18,2,2,0.000642,0.000691,4.9e-05,True,True,True,True,True,
repeat=2|base=php_exit_single_p6_h5|variant=perm_seed1737,2,php_exit_single_p6_h5,perm_seed1737,1,1,SATISFIABLE,SATISFIABLE,True,True,17,17,1,1,0.000619,0.000633,1.4000000000000015e-05,True,True,True,True,True,
repeat=2|base=php_exit_single_p6_h5|variant=perm_seed1738,2,php_exit_single_p6_h5,perm_seed1738,1,1,SATISFIABLE,SATISFIABLE,True,True,16,16,0,0,0.000636,0.000687,5.100000000000005e-05,True,True,True,True,True,
repeat=2|base=php_exit_single_p6_h5|variant=perm_seed1739,2,php_exit_single_p6_h5,perm_seed1739,1,1,SATISFIABLE,SATISFIABLE,True,True,13,13,0,0,0.000618,0.00078,0.00016200000000000003,True,True,True,True,True,
repeat=2|base=php_exit_single_p6_h5|variant=perm_seed1740,2,php_exit_single_p6_h5,perm_seed1740,1,1,SATISFIABLE,SATISFIABLE,True,True,14,14,0,0,0.000608,0.00078,0.00017199999999999995,True,True,True,True,True,
repeat=2|base=php_exit_single_p6_h5|variant=perm_seed1741,2,php_exit_single_p6_h5,perm_seed1741,1,1,SATISFIABLE,SATISFIABLE,True,True,18,18,2,2,0.000676,0.000682,6.000000000000037e-06,True,True,True,True,True,
repeat=2|base=php_exit_single_p6_h5|variant=perm_seed1742,2,php_exit_single_p6_h5,perm_seed1742,1,1,SATISFIABLE,SATISFIABLE,True,True,14,14,0,0,0.000647,0.000693,4.6000000000000034e-05,True,True,True,True,True,
repeat=2|base=php_exit_single_p6_h5|variant=perm_seed1743,2,php_exit_single_p6_h5,perm_seed1743,1,1,SATISFIABLE,SATISFIABLE,True,True,17,17,1,1,0.000627,0.000703,7.6e-05,True,True,True,True,True,
repeat=2|base=php_exit_single_p6_h5|variant=perm_seed1744,2,php_exit_single_p6_h5,perm_seed1744,1,1,SATISFIABLE,SATISFIABLE,True,True,16,16,0,0,0.000633,0.000699,6.599999999999998e-05,True,True,True,True,True,
repeat=2|base=php_exit_single_p6_h5|variant=perm_seed1745,2,php_exit_single_p6_h5,perm_seed1745,1,1,SATISFIABLE,SATISFIABLE,True,True,19,19,3,3,0.000697,0.000637,-6.000000000000005e-05,True,True,True,True,True,
repeat=2|base=php_exit_single_p7_h6|variant=base,2,php_exit_single_p7_h6,base,1,1,SATISFIABLE,SATISFIABLE,True,True,17,17,0,0,0.000765,0.000701,-6.399999999999993e-05,True,True,True,True,True,
repeat=2|base=php_exit_single_p7_h6|variant=perm_seed1730,2,php_exit_single_p7_h6,perm_seed1730,1,1,SATISFIABLE,SATISFIABLE,True,True,22,22,0,0,0.00073,0.000729,-9.999999999999159e-07,True,True,True,True,True,
repeat=2|base=php_exit_single_p7_h6|variant=perm_seed1731,2,php_exit_single_p7_h6,perm_seed1731,1,1,SATISFIABLE,SATISFIABLE,True,True,28,28,5,5,0.000662,0.000707,4.49999999999999e-05,True,True,True,True,True,
repeat=2|base=php_exit_single_p7_h6|variant=perm_seed1732,2,php_exit_single_p7_h6,perm_seed1732,1,1,SATISFIABLE,SATISFIABLE,True,True,24,24,0,0,0.000699,0.000739,3.9999999999999996e-05,True,True,True,True,True,
repeat=2|base=php_exit_single_p7_h6|variant=perm_seed1733,2,php_exit_single_p7_h6,perm_seed1733,1,1,SATISFIABLE,SATISFIABLE,True,True,32,32,11,11,0.000659,0.000741,8.200000000000004e-05,True,True,True,True,True,
repeat=2|base=php_exit_single_p7_h6|variant=perm_seed1734,2,php_exit_single_p7_h6,perm_seed1734,1,1,SATISFIABLE,SATISFIABLE,True,True,25,25,0,0,0.000758,0.000709,-4.9e-05,True,True,True,True,True,
repeat=2|base=php_exit_single_p7_h6|variant=perm_seed1735,2,php_exit_single_p7_h6,perm_seed1735,1,1,SATISFIABLE,SATISFIABLE,True,True,23,23,3,3,0.000665,0.000776,0.00011099999999999999,True,True,True,True,True,
repeat=2|base=php_exit_single_p7_h6|variant=perm_seed1736,2,php_exit_single_p7_h6,perm_seed1736,1,1,SATISFIABLE,SATISFIABLE,True,True,21,21,0,0,0.00087,0.000737,-0.00013299999999999998,True,True,True,True,True,
repeat=2|base=php_exit_single_p7_h6|variant=perm_seed1737,2,php_exit_single_p7_h6,perm_seed1737,1,1,SATISFIABLE,SATISFIABLE,True,True,21,21,0,0,0.000693,0.000677,-1.6000000000000064e-05,True,True,True,True,True,
repeat=2|base=php_exit_single_p7_h6|variant=perm_seed1738,2,php_exit_single_p7_h6,perm_seed1738,1,1,SATISFIABLE,SATISFIABLE,True,True,25,25,0,0,0.00066,0.000711,5.100000000000005e-05,True,True,True,True,True,
repeat=2|base=php_exit_single_p7_h6|variant=perm_seed1739,2,php_exit_single_p7_h6,perm_seed1739,1,1,SATISFIABLE,SATISFIABLE,True,True,27,27,1,1,0.000757,0.000671,-8.599999999999992e-05,True,True,True,True,True,
repeat=2|base=php_exit_single_p7_h6|variant=perm_seed1740,2,php_exit_single_p7_h6,perm_seed1740,1,1,SATISFIABLE,SATISFIABLE,True,True,25,25,0,0,0.000628,0.000721,9.299999999999998e-05,True,True,True,True,True,
repeat=2|base=php_exit_single_p7_h6|variant=perm_seed1741,2,php_exit_single_p7_h6,perm_seed1741,1,1,SATISFIABLE,SATISFIABLE,True,True,24,24,1,1,0.000683,0.000773,9.000000000000002e-05,True,True,True,True,True,
repeat=2|base=php_exit_single_p7_h6|variant=perm_seed1742,2,php_exit_single_p7_h6,perm_seed1742,1,1,SATISFIABLE,SATISFIABLE,True,True,26,26,1,1,0.000729,0.000721,-8.000000000000086e-06,True,True,True,True,True,
repeat=2|base=php_exit_single_p7_h6|variant=perm_seed1743,2,php_exit_single_p7_h6,perm_seed1743,1,1,SATISFIABLE,SATISFIABLE,True,True,23,23,0,0,0.000689,0.00066,-2.9000000000000054e-05,True,True,True,True,True,
repeat=2|base=php_exit_single_p7_h6|variant=perm_seed1744,2,php_exit_single_p7_h6,perm_seed1744,1,1,SATISFIABLE,SATISFIABLE,True,True,23,23,0,0,0.000666,0.000667,9.999999999999159e-07,True,True,True,True,True,
repeat=2|base=php_exit_single_p7_h6|variant=perm_seed1745,2,php_exit_single_p7_h6,perm_seed1745,1,1,SATISFIABLE,SATISFIABLE,True,True,20,20,0,0,0.000677,0.000757,7.999999999999999e-05,True,True,True,True,True,
repeat=2|base=php_exit_single_p8_h7|variant=base,2,php_exit_single_p8_h7,base,1,1,SATISFIABLE,SATISFIABLE,True,True,23,23,0,0,0.00079,0.000712,-7.800000000000005e-05,True,True,True,True,True,
repeat=2|base=php_exit_single_p8_h7|variant=perm_seed1730,2,php_exit_single_p8_h7,perm_seed1730,1,1,SATISFIABLE,SATISFIABLE,True,True,35,35,1,1,0.000833,0.00079,-4.299999999999996e-05,True,True,True,True,True,
repeat=2|base=php_exit_single_p8_h7|variant=perm_seed1731,2,php_exit_single_p8_h7,perm_seed1731,1,1,SATISFIABLE,SATISFIABLE,True,True,33,33,0,0,0.000694,0.00075,5.600000000000006e-05,True,True,True,True,True,
repeat=2|base=php_exit_single_p8_h7|variant=perm_seed1732,2,php_exit_single_p8_h7,perm_seed1732,1,1,SATISFIABLE,SATISFIABLE,True,True,31,31,0,0,0.00078,0.000737,-4.299999999999996e-05,True,True,True,True,True,
repeat=2|base=php_exit_single_p8_h7|variant=perm_seed1733,2,php_exit_single_p8_h7,perm_seed1733,1,1,SATISFIABLE,SATISFIABLE,True,True,37,37,5,5,0.000701,0.00074,3.899999999999997e-05,True,True,True,True,True,
repeat=2|base=php_exit_single_p8_h7|variant=perm_seed1734,2,php_exit_single_p8_h7,perm_seed1734,1,1,SATISFIABLE,SATISFIABLE,True,True,35,35,0,0,0.000766,0.000724,-4.199999999999994e-05,True,True,True,True,True,
repeat=2|base=php_exit_single_p8_h7|variant=perm_seed1735,2,php_exit_single_p8_h7,perm_seed1735,1,1,SATISFIABLE,SATISFIABLE,True,True,30,30,0,0,0.000735,0.000771,3.600000000000001e-05,True,True,True,True,True,
repeat=2|base=php_exit_single_p8_h7|variant=perm_seed1736,2,php_exit_single_p8_h7,perm_seed1736,1,1,SATISFIABLE,SATISFIABLE,True,True,36,36,1,1,0.000742,0.000739,-3.000000000000073e-06,True,True,True,True,True,
repeat=2|base=php_exit_single_p8_h7|variant=perm_seed1737,2,php_exit_single_p8_h7,perm_seed1737,1,1,SATISFIABLE,SATISFIABLE,True,True,36,36,2,2,0.000736,0.000898,0.00016200000000000003,True,True,True,True,True,
repeat=2|base=php_exit_single_p8_h7|variant=perm_seed1738,2,php_exit_single_p8_h7,perm_seed1738,1,1,SATISFIABLE,SATISFIABLE,True,True,35,35,0,0,0.0007,0.000784,8.399999999999998e-05,True,True,True,True,True,
repeat=2|base=php_exit_single_p8_h7|variant=perm_seed1739,2,php_exit_single_p8_h7,perm_seed1739,1,1,SATISFIABLE,SATISFIABLE,True,True,36,36,2,2,0.000864,0.000736,-0.00012799999999999997,True,True,True,True,True,
repeat=2|base=php_exit_single_p8_h7|variant=perm_seed1740,2,php_exit_single_p8_h7,perm_seed1740,1,1,SATISFIABLE,SATISFIABLE,True,True,34,34,1,1,0.000747,0.000796,4.9e-05,True,True,True,True,True,
repeat=2|base=php_exit_single_p8_h7|variant=perm_seed1741,2,php_exit_single_p8_h7,perm_seed1741,1,1,SATISFIABLE,SATISFIABLE,True,True,38,38,2,2,0.000761,0.000696,-6.499999999999995e-05,True,True,True,True,True,
repeat=2|base=php_exit_single_p8_h7|variant=perm_seed1742,2,php_exit_single_p8_h7,perm_seed1742,1,1,SATISFIABLE,SATISFIABLE,True,True,32,32,0,0,0.000679,0.000696,1.699999999999998e-05,True,True,True,True,True,
repeat=2|base=php_exit_single_p8_h7|variant=perm_seed1743,2,php_exit_single_p8_h7,perm_seed1743,1,1,SATISFIABLE,SATISFIABLE,True,True,37,37,0,0,0.000684,0.000718,3.399999999999996e-05,True,True,True,True,True,
repeat=2|base=php_exit_single_p8_h7|variant=perm_seed1744,2,php_exit_single_p8_h7,perm_seed1744,1,1,SATISFIABLE,SATISFIABLE,True,True,33,33,0,0,0.000774,0.000699,-7.499999999999998e-05,True,True,True,True,True,
repeat=2|base=php_exit_single_p8_h7|variant=perm_seed1745,2,php_exit_single_p8_h7,perm_seed1745,1,1,SATISFIABLE,SATISFIABLE,True,True,36,36,0,0,0.00073,0.000865,0.00013500000000000003,True,True,True,True,True,
repeat=2|base=php_exit_single_p9_h8|variant=base,2,php_exit_single_p9_h8,base,1,1,SATISFIABLE,SATISFIABLE,True,True,30,30,0,0,0.000884,0.00085,-3.400000000000007e-05,True,True,True,True,True,
repeat=2|base=php_exit_single_p9_h8|variant=perm_seed1730,2,php_exit_single_p9_h8,perm_seed1730,1,1,SATISFIABLE,SATISFIABLE,True,True,47,47,0,0,0.000838,0.000909,7.099999999999999e-05,True,True,True,True,True,
repeat=2|base=php_exit_single_p9_h8|variant=perm_seed1731,2,php_exit_single_p9_h8,perm_seed1731,1,1,SATISFIABLE,SATISFIABLE,True,True,41,41,0,0,0.000878,0.000823,-5.5000000000000036e-05,True,True,True,True,True,
repeat=2|base=php_exit_single_p9_h8|variant=perm_seed1732,2,php_exit_single_p9_h8,perm_seed1732,1,1,SATISFIABLE,SATISFIABLE,True,True,42,42,0,0,0.000835,0.000893,5.8e-05,True,True,True,True,True,
repeat=2|base=php_exit_single_p9_h8|variant=perm_seed1733,2,php_exit_single_p9_h8,perm_seed1733,1,1,SATISFIABLE,SATISFIABLE,True,True,51,51,6,6,0.000811,0.000862,5.100000000000005e-05,True,True,True,True,True,
repeat=2|base=php_exit_single_p9_h8|variant=perm_seed1734,2,php_exit_single_p9_h8,perm_seed1734,1,1,SATISFIABLE,SATISFIABLE,True,True,51,51,3,3,0.000827,0.0008,-2.7000000000000006e-05,True,True,True,True,True,
repeat=2|base=php_exit_single_p9_h8|variant=perm_seed1735,2,php_exit_single_p9_h8,perm_seed1735,1,1,SATISFIABLE,SATISFIABLE,True,True,46,46,0,0,0.000884,0.000841,-4.300000000000007e-05,True,True,True,True,True,
repeat=2|base=php_exit_single_p9_h8|variant=perm_seed1736,2,php_exit_single_p9_h8,perm_seed1736,1,1,SATISFIABLE,SATISFIABLE,True,True,56,56,7,7,0.000844,0.000806,-3.8000000000000056e-05,True,True,True,True,True,
repeat=2|base=php_exit_single_p9_h8|variant=perm_seed1737,2,php_exit_single_p9_h8,perm_seed1737,1,1,SATISFIABLE,SATISFIABLE,True,True,51,51,1,1,0.000776,0.000795,1.9000000000000028e-05,True,True,True,True,True,
repeat=2|base=php_exit_single_p9_h8|variant=perm_seed1738,2,php_exit_single_p9_h8,perm_seed1738,1,1,SATISFIABLE,SATISFIABLE,True,True,47,47,0,0,0.000824,0.00077,-5.400000000000001e-05,True,True,True,True,True,
repeat=2|base=php_exit_single_p9_h8|variant=perm_seed1739,2,php_exit_single_p9_h8,perm_seed1739,1,1,SATISFIABLE,SATISFIABLE,True,True,45,45,0,0,0.000756,0.000768,1.1999999999999966e-05,True,True,True,True,True,
repeat=2|base=php_exit_single_p9_h8|variant=perm_seed1740,2,php_exit_single_p9_h8,perm_seed1740,1,1,SATISFIABLE,SATISFIABLE,True,True,50,50,1,1,0.000748,0.000841,9.299999999999998e-05,True,True,True,True,True,
repeat=2|base=php_exit_single_p9_h8|variant=perm_seed1741,2,php_exit_single_p9_h8,perm_seed1741,1,1,SATISFIABLE,SATISFIABLE,True,True,48,48,0,0,0.000842,0.000757,-8.5e-05,True,True,True,True,True,
repeat=2|base=php_exit_single_p9_h8|variant=perm_seed1742,2,php_exit_single_p9_h8,perm_seed1742,1,1,SATISFIABLE,SATISFIABLE,True,True,44,44,0,0,0.000757,0.000813,5.600000000000006e-05,True,True,True,True,True,
repeat=2|base=php_exit_single_p9_h8|variant=perm_seed1743,2,php_exit_single_p9_h8,perm_seed1743,1,1,SATISFIABLE,SATISFIABLE,True,True,48,48,4,4,0.000761,0.001004,0.00024299999999999994,True,True,True,True,True,
repeat=2|base=php_exit_single_p9_h8|variant=perm_seed1744,2,php_exit_single_p9_h8,perm_seed1744,1,1,SATISFIABLE,SATISFIABLE,True,True,43,43,0,0,0.000786,0.00114,0.00035399999999999993,True,True,True,True,True,
repeat=2|base=php_exit_single_p9_h8|variant=perm_seed1745,2,php_exit_single_p9_h8,perm_seed1745,1,1,SATISFIABLE,SATISFIABLE,True,True,38,38,0,0,0.001383,0.000894,-0.0004889999999999999,True,True,True,True,True,
repeat=2|base=php_p10_h9|variant=base,2,php_p10_h9,base,1,1,UNSATISFIABLE,UNSATISFIABLE,True,True,340861,340861,314066,314066,1.58174,1.47641,-0.10532999999999992,True,True,True,True,True,
repeat=2|base=php_p10_h9|variant=perm_seed1730,2,php_p10_h9,perm_seed1730,1,1,UNSATISFIABLE,UNSATISFIABLE,True,True,413643,413643,382655,382655,1.967,1.82525,-0.14175000000000004,True,True,True,True,True,
repeat=2|base=php_p10_h9|variant=perm_seed1731,2,php_p10_h9,perm_seed1731,1,1,UNSATISFIABLE,UNSATISFIABLE,True,True,340033,340033,312592,312592,1.62114,1.52047,-0.10067000000000004,True,True,True,True,True,
repeat=2|base=php_p10_h9|variant=perm_seed1732,2,php_p10_h9,perm_seed1732,1,1,UNSATISFIABLE,UNSATISFIABLE,True,True,343992,343992,317747,317747,1.70739,1.62211,-0.08528000000000002,True,True,True,True,True,
repeat=2|base=php_p10_h9|variant=perm_seed1733,2,php_p10_h9,perm_seed1733,1,1,UNSATISFIABLE,UNSATISFIABLE,True,True,365838,365838,336996,336996,1.65024,1.634,-0.016240000000000032,True,True,True,True,True,
repeat=2|base=php_p10_h9|variant=perm_seed1734,2,php_p10_h9,perm_seed1734,1,1,UNSATISFIABLE,UNSATISFIABLE,True,True,365935,365935,336060,336060,1.62582,1.61244,-0.013379999999999947,True,True,True,True,True,
repeat=2|base=php_p10_h9|variant=perm_seed1735,2,php_p10_h9,perm_seed1735,1,1,UNSATISFIABLE,UNSATISFIABLE,True,True,330122,330122,306476,306476,1.67283,1.65776,-0.015070000000000139,True,True,True,True,True,
repeat=2|base=php_p10_h9|variant=perm_seed1736,2,php_p10_h9,perm_seed1736,1,1,UNSATISFIABLE,UNSATISFIABLE,True,True,398736,398736,368877,368877,1.81222,1.78247,-0.029749999999999943,True,True,True,True,True,
repeat=2|base=php_p10_h9|variant=perm_seed1737,2,php_p10_h9,perm_seed1737,1,1,UNSATISFIABLE,UNSATISFIABLE,True,True,342164,342164,314955,314955,1.5064,1.49874,-0.00766,True,True,True,True,True,
repeat=2|base=php_p10_h9|variant=perm_seed1738,2,php_p10_h9,perm_seed1738,1,1,UNSATISFIABLE,UNSATISFIABLE,True,True,384737,384737,352935,352935,1.73959,1.72106,-0.018529999999999935,True,True,True,True,True,
repeat=2|base=php_p10_h9|variant=perm_seed1739,2,php_p10_h9,perm_seed1739,1,1,UNSATISFIABLE,UNSATISFIABLE,True,True,319534,319534,295751,295751,1.61299,1.5972,-0.01578999999999997,True,True,True,True,True,
repeat=2|base=php_p10_h9|variant=perm_seed1740,2,php_p10_h9,perm_seed1740,1,1,UNSATISFIABLE,UNSATISFIABLE,True,True,330849,330849,304467,304467,1.45608,1.43445,-0.021630000000000038,True,True,True,True,True,
repeat=2|base=php_p10_h9|variant=perm_seed1741,2,php_p10_h9,perm_seed1741,1,1,UNSATISFIABLE,UNSATISFIABLE,True,True,339549,339549,313004,313004,1.69461,1.66962,-0.024989999999999846,True,True,True,True,True,
repeat=2|base=php_p10_h9|variant=perm_seed1742,2,php_p10_h9,perm_seed1742,1,1,UNSATISFIABLE,UNSATISFIABLE,True,True,358341,358341,330928,330928,1.62482,1.60134,-0.023479999999999945,True,True,True,True,True,
repeat=2|base=php_p10_h9|variant=perm_seed1743,2,php_p10_h9,perm_seed1743,1,1,UNSATISFIABLE,UNSATISFIABLE,True,True,347432,347432,320321,320321,1.61983,1.59963,-0.020199999999999996,True,True,True,True,True,
repeat=2|base=php_p10_h9|variant=perm_seed1744,2,php_p10_h9,perm_seed1744,1,1,UNSATISFIABLE,UNSATISFIABLE,True,True,409179,409179,376780,376780,1.83116,1.81227,-0.01888999999999985,True,True,True,True,True,
repeat=2|base=php_p10_h9|variant=perm_seed1745,2,php_p10_h9,perm_seed1745,1,1,UNSATISFIABLE,UNSATISFIABLE,True,True,384710,384710,354679,354679,1.75399,1.72533,-0.028659999999999908,True,True,True,True,True,
repeat=2|base=php_p11_h10|variant=base,2,php_p11_h10,base,1,1,INDETERMINATE,INDETERMINATE,False,False,1373743,1371431,1251779,1249668,4.98191,4.97686,-0.005049999999999777,True,True,False,False,True,
repeat=2|base=php_p11_h10|variant=perm_seed1730,2,php_p11_h10,perm_seed1730,1,1,INDETERMINATE,INDETERMINATE,False,False,1244422,1248075,1128170,1131524,4.97501,4.98213,0.007119999999999571,True,True,False,False,True,
repeat=2|base=php_p11_h10|variant=perm_seed1731,2,php_p11_h10,perm_seed1731,1,1,INDETERMINATE,INDETERMINATE,False,False,1355292,1354146,1227048,1226000,4.97604,4.97716,0.0011199999999993437,True,True,False,False,True,
repeat=2|base=php_p11_h10|variant=perm_seed1732,2,php_p11_h10,perm_seed1732,1,1,INDETERMINATE,INDETERMINATE,False,False,1208197,1206430,1092001,1090410,4.97543,4.97522,-0.00021000000000004349,True,True,False,False,True,
repeat=2|base=php_p11_h10|variant=perm_seed1733,2,php_p11_h10,perm_seed1733,1,1,INDETERMINATE,INDETERMINATE,False,False,1264165,1271447,1147204,1153710,4.97954,4.97777,-0.0017700000000004934,True,True,False,False,True,
repeat=2|base=php_p11_h10|variant=perm_seed1734,2,php_p11_h10,perm_seed1734,1,1,INDETERMINATE,INDETERMINATE,False,False,1234666,1236284,1126590,1128067,4.97962,4.97699,-0.00262999999999991,True,True,False,False,True,
repeat=2|base=php_p11_h10|variant=perm_seed1735,2,php_p11_h10,perm_seed1735,1,1,INDETERMINATE,INDETERMINATE,False,False,1205518,1210104,1099771,1104001,4.9793,4.97994,0.0006399999999997519,True,True,False,False,True,
repeat=2|base=php_p11_h10|variant=perm_seed1736,2,php_p11_h10,perm_seed1736,1,1,INDETERMINATE,INDETERMINATE,False,False,1369331,1373699,1239945,1243920,4.97941,4.98167,0.002260000000000595,True,True,False,False,True,
repeat=2|base=php_p11_h10|variant=perm_seed1737,2,php_p11_h10,perm_seed1737,1,1,INDETERMINATE,INDETERMINATE,False,False,1255057,1266830,1138786,1149429,4.97754,4.97751,-3.0000000000640625e-05,True,True,False,False,True,
repeat=2|base=php_p11_h10|variant=perm_seed1738,2,php_p11_h10,perm_seed1738,1,1,INDETERMINATE,INDETERMINATE,False,False,1278249,1286744,1158002,1165729,4.98224,4.97728,-0.004959999999999631,True,True,False,False,True,
repeat=2|base=php_p11_h10|variant=perm_seed1739,2,php_p11_h10,perm_seed1739,1,1,INDETERMINATE,INDETERMINATE,False,False,1219647,1224597,1120000,1124350,4.97782,4.97636,-0.001460000000000683,True,True,False,False,True,
repeat=2|base=php_p11_h10|variant=perm_seed1740,2,php_p11_h10,perm_seed1740,1,1,INDETERMINATE,INDETERMINATE,False,False,1197329,1208844,1087374,1097804,4.97567,4.97732,0.0016499999999997073,True,True,False,False,True,
repeat=2|base=php_p11_h10|variant=perm_seed1741,2,php_p11_h10,perm_seed1741,1,1,INDETERMINATE,INDETERMINATE,False,False,1236852,1244061,1119319,1125984,4.9801,4.97853,-0.0015700000000000713,True,True,False,False,True,
repeat=2|base=php_p11_h10|variant=perm_seed1742,2,php_p11_h10,perm_seed1742,1,1,INDETERMINATE,INDETERMINATE,False,False,1264665,1279023,1148710,1161882,4.97595,4.98333,0.007379999999999498,True,True,False,False,True,
repeat=2|base=php_p11_h10|variant=perm_seed1743,2,php_p11_h10,perm_seed1743,1,1,INDETERMINATE,INDETERMINATE,False,False,1295285,1307956,1170000,1181393,4.9756,4.97816,0.0025599999999998957,True,True,False,False,True,
repeat=2|base=php_p11_h10|variant=perm_seed1744,2,php_p11_h10,perm_seed1744,1,1,INDETERMINATE,INDETERMINATE,False,False,1133462,1140972,1044957,1051884,4.97723,4.97644,-0.0007899999999994023,True,True,False,False,True,
repeat=2|base=php_p11_h10|variant=perm_seed1745,2,php_p11_h10,perm_seed1745,1,1,INDETERMINATE,INDETERMINATE,False,False,1164142,1175306,1065927,1075979,4.98213,4.97746,-0.004669999999999952,True,True,False,False,True,
repeat=2|base=php_p12_h11|variant=base,2,php_p12_h11,base,1,1,INDETERMINATE,INDETERMINATE,False,False,994874,1012423,922655,938656,4.97702,4.97537,-0.0016500000000005954,True,True,False,False,True,
repeat=2|base=php_p12_h11|variant=perm_seed1730,2,php_p12_h11,perm_seed1730,1,1,INDETERMINATE,INDETERMINATE,False,False,1193787,1211385,1087749,1103750,4.98341,4.98149,-0.0019200000000001438,True,True,False,False,True,
repeat=2|base=php_p12_h11|variant=perm_seed1731,2,php_p12_h11,perm_seed1731,1,1,INDETERMINATE,INDETERMINATE,False,False,1159428,1177946,1068950,1086002,4.98032,4.98017,-0.0001499999999996504,True,True,False,False,True,
repeat=2|base=php_p12_h11|variant=perm_seed1732,2,php_p12_h11,perm_seed1732,1,1,INDETERMINATE,INDETERMINATE,False,False,1199783,1204480,1087578,1091936,4.97731,4.97868,0.0013699999999996493,True,True,False,False,True,
repeat=2|base=php_p12_h11|variant=perm_seed1733,2,php_p12_h11,perm_seed1733,1,1,INDETERMINATE,INDETERMINATE,False,False,1108554,1114021,1016849,1021839,4.97623,4.97498,-0.0012499999999997513,True,True,False,False,True,
repeat=2|base=php_p12_h11|variant=perm_seed1734,2,php_p12_h11,perm_seed1734,1,1,INDETERMINATE,INDETERMINATE,False,False,1141100,1151856,1038553,1048001,4.97688,4.97705,0.00016999999999978144,True,True,False,False,True,
repeat=2|base=php_p12_h11|variant=perm_seed1735,2,php_p12_h11,perm_seed1735,1,1,INDETERMINATE,INDETERMINATE,False,False,1069127,1077280,952001,959368,4.97638,4.97885,0.0024700000000006384,True,True,False,False,True,
repeat=2|base=php_p12_h11|variant=perm_seed1736,2,php_p12_h11,perm_seed1736,1,1,INDETERMINATE,INDETERMINATE,False,False,1148986,1145307,1054410,1050999,4.97773,4.97471,-0.0030200000000002447,True,True,False,False,True,
repeat=2|base=php_p12_h11|variant=perm_seed1737,2,php_p12_h11,perm_seed1737,1,1,INDETERMINATE,INDETERMINATE,False,False,1082210,1092885,999857,1009515,4.97285,4.98032,0.007469999999999644,True,True,False,False,True,
repeat=2|base=php_p12_h11|variant=perm_seed1738,2,php_p12_h11,perm_seed1738,1,1,INDETERMINATE,INDETERMINATE,False,False,1242992,1256594,1087996,1099452,4.97667,4.98512,0.008449999999999847,True,True,False,False,True,
repeat=2|base=php_p12_h11|variant=perm_seed1739,2,php_p12_h11,perm_seed1739,1,1,INDETERMINATE,INDETERMINATE,False,False,1241233,1253882,1124334,1135746,4.97694,4.98013,0.003190000000000026,True,True,False,False,True,
repeat=2|base=php_p12_h11|variant=perm_seed1740,2,php_p12_h11,perm_seed1740,1,1,INDETERMINATE,INDETERMINATE,False,False,1062562,1051689,974714,964616,4.97748,4.9772,-0.000280000000000058,True,True,False,False,True,
repeat=2|base=php_p12_h11|variant=perm_seed1741,2,php_p12_h11,perm_seed1741,1,1,INDETERMINATE,INDETERMINATE,False,False,1178120,1189310,1059387,1069761,4.97623,4.97833,0.0020999999999995467,True,True,False,False,True,
repeat=2|base=php_p12_h11|variant=perm_seed1742,2,php_p12_h11,perm_seed1742,1,1,INDETERMINATE,INDETERMINATE,False,False,1037075,1045669,959482,967488,4.97671,4.97632,-0.00038999999999944635,True,True,False,False,True,
repeat=2|base=php_p12_h11|variant=perm_seed1743,2,php_p12_h11,perm_seed1743,1,1,INDETERMINATE,INDETERMINATE,False,False,1221349,1228622,1101436,1107817,4.97971,4.97588,-0.003829999999999778,True,True,False,False,True,
repeat=2|base=php_p12_h11|variant=perm_seed1744,2,php_p12_h11,perm_seed1744,1,1,INDETERMINATE,INDETERMINATE,False,False,1124215,1133589,1037537,1046284,4.97617,4.97912,0.00295000000000023,True,True,False,False,True,
repeat=2|base=php_p12_h11|variant=perm_seed1745,2,php_p12_h11,perm_seed1745,1,1,INDETERMINATE,INDETERMINATE,False,False,1213258,1251399,1117395,1153023,4.98016,4.98141,0.0012500000000006395,True,True,False,False,True,
repeat=2|base=php_p4_h3|variant=base,2,php_p4_h3,base,1,1,UNSATISFIABLE,UNSATISFIABLE,True,True,0,0,0,0,0.000761,0.000723,-3.799999999999995e-05,True,True,True,True,True,
repeat=2|base=php_p4_h3|variant=perm_seed1730,2,php_p4_h3,perm_seed1730,1,1,UNSATISFIABLE,UNSATISFIABLE,True,True,0,0,0,0,0.000807,0.000873,6.599999999999998e-05,True,True,True,True,True,
repeat=2|base=php_p4_h3|variant=perm_seed1731,2,php_p4_h3,perm_seed1731,1,1,UNSATISFIABLE,UNSATISFIABLE,True,True,0,0,0,0,0.000694,0.000653,-4.099999999999991e-05,True,True,True,True,True,
repeat=2|base=php_p5_h4|variant=base,2,php_p5_h4,base,1,1,UNSATISFIABLE,UNSATISFIABLE,True,True,32,32,27,27,0.000796,0.000822,2.599999999999998e-05,True,True,True,True,True,
repeat=2|base=php_p5_h4|variant=perm_seed1730,2,php_p5_h4,perm_seed1730,1,1,UNSATISFIABLE,UNSATISFIABLE,True,True,31,31,28,28,0.000718,0.000717,-1.0000000000000243e-06,True,True,True,True,True,
repeat=2|base=php_p5_h4|variant=perm_seed1731,2,php_p5_h4,perm_seed1731,1,1,UNSATISFIABLE,UNSATISFIABLE,True,True,32,32,31,31,0.000722,0.000685,-3.700000000000003e-05,True,True,True,True,True,
repeat=2|base=php_p6_h5|variant=base,2,php_p6_h5,base,1,1,UNSATISFIABLE,UNSATISFIABLE,True,True,157,157,139,139,0.000859,0.000834,-2.4999999999999957e-05,True,True,True,True,True,
repeat=2|base=php_p6_h5|variant=perm_seed1730,2,php_p6_h5,perm_seed1730,1,1,UNSATISFIABLE,UNSATISFIABLE,True,True,161,161,142,142,0.000877,0.000847,-2.999999999999997e-05,True,True,True,True,True,
repeat=2|base=php_p6_h5|variant=perm_seed1731,2,php_p6_h5,perm_seed1731,1,1,UNSATISFIABLE,UNSATISFIABLE,True,True,160,160,141,141,0.000792,0.000819,2.7000000000000006e-05,True,True,True,True,True,
repeat=2|base=php_p6_h5|variant=perm_seed1732,2,php_p6_h5,perm_seed1732,1,1,UNSATISFIABLE,UNSATISFIABLE,True,True,157,157,137,137,0.000842,0.000813,-2.8999999999999946e-05,True,True,True,True,True,
repeat=2|base=php_p6_h5|variant=perm_seed1733,2,php_p6_h5,perm_seed1733,1,1,UNSATISFIABLE,UNSATISFIABLE,True,True,158,158,142,142,0.000851,0.00079,-6.0999999999999965e-05,True,True,True,True,True,
repeat=2|base=php_p6_h5|variant=perm_seed1734,2,php_p6_h5,perm_seed1734,1,1,UNSATISFIABLE,UNSATISFIABLE,True,True,171,171,146,146,0.000804,0.000772,-3.200000000000002e-05,True,True,True,True,True,
repeat=2|base=php_p6_h5|variant=perm_seed1735,2,php_p6_h5,perm_seed1735,1,1,UNSATISFIABLE,UNSATISFIABLE,True,True,174,174,155,155,0.000803,0.000832,2.8999999999999946e-05,True,True,True,True,True,
repeat=2|base=php_p6_h5|variant=perm_seed1736,2,php_p6_h5,perm_seed1736,1,1,UNSATISFIABLE,UNSATISFIABLE,True,True,158,158,145,145,0.000778,0.000794,1.5999999999999955e-05,True,True,True,True,True,
repeat=2|base=php_p6_h5|variant=perm_seed1737,2,php_p6_h5,perm_seed1737,1,1,UNSATISFIABLE,UNSATISFIABLE,True,True,163,163,145,145,0.000785,0.000792,6.999999999999953e-06,True,True,True,True,True,
repeat=2|base=php_p6_h5|variant=perm_seed1738,2,php_p6_h5,perm_seed1738,1,1,UNSATISFIABLE,UNSATISFIABLE,True,True,140,140,130,130,0.000763,0.000775,1.1999999999999966e-05,True,True,True,True,True,
repeat=2|base=php_p6_h5|variant=perm_seed1739,2,php_p6_h5,perm_seed1739,1,1,UNSATISFIABLE,UNSATISFIABLE,True,True,157,157,143,143,0.000776,0.000775,-1.0000000000000243e-06,True,True,True,True,True,
repeat=2|base=php_p6_h5|variant=perm_seed1740,2,php_p6_h5,perm_seed1740,1,1,UNSATISFIABLE,UNSATISFIABLE,True,True,163,163,138,138,0.00075,0.000848,9.8e-05,True,True,True,True,True,
repeat=2|base=php_p6_h5|variant=perm_seed1741,2,php_p6_h5,perm_seed1741,1,1,UNSATISFIABLE,UNSATISFIABLE,True,True,158,158,140,140,0.000759,0.000806,4.699999999999995e-05,True,True,True,True,True,
repeat=2|base=php_p6_h5|variant=perm_seed1742,2,php_p6_h5,perm_seed1742,1,1,UNSATISFIABLE,UNSATISFIABLE,True,True,155,155,137,137,0.000798,0.000897,9.900000000000002e-05,True,True,True,True,True,
repeat=2|base=php_p6_h5|variant=perm_seed1743,2,php_p6_h5,perm_seed1743,1,1,UNSATISFIABLE,UNSATISFIABLE,True,True,147,147,135,135,0.000787,0.000833,4.5999999999999925e-05,True,True,True,True,True,
repeat=2|base=php_p6_h5|variant=perm_seed1744,2,php_p6_h5,perm_seed1744,1,1,UNSATISFIABLE,UNSATISFIABLE,True,True,147,147,133,133,0.000791,0.000883,9.199999999999996e-05,True,True,True,True,True,
repeat=2|base=php_p6_h5|variant=perm_seed1745,2,php_p6_h5,perm_seed1745,1,1,UNSATISFIABLE,UNSATISFIABLE,True,True,156,156,137,137,0.001041,0.000945,-9.600000000000006e-05,True,True,True,True,True,
repeat=2|base=php_p7_h6|variant=base,2,php_p7_h6,base,1,1,UNSATISFIABLE,UNSATISFIABLE,True,True,970,970,845,845,0.002192,0.002431,0.00023900000000000006,True,True,True,True,True,
repeat=2|base=php_p7_h6|variant=perm_seed1730,2,php_p7_h6,perm_seed1730,1,1,UNSATISFIABLE,UNSATISFIABLE,True,True,913,913,812,812,0.002314,0.002925,0.000611,True,True,True,True,True,
repeat=2|base=php_p7_h6|variant=perm_seed1731,2,php_p7_h6,perm_seed1731,1,1,UNSATISFIABLE,UNSATISFIABLE,True,True,1013,1013,877,877,0.002215,0.00201,-0.0002049999999999999,True,True,True,True,True,
repeat=2|base=php_p7_h6|variant=perm_seed1732,2,php_p7_h6,perm_seed1732,1,1,UNSATISFIABLE,UNSATISFIABLE,True,True,949,949,839,839,0.002733,0.00225,-0.00048300000000000036,True,True,True,True,True,
repeat=2|base=php_p7_h6|variant=perm_seed1733,2,php_p7_h6,perm_seed1733,1,1,UNSATISFIABLE,UNSATISFIABLE,True,True,937,937,837,837,0.002133,0.0021,-3.300000000000004e-05,True,True,True,True,True,
repeat=2|base=php_p7_h6|variant=perm_seed1734,2,php_p7_h6,perm_seed1734,1,1,UNSATISFIABLE,UNSATISFIABLE,True,True,893,893,821,821,0.002304,0.002345,4.0999999999999804e-05,True,True,True,True,True,
repeat=2|base=php_p7_h6|variant=perm_seed1735,2,php_p7_h6,perm_seed1735,1,1,UNSATISFIABLE,UNSATISFIABLE,True,True,967,967,866,866,0.002187,0.002155,-3.2000000000000344e-05,True,True,True,True,True,
repeat=2|base=php_p7_h6|variant=perm_seed1736,2,php_p7_h6,perm_seed1736,1,1,UNSATISFIABLE,UNSATISFIABLE,True,True,891,891,832,832,0.002243,0.002374,0.0001309999999999996,True,True,True,True,True,
repeat=2|base=php_p7_h6|variant=perm_seed1737,2,php_p7_h6,perm_seed1737,1,1,UNSATISFIABLE,UNSATISFIABLE,True,True,935,935,832,832,0.002241,0.002421,0.00018000000000000004,True,True,True,True,True,
repeat=2|base=php_p7_h6|variant=perm_seed1738,2,php_p7_h6,perm_seed1738,1,1,UNSATISFIABLE,UNSATISFIABLE,True,True,959,959,852,852,0.00243,0.002373,-5.699999999999976e-05,True,True,True,True,True,
repeat=2|base=php_p7_h6|variant=perm_seed1739,2,php_p7_h6,perm_seed1739,1,1,UNSATISFIABLE,UNSATISFIABLE,True,True,889,889,813,813,0.002327,0.002725,0.0003979999999999999,True,True,True,True,True,
repeat=2|base=php_p7_h6|variant=perm_seed1740,2,php_p7_h6,perm_seed1740,1,1,UNSATISFIABLE,UNSATISFIABLE,True,True,938,938,850,850,0.002296,0.002321,2.5000000000000282e-05,True,True,True,True,True,
repeat=2|base=php_p7_h6|variant=perm_seed1741,2,php_p7_h6,perm_seed1741,1,1,UNSATISFIABLE,UNSATISFIABLE,True,True,998,998,873,873,0.002774,0.002362,-0.00041200000000000004,True,True,True,True,True,
repeat=2|base=php_p7_h6|variant=perm_seed1742,2,php_p7_h6,perm_seed1742,1,1,UNSATISFIABLE,UNSATISFIABLE,True,True,975,975,865,865,0.002071,0.002059,-1.1999999999999858e-05,True,True,True,True,True,
repeat=2|base=php_p7_h6|variant=perm_seed1743,2,php_p7_h6,perm_seed1743,1,1,UNSATISFIABLE,UNSATISFIABLE,True,True,971,971,852,852,0.002114,0.002143,2.8999999999999946e-05,True,True,True,True,True,
repeat=2|base=php_p7_h6|variant=perm_seed1744,2,php_p7_h6,perm_seed1744,1,1,UNSATISFIABLE,UNSATISFIABLE,True,True,912,912,833,833,0.002105,0.002225,0.00011999999999999988,True,True,True,True,True,
repeat=2|base=php_p7_h6|variant=perm_seed1745,2,php_p7_h6,perm_seed1745,1,1,UNSATISFIABLE,UNSATISFIABLE,True,True,967,967,854,854,0.00217,0.002166,-4.000000000000097e-06,True,True,True,True,True,
repeat=2|base=php_p8_h7|variant=base,2,php_p8_h7,base,1,1,UNSATISFIABLE,UNSATISFIABLE,True,True,6158,6158,5600,5600,0.019544,0.021327,0.0017829999999999999,True,True,True,True,True,
repeat=2|base=php_p8_h7|variant=perm_seed1730,2,php_p8_h7,perm_seed1730,1,1,UNSATISFIABLE,UNSATISFIABLE,True,True,6138,6138,5624,5624,0.018394,0.018903,0.000508999999999999,True,True,True,True,True,
repeat=2|base=php_p8_h7|variant=perm_seed1731,2,php_p8_h7,perm_seed1731,1,1,UNSATISFIABLE,UNSATISFIABLE,True,True,5800,5800,5271,5271,0.014372,0.014364,-7.999999999999327e-06,True,True,True,True,True,
repeat=2|base=php_p8_h7|variant=perm_seed1732,2,php_p8_h7,perm_seed1732,1,1,UNSATISFIABLE,UNSATISFIABLE,True,True,5924,5924,5469,5469,0.017769,0.018832,0.0010630000000000014,True,True,True,True,True,
repeat=2|base=php_p8_h7|variant=perm_seed1733,2,php_p8_h7,perm_seed1733,1,1,UNSATISFIABLE,UNSATISFIABLE,True,True,5998,5998,5468,5468,0.018446,0.017569,-0.0008769999999999993,True,True,True,True,True,
repeat=2|base=php_p8_h7|variant=perm_seed1734,2,php_p8_h7,perm_seed1734,1,1,UNSATISFIABLE,UNSATISFIABLE,True,True,6065,6065,5514,5514,0.016249,0.01956,0.0033110000000000014,True,True,True,True,True,
repeat=2|base=php_p8_h7|variant=perm_seed1735,2,php_p8_h7,perm_seed1735,1,1,UNSATISFIABLE,UNSATISFIABLE,True,True,6386,6386,5811,5811,0.016284,0.017309,0.0010250000000000016,True,True,True,True,True,
repeat=2|base=php_p8_h7|variant=perm_seed1736,2,php_p8_h7,perm_seed1736,1,1,UNSATISFIABLE,UNSATISFIABLE,True,True,6265,6265,5729,5729,0.017564,0.017852,0.00028800000000000006,True,True,True,True,True,
repeat=2|base=php_p8_h7|variant=perm_seed1737,2,php_p8_h7,perm_seed1737,1,1,UNSATISFIABLE,UNSATISFIABLE,True,True,5646,5646,5224,5224,0.018806,0.016784,-0.0020219999999999995,True,True,True,True,True,
repeat=2|base=php_p8_h7|variant=perm_seed1738,2,php_p8_h7,perm_seed1738,1,1,UNSATISFIABLE,UNSATISFIABLE,True,True,5875,5875,5336,5336,0.016302,0.016605,0.0003030000000000012,True,True,True,True,True,
repeat=2|base=php_p8_h7|variant=perm_seed1739,2,php_p8_h7,perm_seed1739,1,1,UNSATISFIABLE,UNSATISFIABLE,True,True,6199,6199,5714,5714,0.020746,0.019994,-0.0007519999999999992,True,True,True,True,True,
repeat=2|base=php_p8_h7|variant=perm_seed1740,2,php_p8_h7,perm_seed1740,1,1,UNSATISFIABLE,UNSATISFIABLE,True,True,5664,5664,5199,5199,0.016671,0.017626,0.000955000000000001,True,True,True,True,True,
repeat=2|base=php_p8_h7|variant=perm_seed1741,2,php_p8_h7,perm_seed1741,1,1,UNSATISFIABLE,UNSATISFIABLE,True,True,6125,6125,5545,5545,0.019303,0.021231,0.0019279999999999992,True,True,True,True,True,
repeat=2|base=php_p8_h7|variant=perm_seed1742,2,php_p8_h7,perm_seed1742,1,1,UNSATISFIABLE,UNSATISFIABLE,True,True,5850,5850,5407,5407,0.018612,0.0187,8.800000000000127e-05,True,True,True,True,True,
repeat=2|base=php_p8_h7|variant=perm_seed1743,2,php_p8_h7,perm_seed1743,1,1,UNSATISFIABLE,UNSATISFIABLE,True,True,6238,6238,5695,5695,0.018568,0.017884,-0.0006840000000000006,True,True,True,True,True,
repeat=2|base=php_p8_h7|variant=perm_seed1744,2,php_p8_h7,perm_seed1744,1,1,UNSATISFIABLE,UNSATISFIABLE,True,True,6140,6140,5609,5609,0.017158,0.017046,-0.00011200000000000099,True,True,True,True,True,
repeat=2|base=php_p8_h7|variant=perm_seed1745,2,php_p8_h7,perm_seed1745,1,1,UNSATISFIABLE,UNSATISFIABLE,True,True,5774,5774,5262,5262,0.018174,0.018233,5.9000000000000025e-05,True,True,True,True,True,
repeat=2|base=php_p9_h8|variant=base,2,php_p9_h8,base,1,1,UNSATISFIABLE,UNSATISFIABLE,True,True,46557,46557,43529,43529,0.263552,0.258795,-0.004757000000000011,True,True,True,True,True,
repeat=2|base=php_p9_h8|variant=perm_seed1730,2,php_p9_h8,perm_seed1730,1,1,UNSATISFIABLE,UNSATISFIABLE,True,True,39708,39708,36681,36681,0.180221,0.178394,-0.0018269999999999953,True,True,True,True,True,
repeat=2|base=php_p9_h8|variant=perm_seed1731,2,php_p9_h8,perm_seed1731,1,1,UNSATISFIABLE,UNSATISFIABLE,True,True,47177,47177,43763,43763,0.236904,0.248272,0.01136799999999999,True,True,True,True,True,
repeat=2|base=php_p9_h8|variant=perm_seed1732,2,php_p9_h8,perm_seed1732,1,1,UNSATISFIABLE,UNSATISFIABLE,True,True,42631,42631,39886,39886,0.25623,0.239026,-0.017204000000000025,True,True,True,True,True,
repeat=2|base=php_p9_h8|variant=perm_seed1733,2,php_p9_h8,perm_seed1733,1,1,UNSATISFIABLE,UNSATISFIABLE,True,True,40549,40549,37474,37474,0.216966,0.200833,-0.01613299999999998,True,True,True,True,True,
repeat=2|base=php_p9_h8|variant=perm_seed1734,2,php_p9_h8,perm_seed1734,1,1,UNSATISFIABLE,UNSATISFIABLE,True,True,38155,38155,35575,35575,0.200638,0.194001,-0.006637000000000004,True,True,True,True,True,
repeat=2|base=php_p9_h8|variant=perm_seed1735,2,php_p9_h8,perm_seed1735,1,1,UNSATISFIABLE,UNSATISFIABLE,True,True,38038,38038,34825,34825,0.169817,0.168787,-0.0010300000000000031,True,True,True,True,True,
repeat=2|base=php_p9_h8|variant=perm_seed1736,2,php_p9_h8,perm_seed1736,1,1,UNSATISFIABLE,UNSATISFIABLE,True,True,37635,37635,34827,34827,0.180075,0.17785,-0.0022250000000000048,True,True,True,True,True,
repeat=2|base=php_p9_h8|variant=perm_seed1737,2,php_p9_h8,perm_seed1737,1,1,UNSATISFIABLE,UNSATISFIABLE,True,True,34889,34889,32493,32493,0.185804,0.183453,-0.002350999999999992,True,True,True,True,True,
repeat=2|base=php_p9_h8|variant=perm_seed1738,2,php_p9_h8,perm_seed1738,1,1,UNSATISFIABLE,UNSATISFIABLE,True,True,44410,44410,41150,41150,0.205147,0.203098,-0.0020489999999999953,True,True,True,True,True,
repeat=2|base=php_p9_h8|variant=perm_seed1739,2,php_p9_h8,perm_seed1739,1,1,UNSATISFIABLE,UNSATISFIABLE,True,True,38390,38390,35458,35458,0.199149,0.197944,-0.0012049999999999839,True,True,True,True,True,
repeat=2|base=php_p9_h8|variant=perm_seed1740,2,php_p9_h8,perm_seed1740,1,1,UNSATISFIABLE,UNSATISFIABLE,True,True,45308,45308,42027,42027,0.238792,0.236149,-0.0026430000000000065,True,True,True,True,True,
repeat=2|base=php_p9_h8|variant=perm_seed1741,2,php_p9_h8,perm_seed1741,1,1,UNSATISFIABLE,UNSATISFIABLE,True,True,44335,44335,41422,41422,0.253457,0.254093,0.0006360000000000254,True,True,True,True,True,
repeat=2|base=php_p9_h8|variant=perm_seed1742,2,php_p9_h8,perm_seed1742,1,1,UNSATISFIABLE,UNSATISFIABLE,True,True,35433,35433,33046,33046,0.182683,0.181494,-0.0011890000000000234,True,True,True,True,True,
repeat=2|base=php_p9_h8|variant=perm_seed1743,2,php_p9_h8,perm_seed1743,1,1,UNSATISFIABLE,UNSATISFIABLE,True,True,42142,42142,39194,39194,0.215276,0.20782,-0.00745599999999999,True,True,True,True,True,
repeat=2|base=php_p9_h8|variant=perm_seed1744,2,php_p9_h8,perm_seed1744,1,1,UNSATISFIABLE,UNSATISFIABLE,True,True,38390,38390,35980,35980,0.228702,0.223355,-0.005346999999999991,True,True,True,True,True,
repeat=2|base=php_p9_h8|variant=perm_seed1745,2,php_p9_h8,perm_seed1745,1,1,UNSATISFIABLE,UNSATISFIABLE,True,True,39580,39580,36681,36681,0.207598,0.204308,-0.003290000000000015,True,True,True,True,True,
repeat=2|base=random_3sat_control_v100_c360_seed1931|variant=base,2,random_3sat_control_v100_c360_seed1931,base,1,1,SATISFIABLE,SATISFIABLE,True,True,39,39,9,9,0.000766,0.000909,0.000143,True,True,True,True,True,
repeat=2|base=random_3sat_control_v100_c360_seed1931|variant=perm_seed1730,2,random_3sat_control_v100_c360_seed1931,perm_seed1730,1,1,SATISFIABLE,SATISFIABLE,True,True,60,60,27,27,0.000942,0.000892,-5.000000000000002e-05,True,True,True,True,True,
repeat=2|base=random_3sat_control_v100_c360_seed1931|variant=perm_seed1731,2,random_3sat_control_v100_c360_seed1931,perm_seed1731,1,1,SATISFIABLE,SATISFIABLE,True,True,120,120,81,81,0.000938,0.000925,-1.299999999999999e-05,True,True,True,True,True,
repeat=2|base=random_3sat_control_v100_c360_seed1931|variant=perm_seed1732,2,random_3sat_control_v100_c360_seed1931,perm_seed1732,1,1,SATISFIABLE,SATISFIABLE,True,True,183,183,148,148,0.001026,0.001095,6.900000000000005e-05,True,True,True,True,True,
repeat=2|base=random_3sat_control_v100_c360_seed1931|variant=perm_seed1733,2,random_3sat_control_v100_c360_seed1931,perm_seed1733,1,1,SATISFIABLE,SATISFIABLE,True,True,114,114,79,79,0.00087,0.000928,5.8e-05,True,True,True,True,True,
repeat=2|base=random_3sat_control_v100_c360_seed1931|variant=perm_seed1734,2,random_3sat_control_v100_c360_seed1931,perm_seed1734,1,1,SATISFIABLE,SATISFIABLE,True,True,72,72,38,38,0.000827,0.000843,1.5999999999999955e-05,True,True,True,True,True,
repeat=2|base=random_3sat_control_v100_c360_seed1931|variant=perm_seed1735,2,random_3sat_control_v100_c360_seed1931,perm_seed1735,1,1,SATISFIABLE,SATISFIABLE,True,True,42,42,5,5,0.000784,0.000833,4.9e-05,True,True,True,True,True,
repeat=2|base=random_3sat_control_v100_c360_seed1931|variant=perm_seed1736,2,random_3sat_control_v100_c360_seed1931,perm_seed1736,1,1,SATISFIABLE,SATISFIABLE,True,True,34,34,6,6,0.00071,0.000801,9.099999999999994e-05,True,True,True,True,True,
repeat=2|base=random_3sat_control_v100_c360_seed1931|variant=perm_seed1737,2,random_3sat_control_v100_c360_seed1931,perm_seed1737,1,1,SATISFIABLE,SATISFIABLE,True,True,29,29,2,2,0.000683,0.00076,7.700000000000003e-05,True,True,True,True,True,
repeat=2|base=random_3sat_control_v100_c360_seed1931|variant=perm_seed1738,2,random_3sat_control_v100_c360_seed1931,perm_seed1738,1,1,SATISFIABLE,SATISFIABLE,True,True,47,47,21,21,0.000804,0.000809,5.000000000000013e-06,True,True,True,True,True,
repeat=2|base=random_3sat_control_v100_c360_seed1931|variant=perm_seed1739,2,random_3sat_control_v100_c360_seed1931,perm_seed1739,1,1,SATISFIABLE,SATISFIABLE,True,True,30,30,2,2,0.000723,0.000726,2.9999999999999645e-06,True,True,True,True,True,
repeat=2|base=random_3sat_control_v100_c360_seed1931|variant=perm_seed1740,2,random_3sat_control_v100_c360_seed1931,perm_seed1740,1,1,SATISFIABLE,SATISFIABLE,True,True,89,89,56,56,0.000815,0.000903,8.800000000000008e-05,True,True,True,True,True,
repeat=2|base=random_3sat_control_v100_c360_seed1931|variant=perm_seed1741,2,random_3sat_control_v100_c360_seed1931,perm_seed1741,1,1,SATISFIABLE,SATISFIABLE,True,True,48,48,16,16,0.000737,0.000762,2.4999999999999957e-05,True,True,True,True,True,
repeat=2|base=random_3sat_control_v100_c360_seed1931|variant=perm_seed1742,2,random_3sat_control_v100_c360_seed1931,perm_seed1742,1,1,SATISFIABLE,SATISFIABLE,True,True,30,30,5,5,0.000758,0.0008,4.2000000000000045e-05,True,True,True,True,True,
repeat=2|base=random_3sat_control_v100_c360_seed1931|variant=perm_seed1743,2,random_3sat_control_v100_c360_seed1931,perm_seed1743,1,1,SATISFIABLE,SATISFIABLE,True,True,49,49,16,16,0.00074,0.000842,0.00010199999999999999,True,True,True,True,True,
repeat=2|base=random_3sat_control_v100_c360_seed1931|variant=perm_seed1744,2,random_3sat_control_v100_c360_seed1931,perm_seed1744,1,1,SATISFIABLE,SATISFIABLE,True,True,72,72,32,32,0.000813,0.000873,5.999999999999994e-05,True,True,True,True,True,
repeat=2|base=random_3sat_control_v100_c360_seed1931|variant=perm_seed1745,2,random_3sat_control_v100_c360_seed1931,perm_seed1745,1,1,SATISFIABLE,SATISFIABLE,True,True,39,39,19,19,0.000759,0.000772,1.299999999999999e-05,True,True,True,True,True,
repeat=2|base=random_3sat_control_v100_c425_seed1932|variant=base,2,random_3sat_control_v100_c425_seed1932,base,1,1,UNSATISFIABLE,UNSATISFIABLE,True,True,1295,1295,1100,1100,0.003343,0.003434,9.099999999999994e-05,True,True,True,True,True,
repeat=2|base=random_3sat_control_v100_c425_seed1932|variant=perm_seed1730,2,random_3sat_control_v100_c425_seed1932,perm_seed1730,1,1,UNSATISFIABLE,UNSATISFIABLE,True,True,924,924,801,801,0.002404,0.002644,0.0002400000000000002,True,True,True,True,True,
repeat=2|base=random_3sat_control_v100_c425_seed1932|variant=perm_seed1731,2,random_3sat_control_v100_c425_seed1932,perm_seed1731,1,1,UNSATISFIABLE,UNSATISFIABLE,True,True,1368,1368,1209,1209,0.003721,0.003967,0.0002460000000000001,True,True,True,True,True,
repeat=2|base=random_3sat_control_v100_c425_seed1932|variant=perm_seed1732,2,random_3sat_control_v100_c425_seed1932,perm_seed1732,1,1,UNSATISFIABLE,UNSATISFIABLE,True,True,889,889,751,751,0.002532,0.002528,-4.000000000000097e-06,True,True,True,True,True,
repeat=2|base=random_3sat_control_v100_c425_seed1932|variant=perm_seed1733,2,random_3sat_control_v100_c425_seed1932,perm_seed1733,1,1,UNSATISFIABLE,UNSATISFIABLE,True,True,1248,1248,1070,1070,0.003184,0.003433,0.00024899999999999966,True,True,True,True,True,
repeat=2|base=random_3sat_control_v100_c425_seed1932|variant=perm_seed1734,2,random_3sat_control_v100_c425_seed1932,perm_seed1734,1,1,UNSATISFIABLE,UNSATISFIABLE,True,True,815,815,686,686,0.002169,0.002428,0.0002590000000000001,True,True,True,True,True,
repeat=2|base=random_3sat_control_v100_c425_seed1932|variant=perm_seed1735,2,random_3sat_control_v100_c425_seed1932,perm_seed1735,1,1,UNSATISFIABLE,UNSATISFIABLE,True,True,1114,1114,958,958,0.002968,0.002872,-9.600000000000017e-05,True,True,True,True,True,
repeat=2|base=random_3sat_control_v100_c425_seed1932|variant=perm_seed1736,2,random_3sat_control_v100_c425_seed1932,perm_seed1736,1,1,UNSATISFIABLE,UNSATISFIABLE,True,True,1068,1068,936,936,0.003062,0.00299,-7.200000000000002e-05,True,True,True,True,True,
repeat=2|base=random_3sat_control_v100_c425_seed1932|variant=perm_seed1737,2,random_3sat_control_v100_c425_seed1932,perm_seed1737,1,1,UNSATISFIABLE,UNSATISFIABLE,True,True,1265,1265,1083,1083,0.003137,0.003193,5.600000000000006e-05,True,True,True,True,True,
repeat=2|base=random_3sat_control_v100_c425_seed1932|variant=perm_seed1738,2,random_3sat_control_v100_c425_seed1932,perm_seed1738,1,1,UNSATISFIABLE,UNSATISFIABLE,True,True,995,995,860,860,0.002592,0.002855,0.0002629999999999998,True,True,True,True,True,
repeat=2|base=random_3sat_control_v100_c425_seed1932|variant=perm_seed1739,2,random_3sat_control_v100_c425_seed1932,perm_seed1739,1,1,UNSATISFIABLE,UNSATISFIABLE,True,True,1222,1222,1057,1057,0.003091,0.003141,5.000000000000013e-05,True,True,True,True,True,
repeat=2|base=random_3sat_control_v100_c425_seed1932|variant=perm_seed1740,2,random_3sat_control_v100_c425_seed1932,perm_seed1740,1,1,UNSATISFIABLE,UNSATISFIABLE,True,True,1232,1232,1053,1053,0.003306,0.003297,-8.999999999999894e-06,True,True,True,True,True,
repeat=2|base=random_3sat_control_v100_c425_seed1932|variant=perm_seed1741,2,random_3sat_control_v100_c425_seed1932,perm_seed1741,1,1,UNSATISFIABLE,UNSATISFIABLE,True,True,1256,1256,1113,1113,0.003428,0.003419,-8.999999999999894e-06,True,True,True,True,True,
repeat=2|base=random_3sat_control_v100_c425_seed1932|variant=perm_seed1742,2,random_3sat_control_v100_c425_seed1932,perm_seed1742,1,1,UNSATISFIABLE,UNSATISFIABLE,True,True,1404,1404,1195,1195,0.003505,0.003747,0.00024200000000000003,True,True,True,True,True,
repeat=2|base=random_3sat_control_v100_c425_seed1932|variant=perm_seed1743,2,random_3sat_control_v100_c425_seed1932,perm_seed1743,1,1,UNSATISFIABLE,UNSATISFIABLE,True,True,1514,1514,1318,1318,0.004214,0.004096,-0.00011800000000000005,True,True,True,True,True,
repeat=2|base=random_3sat_control_v100_c425_seed1932|variant=perm_seed1744,2,random_3sat_control_v100_c425_seed1932,perm_seed1744,1,1,UNSATISFIABLE,UNSATISFIABLE,True,True,865,865,716,716,0.002356,0.00234,-1.5999999999999955e-05,True,True,True,True,True,
repeat=2|base=random_3sat_control_v100_c425_seed1932|variant=perm_seed1745,2,random_3sat_control_v100_c425_seed1932,perm_seed1745,1,1,UNSATISFIABLE,UNSATISFIABLE,True,True,805,805,716,716,0.002234,0.002477,0.00024300000000000016,True,True,True,True,True,
repeat=2|base=random_3sat_control_v100_c600_seed1914|variant=base,2,random_3sat_control_v100_c600_seed1914,base,1,1,UNSATISFIABLE,UNSATISFIABLE,True,True,178,178,148,148,0.001067,0.001045,-2.20000000000001e-05,True,True,True,True,True,
repeat=2|base=random_3sat_control_v100_c600_seed1914|variant=perm_seed1730,2,random_3sat_control_v100_c600_seed1914,perm_seed1730,1,1,UNSATISFIABLE,UNSATISFIABLE,True,True,327,327,284,284,0.001307,0.001327,2.0000000000000052e-05,True,True,True,True,True,
repeat=2|base=random_3sat_control_v100_c600_seed1914|variant=perm_seed1731,2,random_3sat_control_v100_c600_seed1914,perm_seed1731,1,1,UNSATISFIABLE,UNSATISFIABLE,True,True,250,250,203,203,0.001122,0.001102,-2.0000000000000052e-05,True,True,True,True,True,
repeat=2|base=random_3sat_control_v100_c600_seed1914|variant=perm_seed1732,2,random_3sat_control_v100_c600_seed1914,perm_seed1732,1,1,UNSATISFIABLE,UNSATISFIABLE,True,True,176,176,152,152,0.00103,0.001067,3.6999999999999924e-05,True,True,True,True,True,
repeat=2|base=random_3sat_control_v100_c600_seed1914|variant=perm_seed1733,2,random_3sat_control_v100_c600_seed1914,perm_seed1733,1,1,UNSATISFIABLE,UNSATISFIABLE,True,True,283,283,255,255,0.001268,0.00127,2.0000000000000486e-06,True,True,True,True,True,
repeat=2|base=random_3sat_control_v100_c600_seed1914|variant=perm_seed1734,2,random_3sat_control_v100_c600_seed1914,perm_seed1734,1,1,UNSATISFIABLE,UNSATISFIABLE,True,True,197,197,171,171,0.001062,0.001052,-1.0000000000000026e-05,True,True,True,True,True,
repeat=2|base=random_3sat_control_v100_c600_seed1914|variant=perm_seed1735,2,random_3sat_control_v100_c600_seed1914,perm_seed1735,1,1,UNSATISFIABLE,UNSATISFIABLE,True,True,124,124,110,110,0.000977,0.00101,3.300000000000004e-05,True,True,True,True,True,
repeat=2|base=random_3sat_control_v100_c600_seed1914|variant=perm_seed1736,2,random_3sat_control_v100_c600_seed1914,perm_seed1736,1,1,UNSATISFIABLE,UNSATISFIABLE,True,True,194,194,166,166,0.001046,0.001099,5.299999999999988e-05,True,True,True,True,True,
repeat=2|base=random_3sat_control_v100_c600_seed1914|variant=perm_seed1737,2,random_3sat_control_v100_c600_seed1914,perm_seed1737,1,1,UNSATISFIABLE,UNSATISFIABLE,True,True,172,172,150,150,0.001033,0.001084,5.099999999999983e-05,True,True,True,True,True,
repeat=2|base=random_3sat_control_v100_c600_seed1914|variant=perm_seed1738,2,random_3sat_control_v100_c600_seed1914,perm_seed1738,1,1,UNSATISFIABLE,UNSATISFIABLE,True,True,189,189,173,173,0.001241,0.001197,-4.3999999999999985e-05,True,True,True,True,True,
repeat=2|base=random_3sat_control_v100_c600_seed1914|variant=perm_seed1739,2,random_3sat_control_v100_c600_seed1914,perm_seed1739,1,1,UNSATISFIABLE,UNSATISFIABLE,True,True,190,190,161,161,0.001196,0.001055,-0.00014100000000000007,True,True,True,True,True,
repeat=2|base=random_3sat_control_v100_c600_seed1914|variant=perm_seed1740,2,random_3sat_control_v100_c600_seed1914,perm_seed1740,1,1,UNSATISFIABLE,UNSATISFIABLE,True,True,231,231,201,201,0.001343,0.001219,-0.00012399999999999998,True,True,True,True,True,
repeat=2|base=random_3sat_control_v100_c600_seed1914|variant=perm_seed1741,2,random_3sat_control_v100_c600_seed1914,perm_seed1741,1,1,UNSATISFIABLE,UNSATISFIABLE,True,True,193,193,168,168,0.001099,0.001144,4.500000000000012e-05,True,True,True,True,True,
repeat=2|base=random_3sat_control_v100_c600_seed1914|variant=perm_seed1742,2,random_3sat_control_v100_c600_seed1914,perm_seed1742,1,1,UNSATISFIABLE,UNSATISFIABLE,True,True,182,182,157,157,0.001104,0.001184,7.999999999999999e-05,True,True,True,True,True,
repeat=2|base=random_3sat_control_v100_c600_seed1914|variant=perm_seed1743,2,random_3sat_control_v100_c600_seed1914,perm_seed1743,1,1,UNSATISFIABLE,UNSATISFIABLE,True,True,130,130,109,109,0.000973,0.000999,2.600000000000009e-05,True,True,True,True,True,
repeat=2|base=random_3sat_control_v100_c600_seed1914|variant=perm_seed1744,2,random_3sat_control_v100_c600_seed1914,perm_seed1744,1,1,UNSATISFIABLE,UNSATISFIABLE,True,True,215,215,193,193,0.001135,0.001184,4.9e-05,True,True,True,True,True,
repeat=2|base=random_3sat_control_v100_c600_seed1914|variant=perm_seed1745,2,random_3sat_control_v100_c600_seed1914,perm_seed1745,1,1,UNSATISFIABLE,UNSATISFIABLE,True,True,153,153,133,133,0.001004,0.001191,0.0001870000000000001,True,True,True,True,True,
repeat=2|base=random_3sat_control_v120_c420_seed1933|variant=base,2,random_3sat_control_v120_c420_seed1933,base,1,1,SATISFIABLE,SATISFIABLE,True,True,135,135,79,79,0.001141,0.001109,-3.200000000000013e-05,True,True,True,True,True,
repeat=2|base=random_3sat_control_v120_c420_seed1933|variant=perm_seed1730,2,random_3sat_control_v120_c420_seed1933,perm_seed1730,1,1,SATISFIABLE,SATISFIABLE,True,True,52,52,12,12,0.000914,0.000911,-2.9999999999999645e-06,True,True,True,True,True,
repeat=2|base=random_3sat_control_v120_c420_seed1933|variant=perm_seed1731,2,random_3sat_control_v120_c420_seed1933,perm_seed1731,1,1,SATISFIABLE,SATISFIABLE,True,True,192,192,126,126,0.001121,0.001185,6.400000000000004e-05,True,True,True,True,True,
repeat=2|base=random_3sat_control_v120_c420_seed1933|variant=perm_seed1732,2,random_3sat_control_v120_c420_seed1933,perm_seed1732,1,1,SATISFIABLE,SATISFIABLE,True,True,36,36,0,0,0.000865,0.000884,1.9000000000000028e-05,True,True,True,True,True,
repeat=2|base=random_3sat_control_v120_c420_seed1933|variant=perm_seed1733,2,random_3sat_control_v120_c420_seed1933,perm_seed1733,1,1,SATISFIABLE,SATISFIABLE,True,True,38,38,5,5,0.000835,0.000766,-6.900000000000005e-05,True,True,True,True,True,
repeat=2|base=random_3sat_control_v120_c420_seed1933|variant=perm_seed1734,2,random_3sat_control_v120_c420_seed1933,perm_seed1734,1,1,SATISFIABLE,SATISFIABLE,True,True,138,138,90,90,0.001131,0.001207,7.59999999999999e-05,True,True,True,True,True,
repeat=2|base=random_3sat_control_v120_c420_seed1933|variant=perm_seed1735,2,random_3sat_control_v120_c420_seed1933,perm_seed1735,1,1,SATISFIABLE,SATISFIABLE,True,True,32,32,0,0,0.000919,0.000969,5.000000000000002e-05,True,True,True,True,True,
repeat=2|base=random_3sat_control_v120_c420_seed1933|variant=perm_seed1736,2,random_3sat_control_v120_c420_seed1933,perm_seed1736,1,1,SATISFIABLE,SATISFIABLE,True,True,30,30,6,6,0.00081,0.000876,6.600000000000009e-05,True,True,True,True,True,
repeat=2|base=random_3sat_control_v120_c420_seed1933|variant=perm_seed1737,2,random_3sat_control_v120_c420_seed1933,perm_seed1737,1,1,SATISFIABLE,SATISFIABLE,True,True,56,56,24,24,0.000932,0.000857,-7.499999999999998e-05,True,True,True,True,True,
repeat=2|base=random_3sat_control_v120_c420_seed1933|variant=perm_seed1738,2,random_3sat_control_v120_c420_seed1933,perm_seed1738,1,1,SATISFIABLE,SATISFIABLE,True,True,37,37,0,0,0.000832,0.000809,-2.299999999999991e-05,True,True,True,True,True,
repeat=2|base=random_3sat_control_v120_c420_seed1933|variant=perm_seed1739,2,random_3sat_control_v120_c420_seed1933,perm_seed1739,1,1,SATISFIABLE,SATISFIABLE,True,True,39,39,1,1,0.000917,0.000879,-3.799999999999995e-05,True,True,True,True,True,
repeat=2|base=random_3sat_control_v120_c420_seed1933|variant=perm_seed1740,2,random_3sat_control_v120_c420_seed1933,perm_seed1740,1,1,SATISFIABLE,SATISFIABLE,True,True,31,31,1,1,0.000783,0.000788,5.000000000000013e-06,True,True,True,True,True,
repeat=2|base=random_3sat_control_v120_c420_seed1933|variant=perm_seed1741,2,random_3sat_control_v120_c420_seed1933,perm_seed1741,1,1,SATISFIABLE,SATISFIABLE,True,True,111,111,57,57,0.00085,0.000963,0.00011300000000000004,True,True,True,True,True,
repeat=2|base=random_3sat_control_v120_c420_seed1933|variant=perm_seed1742,2,random_3sat_control_v120_c420_seed1933,perm_seed1742,1,1,SATISFIABLE,SATISFIABLE,True,True,33,33,10,10,0.000914,0.00091,-3.999999999999989e-06,True,True,True,True,True,
repeat=2|base=random_3sat_control_v120_c420_seed1933|variant=perm_seed1743,2,random_3sat_control_v120_c420_seed1933,perm_seed1743,1,1,SATISFIABLE,SATISFIABLE,True,True,72,72,25,25,0.00083,0.000935,0.00010499999999999995,True,True,True,True,True,
repeat=2|base=random_3sat_control_v120_c420_seed1933|variant=perm_seed1744,2,random_3sat_control_v120_c420_seed1933,perm_seed1744,1,1,SATISFIABLE,SATISFIABLE,True,True,86,86,33,33,0.001192,0.001042,-0.00014999999999999996,True,True,True,True,True,
repeat=2|base=random_3sat_control_v120_c420_seed1933|variant=perm_seed1745,2,random_3sat_control_v120_c420_seed1933,perm_seed1745,1,1,SATISFIABLE,SATISFIABLE,True,True,42,42,4,4,0.000829,0.000805,-2.3999999999999933e-05,True,True,True,True,True,
repeat=2|base=random_3sat_control_v120_c510_seed1934|variant=base,2,random_3sat_control_v120_c510_seed1934,base,1,1,SATISFIABLE,SATISFIABLE,True,True,243,243,196,196,0.001255,0.001289,3.399999999999996e-05,True,True,True,True,True,
repeat=2|base=random_3sat_control_v120_c510_seed1934|variant=perm_seed1730,2,random_3sat_control_v120_c510_seed1934,perm_seed1730,1,1,SATISFIABLE,SATISFIABLE,True,True,780,780,644,644,0.002654,0.002419,-0.00023499999999999997,True,True,True,True,True,
repeat=2|base=random_3sat_control_v120_c510_seed1934|variant=perm_seed1731,2,random_3sat_control_v120_c510_seed1934,perm_seed1731,1,1,SATISFIABLE,SATISFIABLE,True,True,758,758,654,654,0.002729,0.002511,-0.00021799999999999988,True,True,True,True,True,
repeat=2|base=random_3sat_control_v120_c510_seed1934|variant=perm_seed1732,2,random_3sat_control_v120_c510_seed1934,perm_seed1732,1,1,SATISFIABLE,SATISFIABLE,True,True,1356,1356,1182,1182,0.003869,0.003957,8.799999999999954e-05,True,True,True,True,True,
repeat=2|base=random_3sat_control_v120_c510_seed1934|variant=perm_seed1733,2,random_3sat_control_v120_c510_seed1934,perm_seed1733,1,1,SATISFIABLE,SATISFIABLE,True,True,613,613,519,519,0.002084,0.002314,0.00023000000000000017,True,True,True,True,True,
repeat=2|base=random_3sat_control_v120_c510_seed1934|variant=perm_seed1734,2,random_3sat_control_v120_c510_seed1934,perm_seed1734,1,1,SATISFIABLE,SATISFIABLE,True,True,1348,1348,1164,1164,0.003835,0.003981,0.0001460000000000003,True,True,True,True,True,
repeat=2|base=random_3sat_control_v120_c510_seed1934|variant=perm_seed1735,2,random_3sat_control_v120_c510_seed1934,perm_seed1735,1,1,SATISFIABLE,SATISFIABLE,True,True,923,923,763,763,0.002718,0.002743,2.5000000000000282e-05,True,True,True,True,True,
repeat=2|base=random_3sat_control_v120_c510_seed1934|variant=perm_seed1736,2,random_3sat_control_v120_c510_seed1934,perm_seed1736,1,1,SATISFIABLE,SATISFIABLE,True,True,316,316,239,239,0.001325,0.001607,0.0002819999999999999,True,True,True,True,True,
repeat=2|base=random_3sat_control_v120_c510_seed1934|variant=perm_seed1737,2,random_3sat_control_v120_c510_seed1934,perm_seed1737,1,1,SATISFIABLE,SATISFIABLE,True,True,1069,1069,900,900,0.003142,0.003493,0.0003510000000000002,True,True,True,True,True,
repeat=2|base=random_3sat_control_v120_c510_seed1934|variant=perm_seed1738,2,random_3sat_control_v120_c510_seed1934,perm_seed1738,1,1,SATISFIABLE,SATISFIABLE,True,True,1313,1313,1140,1140,0.004302,0.003822,-0.0004800000000000004,True,True,True,True,True,
repeat=2|base=random_3sat_control_v120_c510_seed1934|variant=perm_seed1739,2,random_3sat_control_v120_c510_seed1934,perm_seed1739,1,1,SATISFIABLE,SATISFIABLE,True,True,1230,1230,1051,1051,0.003539,0.003504,-3.4999999999999875e-05,True,True,True,True,True,
repeat=2|base=random_3sat_control_v120_c510_seed1934|variant=perm_seed1740,2,random_3sat_control_v120_c510_seed1934,perm_seed1740,1,1,SATISFIABLE,SATISFIABLE,True,True,741,741,619,619,0.002387,0.002356,-3.099999999999978e-05,True,True,True,True,True,
repeat=2|base=random_3sat_control_v120_c510_seed1934|variant=perm_seed1741,2,random_3sat_control_v120_c510_seed1934,perm_seed1741,1,1,SATISFIABLE,SATISFIABLE,True,True,854,854,708,708,0.002583,0.002559,-2.3999999999999716e-05,True,True,True,True,True,
repeat=2|base=random_3sat_control_v120_c510_seed1934|variant=perm_seed1742,2,random_3sat_control_v120_c510_seed1934,perm_seed1742,1,1,SATISFIABLE,SATISFIABLE,True,True,807,807,686,686,0.002452,0.002356,-9.600000000000017e-05,True,True,True,True,True,
repeat=2|base=random_3sat_control_v120_c510_seed1934|variant=perm_seed1743,2,random_3sat_control_v120_c510_seed1934,perm_seed1743,1,1,SATISFIABLE,SATISFIABLE,True,True,1021,1021,858,858,0.002918,0.002969,5.099999999999983e-05,True,True,True,True,True,
repeat=2|base=random_3sat_control_v120_c510_seed1934|variant=perm_seed1744,2,random_3sat_control_v120_c510_seed1934,perm_seed1744,1,1,SATISFIABLE,SATISFIABLE,True,True,440,440,352,352,0.002252,0.001744,-0.000508,True,True,True,True,True,
repeat=2|base=random_3sat_control_v120_c510_seed1934|variant=perm_seed1745,2,random_3sat_control_v120_c510_seed1934,perm_seed1745,1,1,SATISFIABLE,SATISFIABLE,True,True,682,682,589,589,0.002144,0.002171,2.7000000000000114e-05,True,True,True,True,True,
repeat=2|base=random_3sat_control_v140_c595_seed1935|variant=base,2,random_3sat_control_v140_c595_seed1935,base,1,1,UNSATISFIABLE,UNSATISFIABLE,True,True,3075,3075,2591,2591,0.008652,0.008644,-7.999999999999327e-06,True,True,True,True,True,
repeat=2|base=random_3sat_control_v140_c595_seed1935|variant=perm_seed1730,2,random_3sat_control_v140_c595_seed1935,perm_seed1730,1,1,UNSATISFIABLE,UNSATISFIABLE,True,True,4309,4309,3607,3607,0.013412,0.013583,0.00017099999999999928,True,True,True,True,True,
repeat=2|base=random_3sat_control_v140_c595_seed1935|variant=perm_seed1731,2,random_3sat_control_v140_c595_seed1935,perm_seed1731,1,1,UNSATISFIABLE,UNSATISFIABLE,True,True,4589,4589,3950,3950,0.014255,0.014433,0.00017799999999999934,True,True,True,True,True,
repeat=2|base=random_3sat_control_v140_c595_seed1935|variant=perm_seed1732,2,random_3sat_control_v140_c595_seed1935,perm_seed1732,1,1,UNSATISFIABLE,UNSATISFIABLE,True,True,3477,3477,2986,2986,0.010626,0.013118,0.0024919999999999994,True,True,True,True,True,
repeat=2|base=random_3sat_control_v140_c595_seed1935|variant=perm_seed1733,2,random_3sat_control_v140_c595_seed1935,perm_seed1733,1,1,UNSATISFIABLE,UNSATISFIABLE,True,True,3288,3288,2769,2769,0.008819,0.008557,-0.0002620000000000001,True,True,True,True,True,
repeat=2|base=random_3sat_control_v140_c595_seed1935|variant=perm_seed1734,2,random_3sat_control_v140_c595_seed1935,perm_seed1734,1,1,UNSATISFIABLE,UNSATISFIABLE,True,True,3521,3521,2997,2997,0.010435,0.011364,0.000929000000000001,True,True,True,True,True,
repeat=2|base=random_3sat_control_v140_c595_seed1935|variant=perm_seed1735,2,random_3sat_control_v140_c595_seed1935,perm_seed1735,1,1,UNSATISFIABLE,UNSATISFIABLE,True,True,3414,3414,2941,2941,0.009774,0.009754,-1.9999999999999185e-05,True,True,True,True,True,
repeat=2|base=random_3sat_control_v140_c595_seed1935|variant=perm_seed1736,2,random_3sat_control_v140_c595_seed1935,perm_seed1736,1,1,UNSATISFIABLE,UNSATISFIABLE,True,True,3531,3531,3024,3024,0.010208,0.01018,-2.8000000000000247e-05,True,True,True,True,True,
repeat=2|base=random_3sat_control_v140_c595_seed1935|variant=perm_seed1737,2,random_3sat_control_v140_c595_seed1935,perm_seed1737,1,1,UNSATISFIABLE,UNSATISFIABLE,True,True,3490,3490,2973,2973,0.009967,0.010003,3.5999999999999574e-05,True,True,True,True,True,
repeat=2|base=random_3sat_control_v140_c595_seed1935|variant=perm_seed1738,2,random_3sat_control_v140_c595_seed1935,perm_seed1738,1,1,UNSATISFIABLE,UNSATISFIABLE,True,True,3180,3180,2682,2682,0.009185,0.00927,8.5e-05,True,True,True,True,True,
repeat=2|base=random_3sat_control_v140_c595_seed1935|variant=perm_seed1739,2,random_3sat_control_v140_c595_seed1935,perm_seed1739,1,1,UNSATISFIABLE,UNSATISFIABLE,True,True,3928,3928,3329,3329,0.011359,0.011338,-2.099999999999845e-05,True,True,True,True,True,
repeat=2|base=random_3sat_control_v140_c595_seed1935|variant=perm_seed1740,2,random_3sat_control_v140_c595_seed1935,perm_seed1740,1,1,UNSATISFIABLE,UNSATISFIABLE,True,True,2789,2789,2362,2362,0.008303,0.008371,6.800000000000035e-05,True,True,True,True,True,
repeat=2|base=random_3sat_control_v140_c595_seed1935|variant=perm_seed1741,2,random_3sat_control_v140_c595_seed1935,perm_seed1741,1,1,UNSATISFIABLE,UNSATISFIABLE,True,True,3699,3699,3145,3145,0.011167,0.011064,-0.00010300000000000066,True,True,True,True,True,
repeat=2|base=random_3sat_control_v140_c595_seed1935|variant=perm_seed1742,2,random_3sat_control_v140_c595_seed1935,perm_seed1742,1,1,UNSATISFIABLE,UNSATISFIABLE,True,True,2994,2994,2540,2540,0.00902,0.009126,0.00010600000000000019,True,True,True,True,True,
repeat=2|base=random_3sat_control_v140_c595_seed1935|variant=perm_seed1743,2,random_3sat_control_v140_c595_seed1935,perm_seed1743,1,1,UNSATISFIABLE,UNSATISFIABLE,True,True,3045,3045,2579,2579,0.009113,0.008952,-0.00016099999999999969,True,True,True,True,True,
repeat=2|base=random_3sat_control_v140_c595_seed1935|variant=perm_seed1744,2,random_3sat_control_v140_c595_seed1935,perm_seed1744,1,1,UNSATISFIABLE,UNSATISFIABLE,True,True,3721,3721,3205,3205,0.010884,0.011116,0.00023199999999999957,True,True,True,True,True,
repeat=2|base=random_3sat_control_v140_c595_seed1935|variant=perm_seed1745,2,random_3sat_control_v140_c595_seed1935,perm_seed1745,1,1,UNSATISFIABLE,UNSATISFIABLE,True,True,3463,3463,2976,2976,0.010463,0.010585,0.00012200000000000058,True,True,True,True,True,
repeat=2|base=random_3sat_control_v150_c525_seed1936|variant=base,2,random_3sat_control_v150_c525_seed1936,base,1,1,SATISFIABLE,SATISFIABLE,True,True,52,52,3,3,0.000865,0.000894,2.9000000000000054e-05,True,True,True,True,True,
repeat=2|base=random_3sat_control_v150_c525_seed1936|variant=perm_seed1730,2,random_3sat_control_v150_c525_seed1936,perm_seed1730,1,1,SATISFIABLE,SATISFIABLE,True,True,36,36,1,1,0.000811,0.000797,-1.4000000000000015e-05,True,True,True,True,True,
repeat=2|base=random_3sat_control_v150_c525_seed1936|variant=perm_seed1731,2,random_3sat_control_v150_c525_seed1936,perm_seed1731,1,1,SATISFIABLE,SATISFIABLE,True,True,64,64,17,17,0.000859,0.000857,-1.99999999999994e-06,True,True,True,True,True,
repeat=2|base=random_3sat_control_v150_c525_seed1936|variant=perm_seed1732,2,random_3sat_control_v150_c525_seed1936,perm_seed1732,1,1,SATISFIABLE,SATISFIABLE,True,True,66,66,17,17,0.000847,0.000907,6.000000000000005e-05,True,True,True,True,True,
repeat=2|base=random_3sat_control_v150_c525_seed1936|variant=perm_seed1733,2,random_3sat_control_v150_c525_seed1936,perm_seed1733,1,1,SATISFIABLE,SATISFIABLE,True,True,89,89,36,36,0.000862,0.001002,0.00014000000000000004,True,True,True,True,True,
repeat=2|base=random_3sat_control_v150_c525_seed1936|variant=perm_seed1734,2,random_3sat_control_v150_c525_seed1936,perm_seed1734,1,1,SATISFIABLE,SATISFIABLE,True,True,40,40,5,5,0.000787,0.000799,1.1999999999999966e-05,True,True,True,True,True,
repeat=2|base=random_3sat_control_v150_c525_seed1936|variant=perm_seed1735,2,random_3sat_control_v150_c525_seed1936,perm_seed1735,1,1,SATISFIABLE,SATISFIABLE,True,True,177,177,116,116,0.001073,0.001039,-3.399999999999996e-05,True,True,True,True,True,
repeat=2|base=random_3sat_control_v150_c525_seed1936|variant=perm_seed1736,2,random_3sat_control_v150_c525_seed1936,perm_seed1736,1,1,SATISFIABLE,SATISFIABLE,True,True,71,71,22,22,0.000872,0.000871,-1.0000000000000243e-06,True,True,True,True,True,
repeat=2|base=random_3sat_control_v150_c525_seed1936|variant=perm_seed1737,2,random_3sat_control_v150_c525_seed1936,perm_seed1737,1,1,SATISFIABLE,SATISFIABLE,True,True,116,116,61,61,0.000977,0.001071,9.39999999999999e-05,True,True,True,True,True,
repeat=2|base=random_3sat_control_v150_c525_seed1936|variant=perm_seed1738,2,random_3sat_control_v150_c525_seed1936,perm_seed1738,1,1,SATISFIABLE,SATISFIABLE,True,True,72,72,26,26,0.000851,0.000915,6.400000000000004e-05,True,True,True,True,True,
repeat=2|base=random_3sat_control_v150_c525_seed1936|variant=perm_seed1739,2,random_3sat_control_v150_c525_seed1936,perm_seed1739,1,1,SATISFIABLE,SATISFIABLE,True,True,184,184,126,126,0.001149,0.001219,6.999999999999997e-05,True,True,True,True,True,
repeat=2|base=random_3sat_control_v150_c525_seed1936|variant=perm_seed1740,2,random_3sat_control_v150_c525_seed1936,perm_seed1740,1,1,SATISFIABLE,SATISFIABLE,True,True,81,81,31,31,0.001055,0.000955,-9.999999999999994e-05,True,True,True,True,True,
repeat=2|base=random_3sat_control_v150_c525_seed1936|variant=perm_seed1741,2,random_3sat_control_v150_c525_seed1936,perm_seed1741,1,1,SATISFIABLE,SATISFIABLE,True,True,135,135,71,71,0.001159,0.001041,-0.00011800000000000005,True,True,True,True,True,
repeat=2|base=random_3sat_control_v150_c525_seed1936|variant=perm_seed1742,2,random_3sat_control_v150_c525_seed1936,perm_seed1742,1,1,SATISFIABLE,SATISFIABLE,True,True,60,60,14,14,0.00089,0.000857,-3.2999999999999935e-05,True,True,True,True,True,
repeat=2|base=random_3sat_control_v150_c525_seed1936|variant=perm_seed1743,2,random_3sat_control_v150_c525_seed1936,perm_seed1743,1,1,SATISFIABLE,SATISFIABLE,True,True,179,179,124,124,0.00118,0.001142,-3.8000000000000056e-05,True,True,True,True,True,
repeat=2|base=random_3sat_control_v150_c525_seed1936|variant=perm_seed1744,2,random_3sat_control_v150_c525_seed1936,perm_seed1744,1,1,SATISFIABLE,SATISFIABLE,True,True,141,141,98,98,0.001024,0.001058,3.399999999999996e-05,True,True,True,True,True,
repeat=2|base=random_3sat_control_v150_c525_seed1936|variant=perm_seed1745,2,random_3sat_control_v150_c525_seed1936,perm_seed1745,1,1,SATISFIABLE,SATISFIABLE,True,True,53,53,11,11,0.000878,0.000937,5.9000000000000025e-05,True,True,True,True,True,
repeat=2|base=random_3sat_control_v150_c638_seed1937|variant=base,2,random_3sat_control_v150_c638_seed1937,base,1,1,SATISFIABLE,SATISFIABLE,True,True,4053,4053,3484,3484,0.011949,0.0125,0.0005510000000000011,True,True,True,True,True,
repeat=2|base=random_3sat_control_v150_c638_seed1937|variant=perm_seed1730,2,random_3sat_control_v150_c638_seed1937,perm_seed1730,1,1,SATISFIABLE,SATISFIABLE,True,True,4404,4404,3807,3807,0.016167,0.014248,-0.0019190000000000006,True,True,True,True,True,
repeat=2|base=random_3sat_control_v150_c638_seed1937|variant=perm_seed1731,2,random_3sat_control_v150_c638_seed1937,perm_seed1731,1,1,SATISFIABLE,SATISFIABLE,True,True,4759,4759,4083,4083,0.016067,0.016143,7.599999999999968e-05,True,True,True,True,True,
repeat=2|base=random_3sat_control_v150_c638_seed1937|variant=perm_seed1732,2,random_3sat_control_v150_c638_seed1937,perm_seed1732,1,1,SATISFIABLE,SATISFIABLE,True,True,771,771,634,634,0.002947,0.002715,-0.000232,True,True,True,True,True,
repeat=2|base=random_3sat_control_v150_c638_seed1937|variant=perm_seed1733,2,random_3sat_control_v150_c638_seed1937,perm_seed1733,1,1,SATISFIABLE,SATISFIABLE,True,True,1063,1063,885,885,0.003321,0.003603,0.0002819999999999997,True,True,True,True,True,
repeat=2|base=random_3sat_control_v150_c638_seed1937|variant=perm_seed1734,2,random_3sat_control_v150_c638_seed1937,perm_seed1734,1,1,SATISFIABLE,SATISFIABLE,True,True,1176,1176,977,977,0.003629,0.003882,0.0002530000000000002,True,True,True,True,True,
repeat=2|base=random_3sat_control_v150_c638_seed1937|variant=perm_seed1735,2,random_3sat_control_v150_c638_seed1937,perm_seed1735,1,1,SATISFIABLE,SATISFIABLE,True,True,1229,1229,1039,1039,0.003836,0.003964,0.00012799999999999964,True,True,True,True,True,
repeat=2|base=random_3sat_control_v150_c638_seed1937|variant=perm_seed1736,2,random_3sat_control_v150_c638_seed1937,perm_seed1736,1,1,SATISFIABLE,SATISFIABLE,True,True,5506,5506,4760,4760,0.019038,0.019571,0.0005330000000000022,True,True,True,True,True,
repeat=2|base=random_3sat_control_v150_c638_seed1937|variant=perm_seed1737,2,random_3sat_control_v150_c638_seed1937,perm_seed1737,1,1,SATISFIABLE,SATISFIABLE,True,True,3490,3490,3007,3007,0.012235,0.011355,-0.0008799999999999988,True,True,True,True,True,
repeat=2|base=random_3sat_control_v150_c638_seed1937|variant=perm_seed1738,2,random_3sat_control_v150_c638_seed1937,perm_seed1738,1,1,SATISFIABLE,SATISFIABLE,True,True,3456,3456,2946,2946,0.011637,0.011282,-0.0003549999999999994,True,True,True,True,True,
repeat=2|base=random_3sat_control_v150_c638_seed1937|variant=perm_seed1739,2,random_3sat_control_v150_c638_seed1937,perm_seed1739,1,1,SATISFIABLE,SATISFIABLE,True,True,6287,6287,5476,5476,0.024811,0.024596,-0.0002149999999999999,True,True,True,True,True,
repeat=2|base=random_3sat_control_v150_c638_seed1937|variant=perm_seed1740,2,random_3sat_control_v150_c638_seed1937,perm_seed1740,1,1,SATISFIABLE,SATISFIABLE,True,True,2756,2756,2378,2378,0.008881,0.00888,-9.999999999992654e-07,True,True,True,True,True,
repeat=2|base=random_3sat_control_v150_c638_seed1937|variant=perm_seed1741,2,random_3sat_control_v150_c638_seed1937,perm_seed1741,1,1,SATISFIABLE,SATISFIABLE,True,True,3793,3793,3223,3223,0.014684,0.012732,-0.0019519999999999989,True,True,True,True,True,
repeat=2|base=random_3sat_control_v150_c638_seed1937|variant=perm_seed1742,2,random_3sat_control_v150_c638_seed1937,perm_seed1742,1,1,SATISFIABLE,SATISFIABLE,True,True,5826,5826,4968,4968,0.019821,0.019648,-0.00017299999999999954,True,True,True,True,True,
repeat=2|base=random_3sat_control_v150_c638_seed1937|variant=perm_seed1743,2,random_3sat_control_v150_c638_seed1937,perm_seed1743,1,1,SATISFIABLE,SATISFIABLE,True,True,2954,2954,2512,2512,0.009983,0.011421,0.001438,True,True,True,True,True,
repeat=2|base=random_3sat_control_v150_c638_seed1937|variant=perm_seed1744,2,random_3sat_control_v150_c638_seed1937,perm_seed1744,1,1,SATISFIABLE,SATISFIABLE,True,True,4325,4325,3666,3666,0.012779,0.013491,0.0007119999999999991,True,True,True,True,True,
repeat=2|base=random_3sat_control_v150_c638_seed1937|variant=perm_seed1745,2,random_3sat_control_v150_c638_seed1937,perm_seed1745,1,1,SATISFIABLE,SATISFIABLE,True,True,1341,1341,1104,1104,0.004184,0.004713,0.000529,True,True,True,True,True,
repeat=2|base=random_3sat_control_v160_c704_seed2615|variant=base,2,random_3sat_control_v160_c704_seed2615,base,1,1,UNSATISFIABLE,UNSATISFIABLE,True,True,6771,6771,5767,5767,0.023682,0.024424,0.0007419999999999996,True,True,True,True,True,
repeat=2|base=random_3sat_control_v160_c704_seed2615|variant=perm_seed1730,2,random_3sat_control_v160_c704_seed2615,perm_seed1730,1,1,UNSATISFIABLE,UNSATISFIABLE,True,True,8522,8522,7299,7299,0.035898,0.037013,0.001114999999999998,True,True,True,True,True,
repeat=2|base=random_3sat_control_v160_c704_seed2615|variant=perm_seed1731,2,random_3sat_control_v160_c704_seed2615,perm_seed1731,1,1,UNSATISFIABLE,UNSATISFIABLE,True,True,5676,5676,4847,4847,0.019832,0.019572,-0.0002599999999999998,True,True,True,True,True,
repeat=2|base=random_3sat_control_v180_c760_seed3301|variant=base,2,random_3sat_control_v180_c760_seed3301,base,1,1,SATISFIABLE,SATISFIABLE,True,True,27442,27442,23617,23617,0.190775,0.194207,0.0034319999999999906,True,True,True,True,True,
repeat=2|base=random_3sat_control_v180_c760_seed3301|variant=perm_seed1730,2,random_3sat_control_v180_c760_seed3301,perm_seed1730,1,1,SATISFIABLE,SATISFIABLE,True,True,47649,47649,41152,41152,0.392259,0.381385,-0.01087400000000005,True,True,True,True,True,
repeat=2|base=random_3sat_control_v180_c760_seed3301|variant=perm_seed1731,2,random_3sat_control_v180_c760_seed3301,perm_seed1731,1,1,SATISFIABLE,SATISFIABLE,True,True,27197,27197,23469,23469,0.188884,0.189706,0.0008220000000000172,True,True,True,True,True,
repeat=2|base=random_3sat_control_v20_c85_seed1901|variant=base,2,random_3sat_control_v20_c85_seed1901,base,1,1,SATISFIABLE,SATISFIABLE,True,True,17,17,9,9,0.001195,0.001155,-4.0000000000000105e-05,True,True,True,True,True,
repeat=2|base=random_3sat_control_v20_c85_seed1901|variant=perm_seed1730,2,random_3sat_control_v20_c85_seed1901,perm_seed1730,1,1,SATISFIABLE,SATISFIABLE,True,True,12,12,5,5,0.000711,0.000686,-2.5000000000000066e-05,True,True,True,True,True,
repeat=2|base=random_3sat_control_v20_c85_seed1901|variant=perm_seed1731,2,random_3sat_control_v20_c85_seed1901,perm_seed1731,1,1,SATISFIABLE,SATISFIABLE,True,True,15,15,11,11,0.000694,0.000781,8.700000000000005e-05,True,True,True,True,True,
repeat=2|base=random_3sat_control_v20_c85_seed1901|variant=perm_seed1732,2,random_3sat_control_v20_c85_seed1901,perm_seed1732,1,1,SATISFIABLE,SATISFIABLE,True,True,16,16,6,6,0.000756,0.00076,3.999999999999989e-06,True,True,True,True,True,
repeat=2|base=random_3sat_control_v20_c85_seed1901|variant=perm_seed1733,2,random_3sat_control_v20_c85_seed1901,perm_seed1733,1,1,SATISFIABLE,SATISFIABLE,True,True,12,12,7,7,0.000745,0.000706,-3.899999999999997e-05,True,True,True,True,True,
repeat=2|base=random_3sat_control_v20_c85_seed1901|variant=perm_seed1734,2,random_3sat_control_v20_c85_seed1901,perm_seed1734,1,1,SATISFIABLE,SATISFIABLE,True,True,11,11,4,4,0.000712,0.000641,-7.099999999999999e-05,True,True,True,True,True,
repeat=2|base=random_3sat_control_v20_c85_seed1901|variant=perm_seed1735,2,random_3sat_control_v20_c85_seed1901,perm_seed1735,1,1,SATISFIABLE,SATISFIABLE,True,True,11,11,1,1,0.00072,0.000693,-2.7000000000000006e-05,True,True,True,True,True,
repeat=2|base=random_3sat_control_v20_c85_seed1901|variant=perm_seed1736,2,random_3sat_control_v20_c85_seed1901,perm_seed1736,1,1,SATISFIABLE,SATISFIABLE,True,True,14,14,6,6,0.000736,0.000672,-6.400000000000004e-05,True,True,True,True,True,
repeat=2|base=random_3sat_control_v20_c85_seed1901|variant=perm_seed1737,2,random_3sat_control_v20_c85_seed1901,perm_seed1737,1,1,SATISFIABLE,SATISFIABLE,True,True,17,17,8,8,0.000794,0.000726,-6.800000000000003e-05,True,True,True,True,True,
repeat=2|base=random_3sat_control_v20_c85_seed1901|variant=perm_seed1738,2,random_3sat_control_v20_c85_seed1901,perm_seed1738,1,1,SATISFIABLE,SATISFIABLE,True,True,12,12,7,7,0.000627,0.000642,1.500000000000004e-05,True,True,True,True,True,
repeat=2|base=random_3sat_control_v20_c85_seed1901|variant=perm_seed1739,2,random_3sat_control_v20_c85_seed1901,perm_seed1739,1,1,SATISFIABLE,SATISFIABLE,True,True,10,10,3,3,0.000711,0.000674,-3.700000000000003e-05,True,True,True,True,True,
repeat=2|base=random_3sat_control_v20_c85_seed1901|variant=perm_seed1740,2,random_3sat_control_v20_c85_seed1901,perm_seed1740,1,1,SATISFIABLE,SATISFIABLE,True,True,11,11,6,6,0.000678,0.000719,4.100000000000002e-05,True,True,True,True,True,
repeat=2|base=random_3sat_control_v20_c85_seed1901|variant=perm_seed1741,2,random_3sat_control_v20_c85_seed1901,perm_seed1741,1,1,SATISFIABLE,SATISFIABLE,True,True,11,11,4,4,0.000701,0.000628,-7.300000000000004e-05,True,True,True,True,True,
repeat=2|base=random_3sat_control_v20_c85_seed1901|variant=perm_seed1742,2,random_3sat_control_v20_c85_seed1901,perm_seed1742,1,1,SATISFIABLE,SATISFIABLE,True,True,8,8,1,1,0.000664,0.000643,-2.099999999999997e-05,True,True,True,True,True,
repeat=2|base=random_3sat_control_v20_c85_seed1901|variant=perm_seed1743,2,random_3sat_control_v20_c85_seed1901,perm_seed1743,1,1,SATISFIABLE,SATISFIABLE,True,True,14,14,4,4,0.000626,0.00066,3.399999999999996e-05,True,True,True,True,True,
repeat=2|base=random_3sat_control_v20_c85_seed1901|variant=perm_seed1744,2,random_3sat_control_v20_c85_seed1901,perm_seed1744,1,1,SATISFIABLE,SATISFIABLE,True,True,15,15,7,7,0.000649,0.000613,-3.59999999999999e-05,True,True,True,True,True,
repeat=2|base=random_3sat_control_v20_c85_seed1901|variant=perm_seed1745,2,random_3sat_control_v20_c85_seed1901,perm_seed1745,1,1,SATISFIABLE,SATISFIABLE,True,True,8,8,4,4,0.000627,0.000658,3.0999999999999995e-05,True,True,True,True,True,
repeat=2|base=random_3sat_control_v220_c928_seed3303|variant=base,2,random_3sat_control_v220_c928_seed3303,base,1,1,SATISFIABLE,SATISFIABLE,True,True,30277,30277,25994,25994,0.278521,0.280509,0.0019879999999999898,True,True,True,True,True,
repeat=2|base=random_3sat_control_v220_c928_seed3303|variant=perm_seed1730,2,random_3sat_control_v220_c928_seed3303,perm_seed1730,1,1,SATISFIABLE,SATISFIABLE,True,True,52742,52742,45477,45477,0.553664,0.542514,-0.011149999999999993,True,True,True,True,True,
repeat=2|base=random_3sat_control_v220_c928_seed3303|variant=perm_seed1731,2,random_3sat_control_v220_c928_seed3303,perm_seed1731,1,1,SATISFIABLE,SATISFIABLE,True,True,4930,4930,4147,4147,0.024299,0.026326,0.0020269999999999976,True,True,True,True,True,
repeat=2|base=random_3sat_control_v220_c942_seed3304|variant=base,2,random_3sat_control_v220_c942_seed3304,base,1,1,UNSATISFIABLE,UNSATISFIABLE,True,True,35472,35472,30813,30813,0.254029,0.258604,0.004574999999999996,True,True,True,True,True,
repeat=2|base=random_3sat_control_v220_c942_seed3304|variant=perm_seed1730,2,random_3sat_control_v220_c942_seed3304,perm_seed1730,1,1,UNSATISFIABLE,UNSATISFIABLE,True,True,34825,34825,30052,30052,0.254016,0.24929,-0.004726000000000008,True,True,True,True,True,
repeat=2|base=random_3sat_control_v220_c942_seed3304|variant=perm_seed1731,2,random_3sat_control_v220_c942_seed3304,perm_seed1731,1,1,UNSATISFIABLE,UNSATISFIABLE,True,True,38737,38737,33758,33758,0.276809,0.262395,-0.014414000000000038,True,True,True,True,True,
repeat=2|base=random_3sat_control_v24_c102_seed1921|variant=base,2,random_3sat_control_v24_c102_seed1921,base,1,1,UNSATISFIABLE,UNSATISFIABLE,True,True,10,10,11,11,0.000671,0.000692,2.099999999999997e-05,True,True,True,True,True,
repeat=2|base=random_3sat_control_v24_c102_seed1921|variant=perm_seed1730,2,random_3sat_control_v24_c102_seed1921,perm_seed1730,1,1,UNSATISFIABLE,UNSATISFIABLE,True,True,22,22,18,18,0.000672,0.000658,-1.4000000000000015e-05,True,True,True,True,True,
repeat=2|base=random_3sat_control_v24_c102_seed1921|variant=perm_seed1731,2,random_3sat_control_v24_c102_seed1921,perm_seed1731,1,1,UNSATISFIABLE,UNSATISFIABLE,True,True,26,26,26,26,0.000779,0.000888,0.00010900000000000005,True,True,True,True,True,
repeat=2|base=random_3sat_control_v24_c102_seed1921|variant=perm_seed1732,2,random_3sat_control_v24_c102_seed1921,perm_seed1732,1,1,UNSATISFIABLE,UNSATISFIABLE,True,True,18,18,16,16,0.000736,0.000743,6.999999999999953e-06,True,True,True,True,True,
repeat=2|base=random_3sat_control_v24_c102_seed1921|variant=perm_seed1733,2,random_3sat_control_v24_c102_seed1921,perm_seed1733,1,1,UNSATISFIABLE,UNSATISFIABLE,True,True,19,19,19,19,0.000759,0.000697,-6.199999999999999e-05,True,True,True,True,True,
repeat=2|base=random_3sat_control_v24_c102_seed1921|variant=perm_seed1734,2,random_3sat_control_v24_c102_seed1921,perm_seed1734,1,1,UNSATISFIABLE,UNSATISFIABLE,True,True,20,20,20,20,0.000708,0.000654,-5.400000000000001e-05,True,True,True,True,True,
repeat=2|base=random_3sat_control_v24_c102_seed1921|variant=perm_seed1735,2,random_3sat_control_v24_c102_seed1921,perm_seed1735,1,1,UNSATISFIABLE,UNSATISFIABLE,True,True,19,19,19,19,0.000777,0.000675,-0.00010199999999999999,True,True,True,True,True,
repeat=2|base=random_3sat_control_v24_c102_seed1921|variant=perm_seed1736,2,random_3sat_control_v24_c102_seed1921,perm_seed1736,1,1,UNSATISFIABLE,UNSATISFIABLE,True,True,18,18,17,17,0.000814,0.000717,-9.700000000000008e-05,True,True,True,True,True,
repeat=2|base=random_3sat_control_v24_c102_seed1921|variant=perm_seed1737,2,random_3sat_control_v24_c102_seed1921,perm_seed1737,1,1,UNSATISFIABLE,UNSATISFIABLE,True,True,19,19,17,17,0.000679,0.000775,9.599999999999995e-05,True,True,True,True,True,
repeat=2|base=random_3sat_control_v24_c102_seed1921|variant=perm_seed1738,2,random_3sat_control_v24_c102_seed1921,perm_seed1738,1,1,UNSATISFIABLE,UNSATISFIABLE,True,True,26,26,26,26,0.000717,0.000768,5.100000000000005e-05,True,True,True,True,True,
repeat=2|base=random_3sat_control_v24_c102_seed1921|variant=perm_seed1739,2,random_3sat_control_v24_c102_seed1921,perm_seed1739,1,1,UNSATISFIABLE,UNSATISFIABLE,True,True,19,19,18,18,0.000665,0.000709,4.3999999999999985e-05,True,True,True,True,True,
repeat=2|base=random_3sat_control_v24_c102_seed1921|variant=perm_seed1740,2,random_3sat_control_v24_c102_seed1921,perm_seed1740,1,1,UNSATISFIABLE,UNSATISFIABLE,True,True,21,21,22,22,0.000648,0.000718,6.999999999999997e-05,True,True,True,True,True,
repeat=2|base=random_3sat_control_v24_c102_seed1921|variant=perm_seed1741,2,random_3sat_control_v24_c102_seed1921,perm_seed1741,1,1,UNSATISFIABLE,UNSATISFIABLE,True,True,15,15,13,13,0.000743,0.000707,-3.600000000000001e-05,True,True,True,True,True,
repeat=2|base=random_3sat_control_v24_c102_seed1921|variant=perm_seed1742,2,random_3sat_control_v24_c102_seed1921,perm_seed1742,1,1,UNSATISFIABLE,UNSATISFIABLE,True,True,13,13,14,14,0.000649,0.000668,1.9000000000000028e-05,True,True,True,True,True,
repeat=2|base=random_3sat_control_v24_c102_seed1921|variant=perm_seed1743,2,random_3sat_control_v24_c102_seed1921,perm_seed1743,1,1,UNSATISFIABLE,UNSATISFIABLE,True,True,25,25,23,23,0.000668,0.000666,-1.99999999999994e-06,True,True,True,True,True,
repeat=2|base=random_3sat_control_v24_c102_seed1921|variant=perm_seed1744,2,random_3sat_control_v24_c102_seed1921,perm_seed1744,1,1,UNSATISFIABLE,UNSATISFIABLE,True,True,17,17,14,14,0.00117,0.000709,-0.00046100000000000004,True,True,True,True,True,
repeat=2|base=random_3sat_control_v24_c102_seed1921|variant=perm_seed1745,2,random_3sat_control_v24_c102_seed1921,perm_seed1745,1,1,UNSATISFIABLE,UNSATISFIABLE,True,True,19,19,19,19,0.000735,0.000685,-5.000000000000002e-05,True,True,True,True,True,
repeat=2|base=random_3sat_control_v260_c1097_seed3305|variant=base,2,random_3sat_control_v260_c1097_seed3305,base,1,1,SATISFIABLE,SATISFIABLE,True,True,216854,216854,188499,188499,2.44651,2.47558,0.02906999999999993,True,True,True,True,True,
repeat=2|base=random_3sat_control_v260_c1097_seed3305|variant=perm_seed1730,2,random_3sat_control_v260_c1097_seed3305,perm_seed1730,1,1,SATISFIABLE,SATISFIABLE,True,True,224505,224505,195557,195557,2.62462,2.64245,0.017830000000000013,True,True,True,True,True,
repeat=2|base=random_3sat_control_v260_c1097_seed3305|variant=perm_seed1731,2,random_3sat_control_v260_c1097_seed3305,perm_seed1731,1,1,SATISFIABLE,SATISFIABLE,True,True,105916,105916,92052,92052,1.43165,1.41907,-0.012580000000000036,True,True,True,True,True,
repeat=2|base=random_3sat_control_v260_c1113_seed3306|variant=base,2,random_3sat_control_v260_c1113_seed3306,base,1,1,UNSATISFIABLE,UNSATISFIABLE,True,True,178146,178146,155541,155541,1.98371,1.97215,-0.011560000000000015,True,True,True,True,True,
repeat=2|base=random_3sat_control_v260_c1113_seed3306|variant=perm_seed1730,2,random_3sat_control_v260_c1113_seed3306,perm_seed1730,1,1,UNSATISFIABLE,UNSATISFIABLE,True,True,171334,171334,149746,149746,1.86475,1.85214,-0.01261000000000001,True,True,True,True,True,
repeat=2|base=random_3sat_control_v260_c1113_seed3306|variant=perm_seed1731,2,random_3sat_control_v260_c1113_seed3306,perm_seed1731,1,1,UNSATISFIABLE,UNSATISFIABLE,True,True,202621,202621,177648,177648,2.32069,2.35566,0.034969999999999946,True,True,True,True,True,
repeat=2|base=random_3sat_control_v28_c119_seed1922|variant=base,2,random_3sat_control_v28_c119_seed1922,base,1,1,SATISFIABLE,SATISFIABLE,True,True,9,9,0,0,0.000793,0.000691,-0.00010199999999999999,True,True,True,True,True,
repeat=2|base=random_3sat_control_v28_c119_seed1922|variant=perm_seed1730,2,random_3sat_control_v28_c119_seed1922,perm_seed1730,1,1,SATISFIABLE,SATISFIABLE,True,True,16,16,11,11,0.000736,0.000696,-3.9999999999999996e-05,True,True,True,True,True,
repeat=2|base=random_3sat_control_v28_c119_seed1922|variant=perm_seed1731,2,random_3sat_control_v28_c119_seed1922,perm_seed1731,1,1,SATISFIABLE,SATISFIABLE,True,True,11,11,1,1,0.000638,0.000819,0.00018099999999999995,True,True,True,True,True,
repeat=2|base=random_3sat_control_v28_c119_seed1922|variant=perm_seed1732,2,random_3sat_control_v28_c119_seed1922,perm_seed1732,1,1,SATISFIABLE,SATISFIABLE,True,True,19,19,10,10,0.00084,0.000727,-0.00011300000000000004,True,True,True,True,True,
repeat=2|base=random_3sat_control_v28_c119_seed1922|variant=perm_seed1733,2,random_3sat_control_v28_c119_seed1922,perm_seed1733,1,1,SATISFIABLE,SATISFIABLE,True,True,13,13,4,4,0.000863,0.000819,-4.4000000000000094e-05,True,True,True,True,True,
repeat=2|base=random_3sat_control_v28_c119_seed1922|variant=perm_seed1734,2,random_3sat_control_v28_c119_seed1922,perm_seed1734,1,1,SATISFIABLE,SATISFIABLE,True,True,13,13,5,5,0.001282,0.001312,3.000000000000008e-05,True,True,True,True,True,
repeat=2|base=random_3sat_control_v28_c119_seed1922|variant=perm_seed1735,2,random_3sat_control_v28_c119_seed1922,perm_seed1735,1,1,SATISFIABLE,SATISFIABLE,True,True,13,13,6,6,0.00084,0.000768,-7.200000000000002e-05,True,True,True,True,True,
repeat=2|base=random_3sat_control_v28_c119_seed1922|variant=perm_seed1736,2,random_3sat_control_v28_c119_seed1922,perm_seed1736,1,1,SATISFIABLE,SATISFIABLE,True,True,13,13,5,5,0.001032,0.00109,5.800000000000011e-05,True,True,True,True,True,
repeat=2|base=random_3sat_control_v28_c119_seed1922|variant=perm_seed1737,2,random_3sat_control_v28_c119_seed1922,perm_seed1737,1,1,SATISFIABLE,SATISFIABLE,True,True,13,13,3,3,0.00124,0.000787,-0.00045299999999999995,True,True,True,True,True,
repeat=2|base=random_3sat_control_v28_c119_seed1922|variant=perm_seed1738,2,random_3sat_control_v28_c119_seed1922,perm_seed1738,1,1,SATISFIABLE,SATISFIABLE,True,True,19,19,7,7,0.001123,0.001314,0.00019099999999999998,True,True,True,True,True,
repeat=2|base=random_3sat_control_v28_c119_seed1922|variant=perm_seed1739,2,random_3sat_control_v28_c119_seed1922,perm_seed1739,1,1,SATISFIABLE,SATISFIABLE,True,True,15,15,3,3,0.001103,0.001298,0.00019499999999999986,True,True,True,True,True,
repeat=2|base=random_3sat_control_v28_c119_seed1922|variant=perm_seed1740,2,random_3sat_control_v28_c119_seed1922,perm_seed1740,1,1,SATISFIABLE,SATISFIABLE,True,True,16,16,9,9,0.000835,0.001225,0.00038999999999999994,True,True,True,True,True,
repeat=2|base=random_3sat_control_v28_c119_seed1922|variant=perm_seed1741,2,random_3sat_control_v28_c119_seed1922,perm_seed1741,1,1,SATISFIABLE,SATISFIABLE,True,True,14,14,4,4,0.001041,0.001176,0.00013499999999999992,True,True,True,True,True,
repeat=2|base=random_3sat_control_v28_c119_seed1922|variant=perm_seed1742,2,random_3sat_control_v28_c119_seed1922,perm_seed1742,1,1,SATISFIABLE,SATISFIABLE,True,True,29,29,13,13,0.001145,0.000843,-0.00030199999999999997,True,True,True,True,True,
repeat=2|base=random_3sat_control_v28_c119_seed1922|variant=perm_seed1743,2,random_3sat_control_v28_c119_seed1922,perm_seed1743,1,1,SATISFIABLE,SATISFIABLE,True,True,9,9,2,2,0.001145,0.001095,-4.9999999999999914e-05,True,True,True,True,True,
repeat=2|base=random_3sat_control_v28_c119_seed1922|variant=perm_seed1744,2,random_3sat_control_v28_c119_seed1922,perm_seed1744,1,1,SATISFIABLE,SATISFIABLE,True,True,12,12,2,2,0.000761,0.000822,6.100000000000007e-05,True,True,True,True,True,
repeat=2|base=random_3sat_control_v28_c119_seed1922|variant=perm_seed1745,2,random_3sat_control_v28_c119_seed1922,perm_seed1745,1,1,SATISFIABLE,SATISFIABLE,True,True,20,20,9,9,0.000735,0.000735,0.0,True,True,True,True,True,
repeat=2|base=random_3sat_control_v300_c1266_seed3307|variant=base,2,random_3sat_control_v300_c1266_seed3307,base,1,1,SATISFIABLE,SATISFIABLE,True,True,12894,12894,10895,10895,0.078717,0.080509,0.001792000000000002,True,True,True,True,True,
repeat=2|base=random_3sat_control_v300_c1266_seed3307|variant=perm_seed1730,2,random_3sat_control_v300_c1266_seed3307,perm_seed1730,1,1,SATISFIABLE,SATISFIABLE,True,True,43103,43103,37339,37339,0.468026,0.475006,0.006979999999999986,True,True,True,True,True,
repeat=2|base=random_3sat_control_v300_c1266_seed3307|variant=perm_seed1731,2,random_3sat_control_v300_c1266_seed3307,perm_seed1731,1,1,SATISFIABLE,SATISFIABLE,True,True,66962,66962,57424,57424,0.74898,0.748462,-0.0005180000000000184,True,True,True,True,True,
repeat=2|base=random_3sat_control_v30_c128_seed1902|variant=base,2,random_3sat_control_v30_c128_seed1902,base,1,1,UNSATISFIABLE,UNSATISFIABLE,True,True,40,40,39,39,0.00082,0.000874,5.400000000000001e-05,True,True,True,True,True,
repeat=2|base=random_3sat_control_v30_c128_seed1902|variant=perm_seed1730,2,random_3sat_control_v30_c128_seed1902,perm_seed1730,1,1,UNSATISFIABLE,UNSATISFIABLE,True,True,25,25,23,23,0.000794,0.000733,-6.0999999999999965e-05,True,True,True,True,True,
repeat=2|base=random_3sat_control_v30_c128_seed1902|variant=perm_seed1731,2,random_3sat_control_v30_c128_seed1902,perm_seed1731,1,1,UNSATISFIABLE,UNSATISFIABLE,True,True,42,42,41,41,0.00071,0.00076,5.000000000000002e-05,True,True,True,True,True,
repeat=2|base=random_3sat_control_v30_c128_seed1902|variant=perm_seed1732,2,random_3sat_control_v30_c128_seed1902,perm_seed1732,1,1,UNSATISFIABLE,UNSATISFIABLE,True,True,15,15,14,14,0.00085,0.000663,-0.000187,True,True,True,True,True,
repeat=2|base=random_3sat_control_v30_c128_seed1902|variant=perm_seed1733,2,random_3sat_control_v30_c128_seed1902,perm_seed1733,1,1,UNSATISFIABLE,UNSATISFIABLE,True,True,15,15,14,14,0.000824,0.000662,-0.00016199999999999993,True,True,True,True,True,
repeat=2|base=random_3sat_control_v30_c128_seed1902|variant=perm_seed1734,2,random_3sat_control_v30_c128_seed1902,perm_seed1734,1,1,UNSATISFIABLE,UNSATISFIABLE,True,True,14,14,15,15,0.000734,0.000653,-8.099999999999991e-05,True,True,True,True,True,
repeat=2|base=random_3sat_control_v30_c128_seed1902|variant=perm_seed1735,2,random_3sat_control_v30_c128_seed1902,perm_seed1735,1,1,UNSATISFIABLE,UNSATISFIABLE,True,True,30,30,27,27,0.000666,0.000669,2.9999999999999645e-06,True,True,True,True,True,
repeat=2|base=random_3sat_control_v30_c128_seed1902|variant=perm_seed1736,2,random_3sat_control_v30_c128_seed1902,perm_seed1736,1,1,UNSATISFIABLE,UNSATISFIABLE,True,True,25,25,24,24,0.000704,0.000634,-6.999999999999997e-05,True,True,True,True,True,
repeat=2|base=random_3sat_control_v30_c128_seed1902|variant=perm_seed1737,2,random_3sat_control_v30_c128_seed1902,perm_seed1737,1,1,UNSATISFIABLE,UNSATISFIABLE,True,True,22,22,21,21,0.00068,0.0007,1.9999999999999944e-05,True,True,True,True,True,
repeat=2|base=random_3sat_control_v30_c128_seed1902|variant=perm_seed1738,2,random_3sat_control_v30_c128_seed1902,perm_seed1738,1,1,UNSATISFIABLE,UNSATISFIABLE,True,True,15,15,16,16,0.000637,0.000789,0.000152,True,True,True,True,True,
repeat=2|base=random_3sat_control_v30_c128_seed1902|variant=perm_seed1739,2,random_3sat_control_v30_c128_seed1902,perm_seed1739,1,1,UNSATISFIABLE,UNSATISFIABLE,True,True,15,15,15,15,0.000658,0.000689,3.10000000000001e-05,True,True,True,True,True,
repeat=2|base=random_3sat_control_v30_c128_seed1902|variant=perm_seed1740,2,random_3sat_control_v30_c128_seed1902,perm_seed1740,1,1,UNSATISFIABLE,UNSATISFIABLE,True,True,23,23,20,20,0.000815,0.000672,-0.000143,True,True,True,True,True,
repeat=2|base=random_3sat_control_v30_c128_seed1902|variant=perm_seed1741,2,random_3sat_control_v30_c128_seed1902,perm_seed1741,1,1,UNSATISFIABLE,UNSATISFIABLE,True,True,7,7,8,8,0.000757,0.000751,-5.999999999999929e-06,True,True,True,True,True,
repeat=2|base=random_3sat_control_v30_c128_seed1902|variant=perm_seed1742,2,random_3sat_control_v30_c128_seed1902,perm_seed1742,1,1,UNSATISFIABLE,UNSATISFIABLE,True,True,15,15,16,16,0.000676,0.000707,3.0999999999999995e-05,True,True,True,True,True,
repeat=2|base=random_3sat_control_v30_c128_seed1902|variant=perm_seed1743,2,random_3sat_control_v30_c128_seed1902,perm_seed1743,1,1,UNSATISFIABLE,UNSATISFIABLE,True,True,16,16,15,15,0.00068,0.000771,9.099999999999994e-05,True,True,True,True,True,
repeat=2|base=random_3sat_control_v30_c128_seed1902|variant=perm_seed1744,2,random_3sat_control_v30_c128_seed1902,perm_seed1744,1,1,UNSATISFIABLE,UNSATISFIABLE,True,True,18,18,17,17,0.000642,0.000669,2.7000000000000006e-05,True,True,True,True,True,
repeat=2|base=random_3sat_control_v30_c128_seed1902|variant=perm_seed1745,2,random_3sat_control_v30_c128_seed1902,perm_seed1745,1,1,UNSATISFIABLE,UNSATISFIABLE,True,True,15,15,15,15,0.000716,0.000753,3.700000000000003e-05,True,True,True,True,True,
repeat=2|base=random_3sat_control_v32_c136_seed1923|variant=base,2,random_3sat_control_v32_c136_seed1923,base,1,1,SATISFIABLE,SATISFIABLE,True,True,21,21,12,12,0.00071,0.000703,-7.000000000000062e-06,True,True,True,True,True,
repeat=2|base=random_3sat_control_v32_c136_seed1923|variant=perm_seed1730,2,random_3sat_control_v32_c136_seed1923,perm_seed1730,1,1,SATISFIABLE,SATISFIABLE,True,True,32,32,17,17,0.000789,0.000728,-6.0999999999999965e-05,True,True,True,True,True,
repeat=2|base=random_3sat_control_v32_c136_seed1923|variant=perm_seed1731,2,random_3sat_control_v32_c136_seed1923,perm_seed1731,1,1,SATISFIABLE,SATISFIABLE,True,True,10,10,2,2,0.000891,0.000766,-0.000125,True,True,True,True,True,
repeat=2|base=random_3sat_control_v32_c136_seed1923|variant=perm_seed1732,2,random_3sat_control_v32_c136_seed1923,perm_seed1732,1,1,SATISFIABLE,SATISFIABLE,True,True,36,36,25,25,0.000647,0.000753,0.00010599999999999997,True,True,True,True,True,
repeat=2|base=random_3sat_control_v32_c136_seed1923|variant=perm_seed1733,2,random_3sat_control_v32_c136_seed1923,perm_seed1733,1,1,SATISFIABLE,SATISFIABLE,True,True,19,19,12,12,0.000699,0.000655,-4.3999999999999985e-05,True,True,True,True,True,
repeat=2|base=random_3sat_control_v32_c136_seed1923|variant=perm_seed1734,2,random_3sat_control_v32_c136_seed1923,perm_seed1734,1,1,SATISFIABLE,SATISFIABLE,True,True,31,31,22,22,0.000731,0.00075,1.9000000000000028e-05,True,True,True,True,True,
repeat=2|base=random_3sat_control_v32_c136_seed1923|variant=perm_seed1735,2,random_3sat_control_v32_c136_seed1923,perm_seed1735,1,1,SATISFIABLE,SATISFIABLE,True,True,14,14,6,6,0.000745,0.000753,7.999999999999978e-06,True,True,True,True,True,
repeat=2|base=random_3sat_control_v32_c136_seed1923|variant=perm_seed1736,2,random_3sat_control_v32_c136_seed1923,perm_seed1736,1,1,SATISFIABLE,SATISFIABLE,True,True,19,19,7,7,0.000699,0.000663,-3.600000000000001e-05,True,True,True,True,True,
repeat=2|base=random_3sat_control_v32_c136_seed1923|variant=perm_seed1737,2,random_3sat_control_v32_c136_seed1923,perm_seed1737,1,1,SATISFIABLE,SATISFIABLE,True,True,14,14,5,5,0.000667,0.000703,3.600000000000001e-05,True,True,True,True,True,
repeat=2|base=random_3sat_control_v32_c136_seed1923|variant=perm_seed1738,2,random_3sat_control_v32_c136_seed1923,perm_seed1738,1,1,SATISFIABLE,SATISFIABLE,True,True,29,29,18,18,0.000799,0.000705,-9.400000000000001e-05,True,True,True,True,True,
repeat=2|base=random_3sat_control_v32_c136_seed1923|variant=perm_seed1739,2,random_3sat_control_v32_c136_seed1923,perm_seed1739,1,1,SATISFIABLE,SATISFIABLE,True,True,36,36,22,22,0.000875,0.000742,-0.00013299999999999998,True,True,True,True,True,
repeat=2|base=random_3sat_control_v32_c136_seed1923|variant=perm_seed1740,2,random_3sat_control_v32_c136_seed1923,perm_seed1740,1,1,SATISFIABLE,SATISFIABLE,True,True,28,28,16,16,0.000823,0.000856,3.300000000000004e-05,True,True,True,True,True,
repeat=2|base=random_3sat_control_v32_c136_seed1923|variant=perm_seed1741,2,random_3sat_control_v32_c136_seed1923,perm_seed1741,1,1,SATISFIABLE,SATISFIABLE,True,True,25,25,13,13,0.00072,0.000669,-5.100000000000005e-05,True,True,True,True,True,
repeat=2|base=random_3sat_control_v32_c136_seed1923|variant=perm_seed1742,2,random_3sat_control_v32_c136_seed1923,perm_seed1742,1,1,SATISFIABLE,SATISFIABLE,True,True,9,9,2,2,0.000672,0.000724,5.200000000000007e-05,True,True,True,True,True,
repeat=2|base=random_3sat_control_v32_c136_seed1923|variant=perm_seed1743,2,random_3sat_control_v32_c136_seed1923,perm_seed1743,1,1,SATISFIABLE,SATISFIABLE,True,True,24,24,11,11,0.000684,0.000649,-3.500000000000009e-05,True,True,True,True,True,
repeat=2|base=random_3sat_control_v32_c136_seed1923|variant=perm_seed1744,2,random_3sat_control_v32_c136_seed1923,perm_seed1744,1,1,SATISFIABLE,SATISFIABLE,True,True,23,23,15,15,0.000734,0.000731,-2.9999999999999645e-06,True,True,True,True,True,
repeat=2|base=random_3sat_control_v32_c136_seed1923|variant=perm_seed1745,2,random_3sat_control_v32_c136_seed1923,perm_seed1745,1,1,SATISFIABLE,SATISFIABLE,True,True,25,25,13,13,0.00083,0.000751,-7.899999999999997e-05,True,True,True,True,True,
repeat=2|base=random_3sat_control_v35_c149_seed1911|variant=base,2,random_3sat_control_v35_c149_seed1911,base,1,1,SATISFIABLE,SATISFIABLE,True,True,31,31,17,17,0.000708,0.000679,-2.8999999999999946e-05,True,True,True,True,True,
repeat=2|base=random_3sat_control_v35_c149_seed1911|variant=perm_seed1730,2,random_3sat_control_v35_c149_seed1911,perm_seed1730,1,1,SATISFIABLE,SATISFIABLE,True,True,36,36,25,25,0.000634,0.00071,7.6e-05,True,True,True,True,True,
repeat=2|base=random_3sat_control_v35_c149_seed1911|variant=perm_seed1731,2,random_3sat_control_v35_c149_seed1911,perm_seed1731,1,1,SATISFIABLE,SATISFIABLE,True,True,20,20,14,14,0.000702,0.000861,0.00015899999999999996,True,True,True,True,True,
repeat=2|base=random_3sat_control_v35_c149_seed1911|variant=perm_seed1732,2,random_3sat_control_v35_c149_seed1911,perm_seed1732,1,1,SATISFIABLE,SATISFIABLE,True,True,49,49,41,41,0.000858,0.000732,-0.00012600000000000003,True,True,True,True,True,
repeat=2|base=random_3sat_control_v35_c149_seed1911|variant=perm_seed1733,2,random_3sat_control_v35_c149_seed1911,perm_seed1733,1,1,SATISFIABLE,SATISFIABLE,True,True,47,47,40,40,0.000748,0.000719,-2.8999999999999946e-05,True,True,True,True,True,
repeat=2|base=random_3sat_control_v35_c149_seed1911|variant=perm_seed1734,2,random_3sat_control_v35_c149_seed1911,perm_seed1734,1,1,SATISFIABLE,SATISFIABLE,True,True,33,33,24,24,0.000724,0.000757,3.2999999999999935e-05,True,True,True,True,True,
repeat=2|base=random_3sat_control_v35_c149_seed1911|variant=perm_seed1735,2,random_3sat_control_v35_c149_seed1911,perm_seed1735,1,1,SATISFIABLE,SATISFIABLE,True,True,24,24,13,13,0.00069,0.000732,4.2000000000000045e-05,True,True,True,True,True,
repeat=2|base=random_3sat_control_v35_c149_seed1911|variant=perm_seed1736,2,random_3sat_control_v35_c149_seed1911,perm_seed1736,1,1,SATISFIABLE,SATISFIABLE,True,True,42,42,33,33,0.000733,0.000723,-1.0000000000000026e-05,True,True,True,True,True,
repeat=2|base=random_3sat_control_v35_c149_seed1911|variant=perm_seed1737,2,random_3sat_control_v35_c149_seed1911,perm_seed1737,1,1,SATISFIABLE,SATISFIABLE,True,True,26,26,16,16,0.000863,0.000745,-0.00011800000000000005,True,True,True,True,True,
repeat=2|base=random_3sat_control_v35_c149_seed1911|variant=perm_seed1738,2,random_3sat_control_v35_c149_seed1911,perm_seed1738,1,1,SATISFIABLE,SATISFIABLE,True,True,28,28,21,21,0.000823,0.00069,-0.00013299999999999998,True,True,True,True,True,
repeat=2|base=random_3sat_control_v35_c149_seed1911|variant=perm_seed1739,2,random_3sat_control_v35_c149_seed1911,perm_seed1739,1,1,SATISFIABLE,SATISFIABLE,True,True,43,43,35,35,0.000723,0.000694,-2.9000000000000054e-05,True,True,True,True,True,
repeat=2|base=random_3sat_control_v35_c149_seed1911|variant=perm_seed1740,2,random_3sat_control_v35_c149_seed1911,perm_seed1740,1,1,SATISFIABLE,SATISFIABLE,True,True,34,34,25,25,0.000883,0.000766,-0.00011700000000000002,True,True,True,True,True,
repeat=2|base=random_3sat_control_v35_c149_seed1911|variant=perm_seed1741,2,random_3sat_control_v35_c149_seed1911,perm_seed1741,1,1,SATISFIABLE,SATISFIABLE,True,True,46,46,34,34,0.000799,0.000749,-5.000000000000002e-05,True,True,True,True,True,
repeat=2|base=random_3sat_control_v35_c149_seed1911|variant=perm_seed1742,2,random_3sat_control_v35_c149_seed1911,perm_seed1742,1,1,SATISFIABLE,SATISFIABLE,True,True,33,33,25,25,0.000658,0.000674,1.6000000000000064e-05,True,True,True,True,True,
repeat=2|base=random_3sat_control_v35_c149_seed1911|variant=perm_seed1743,2,random_3sat_control_v35_c149_seed1911,perm_seed1743,1,1,SATISFIABLE,SATISFIABLE,True,True,13,13,8,8,0.000719,0.000719,0.0,True,True,True,True,True,
repeat=2|base=random_3sat_control_v35_c149_seed1911|variant=perm_seed1744,2,random_3sat_control_v35_c149_seed1911,perm_seed1744,1,1,SATISFIABLE,SATISFIABLE,True,True,26,26,21,21,0.000828,0.000688,-0.00013999999999999993,True,True,True,True,True,
repeat=2|base=random_3sat_control_v35_c149_seed1911|variant=perm_seed1745,2,random_3sat_control_v35_c149_seed1911,perm_seed1745,1,1,SATISFIABLE,SATISFIABLE,True,True,11,11,5,5,0.000783,0.000733,-4.9999999999999914e-05,True,True,True,True,True,
repeat=2|base=random_3sat_control_v40_c170_seed1903|variant=base,2,random_3sat_control_v40_c170_seed1903,base,1,1,SATISFIABLE,SATISFIABLE,True,True,49,49,38,38,0.000744,0.000731,-1.299999999999999e-05,True,True,True,True,True,
repeat=2|base=random_3sat_control_v40_c170_seed1903|variant=perm_seed1730,2,random_3sat_control_v40_c170_seed1903,perm_seed1730,1,1,SATISFIABLE,SATISFIABLE,True,True,59,59,45,45,0.000768,0.000752,-1.6000000000000064e-05,True,True,True,True,True,
repeat=2|base=random_3sat_control_v40_c170_seed1903|variant=perm_seed1731,2,random_3sat_control_v40_c170_seed1903,perm_seed1731,1,1,SATISFIABLE,SATISFIABLE,True,True,20,20,10,10,0.000681,0.000868,0.000187,True,True,True,True,True,
repeat=2|base=random_3sat_control_v40_c170_seed1903|variant=perm_seed1732,2,random_3sat_control_v40_c170_seed1903,perm_seed1732,1,1,SATISFIABLE,SATISFIABLE,True,True,20,20,9,9,0.000736,0.000705,-3.0999999999999995e-05,True,True,True,True,True,
repeat=2|base=random_3sat_control_v40_c170_seed1903|variant=perm_seed1733,2,random_3sat_control_v40_c170_seed1903,perm_seed1733,1,1,SATISFIABLE,SATISFIABLE,True,True,12,12,2,2,0.00074,0.000768,2.800000000000003e-05,True,True,True,True,True,
repeat=2|base=random_3sat_control_v40_c170_seed1903|variant=perm_seed1734,2,random_3sat_control_v40_c170_seed1903,perm_seed1734,1,1,SATISFIABLE,SATISFIABLE,True,True,25,25,13,13,0.000654,0.000886,0.000232,True,True,True,True,True,
repeat=2|base=random_3sat_control_v40_c170_seed1903|variant=perm_seed1735,2,random_3sat_control_v40_c170_seed1903,perm_seed1735,1,1,SATISFIABLE,SATISFIABLE,True,True,25,25,12,12,0.000761,0.000759,-1.99999999999994e-06,True,True,True,True,True,
repeat=2|base=random_3sat_control_v40_c170_seed1903|variant=perm_seed1736,2,random_3sat_control_v40_c170_seed1903,perm_seed1736,1,1,SATISFIABLE,SATISFIABLE,True,True,16,16,9,9,0.000791,0.00079,-1.0000000000000243e-06,True,True,True,True,True,
repeat=2|base=random_3sat_control_v40_c170_seed1903|variant=perm_seed1737,2,random_3sat_control_v40_c170_seed1903,perm_seed1737,1,1,SATISFIABLE,SATISFIABLE,True,True,12,12,6,6,0.000709,0.000712,2.9999999999999645e-06,True,True,True,True,True,
repeat=2|base=random_3sat_control_v40_c170_seed1903|variant=perm_seed1738,2,random_3sat_control_v40_c170_seed1903,perm_seed1738,1,1,SATISFIABLE,SATISFIABLE,True,True,15,15,6,6,0.000701,0.000889,0.00018800000000000002,True,True,True,True,True,
repeat=2|base=random_3sat_control_v40_c170_seed1903|variant=perm_seed1739,2,random_3sat_control_v40_c170_seed1903,perm_seed1739,1,1,SATISFIABLE,SATISFIABLE,True,True,65,65,50,50,0.000705,0.000867,0.00016200000000000003,True,True,True,True,True,
repeat=2|base=random_3sat_control_v40_c170_seed1903|variant=perm_seed1740,2,random_3sat_control_v40_c170_seed1903,perm_seed1740,1,1,SATISFIABLE,SATISFIABLE,True,True,8,8,2,2,0.000727,0.00073,2.9999999999999645e-06,True,True,True,True,True,
repeat=2|base=random_3sat_control_v40_c170_seed1903|variant=perm_seed1741,2,random_3sat_control_v40_c170_seed1903,perm_seed1741,1,1,SATISFIABLE,SATISFIABLE,True,True,16,16,6,6,0.00074,0.000694,-4.6000000000000034e-05,True,True,True,True,True,
repeat=2|base=random_3sat_control_v40_c170_seed1903|variant=perm_seed1742,2,random_3sat_control_v40_c170_seed1903,perm_seed1742,1,1,SATISFIABLE,SATISFIABLE,True,True,21,21,8,8,0.000692,0.000741,4.9e-05,True,True,True,True,True,
repeat=2|base=random_3sat_control_v40_c170_seed1903|variant=perm_seed1743,2,random_3sat_control_v40_c170_seed1903,perm_seed1743,1,1,SATISFIABLE,SATISFIABLE,True,True,55,55,36,36,0.000754,0.000823,6.899999999999994e-05,True,True,True,True,True,
repeat=2|base=random_3sat_control_v40_c170_seed1903|variant=perm_seed1744,2,random_3sat_control_v40_c170_seed1903,perm_seed1744,1,1,SATISFIABLE,SATISFIABLE,True,True,10,10,1,1,0.000682,0.000721,3.899999999999997e-05,True,True,True,True,True,
repeat=2|base=random_3sat_control_v40_c170_seed1903|variant=perm_seed1745,2,random_3sat_control_v40_c170_seed1903,perm_seed1745,1,1,SATISFIABLE,SATISFIABLE,True,True,32,32,22,22,0.000684,0.000675,-9.000000000000002e-06,True,True,True,True,True,
repeat=2|base=random_3sat_control_v45_c191_seed1924|variant=base,2,random_3sat_control_v45_c191_seed1924,base,1,1,SATISFIABLE,SATISFIABLE,True,True,49,49,35,35,0.000717,0.000749,3.200000000000002e-05,True,True,True,True,True,
repeat=2|base=random_3sat_control_v45_c191_seed1924|variant=perm_seed1730,2,random_3sat_control_v45_c191_seed1924,perm_seed1730,1,1,SATISFIABLE,SATISFIABLE,True,True,40,40,22,22,0.000854,0.00067,-0.00018400000000000003,True,True,True,True,True,
repeat=2|base=random_3sat_control_v45_c191_seed1924|variant=perm_seed1731,2,random_3sat_control_v45_c191_seed1924,perm_seed1731,1,1,SATISFIABLE,SATISFIABLE,True,True,33,33,25,25,0.000735,0.000856,0.00012100000000000001,True,True,True,True,True,
repeat=2|base=random_3sat_control_v45_c191_seed1924|variant=perm_seed1732,2,random_3sat_control_v45_c191_seed1924,perm_seed1732,1,1,SATISFIABLE,SATISFIABLE,True,True,32,32,27,27,0.000766,0.000709,-5.6999999999999976e-05,True,True,True,True,True,
repeat=2|base=random_3sat_control_v45_c191_seed1924|variant=perm_seed1733,2,random_3sat_control_v45_c191_seed1924,perm_seed1733,1,1,SATISFIABLE,SATISFIABLE,True,True,34,34,22,22,0.000757,0.000838,8.100000000000002e-05,True,True,True,True,True,
repeat=2|base=random_3sat_control_v45_c191_seed1924|variant=perm_seed1734,2,random_3sat_control_v45_c191_seed1924,perm_seed1734,1,1,SATISFIABLE,SATISFIABLE,True,True,23,23,18,18,0.000726,0.000843,0.00011700000000000002,True,True,True,True,True,
repeat=2|base=random_3sat_control_v45_c191_seed1924|variant=perm_seed1735,2,random_3sat_control_v45_c191_seed1924,perm_seed1735,1,1,SATISFIABLE,SATISFIABLE,True,True,26,26,16,16,0.000701,0.000812,0.00011099999999999999,True,True,True,True,True,
repeat=2|base=random_3sat_control_v45_c191_seed1924|variant=perm_seed1736,2,random_3sat_control_v45_c191_seed1924,perm_seed1736,1,1,SATISFIABLE,SATISFIABLE,True,True,17,17,6,6,0.000833,0.000789,-4.3999999999999985e-05,True,True,True,True,True,
repeat=2|base=random_3sat_control_v45_c191_seed1924|variant=perm_seed1737,2,random_3sat_control_v45_c191_seed1924,perm_seed1737,1,1,SATISFIABLE,SATISFIABLE,True,True,45,45,32,32,0.000739,0.000835,9.600000000000006e-05,True,True,True,True,True,
repeat=2|base=random_3sat_control_v45_c191_seed1924|variant=perm_seed1738,2,random_3sat_control_v45_c191_seed1924,perm_seed1738,1,1,SATISFIABLE,SATISFIABLE,True,True,23,23,16,16,0.000714,0.000938,0.00022400000000000002,True,True,True,True,True,
repeat=2|base=random_3sat_control_v45_c191_seed1924|variant=perm_seed1739,2,random_3sat_control_v45_c191_seed1924,perm_seed1739,1,1,SATISFIABLE,SATISFIABLE,True,True,7,7,4,4,0.000776,0.000851,7.499999999999998e-05,True,True,True,True,True,
repeat=2|base=random_3sat_control_v45_c191_seed1924|variant=perm_seed1740,2,random_3sat_control_v45_c191_seed1924,perm_seed1740,1,1,SATISFIABLE,SATISFIABLE,True,True,17,17,8,8,0.000803,0.000843,3.9999999999999996e-05,True,True,True,True,True,
repeat=2|base=random_3sat_control_v45_c191_seed1924|variant=perm_seed1741,2,random_3sat_control_v45_c191_seed1924,perm_seed1741,1,1,SATISFIABLE,SATISFIABLE,True,True,43,43,31,31,0.000783,0.000735,-4.7999999999999974e-05,True,True,True,True,True,
repeat=2|base=random_3sat_control_v45_c191_seed1924|variant=perm_seed1742,2,random_3sat_control_v45_c191_seed1924,perm_seed1742,1,1,SATISFIABLE,SATISFIABLE,True,True,62,62,53,53,0.000789,0.000843,5.400000000000001e-05,True,True,True,True,True,
repeat=2|base=random_3sat_control_v45_c191_seed1924|variant=perm_seed1743,2,random_3sat_control_v45_c191_seed1924,perm_seed1743,1,1,SATISFIABLE,SATISFIABLE,True,True,31,31,20,20,0.000804,0.000924,0.00011999999999999999,True,True,True,True,True,
repeat=2|base=random_3sat_control_v45_c191_seed1924|variant=perm_seed1744,2,random_3sat_control_v45_c191_seed1924,perm_seed1744,1,1,SATISFIABLE,SATISFIABLE,True,True,35,35,21,21,0.000727,0.000819,9.199999999999996e-05,True,True,True,True,True,
repeat=2|base=random_3sat_control_v45_c191_seed1924|variant=perm_seed1745,2,random_3sat_control_v45_c191_seed1924,perm_seed1745,1,1,SATISFIABLE,SATISFIABLE,True,True,14,14,3,3,0.000709,0.000723,1.4000000000000015e-05,True,True,True,True,True,
repeat=2|base=random_3sat_control_v50_c213_seed1925|variant=base,2,random_3sat_control_v50_c213_seed1925,base,1,1,SATISFIABLE,SATISFIABLE,True,True,20,20,4,4,0.000691,0.000681,-1.0000000000000026e-05,True,True,True,True,True,
repeat=2|base=random_3sat_control_v50_c213_seed1925|variant=perm_seed1730,2,random_3sat_control_v50_c213_seed1925,perm_seed1730,1,1,SATISFIABLE,SATISFIABLE,True,True,61,61,47,47,0.000773,0.000801,2.799999999999992e-05,True,True,True,True,True,
repeat=2|base=random_3sat_control_v50_c213_seed1925|variant=perm_seed1731,2,random_3sat_control_v50_c213_seed1925,perm_seed1731,1,1,SATISFIABLE,SATISFIABLE,True,True,64,64,45,45,0.000741,0.000743,1.99999999999994e-06,True,True,True,True,True,
repeat=2|base=random_3sat_control_v50_c213_seed1925|variant=perm_seed1732,2,random_3sat_control_v50_c213_seed1925,perm_seed1732,1,1,SATISFIABLE,SATISFIABLE,True,True,47,47,35,35,0.000749,0.000863,0.00011400000000000006,True,True,True,True,True,
repeat=2|base=random_3sat_control_v50_c213_seed1925|variant=perm_seed1733,2,random_3sat_control_v50_c213_seed1925,perm_seed1733,1,1,SATISFIABLE,SATISFIABLE,True,True,22,22,10,10,0.000727,0.000716,-1.100000000000005e-05,True,True,True,True,True,
repeat=2|base=random_3sat_control_v50_c213_seed1925|variant=perm_seed1734,2,random_3sat_control_v50_c213_seed1925,perm_seed1734,1,1,SATISFIABLE,SATISFIABLE,True,True,91,91,78,78,0.000851,0.000863,1.2000000000000075e-05,True,True,True,True,True,
repeat=2|base=random_3sat_control_v50_c213_seed1925|variant=perm_seed1735,2,random_3sat_control_v50_c213_seed1925,perm_seed1735,1,1,SATISFIABLE,SATISFIABLE,True,True,26,26,12,12,0.000759,0.000814,5.5000000000000036e-05,True,True,True,True,True,
repeat=2|base=random_3sat_control_v50_c213_seed1925|variant=perm_seed1736,2,random_3sat_control_v50_c213_seed1925,perm_seed1736,1,1,SATISFIABLE,SATISFIABLE,True,True,38,38,24,24,0.000718,0.000757,3.899999999999997e-05,True,True,True,True,True,
repeat=2|base=random_3sat_control_v50_c213_seed1925|variant=perm_seed1737,2,random_3sat_control_v50_c213_seed1925,perm_seed1737,1,1,SATISFIABLE,SATISFIABLE,True,True,33,33,21,21,0.00082,0.000767,-5.299999999999999e-05,True,True,True,True,True,
repeat=2|base=random_3sat_control_v50_c213_seed1925|variant=perm_seed1738,2,random_3sat_control_v50_c213_seed1925,perm_seed1738,1,1,SATISFIABLE,SATISFIABLE,True,True,34,34,17,17,0.000806,0.000815,9.000000000000002e-06,True,True,True,True,True,
repeat=2|base=random_3sat_control_v50_c213_seed1925|variant=perm_seed1739,2,random_3sat_control_v50_c213_seed1925,perm_seed1739,1,1,SATISFIABLE,SATISFIABLE,True,True,57,57,46,46,0.000906,0.000801,-0.00010500000000000006,True,True,True,True,True,
repeat=2|base=random_3sat_control_v50_c213_seed1925|variant=perm_seed1740,2,random_3sat_control_v50_c213_seed1925,perm_seed1740,1,1,SATISFIABLE,SATISFIABLE,True,True,45,45,29,29,0.000758,0.000805,4.700000000000006e-05,True,True,True,True,True,
repeat=2|base=random_3sat_control_v50_c213_seed1925|variant=perm_seed1741,2,random_3sat_control_v50_c213_seed1925,perm_seed1741,1,1,SATISFIABLE,SATISFIABLE,True,True,47,47,26,26,0.000794,0.000784,-1.0000000000000026e-05,True,True,True,True,True,
repeat=2|base=random_3sat_control_v50_c213_seed1925|variant=perm_seed1742,2,random_3sat_control_v50_c213_seed1925,perm_seed1742,1,1,SATISFIABLE,SATISFIABLE,True,True,30,30,16,16,0.000714,0.000824,0.00010999999999999996,True,True,True,True,True,
repeat=2|base=random_3sat_control_v50_c213_seed1925|variant=perm_seed1743,2,random_3sat_control_v50_c213_seed1925,perm_seed1743,1,1,SATISFIABLE,SATISFIABLE,True,True,49,49,22,22,0.000815,0.000693,-0.00012199999999999993,True,True,True,True,True,
repeat=2|base=random_3sat_control_v50_c213_seed1925|variant=perm_seed1744,2,random_3sat_control_v50_c213_seed1925,perm_seed1744,1,1,SATISFIABLE,SATISFIABLE,True,True,118,118,95,95,0.000831,0.000808,-2.3000000000000017e-05,True,True,True,True,True,
repeat=2|base=random_3sat_control_v50_c213_seed1925|variant=perm_seed1745,2,random_3sat_control_v50_c213_seed1925,perm_seed1745,1,1,SATISFIABLE,SATISFIABLE,True,True,79,79,59,59,0.000804,0.000803,-1.0000000000000243e-06,True,True,True,True,True,
repeat=2|base=random_3sat_control_v55_c234_seed1926|variant=base,2,random_3sat_control_v55_c234_seed1926,base,1,1,SATISFIABLE,SATISFIABLE,True,True,88,88,64,64,0.000764,0.000766,1.99999999999994e-06,True,True,True,True,True,
repeat=2|base=random_3sat_control_v55_c234_seed1926|variant=perm_seed1730,2,random_3sat_control_v55_c234_seed1926,perm_seed1730,1,1,SATISFIABLE,SATISFIABLE,True,True,142,142,113,113,0.000811,0.000898,8.700000000000005e-05,True,True,True,True,True,
repeat=2|base=random_3sat_control_v55_c234_seed1926|variant=perm_seed1731,2,random_3sat_control_v55_c234_seed1926,perm_seed1731,1,1,SATISFIABLE,SATISFIABLE,True,True,37,37,17,17,0.000731,0.000706,-2.4999999999999957e-05,True,True,True,True,True,
repeat=2|base=random_3sat_control_v55_c234_seed1926|variant=perm_seed1732,2,random_3sat_control_v55_c234_seed1926,perm_seed1732,1,1,SATISFIABLE,SATISFIABLE,True,True,39,39,19,19,0.000737,0.000753,1.5999999999999955e-05,True,True,True,True,True,
repeat=2|base=random_3sat_control_v55_c234_seed1926|variant=perm_seed1733,2,random_3sat_control_v55_c234_seed1926,perm_seed1733,1,1,SATISFIABLE,SATISFIABLE,True,True,66,66,46,46,0.000854,0.000899,4.49999999999999e-05,True,True,True,True,True,
repeat=2|base=random_3sat_control_v55_c234_seed1926|variant=perm_seed1734,2,random_3sat_control_v55_c234_seed1926,perm_seed1734,1,1,SATISFIABLE,SATISFIABLE,True,True,69,69,41,41,0.000874,0.000814,-5.999999999999994e-05,True,True,True,True,True,
repeat=2|base=random_3sat_control_v55_c234_seed1926|variant=perm_seed1735,2,random_3sat_control_v55_c234_seed1926,perm_seed1735,1,1,SATISFIABLE,SATISFIABLE,True,True,26,26,8,8,0.000699,0.000824,0.000125,True,True,True,True,True,
repeat=2|base=random_3sat_control_v55_c234_seed1926|variant=perm_seed1736,2,random_3sat_control_v55_c234_seed1926,perm_seed1736,1,1,SATISFIABLE,SATISFIABLE,True,True,61,61,49,49,0.000763,0.000802,3.899999999999997e-05,True,True,True,True,True,
repeat=2|base=random_3sat_control_v55_c234_seed1926|variant=perm_seed1737,2,random_3sat_control_v55_c234_seed1926,perm_seed1737,1,1,SATISFIABLE,SATISFIABLE,True,True,52,52,31,31,0.000806,0.00077,-3.600000000000001e-05,True,True,True,True,True,
repeat=2|base=random_3sat_control_v55_c234_seed1926|variant=perm_seed1738,2,random_3sat_control_v55_c234_seed1926,perm_seed1738,1,1,SATISFIABLE,SATISFIABLE,True,True,24,24,7,7,0.000646,0.000747,0.00010100000000000007,True,True,True,True,True,
repeat=2|base=random_3sat_control_v55_c234_seed1926|variant=perm_seed1739,2,random_3sat_control_v55_c234_seed1926,perm_seed1739,1,1,SATISFIABLE,SATISFIABLE,True,True,54,54,36,36,0.000741,0.000729,-1.1999999999999966e-05,True,True,True,True,True,
repeat=2|base=random_3sat_control_v55_c234_seed1926|variant=perm_seed1740,2,random_3sat_control_v55_c234_seed1926,perm_seed1740,1,1,SATISFIABLE,SATISFIABLE,True,True,82,82,62,62,0.000869,0.000912,4.300000000000007e-05,True,True,True,True,True,
repeat=2|base=random_3sat_control_v55_c234_seed1926|variant=perm_seed1741,2,random_3sat_control_v55_c234_seed1926,perm_seed1741,1,1,SATISFIABLE,SATISFIABLE,True,True,129,129,112,112,0.000934,0.000874,-6.000000000000005e-05,True,True,True,True,True,
repeat=2|base=random_3sat_control_v55_c234_seed1926|variant=perm_seed1742,2,random_3sat_control_v55_c234_seed1926,perm_seed1742,1,1,SATISFIABLE,SATISFIABLE,True,True,31,31,12,12,0.000706,0.000725,1.899999999999992e-05,True,True,True,True,True,
repeat=2|base=random_3sat_control_v55_c234_seed1926|variant=perm_seed1743,2,random_3sat_control_v55_c234_seed1926,perm_seed1743,1,1,SATISFIABLE,SATISFIABLE,True,True,30,30,11,11,0.000773,0.000726,-4.700000000000006e-05,True,True,True,True,True,
repeat=2|base=random_3sat_control_v55_c234_seed1926|variant=perm_seed1744,2,random_3sat_control_v55_c234_seed1926,perm_seed1744,1,1,SATISFIABLE,SATISFIABLE,True,True,52,52,37,37,0.000882,0.000801,-8.100000000000002e-05,True,True,True,True,True,
repeat=2|base=random_3sat_control_v55_c234_seed1926|variant=perm_seed1745,2,random_3sat_control_v55_c234_seed1926,perm_seed1745,1,1,SATISFIABLE,SATISFIABLE,True,True,29,29,20,20,0.000788,0.000879,9.100000000000004e-05,True,True,True,True,True,
repeat=2|base=random_3sat_control_v60_c180_seed1912|variant=base,2,random_3sat_control_v60_c180_seed1912,base,1,1,SATISFIABLE,SATISFIABLE,True,True,27,27,6,6,0.000818,0.000737,-8.100000000000002e-05,True,True,True,True,True,
repeat=2|base=random_3sat_control_v60_c180_seed1912|variant=perm_seed1730,2,random_3sat_control_v60_c180_seed1912,perm_seed1730,1,1,SATISFIABLE,SATISFIABLE,True,True,21,21,3,3,0.00084,0.000804,-3.600000000000001e-05,True,True,True,True,True,
repeat=2|base=random_3sat_control_v60_c180_seed1912|variant=perm_seed1731,2,random_3sat_control_v60_c180_seed1912,perm_seed1731,1,1,SATISFIABLE,SATISFIABLE,True,True,22,22,2,2,0.000866,0.000871,5.000000000000013e-06,True,True,True,True,True,
repeat=2|base=random_3sat_control_v60_c180_seed1912|variant=perm_seed1732,2,random_3sat_control_v60_c180_seed1912,perm_seed1732,1,1,SATISFIABLE,SATISFIABLE,True,True,23,23,6,6,0.000831,0.000778,-5.299999999999999e-05,True,True,True,True,True,
repeat=2|base=random_3sat_control_v60_c180_seed1912|variant=perm_seed1733,2,random_3sat_control_v60_c180_seed1912,perm_seed1733,1,1,SATISFIABLE,SATISFIABLE,True,True,22,22,5,5,0.000763,0.00084,7.700000000000003e-05,True,True,True,True,True,
repeat=2|base=random_3sat_control_v60_c180_seed1912|variant=perm_seed1734,2,random_3sat_control_v60_c180_seed1912,perm_seed1734,1,1,SATISFIABLE,SATISFIABLE,True,True,23,23,2,2,0.000695,0.000719,2.400000000000004e-05,True,True,True,True,True,
repeat=2|base=random_3sat_control_v60_c180_seed1912|variant=perm_seed1735,2,random_3sat_control_v60_c180_seed1912,perm_seed1735,1,1,SATISFIABLE,SATISFIABLE,True,True,27,27,7,7,0.000691,0.000773,8.200000000000004e-05,True,True,True,True,True,
repeat=2|base=random_3sat_control_v60_c180_seed1912|variant=perm_seed1736,2,random_3sat_control_v60_c180_seed1912,perm_seed1736,1,1,SATISFIABLE,SATISFIABLE,True,True,26,26,2,2,0.000901,0.000873,-2.800000000000003e-05,True,True,True,True,True,
repeat=2|base=random_3sat_control_v60_c180_seed1912|variant=perm_seed1737,2,random_3sat_control_v60_c180_seed1912,perm_seed1737,1,1,SATISFIABLE,SATISFIABLE,True,True,21,21,1,1,0.000683,0.000698,1.500000000000004e-05,True,True,True,True,True,
repeat=2|base=random_3sat_control_v60_c180_seed1912|variant=perm_seed1738,2,random_3sat_control_v60_c180_seed1912,perm_seed1738,1,1,SATISFIABLE,SATISFIABLE,True,True,20,20,1,1,0.000724,0.000896,0.00017199999999999995,True,True,True,True,True,
repeat=2|base=random_3sat_control_v60_c180_seed1912|variant=perm_seed1739,2,random_3sat_control_v60_c180_seed1912,perm_seed1739,1,1,SATISFIABLE,SATISFIABLE,True,True,14,14,0,0,0.000711,0.000805,9.400000000000001e-05,True,True,True,True,True,
repeat=2|base=random_3sat_control_v60_c180_seed1912|variant=perm_seed1740,2,random_3sat_control_v60_c180_seed1912,perm_seed1740,1,1,SATISFIABLE,SATISFIABLE,True,True,17,17,0,0,0.000705,0.000731,2.599999999999998e-05,True,True,True,True,True,
repeat=2|base=random_3sat_control_v60_c180_seed1912|variant=perm_seed1741,2,random_3sat_control_v60_c180_seed1912,perm_seed1741,1,1,SATISFIABLE,SATISFIABLE,True,True,19,19,0,0,0.00068,0.000657,-2.3000000000000017e-05,True,True,True,True,True,
repeat=2|base=random_3sat_control_v60_c180_seed1912|variant=perm_seed1742,2,random_3sat_control_v60_c180_seed1912,perm_seed1742,1,1,SATISFIABLE,SATISFIABLE,True,True,26,26,8,8,0.000726,0.00068,-4.5999999999999925e-05,True,True,True,True,True,
repeat=2|base=random_3sat_control_v60_c180_seed1912|variant=perm_seed1743,2,random_3sat_control_v60_c180_seed1912,perm_seed1743,1,1,SATISFIABLE,SATISFIABLE,True,True,22,22,6,6,0.000651,0.000649,-2.0000000000000486e-06,True,True,True,True,True,
repeat=2|base=random_3sat_control_v60_c180_seed1912|variant=perm_seed1744,2,random_3sat_control_v60_c180_seed1912,perm_seed1744,1,1,SATISFIABLE,SATISFIABLE,True,True,21,21,1,1,0.000619,0.00063,1.100000000000005e-05,True,True,True,True,True,
repeat=2|base=random_3sat_control_v60_c180_seed1912|variant=perm_seed1745,2,random_3sat_control_v60_c180_seed1912,perm_seed1745,1,1,SATISFIABLE,SATISFIABLE,True,True,18,18,0,0,0.000606,0.000649,4.299999999999996e-05,True,True,True,True,True,
repeat=2|base=random_3sat_control_v60_c255_seed1927|variant=base,2,random_3sat_control_v60_c255_seed1927,base,1,1,SATISFIABLE,SATISFIABLE,True,True,106,106,76,76,0.000749,0.00087,0.00012100000000000001,True,True,True,True,True,
repeat=2|base=random_3sat_control_v60_c255_seed1927|variant=perm_seed1730,2,random_3sat_control_v60_c255_seed1927,perm_seed1730,1,1,SATISFIABLE,SATISFIABLE,True,True,72,72,47,47,0.000779,0.000802,2.3000000000000017e-05,True,True,True,True,True,
repeat=2|base=random_3sat_control_v60_c255_seed1927|variant=perm_seed1731,2,random_3sat_control_v60_c255_seed1927,perm_seed1731,1,1,SATISFIABLE,SATISFIABLE,True,True,31,31,15,15,0.000703,0.000769,6.600000000000009e-05,True,True,True,True,True,
repeat=2|base=random_3sat_control_v60_c255_seed1927|variant=perm_seed1732,2,random_3sat_control_v60_c255_seed1927,perm_seed1732,1,1,SATISFIABLE,SATISFIABLE,True,True,126,126,95,95,0.001005,0.001026,2.099999999999997e-05,True,True,True,True,True,
repeat=2|base=random_3sat_control_v60_c255_seed1927|variant=perm_seed1733,2,random_3sat_control_v60_c255_seed1927,perm_seed1733,1,1,SATISFIABLE,SATISFIABLE,True,True,71,71,50,50,0.000811,0.000901,9.000000000000002e-05,True,True,True,True,True,
repeat=2|base=random_3sat_control_v60_c255_seed1927|variant=perm_seed1734,2,random_3sat_control_v60_c255_seed1927,perm_seed1734,1,1,SATISFIABLE,SATISFIABLE,True,True,61,61,38,38,0.000782,0.000752,-3.000000000000008e-05,True,True,True,True,True,
repeat=2|base=random_3sat_control_v60_c255_seed1927|variant=perm_seed1735,2,random_3sat_control_v60_c255_seed1927,perm_seed1735,1,1,SATISFIABLE,SATISFIABLE,True,True,150,150,128,128,0.000902,0.000895,-7.000000000000062e-06,True,True,True,True,True,
repeat=2|base=random_3sat_control_v60_c255_seed1927|variant=perm_seed1736,2,random_3sat_control_v60_c255_seed1927,perm_seed1736,1,1,SATISFIABLE,SATISFIABLE,True,True,132,132,112,112,0.000884,0.001065,0.00018099999999999995,True,True,True,True,True,
repeat=2|base=random_3sat_control_v60_c255_seed1927|variant=perm_seed1737,2,random_3sat_control_v60_c255_seed1927,perm_seed1737,1,1,SATISFIABLE,SATISFIABLE,True,True,71,71,52,52,0.000866,0.000791,-7.499999999999998e-05,True,True,True,True,True,
repeat=2|base=random_3sat_control_v60_c255_seed1927|variant=perm_seed1738,2,random_3sat_control_v60_c255_seed1927,perm_seed1738,1,1,SATISFIABLE,SATISFIABLE,True,True,25,25,11,11,0.000839,0.00079,-4.9e-05,True,True,True,True,True,
repeat=2|base=random_3sat_control_v60_c255_seed1927|variant=perm_seed1739,2,random_3sat_control_v60_c255_seed1927,perm_seed1739,1,1,SATISFIABLE,SATISFIABLE,True,True,101,101,74,74,0.000821,0.000902,8.100000000000002e-05,True,True,True,True,True,
repeat=2|base=random_3sat_control_v60_c255_seed1927|variant=perm_seed1740,2,random_3sat_control_v60_c255_seed1927,perm_seed1740,1,1,SATISFIABLE,SATISFIABLE,True,True,124,124,94,94,0.000889,0.000887,-2.0000000000000486e-06,True,True,True,True,True,
repeat=2|base=random_3sat_control_v60_c255_seed1927|variant=perm_seed1741,2,random_3sat_control_v60_c255_seed1927,perm_seed1741,1,1,SATISFIABLE,SATISFIABLE,True,True,33,33,20,20,0.000718,0.000756,3.8000000000000056e-05,True,True,True,True,True,
repeat=2|base=random_3sat_control_v60_c255_seed1927|variant=perm_seed1742,2,random_3sat_control_v60_c255_seed1927,perm_seed1742,1,1,SATISFIABLE,SATISFIABLE,True,True,100,100,80,80,0.000863,0.000873,9.999999999999918e-06,True,True,True,True,True,
repeat=2|base=random_3sat_control_v60_c255_seed1927|variant=perm_seed1743,2,random_3sat_control_v60_c255_seed1927,perm_seed1743,1,1,SATISFIABLE,SATISFIABLE,True,True,112,112,78,78,0.000895,0.000856,-3.899999999999997e-05,True,True,True,True,True,
repeat=2|base=random_3sat_control_v60_c255_seed1927|variant=perm_seed1744,2,random_3sat_control_v60_c255_seed1927,perm_seed1744,1,1,SATISFIABLE,SATISFIABLE,True,True,31,31,15,15,0.000705,0.000725,1.9999999999999944e-05,True,True,True,True,True,
repeat=2|base=random_3sat_control_v60_c255_seed1927|variant=perm_seed1745,2,random_3sat_control_v60_c255_seed1927,perm_seed1745,1,1,SATISFIABLE,SATISFIABLE,True,True,74,74,51,51,0.0008,0.00082,1.9999999999999944e-05,True,True,True,True,True,
repeat=2|base=random_3sat_control_v70_c298_seed1928|variant=base,2,random_3sat_control_v70_c298_seed1928,base,1,1,SATISFIABLE,SATISFIABLE,True,True,148,148,116,116,0.000999,0.001015,1.5999999999999955e-05,True,True,True,True,True,
repeat=2|base=random_3sat_control_v70_c298_seed1928|variant=perm_seed1730,2,random_3sat_control_v70_c298_seed1928,perm_seed1730,1,1,SATISFIABLE,SATISFIABLE,True,True,242,242,196,196,0.001054,0.001055,9.999999999999159e-07,True,True,True,True,True,
repeat=2|base=random_3sat_control_v70_c298_seed1928|variant=perm_seed1731,2,random_3sat_control_v70_c298_seed1928,perm_seed1731,1,1,SATISFIABLE,SATISFIABLE,True,True,146,146,116,116,0.000945,0.000973,2.800000000000003e-05,True,True,True,True,True,
repeat=2|base=random_3sat_control_v70_c298_seed1928|variant=perm_seed1732,2,random_3sat_control_v70_c298_seed1928,perm_seed1732,1,1,SATISFIABLE,SATISFIABLE,True,True,103,103,73,73,0.001337,0.000865,-0.0004720000000000001,True,True,True,True,True,
repeat=2|base=random_3sat_control_v70_c298_seed1928|variant=perm_seed1733,2,random_3sat_control_v70_c298_seed1928,perm_seed1733,1,1,SATISFIABLE,SATISFIABLE,True,True,134,134,106,106,0.001221,0.001003,-0.0002180000000000001,True,True,True,True,True,
repeat=2|base=random_3sat_control_v70_c298_seed1928|variant=perm_seed1734,2,random_3sat_control_v70_c298_seed1928,perm_seed1734,1,1,SATISFIABLE,SATISFIABLE,True,True,108,108,85,85,0.001024,0.00094,-8.399999999999998e-05,True,True,True,True,True,
repeat=2|base=random_3sat_control_v70_c298_seed1928|variant=perm_seed1735,2,random_3sat_control_v70_c298_seed1928,perm_seed1735,1,1,SATISFIABLE,SATISFIABLE,True,True,200,200,155,155,0.001056,0.000957,-9.900000000000013e-05,True,True,True,True,True,
repeat=2|base=random_3sat_control_v70_c298_seed1928|variant=perm_seed1736,2,random_3sat_control_v70_c298_seed1928,perm_seed1736,1,1,SATISFIABLE,SATISFIABLE,True,True,29,29,11,11,0.000849,0.001051,0.00020200000000000003,True,True,True,True,True,
repeat=2|base=random_3sat_control_v70_c298_seed1928|variant=perm_seed1737,2,random_3sat_control_v70_c298_seed1928,perm_seed1737,1,1,SATISFIABLE,SATISFIABLE,True,True,39,39,17,17,0.000942,0.000784,-0.00015800000000000005,True,True,True,True,True,
repeat=2|base=random_3sat_control_v70_c298_seed1928|variant=perm_seed1738,2,random_3sat_control_v70_c298_seed1928,perm_seed1738,1,1,SATISFIABLE,SATISFIABLE,True,True,43,43,25,25,0.000832,0.000828,-3.999999999999989e-06,True,True,True,True,True,
repeat=2|base=random_3sat_control_v70_c298_seed1928|variant=perm_seed1739,2,random_3sat_control_v70_c298_seed1928,perm_seed1739,1,1,SATISFIABLE,SATISFIABLE,True,True,33,33,15,15,0.000781,0.000823,4.199999999999994e-05,True,True,True,True,True,
repeat=2|base=random_3sat_control_v70_c298_seed1928|variant=perm_seed1740,2,random_3sat_control_v70_c298_seed1928,perm_seed1740,1,1,SATISFIABLE,SATISFIABLE,True,True,58,58,36,36,0.000944,0.000822,-0.00012199999999999993,True,True,True,True,True,
repeat=2|base=random_3sat_control_v70_c298_seed1928|variant=perm_seed1741,2,random_3sat_control_v70_c298_seed1928,perm_seed1741,1,1,SATISFIABLE,SATISFIABLE,True,True,41,41,24,24,0.000736,0.000751,1.500000000000004e-05,True,True,True,True,True,
repeat=2|base=random_3sat_control_v70_c298_seed1928|variant=perm_seed1742,2,random_3sat_control_v70_c298_seed1928,perm_seed1742,1,1,SATISFIABLE,SATISFIABLE,True,True,39,39,23,23,0.000733,0.000928,0.00019499999999999997,True,True,True,True,True,
repeat=2|base=random_3sat_control_v70_c298_seed1928|variant=perm_seed1743,2,random_3sat_control_v70_c298_seed1928,perm_seed1743,1,1,SATISFIABLE,SATISFIABLE,True,True,189,189,146,146,0.000973,0.000954,-1.9000000000000028e-05,True,True,True,True,True,
repeat=2|base=random_3sat_control_v70_c298_seed1928|variant=perm_seed1744,2,random_3sat_control_v70_c298_seed1928,perm_seed1744,1,1,SATISFIABLE,SATISFIABLE,True,True,49,49,22,22,0.000823,0.000884,6.100000000000007e-05,True,True,True,True,True,
repeat=2|base=random_3sat_control_v70_c298_seed1928|variant=perm_seed1745,2,random_3sat_control_v70_c298_seed1928,perm_seed1745,1,1,SATISFIABLE,SATISFIABLE,True,True,90,90,64,64,0.000868,0.001186,0.00031800000000000003,True,True,True,True,True,
repeat=2|base=random_3sat_control_v80_c260_seed1929|variant=base,2,random_3sat_control_v80_c260_seed1929,base,1,1,SATISFIABLE,SATISFIABLE,True,True,36,36,13,13,0.000731,0.000847,0.000116,True,True,True,True,True,
repeat=2|base=random_3sat_control_v80_c260_seed1929|variant=perm_seed1730,2,random_3sat_control_v80_c260_seed1929,perm_seed1730,1,1,SATISFIABLE,SATISFIABLE,True,True,25,25,6,6,0.000711,0.000886,0.00017499999999999992,True,True,True,True,True,
repeat=2|base=random_3sat_control_v80_c260_seed1929|variant=perm_seed1731,2,random_3sat_control_v80_c260_seed1929,perm_seed1731,1,1,SATISFIABLE,SATISFIABLE,True,True,40,40,10,10,0.000756,0.000845,8.9e-05,True,True,True,True,True,
repeat=2|base=random_3sat_control_v80_c260_seed1929|variant=perm_seed1732,2,random_3sat_control_v80_c260_seed1929,perm_seed1732,1,1,SATISFIABLE,SATISFIABLE,True,True,22,22,0,0,0.000729,0.000763,3.399999999999996e-05,True,True,True,True,True,
repeat=2|base=random_3sat_control_v80_c260_seed1929|variant=perm_seed1733,2,random_3sat_control_v80_c260_seed1929,perm_seed1733,1,1,SATISFIABLE,SATISFIABLE,True,True,27,27,1,1,0.000724,0.000741,1.699999999999998e-05,True,True,True,True,True,
repeat=2|base=random_3sat_control_v80_c260_seed1929|variant=perm_seed1734,2,random_3sat_control_v80_c260_seed1929,perm_seed1734,1,1,SATISFIABLE,SATISFIABLE,True,True,50,50,12,12,0.00074,0.000743,2.9999999999999645e-06,True,True,True,True,True,
repeat=2|base=random_3sat_control_v80_c260_seed1929|variant=perm_seed1735,2,random_3sat_control_v80_c260_seed1929,perm_seed1735,1,1,SATISFIABLE,SATISFIABLE,True,True,57,57,38,38,0.000788,0.000805,1.7000000000000088e-05,True,True,True,True,True,
repeat=2|base=random_3sat_control_v80_c260_seed1929|variant=perm_seed1736,2,random_3sat_control_v80_c260_seed1929,perm_seed1736,1,1,SATISFIABLE,SATISFIABLE,True,True,22,22,1,1,0.000748,0.000757,9.000000000000002e-06,True,True,True,True,True,
repeat=2|base=random_3sat_control_v80_c260_seed1929|variant=perm_seed1737,2,random_3sat_control_v80_c260_seed1929,perm_seed1737,1,1,SATISFIABLE,SATISFIABLE,True,True,26,26,7,7,0.00071,0.000732,2.1999999999999993e-05,True,True,True,True,True,
repeat=2|base=random_3sat_control_v80_c260_seed1929|variant=perm_seed1738,2,random_3sat_control_v80_c260_seed1929,perm_seed1738,1,1,SATISFIABLE,SATISFIABLE,True,True,35,35,14,14,0.000902,0.001359,0.00045699999999999994,True,True,True,True,True,
repeat=2|base=random_3sat_control_v80_c260_seed1929|variant=perm_seed1739,2,random_3sat_control_v80_c260_seed1929,perm_seed1739,1,1,SATISFIABLE,SATISFIABLE,True,True,55,55,25,25,0.001381,0.000906,-0.00047500000000000005,True,True,True,True,True,
repeat=2|base=random_3sat_control_v80_c260_seed1929|variant=perm_seed1740,2,random_3sat_control_v80_c260_seed1929,perm_seed1740,1,1,SATISFIABLE,SATISFIABLE,True,True,30,30,4,4,0.000925,0.000778,-0.000147,True,True,True,True,True,
repeat=2|base=random_3sat_control_v80_c260_seed1929|variant=perm_seed1741,2,random_3sat_control_v80_c260_seed1929,perm_seed1741,1,1,SATISFIABLE,SATISFIABLE,True,True,23,23,0,0,0.000787,0.000763,-2.400000000000004e-05,True,True,True,True,True,
repeat=2|base=random_3sat_control_v80_c260_seed1929|variant=perm_seed1742,2,random_3sat_control_v80_c260_seed1929,perm_seed1742,1,1,SATISFIABLE,SATISFIABLE,True,True,30,30,4,4,0.000742,0.000747,5.000000000000013e-06,True,True,True,True,True,
repeat=2|base=random_3sat_control_v80_c260_seed1929|variant=perm_seed1743,2,random_3sat_control_v80_c260_seed1929,perm_seed1743,1,1,SATISFIABLE,SATISFIABLE,True,True,30,30,1,1,0.000724,0.000772,4.7999999999999974e-05,True,True,True,True,True,
repeat=2|base=random_3sat_control_v80_c260_seed1929|variant=perm_seed1744,2,random_3sat_control_v80_c260_seed1929,perm_seed1744,1,1,SATISFIABLE,SATISFIABLE,True,True,36,36,4,4,0.000741,0.000737,-3.999999999999989e-06,True,True,True,True,True,
repeat=2|base=random_3sat_control_v80_c260_seed1929|variant=perm_seed1745,2,random_3sat_control_v80_c260_seed1929,perm_seed1745,1,1,SATISFIABLE,SATISFIABLE,True,True,30,30,3,3,0.000714,0.000715,1.0000000000000243e-06,True,True,True,True,True,
repeat=2|base=random_3sat_control_v80_c340_seed1913|variant=base,2,random_3sat_control_v80_c340_seed1913,base,1,1,SATISFIABLE,SATISFIABLE,True,True,121,121,96,96,0.000924,0.00089,-3.400000000000007e-05,True,True,True,True,True,
repeat=2|base=random_3sat_control_v80_c340_seed1913|variant=perm_seed1730,2,random_3sat_control_v80_c340_seed1913,perm_seed1730,1,1,SATISFIABLE,SATISFIABLE,True,True,380,380,310,310,0.001331,0.001282,-4.9e-05,True,True,True,True,True,
repeat=2|base=random_3sat_control_v80_c340_seed1913|variant=perm_seed1731,2,random_3sat_control_v80_c340_seed1913,perm_seed1731,1,1,SATISFIABLE,SATISFIABLE,True,True,74,74,48,48,0.000787,0.001035,0.00024799999999999985,True,True,True,True,True,
repeat=2|base=random_3sat_control_v80_c340_seed1913|variant=perm_seed1732,2,random_3sat_control_v80_c340_seed1913,perm_seed1732,1,1,SATISFIABLE,SATISFIABLE,True,True,54,54,32,32,0.000774,0.000851,7.700000000000003e-05,True,True,True,True,True,
repeat=2|base=random_3sat_control_v80_c340_seed1913|variant=perm_seed1733,2,random_3sat_control_v80_c340_seed1913,perm_seed1733,1,1,SATISFIABLE,SATISFIABLE,True,True,103,103,78,78,0.000954,0.000943,-1.0999999999999942e-05,True,True,True,True,True,
repeat=2|base=random_3sat_control_v80_c340_seed1913|variant=perm_seed1734,2,random_3sat_control_v80_c340_seed1913,perm_seed1734,1,1,SATISFIABLE,SATISFIABLE,True,True,222,222,172,172,0.001147,0.001114,-3.300000000000004e-05,True,True,True,True,True,
repeat=2|base=random_3sat_control_v80_c340_seed1913|variant=perm_seed1735,2,random_3sat_control_v80_c340_seed1913,perm_seed1735,1,1,SATISFIABLE,SATISFIABLE,True,True,52,52,31,31,0.000786,0.000847,6.0999999999999965e-05,True,True,True,True,True,
repeat=2|base=random_3sat_control_v80_c340_seed1913|variant=perm_seed1736,2,random_3sat_control_v80_c340_seed1913,perm_seed1736,1,1,SATISFIABLE,SATISFIABLE,True,True,310,310,243,243,0.001197,0.001201,4.000000000000097e-06,True,True,True,True,True,
repeat=2|base=random_3sat_control_v80_c340_seed1913|variant=perm_seed1737,2,random_3sat_control_v80_c340_seed1913,perm_seed1737,1,1,SATISFIABLE,SATISFIABLE,True,True,113,113,93,93,0.000875,0.000935,5.999999999999994e-05,True,True,True,True,True,
repeat=2|base=random_3sat_control_v80_c340_seed1913|variant=perm_seed1738,2,random_3sat_control_v80_c340_seed1913,perm_seed1738,1,1,SATISFIABLE,SATISFIABLE,True,True,27,27,8,8,0.000825,0.000767,-5.8e-05,True,True,True,True,True,
repeat=2|base=random_3sat_control_v80_c340_seed1913|variant=perm_seed1739,2,random_3sat_control_v80_c340_seed1913,perm_seed1739,1,1,SATISFIABLE,SATISFIABLE,True,True,399,399,328,328,0.001346,0.001372,2.599999999999998e-05,True,True,True,True,True,
repeat=2|base=random_3sat_control_v80_c340_seed1913|variant=perm_seed1740,2,random_3sat_control_v80_c340_seed1913,perm_seed1740,1,1,SATISFIABLE,SATISFIABLE,True,True,63,63,37,37,0.000768,0.000844,7.6e-05,True,True,True,True,True,
repeat=2|base=random_3sat_control_v80_c340_seed1913|variant=perm_seed1741,2,random_3sat_control_v80_c340_seed1913,perm_seed1741,1,1,SATISFIABLE,SATISFIABLE,True,True,162,162,128,128,0.000925,0.001113,0.00018800000000000002,True,True,True,True,True,
repeat=2|base=random_3sat_control_v80_c340_seed1913|variant=perm_seed1742,2,random_3sat_control_v80_c340_seed1913,perm_seed1742,1,1,SATISFIABLE,SATISFIABLE,True,True,80,80,63,63,0.001179,0.000854,-0.0003249999999999999,True,True,True,True,True,
repeat=2|base=random_3sat_control_v80_c340_seed1913|variant=perm_seed1743,2,random_3sat_control_v80_c340_seed1913,perm_seed1743,1,1,SATISFIABLE,SATISFIABLE,True,True,193,193,159,159,0.001032,0.001094,6.199999999999999e-05,True,True,True,True,True,
repeat=2|base=random_3sat_control_v80_c340_seed1913|variant=perm_seed1744,2,random_3sat_control_v80_c340_seed1913,perm_seed1744,1,1,SATISFIABLE,SATISFIABLE,True,True,164,164,128,128,0.000979,0.001108,0.000129,True,True,True,True,True,
repeat=2|base=random_3sat_control_v80_c340_seed1913|variant=perm_seed1745,2,random_3sat_control_v80_c340_seed1913,perm_seed1745,1,1,SATISFIABLE,SATISFIABLE,True,True,300,300,236,236,0.001407,0.00122,-0.0001870000000000001,True,True,True,True,True,
repeat=2|base=random_3sat_control_v90_c383_seed1930|variant=base,2,random_3sat_control_v90_c383_seed1930,base,1,1,UNSATISFIABLE,UNSATISFIABLE,True,True,286,286,256,256,0.001285,0.001275,-9.99999999999981e-06,True,True,True,True,True,
repeat=2|base=random_3sat_control_v90_c383_seed1930|variant=perm_seed1730,2,random_3sat_control_v90_c383_seed1930,perm_seed1730,1,1,UNSATISFIABLE,UNSATISFIABLE,True,True,583,583,499,499,0.001809,0.001711,-9.8e-05,True,True,True,True,True,
repeat=2|base=random_3sat_control_v90_c383_seed1930|variant=perm_seed1731,2,random_3sat_control_v90_c383_seed1930,perm_seed1731,1,1,UNSATISFIABLE,UNSATISFIABLE,True,True,502,502,439,439,0.001516,0.001616,0.00010000000000000005,True,True,True,True,True,
repeat=2|base=random_3sat_control_v90_c383_seed1930|variant=perm_seed1732,2,random_3sat_control_v90_c383_seed1930,perm_seed1732,1,1,UNSATISFIABLE,UNSATISFIABLE,True,True,440,440,363,363,0.001422,0.001405,-1.7000000000000088e-05,True,True,True,True,True,
repeat=2|base=random_3sat_control_v90_c383_seed1930|variant=perm_seed1733,2,random_3sat_control_v90_c383_seed1930,perm_seed1733,1,1,UNSATISFIABLE,UNSATISFIABLE,True,True,508,508,440,440,0.001779,0.001599,-0.00018000000000000004,True,True,True,True,True,
repeat=2|base=random_3sat_control_v90_c383_seed1930|variant=perm_seed1734,2,random_3sat_control_v90_c383_seed1930,perm_seed1734,1,1,UNSATISFIABLE,UNSATISFIABLE,True,True,487,487,421,421,0.001623,0.00161,-1.299999999999999e-05,True,True,True,True,True,
repeat=2|base=random_3sat_control_v90_c383_seed1930|variant=perm_seed1735,2,random_3sat_control_v90_c383_seed1930,perm_seed1735,1,1,UNSATISFIABLE,UNSATISFIABLE,True,True,481,481,420,420,0.001525,0.001523,-2.0000000000000486e-06,True,True,True,True,True,
repeat=2|base=random_3sat_control_v90_c383_seed1930|variant=perm_seed1736,2,random_3sat_control_v90_c383_seed1930,perm_seed1736,1,1,UNSATISFIABLE,UNSATISFIABLE,True,True,578,578,519,519,0.001707,0.001931,0.00022400000000000002,True,True,True,True,True,
repeat=2|base=random_3sat_control_v90_c383_seed1930|variant=perm_seed1737,2,random_3sat_control_v90_c383_seed1930,perm_seed1737,1,1,UNSATISFIABLE,UNSATISFIABLE,True,True,528,528,463,463,0.001649,0.001677,2.800000000000003e-05,True,True,True,True,True,
repeat=2|base=random_3sat_control_v90_c383_seed1930|variant=perm_seed1738,2,random_3sat_control_v90_c383_seed1930,perm_seed1738,1,1,UNSATISFIABLE,UNSATISFIABLE,True,True,385,385,333,333,0.001451,0.001324,-0.00012699999999999994,True,True,True,True,True,
repeat=2|base=random_3sat_control_v90_c383_seed1930|variant=perm_seed1739,2,random_3sat_control_v90_c383_seed1930,perm_seed1739,1,1,UNSATISFIABLE,UNSATISFIABLE,True,True,713,713,606,606,0.002117,0.001989,-0.00012800000000000008,True,True,True,True,True,
repeat=2|base=random_3sat_control_v90_c383_seed1930|variant=perm_seed1740,2,random_3sat_control_v90_c383_seed1930,perm_seed1740,1,1,UNSATISFIABLE,UNSATISFIABLE,True,True,547,547,479,479,0.001741,0.001769,2.800000000000003e-05,True,True,True,True,True,
repeat=2|base=random_3sat_control_v90_c383_seed1930|variant=perm_seed1741,2,random_3sat_control_v90_c383_seed1930,perm_seed1741,1,1,UNSATISFIABLE,UNSATISFIABLE,True,True,507,507,434,434,0.001568,0.001726,0.00015800000000000015,True,True,True,True,True,
repeat=2|base=random_3sat_control_v90_c383_seed1930|variant=perm_seed1742,2,random_3sat_control_v90_c383_seed1930,perm_seed1742,1,1,UNSATISFIABLE,UNSATISFIABLE,True,True,656,656,578,578,0.001967,0.001994,2.7000000000000114e-05,True,True,True,True,True,
repeat=2|base=random_3sat_control_v90_c383_seed1930|variant=perm_seed1743,2,random_3sat_control_v90_c383_seed1930,perm_seed1743,1,1,UNSATISFIABLE,UNSATISFIABLE,True,True,377,377,327,327,0.001482,0.001407,-7.499999999999998e-05,True,True,True,True,True,
repeat=2|base=random_3sat_control_v90_c383_seed1930|variant=perm_seed1744,2,random_3sat_control_v90_c383_seed1930,perm_seed1744,1,1,UNSATISFIABLE,UNSATISFIABLE,True,True,610,610,505,505,0.001828,0.001781,-4.699999999999995e-05,True,True,True,True,True,
repeat=2|base=random_3sat_control_v90_c383_seed1930|variant=perm_seed1745,2,random_3sat_control_v90_c383_seed1930,perm_seed1745,1,1,UNSATISFIABLE,UNSATISFIABLE,True,True,398,398,329,329,0.00135,0.001393,4.299999999999985e-05,True,True,True,True,True,
repeat=2|base=subset_cardinality_bw10|variant=base,2,subset_cardinality_bw10,base,1,1,UNSATISFIABLE,UNSATISFIABLE,True,True,193,193,141,141,0.000755,0.000809,5.400000000000001e-05,True,True,True,True,True,
repeat=2|base=subset_cardinality_bw10|variant=perm_seed1730,2,subset_cardinality_bw10,perm_seed1730,1,1,UNSATISFIABLE,UNSATISFIABLE,True,True,218,218,167,167,0.000768,0.00084,7.200000000000002e-05,True,True,True,True,True,
repeat=2|base=subset_cardinality_bw10|variant=perm_seed1731,2,subset_cardinality_bw10,perm_seed1731,1,1,UNSATISFIABLE,UNSATISFIABLE,True,True,202,202,147,147,0.000772,0.000822,5.000000000000002e-05,True,True,True,True,True,
repeat=2|base=subset_cardinality_bw10|variant=perm_seed1732,2,subset_cardinality_bw10,perm_seed1732,1,1,UNSATISFIABLE,UNSATISFIABLE,True,True,217,217,149,149,0.000967,0.000948,-1.9000000000000028e-05,True,True,True,True,True,
repeat=2|base=subset_cardinality_bw10|variant=perm_seed1733,2,subset_cardinality_bw10,perm_seed1733,1,1,UNSATISFIABLE,UNSATISFIABLE,True,True,188,188,147,147,0.000858,0.000854,-3.999999999999989e-06,True,True,True,True,True,
repeat=2|base=subset_cardinality_bw10|variant=perm_seed1734,2,subset_cardinality_bw10,perm_seed1734,1,1,UNSATISFIABLE,UNSATISFIABLE,True,True,249,249,170,170,0.000928,0.000857,-7.099999999999999e-05,True,True,True,True,True,
repeat=2|base=subset_cardinality_bw10|variant=perm_seed1735,2,subset_cardinality_bw10,perm_seed1735,1,1,UNSATISFIABLE,UNSATISFIABLE,True,True,187,187,145,145,0.000828,0.00081,-1.8000000000000004e-05,True,True,True,True,True,
repeat=2|base=subset_cardinality_bw10|variant=perm_seed1736,2,subset_cardinality_bw10,perm_seed1736,1,1,UNSATISFIABLE,UNSATISFIABLE,True,True,218,218,175,175,0.000919,0.0009,-1.9000000000000028e-05,True,True,True,True,True,
repeat=2|base=subset_cardinality_bw10|variant=perm_seed1737,2,subset_cardinality_bw10,perm_seed1737,1,1,UNSATISFIABLE,UNSATISFIABLE,True,True,214,214,148,148,0.000882,0.000896,1.4000000000000015e-05,True,True,True,True,True,
repeat=2|base=subset_cardinality_bw10|variant=perm_seed1738,2,subset_cardinality_bw10,perm_seed1738,1,1,UNSATISFIABLE,UNSATISFIABLE,True,True,245,245,175,175,0.00091,0.00101,0.00010000000000000005,True,True,True,True,True,
repeat=2|base=subset_cardinality_bw10|variant=perm_seed1739,2,subset_cardinality_bw10,perm_seed1739,1,1,UNSATISFIABLE,UNSATISFIABLE,True,True,178,178,140,140,0.000858,0.000945,8.699999999999995e-05,True,True,True,True,True,
repeat=2|base=subset_cardinality_bw10|variant=perm_seed1740,2,subset_cardinality_bw10,perm_seed1740,1,1,UNSATISFIABLE,UNSATISFIABLE,True,True,255,255,180,180,0.000877,0.000864,-1.299999999999999e-05,True,True,True,True,True,
repeat=2|base=subset_cardinality_bw10|variant=perm_seed1741,2,subset_cardinality_bw10,perm_seed1741,1,1,UNSATISFIABLE,UNSATISFIABLE,True,True,200,200,162,162,0.000853,0.000899,4.5999999999999925e-05,True,True,True,True,True,
repeat=2|base=subset_cardinality_bw10|variant=perm_seed1742,2,subset_cardinality_bw10,perm_seed1742,1,1,UNSATISFIABLE,UNSATISFIABLE,True,True,200,200,151,151,0.000765,0.00083,6.500000000000006e-05,True,True,True,True,True,
repeat=2|base=subset_cardinality_bw10|variant=perm_seed1743,2,subset_cardinality_bw10,perm_seed1743,1,1,UNSATISFIABLE,UNSATISFIABLE,True,True,216,216,154,154,0.000987,0.000861,-0.00012600000000000003,True,True,True,True,True,
repeat=2|base=subset_cardinality_bw10|variant=perm_seed1744,2,subset_cardinality_bw10,perm_seed1744,1,1,UNSATISFIABLE,UNSATISFIABLE,True,True,206,206,157,157,0.000973,0.000862,-0.00011099999999999999,True,True,True,True,True,
repeat=2|base=subset_cardinality_bw10|variant=perm_seed1745,2,subset_cardinality_bw10,perm_seed1745,1,1,UNSATISFIABLE,UNSATISFIABLE,True,True,225,225,170,170,0.000904,0.000987,8.300000000000007e-05,True,True,True,True,True,
repeat=2|base=subset_cardinality_bw12|variant=base,2,subset_cardinality_bw12,base,1,1,UNSATISFIABLE,UNSATISFIABLE,True,True,442,442,342,342,0.001195,0.001087,-0.00010800000000000002,True,True,True,True,True,
repeat=2|base=subset_cardinality_bw12|variant=perm_seed1730,2,subset_cardinality_bw12,perm_seed1730,1,1,UNSATISFIABLE,UNSATISFIABLE,True,True,440,440,329,329,0.001021,0.001149,0.00012800000000000008,True,True,True,True,True,
repeat=2|base=subset_cardinality_bw12|variant=perm_seed1731,2,subset_cardinality_bw12,perm_seed1731,1,1,UNSATISFIABLE,UNSATISFIABLE,True,True,393,393,297,297,0.00103,0.00101,-2.0000000000000052e-05,True,True,True,True,True,
repeat=2|base=subset_cardinality_bw12|variant=perm_seed1732,2,subset_cardinality_bw12,perm_seed1732,1,1,UNSATISFIABLE,UNSATISFIABLE,True,True,430,430,328,328,0.001068,0.001112,4.3999999999999985e-05,True,True,True,True,True,
repeat=2|base=subset_cardinality_bw12|variant=perm_seed1733,2,subset_cardinality_bw12,perm_seed1733,1,1,UNSATISFIABLE,UNSATISFIABLE,True,True,434,434,333,333,0.001133,0.001122,-1.0999999999999942e-05,True,True,True,True,True,
repeat=2|base=subset_cardinality_bw12|variant=perm_seed1734,2,subset_cardinality_bw12,perm_seed1734,1,1,UNSATISFIABLE,UNSATISFIABLE,True,True,464,464,361,361,0.001138,0.001094,-4.3999999999999985e-05,True,True,True,True,True,
repeat=2|base=subset_cardinality_bw12|variant=perm_seed1735,2,subset_cardinality_bw12,perm_seed1735,1,1,UNSATISFIABLE,UNSATISFIABLE,True,True,394,394,340,340,0.00102,0.00103,1.0000000000000026e-05,True,True,True,True,True,
repeat=2|base=subset_cardinality_bw12|variant=perm_seed1736,2,subset_cardinality_bw12,perm_seed1736,1,1,UNSATISFIABLE,UNSATISFIABLE,True,True,410,410,313,313,0.000995,0.000964,-3.0999999999999995e-05,True,True,True,True,True,
repeat=2|base=subset_cardinality_bw12|variant=perm_seed1737,2,subset_cardinality_bw12,perm_seed1737,1,1,UNSATISFIABLE,UNSATISFIABLE,True,True,411,411,323,323,0.001019,0.001085,6.600000000000009e-05,True,True,True,True,True,
repeat=2|base=subset_cardinality_bw12|variant=perm_seed1738,2,subset_cardinality_bw12,perm_seed1738,1,1,UNSATISFIABLE,UNSATISFIABLE,True,True,411,411,317,317,0.001025,0.000994,-3.0999999999999995e-05,True,True,True,True,True,
repeat=2|base=subset_cardinality_bw12|variant=perm_seed1739,2,subset_cardinality_bw12,perm_seed1739,1,1,UNSATISFIABLE,UNSATISFIABLE,True,True,406,406,316,316,0.001085,0.001133,4.7999999999999866e-05,True,True,True,True,True,
repeat=2|base=subset_cardinality_bw12|variant=perm_seed1740,2,subset_cardinality_bw12,perm_seed1740,1,1,UNSATISFIABLE,UNSATISFIABLE,True,True,442,442,321,321,0.001054,0.001063,8.999999999999894e-06,True,True,True,True,True,
repeat=2|base=subset_cardinality_bw12|variant=perm_seed1741,2,subset_cardinality_bw12,perm_seed1741,1,1,UNSATISFIABLE,UNSATISFIABLE,True,True,417,417,333,333,0.001071,0.001037,-3.399999999999996e-05,True,True,True,True,True,
repeat=2|base=subset_cardinality_bw12|variant=perm_seed1742,2,subset_cardinality_bw12,perm_seed1742,1,1,UNSATISFIABLE,UNSATISFIABLE,True,True,443,443,346,346,0.00105,0.001181,0.00013100000000000004,True,True,True,True,True,
repeat=2|base=subset_cardinality_bw12|variant=perm_seed1743,2,subset_cardinality_bw12,perm_seed1743,1,1,UNSATISFIABLE,UNSATISFIABLE,True,True,439,439,339,339,0.00105,0.001161,0.00011099999999999999,True,True,True,True,True,
repeat=2|base=subset_cardinality_bw12|variant=perm_seed1744,2,subset_cardinality_bw12,perm_seed1744,1,1,UNSATISFIABLE,UNSATISFIABLE,True,True,430,430,339,339,0.001045,0.001053,7.999999999999978e-06,True,True,True,True,True,
repeat=2|base=subset_cardinality_bw12|variant=perm_seed1745,2,subset_cardinality_bw12,perm_seed1745,1,1,UNSATISFIABLE,UNSATISFIABLE,True,True,408,408,323,323,0.001073,0.001043,-2.9999999999999862e-05,True,True,True,True,True,
repeat=2|base=subset_cardinality_bw14|variant=base,2,subset_cardinality_bw14,base,1,1,UNSATISFIABLE,UNSATISFIABLE,True,True,759,759,561,561,0.00137,0.001471,0.00010100000000000018,True,True,True,True,True,
repeat=2|base=subset_cardinality_bw14|variant=perm_seed1730,2,subset_cardinality_bw14,perm_seed1730,1,1,UNSATISFIABLE,UNSATISFIABLE,True,True,743,743,583,583,0.001342,0.001417,7.499999999999998e-05,True,True,True,True,True,
repeat=2|base=subset_cardinality_bw14|variant=perm_seed1731,2,subset_cardinality_bw14,perm_seed1731,1,1,UNSATISFIABLE,UNSATISFIABLE,True,True,775,775,591,591,0.001471,0.001475,3.99999999999988e-06,True,True,True,True,True,
repeat=2|base=subset_cardinality_bw14|variant=perm_seed1732,2,subset_cardinality_bw14,perm_seed1732,1,1,UNSATISFIABLE,UNSATISFIABLE,True,True,696,696,526,526,0.001258,0.001539,0.000281,True,True,True,True,True,
repeat=2|base=subset_cardinality_bw14|variant=perm_seed1733,2,subset_cardinality_bw14,perm_seed1733,1,1,UNSATISFIABLE,UNSATISFIABLE,True,True,772,772,610,610,0.001475,0.001433,-4.199999999999994e-05,True,True,True,True,True,
repeat=2|base=subset_cardinality_bw14|variant=perm_seed1734,2,subset_cardinality_bw14,perm_seed1734,1,1,UNSATISFIABLE,UNSATISFIABLE,True,True,692,692,568,568,0.001391,0.001441,4.9999999999999914e-05,True,True,True,True,True,
repeat=2|base=subset_cardinality_bw14|variant=perm_seed1735,2,subset_cardinality_bw14,perm_seed1735,1,1,UNSATISFIABLE,UNSATISFIABLE,True,True,736,736,603,603,0.001475,0.001596,0.00012100000000000001,True,True,True,True,True,
repeat=2|base=subset_cardinality_bw14|variant=perm_seed1736,2,subset_cardinality_bw14,perm_seed1736,1,1,UNSATISFIABLE,UNSATISFIABLE,True,True,725,725,580,580,0.001398,0.001627,0.00022900000000000004,True,True,True,True,True,
repeat=2|base=subset_cardinality_bw14|variant=perm_seed1737,2,subset_cardinality_bw14,perm_seed1737,1,1,UNSATISFIABLE,UNSATISFIABLE,True,True,709,709,503,503,0.001305,0.001511,0.00020600000000000002,True,True,True,True,True,
repeat=2|base=subset_cardinality_bw14|variant=perm_seed1738,2,subset_cardinality_bw14,perm_seed1738,1,1,UNSATISFIABLE,UNSATISFIABLE,True,True,687,687,549,549,0.001381,0.001408,2.6999999999999897e-05,True,True,True,True,True,
repeat=2|base=subset_cardinality_bw14|variant=perm_seed1739,2,subset_cardinality_bw14,perm_seed1739,1,1,UNSATISFIABLE,UNSATISFIABLE,True,True,765,765,626,626,0.001582,0.001558,-2.400000000000015e-05,True,True,True,True,True,
repeat=2|base=subset_cardinality_bw14|variant=perm_seed1740,2,subset_cardinality_bw14,perm_seed1740,1,1,UNSATISFIABLE,UNSATISFIABLE,True,True,681,681,539,539,0.001363,0.001362,-1.0000000000001327e-06,True,True,True,True,True,
repeat=2|base=subset_cardinality_bw14|variant=perm_seed1741,2,subset_cardinality_bw14,perm_seed1741,1,1,UNSATISFIABLE,UNSATISFIABLE,True,True,738,738,563,563,0.001496,0.00141,-8.599999999999992e-05,True,True,True,True,True,
repeat=2|base=subset_cardinality_bw14|variant=perm_seed1742,2,subset_cardinality_bw14,perm_seed1742,1,1,UNSATISFIABLE,UNSATISFIABLE,True,True,647,647,497,497,0.001418,0.001399,-1.899999999999992e-05,True,True,True,True,True,
repeat=2|base=subset_cardinality_bw14|variant=perm_seed1743,2,subset_cardinality_bw14,perm_seed1743,1,1,UNSATISFIABLE,UNSATISFIABLE,True,True,800,800,653,653,0.001466,0.001541,7.499999999999998e-05,True,True,True,True,True,
repeat=2|base=subset_cardinality_bw14|variant=perm_seed1744,2,subset_cardinality_bw14,perm_seed1744,1,1,UNSATISFIABLE,UNSATISFIABLE,True,True,702,702,576,576,0.001344,0.001477,0.0001330000000000001,True,True,True,True,True,
repeat=2|base=subset_cardinality_bw14|variant=perm_seed1745,2,subset_cardinality_bw14,perm_seed1745,1,1,UNSATISFIABLE,UNSATISFIABLE,True,True,769,769,586,586,0.001387,0.001452,6.499999999999995e-05,True,True,True,True,True,
repeat=2|base=subset_cardinality_bw16|variant=base,2,subset_cardinality_bw16,base,1,1,UNSATISFIABLE,UNSATISFIABLE,True,True,914,914,659,659,0.001734,0.001569,-0.000165,True,True,True,True,True,
repeat=2|base=subset_cardinality_bw16|variant=perm_seed1730,2,subset_cardinality_bw16,perm_seed1730,1,1,UNSATISFIABLE,UNSATISFIABLE,True,True,1124,1124,863,863,0.001839,0.001952,0.00011300000000000004,True,True,True,True,True,
repeat=2|base=subset_cardinality_bw16|variant=perm_seed1731,2,subset_cardinality_bw16,perm_seed1731,1,1,UNSATISFIABLE,UNSATISFIABLE,True,True,1165,1165,901,901,0.001971,0.001902,-6.900000000000005e-05,True,True,True,True,True,
repeat=2|base=subset_cardinality_bw16|variant=perm_seed1732,2,subset_cardinality_bw16,perm_seed1732,1,1,UNSATISFIABLE,UNSATISFIABLE,True,True,1261,1261,971,971,0.001967,0.002113,0.00014599999999999986,True,True,True,True,True,
repeat=2|base=subset_cardinality_bw16|variant=perm_seed1733,2,subset_cardinality_bw16,perm_seed1733,1,1,UNSATISFIABLE,UNSATISFIABLE,True,True,1256,1256,997,997,0.002086,0.002142,5.5999999999999626e-05,True,True,True,True,True,
repeat=2|base=subset_cardinality_bw16|variant=perm_seed1734,2,subset_cardinality_bw16,perm_seed1734,1,1,UNSATISFIABLE,UNSATISFIABLE,True,True,1201,1201,874,874,0.001875,0.002083,0.00020800000000000029,True,True,True,True,True,
repeat=2|base=subset_cardinality_bw16|variant=perm_seed1735,2,subset_cardinality_bw16,perm_seed1735,1,1,UNSATISFIABLE,UNSATISFIABLE,True,True,1156,1156,858,858,0.001957,0.00196,2.9999999999999645e-06,True,True,True,True,True,
repeat=2|base=subset_cardinality_bw16|variant=perm_seed1736,2,subset_cardinality_bw16,perm_seed1736,1,1,UNSATISFIABLE,UNSATISFIABLE,True,True,1269,1269,990,990,0.002076,0.002269,0.00019300000000000003,True,True,True,True,True,
repeat=2|base=subset_cardinality_bw16|variant=perm_seed1737,2,subset_cardinality_bw16,perm_seed1737,1,1,UNSATISFIABLE,UNSATISFIABLE,True,True,1136,1136,881,881,0.001956,0.001873,-8.299999999999974e-05,True,True,True,True,True,
repeat=2|base=subset_cardinality_bw16|variant=perm_seed1738,2,subset_cardinality_bw16,perm_seed1738,1,1,UNSATISFIABLE,UNSATISFIABLE,True,True,1155,1155,911,911,0.001916,0.001949,3.300000000000004e-05,True,True,True,True,True,
repeat=2|base=subset_cardinality_bw16|variant=perm_seed1739,2,subset_cardinality_bw16,perm_seed1739,1,1,UNSATISFIABLE,UNSATISFIABLE,True,True,1240,1240,926,926,0.002004,0.001939,-6.500000000000017e-05,True,True,True,True,True,
repeat=2|base=subset_cardinality_bw16|variant=perm_seed1740,2,subset_cardinality_bw16,perm_seed1740,1,1,UNSATISFIABLE,UNSATISFIABLE,True,True,1144,1144,866,866,0.001825,0.002011,0.00018600000000000018,True,True,True,True,True,
repeat=2|base=subset_cardinality_bw16|variant=perm_seed1741,2,subset_cardinality_bw16,perm_seed1741,1,1,UNSATISFIABLE,UNSATISFIABLE,True,True,1187,1187,895,895,0.001819,0.001902,8.299999999999996e-05,True,True,True,True,True,
repeat=2|base=subset_cardinality_bw16|variant=perm_seed1742,2,subset_cardinality_bw16,perm_seed1742,1,1,UNSATISFIABLE,UNSATISFIABLE,True,True,1144,1144,845,845,0.001818,0.001874,5.600000000000006e-05,True,True,True,True,True,
repeat=2|base=subset_cardinality_bw16|variant=perm_seed1743,2,subset_cardinality_bw16,perm_seed1743,1,1,UNSATISFIABLE,UNSATISFIABLE,True,True,1340,1340,1021,1021,0.002146,0.002251,0.00010500000000000006,True,True,True,True,True,
repeat=2|base=subset_cardinality_bw16|variant=perm_seed1744,2,subset_cardinality_bw16,perm_seed1744,1,1,UNSATISFIABLE,UNSATISFIABLE,True,True,1190,1190,952,952,0.002178,0.002119,-5.9000000000000025e-05,True,True,True,True,True,
repeat=2|base=subset_cardinality_bw16|variant=perm_seed1745,2,subset_cardinality_bw16,perm_seed1745,1,1,UNSATISFIABLE,UNSATISFIABLE,True,True,1275,1275,979,979,0.002159,0.002174,1.5000000000000256e-05,True,True,True,True,True,
repeat=2|base=subset_cardinality_bw18|variant=base,2,subset_cardinality_bw18,base,1,1,UNSATISFIABLE,UNSATISFIABLE,True,True,1744,1744,1353,1353,0.002801,0.00276,-4.100000000000024e-05,True,True,True,True,True,
repeat=2|base=subset_cardinality_bw18|variant=perm_seed1730,2,subset_cardinality_bw18,perm_seed1730,1,1,UNSATISFIABLE,UNSATISFIABLE,True,True,1692,1692,1238,1238,0.002567,0.002806,0.00023900000000000006,True,True,True,True,True,
repeat=2|base=subset_cardinality_bw18|variant=perm_seed1731,2,subset_cardinality_bw18,perm_seed1731,1,1,UNSATISFIABLE,UNSATISFIABLE,True,True,1884,1884,1464,1464,0.003004,0.00321,0.00020600000000000002,True,True,True,True,True,
repeat=2|base=subset_cardinality_bw18|variant=perm_seed1732,2,subset_cardinality_bw18,perm_seed1732,1,1,UNSATISFIABLE,UNSATISFIABLE,True,True,1456,1456,1049,1049,0.002303,0.00218,-0.00012299999999999985,True,True,True,True,True,
repeat=2|base=subset_cardinality_bw18|variant=perm_seed1733,2,subset_cardinality_bw18,perm_seed1733,1,1,UNSATISFIABLE,UNSATISFIABLE,True,True,1993,1993,1604,1604,0.003196,0.003438,0.00024200000000000003,True,True,True,True,True,
repeat=2|base=subset_cardinality_bw18|variant=perm_seed1734,2,subset_cardinality_bw18,perm_seed1734,1,1,UNSATISFIABLE,UNSATISFIABLE,True,True,1814,1814,1305,1305,0.002504,0.002553,4.9e-05,True,True,True,True,True,
repeat=2|base=subset_cardinality_bw18|variant=perm_seed1735,2,subset_cardinality_bw18,perm_seed1735,1,1,UNSATISFIABLE,UNSATISFIABLE,True,True,1587,1587,1151,1151,0.00231,0.002344,3.4000000000000176e-05,True,True,True,True,True,
repeat=2|base=subset_cardinality_bw18|variant=perm_seed1736,2,subset_cardinality_bw18,perm_seed1736,1,1,UNSATISFIABLE,UNSATISFIABLE,True,True,1684,1684,1216,1216,0.002523,0.002428,-9.500000000000003e-05,True,True,True,True,True,
repeat=2|base=subset_cardinality_bw18|variant=perm_seed1737,2,subset_cardinality_bw18,perm_seed1737,1,1,UNSATISFIABLE,UNSATISFIABLE,True,True,1851,1851,1302,1302,0.002557,0.002689,0.00013200000000000017,True,True,True,True,True,
repeat=2|base=subset_cardinality_bw18|variant=perm_seed1738,2,subset_cardinality_bw18,perm_seed1738,1,1,UNSATISFIABLE,UNSATISFIABLE,True,True,1549,1549,1103,1103,0.002195,0.00218,-1.4999999999999823e-05,True,True,True,True,True,
repeat=2|base=subset_cardinality_bw18|variant=perm_seed1739,2,subset_cardinality_bw18,perm_seed1739,1,1,UNSATISFIABLE,UNSATISFIABLE,True,True,1933,1933,1461,1461,0.003153,0.003176,2.3000000000000017e-05,True,True,True,True,True,
repeat=2|base=subset_cardinality_bw18|variant=perm_seed1740,2,subset_cardinality_bw18,perm_seed1740,1,1,UNSATISFIABLE,UNSATISFIABLE,True,True,1755,1755,1289,1289,0.002772,0.0027,-7.200000000000002e-05,True,True,True,True,True,
repeat=2|base=subset_cardinality_bw18|variant=perm_seed1741,2,subset_cardinality_bw18,perm_seed1741,1,1,UNSATISFIABLE,UNSATISFIABLE,True,True,1766,1766,1309,1309,0.002729,0.002662,-6.700000000000022e-05,True,True,True,True,True,
repeat=2|base=subset_cardinality_bw18|variant=perm_seed1742,2,subset_cardinality_bw18,perm_seed1742,1,1,UNSATISFIABLE,UNSATISFIABLE,True,True,1570,1570,1172,1172,0.00231,0.002345,3.4999999999999875e-05,True,True,True,True,True,
repeat=2|base=subset_cardinality_bw18|variant=perm_seed1743,2,subset_cardinality_bw18,perm_seed1743,1,1,UNSATISFIABLE,UNSATISFIABLE,True,True,1910,1910,1455,1455,0.003051,0.003012,-3.899999999999997e-05,True,True,True,True,True,
repeat=2|base=subset_cardinality_bw18|variant=perm_seed1744,2,subset_cardinality_bw18,perm_seed1744,1,1,UNSATISFIABLE,UNSATISFIABLE,True,True,1455,1455,1048,1048,0.002191,0.002173,-1.7999999999999787e-05,True,True,True,True,True,
repeat=2|base=subset_cardinality_bw18|variant=perm_seed1745,2,subset_cardinality_bw18,perm_seed1745,1,1,UNSATISFIABLE,UNSATISFIABLE,True,True,1653,1653,1237,1237,0.002558,0.002515,-4.300000000000007e-05,True,True,True,True,True,
repeat=2|base=subset_cardinality_bw8|variant=base,2,subset_cardinality_bw8,base,1,1,UNSATISFIABLE,UNSATISFIABLE,True,True,89,89,67,67,0.000655,0.000703,4.7999999999999974e-05,True,True,True,True,True,
repeat=2|base=subset_cardinality_bw8|variant=perm_seed1730,2,subset_cardinality_bw8,perm_seed1730,1,1,UNSATISFIABLE,UNSATISFIABLE,True,True,110,110,76,76,0.00067,0.000653,-1.699999999999998e-05,True,True,True,True,True,
repeat=2|base=subset_cardinality_bw8|variant=perm_seed1731,2,subset_cardinality_bw8,perm_seed1731,1,1,UNSATISFIABLE,UNSATISFIABLE,True,True,91,91,70,70,0.000647,0.000756,0.00010900000000000005,True,True,True,True,True,
repeat=2|base=subset_cardinality_bw8|variant=perm_seed1732,2,subset_cardinality_bw8,perm_seed1732,1,1,UNSATISFIABLE,UNSATISFIABLE,True,True,84,84,67,67,0.000679,0.000683,3.999999999999989e-06,True,True,True,True,True,
repeat=2|base=subset_cardinality_bw8|variant=perm_seed1733,2,subset_cardinality_bw8,perm_seed1733,1,1,UNSATISFIABLE,UNSATISFIABLE,True,True,109,109,86,86,0.000792,0.000709,-8.299999999999996e-05,True,True,True,True,True,
repeat=2|base=subset_cardinality_bw8|variant=perm_seed1734,2,subset_cardinality_bw8,perm_seed1734,1,1,UNSATISFIABLE,UNSATISFIABLE,True,True,112,112,82,82,0.000718,0.000712,-6.000000000000037e-06,True,True,True,True,True,
repeat=2|base=subset_cardinality_bw8|variant=perm_seed1735,2,subset_cardinality_bw8,perm_seed1735,1,1,UNSATISFIABLE,UNSATISFIABLE,True,True,94,94,68,68,0.000669,0.000687,1.8000000000000004e-05,True,True,True,True,True,
repeat=2|base=subset_cardinality_bw8|variant=perm_seed1736,2,subset_cardinality_bw8,perm_seed1736,1,1,UNSATISFIABLE,UNSATISFIABLE,True,True,121,121,83,83,0.000675,0.000734,5.8999999999999916e-05,True,True,True,True,True,
repeat=2|base=subset_cardinality_bw8|variant=perm_seed1737,2,subset_cardinality_bw8,perm_seed1737,1,1,UNSATISFIABLE,UNSATISFIABLE,True,True,87,87,66,66,0.000678,0.000686,7.999999999999978e-06,True,True,True,True,True,
repeat=2|base=subset_cardinality_bw8|variant=perm_seed1738,2,subset_cardinality_bw8,perm_seed1738,1,1,UNSATISFIABLE,UNSATISFIABLE,True,True,80,80,66,66,0.000711,0.000654,-5.7000000000000084e-05,True,True,True,True,True,
repeat=2|base=subset_cardinality_bw8|variant=perm_seed1739,2,subset_cardinality_bw8,perm_seed1739,1,1,UNSATISFIABLE,UNSATISFIABLE,True,True,103,103,74,74,0.000684,0.000675,-9.000000000000002e-06,True,True,True,True,True,
repeat=2|base=subset_cardinality_bw8|variant=perm_seed1740,2,subset_cardinality_bw8,perm_seed1740,1,1,UNSATISFIABLE,UNSATISFIABLE,True,True,98,98,64,64,0.000651,0.000661,1.0000000000000026e-05,True,True,True,True,True,
repeat=2|base=subset_cardinality_bw8|variant=perm_seed1741,2,subset_cardinality_bw8,perm_seed1741,1,1,UNSATISFIABLE,UNSATISFIABLE,True,True,106,106,76,76,0.000699,0.000669,-2.999999999999997e-05,True,True,True,True,True,
repeat=2|base=subset_cardinality_bw8|variant=perm_seed1742,2,subset_cardinality_bw8,perm_seed1742,1,1,UNSATISFIABLE,UNSATISFIABLE,True,True,107,107,72,72,0.000654,0.000667,1.299999999999999e-05,True,True,True,True,True,
repeat=2|base=subset_cardinality_bw8|variant=perm_seed1743,2,subset_cardinality_bw8,perm_seed1743,1,1,UNSATISFIABLE,UNSATISFIABLE,True,True,106,106,74,74,0.00067,0.000697,2.7000000000000006e-05,True,True,True,True,True,
repeat=2|base=subset_cardinality_bw8|variant=perm_seed1744,2,subset_cardinality_bw8,perm_seed1744,1,1,UNSATISFIABLE,UNSATISFIABLE,True,True,99,99,71,71,0.000671,0.000666,-5.000000000000013e-06,True,True,True,True,True,
repeat=2|base=subset_cardinality_bw8|variant=perm_seed1745,2,subset_cardinality_bw8,perm_seed1745,1,1,UNSATISFIABLE,UNSATISFIABLE,True,True,102,102,71,71,0.000677,0.000727,5.000000000000002e-05,True,True,True,True,True,
repeat=2|base=tseitin_k5_even|variant=base,2,tseitin_k5_even,base,1,1,SATISFIABLE,SATISFIABLE,True,True,7,7,0,0,0.000803,0.000701,-0.00010199999999999999,True,True,True,True,True,
repeat=2|base=tseitin_k5_even|variant=perm_seed1730,2,tseitin_k5_even,perm_seed1730,1,1,SATISFIABLE,SATISFIABLE,True,True,7,7,0,0,0.000675,0.000749,7.399999999999996e-05,True,True,True,True,True,
repeat=2|base=tseitin_k5_even|variant=perm_seed1731,2,tseitin_k5_even,perm_seed1731,1,1,SATISFIABLE,SATISFIABLE,True,True,7,7,0,0,0.00068,0.000696,1.5999999999999955e-05,True,True,True,True,True,
repeat=2|base=tseitin_k5_even|variant=perm_seed1732,2,tseitin_k5_even,perm_seed1732,1,1,SATISFIABLE,SATISFIABLE,True,True,7,7,0,0,0.000693,0.000665,-2.800000000000003e-05,True,True,True,True,True,
repeat=2|base=tseitin_k5_even|variant=perm_seed1733,2,tseitin_k5_even,perm_seed1733,1,1,SATISFIABLE,SATISFIABLE,True,True,7,7,0,0,0.000618,0.000751,0.0001330000000000001,True,True,True,True,True,
repeat=2|base=tseitin_k5_even|variant=perm_seed1734,2,tseitin_k5_even,perm_seed1734,1,1,SATISFIABLE,SATISFIABLE,True,True,7,7,0,0,0.000641,0.000615,-2.599999999999998e-05,True,True,True,True,True,
repeat=2|base=tseitin_k5_even|variant=perm_seed1735,2,tseitin_k5_even,perm_seed1735,1,1,SATISFIABLE,SATISFIABLE,True,True,7,7,0,0,0.000633,0.000578,-5.5000000000000036e-05,True,True,True,True,True,
repeat=2|base=tseitin_k5_even|variant=perm_seed1736,2,tseitin_k5_even,perm_seed1736,1,1,SATISFIABLE,SATISFIABLE,True,True,7,7,0,0,0.00061,0.000604,-5.999999999999929e-06,True,True,True,True,True,
repeat=2|base=tseitin_k5_even|variant=perm_seed1737,2,tseitin_k5_even,perm_seed1737,1,1,SATISFIABLE,SATISFIABLE,True,True,7,7,0,0,0.00058,0.000667,8.699999999999995e-05,True,True,True,True,True,
repeat=2|base=tseitin_k5_even|variant=perm_seed1738,2,tseitin_k5_even,perm_seed1738,1,1,SATISFIABLE,SATISFIABLE,True,True,7,7,0,0,0.000667,0.000696,2.9000000000000054e-05,True,True,True,True,True,
repeat=2|base=tseitin_k5_even|variant=perm_seed1739,2,tseitin_k5_even,perm_seed1739,1,1,SATISFIABLE,SATISFIABLE,True,True,7,7,0,0,0.000651,0.000609,-4.2000000000000045e-05,True,True,True,True,True,
repeat=2|base=tseitin_k5_even|variant=perm_seed1740,2,tseitin_k5_even,perm_seed1740,1,1,SATISFIABLE,SATISFIABLE,True,True,7,7,0,0,0.000751,0.000711,-3.9999999999999996e-05,True,True,True,True,True,
repeat=2|base=tseitin_k5_even|variant=perm_seed1741,2,tseitin_k5_even,perm_seed1741,1,1,SATISFIABLE,SATISFIABLE,True,True,7,7,0,0,0.000594,0.000637,4.299999999999996e-05,True,True,True,True,True,
repeat=2|base=tseitin_k5_even|variant=perm_seed1742,2,tseitin_k5_even,perm_seed1742,1,1,SATISFIABLE,SATISFIABLE,True,True,7,7,0,0,0.000625,0.000605,-2.0000000000000052e-05,True,True,True,True,True,
repeat=2|base=tseitin_k5_even|variant=perm_seed1743,2,tseitin_k5_even,perm_seed1743,1,1,SATISFIABLE,SATISFIABLE,True,True,7,7,0,0,0.000621,0.000691,6.999999999999997e-05,True,True,True,True,True,
repeat=2|base=tseitin_k5_even|variant=perm_seed1744,2,tseitin_k5_even,perm_seed1744,1,1,SATISFIABLE,SATISFIABLE,True,True,7,7,0,0,0.000632,0.000622,-9.999999999999918e-06,True,True,True,True,True,
repeat=2|base=tseitin_k5_even|variant=perm_seed1745,2,tseitin_k5_even,perm_seed1745,1,1,SATISFIABLE,SATISFIABLE,True,True,7,7,0,0,0.000592,0.000592,0.0,True,True,True,True,True,
repeat=2|base=tseitin_k5_odd|variant=base,2,tseitin_k5_odd,base,1,1,UNSATISFIABLE,UNSATISFIABLE,True,True,63,63,64,64,0.000627,0.000659,3.200000000000002e-05,True,True,True,True,True,
repeat=2|base=tseitin_k5_odd|variant=perm_seed1730,2,tseitin_k5_odd,perm_seed1730,1,1,UNSATISFIABLE,UNSATISFIABLE,True,True,63,63,64,64,0.000666,0.000722,5.599999999999995e-05,True,True,True,True,True,
repeat=2|base=tseitin_k5_odd|variant=perm_seed1731,2,tseitin_k5_odd,perm_seed1731,1,1,UNSATISFIABLE,UNSATISFIABLE,True,True,63,63,64,64,0.000608,0.000696,8.799999999999997e-05,True,True,True,True,True,
repeat=2|base=tseitin_k5_odd|variant=perm_seed1732,2,tseitin_k5_odd,perm_seed1732,1,1,UNSATISFIABLE,UNSATISFIABLE,True,True,63,63,64,64,0.000661,0.000634,-2.7000000000000006e-05,True,True,True,True,True,
repeat=2|base=tseitin_k5_odd|variant=perm_seed1733,2,tseitin_k5_odd,perm_seed1733,1,1,UNSATISFIABLE,UNSATISFIABLE,True,True,63,63,64,64,0.000625,0.000655,2.999999999999997e-05,True,True,True,True,True,
repeat=2|base=tseitin_k5_odd|variant=perm_seed1734,2,tseitin_k5_odd,perm_seed1734,1,1,UNSATISFIABLE,UNSATISFIABLE,True,True,63,63,64,64,0.000644,0.000671,2.7000000000000006e-05,True,True,True,True,True,
repeat=2|base=tseitin_k5_odd|variant=perm_seed1735,2,tseitin_k5_odd,perm_seed1735,1,1,UNSATISFIABLE,UNSATISFIABLE,True,True,63,63,64,64,0.000704,0.000638,-6.599999999999998e-05,True,True,True,True,True,
repeat=2|base=tseitin_k5_odd|variant=perm_seed1736,2,tseitin_k5_odd,perm_seed1736,1,1,UNSATISFIABLE,UNSATISFIABLE,True,True,63,63,64,64,0.00069,0.000642,-4.7999999999999974e-05,True,True,True,True,True,
repeat=2|base=tseitin_k5_odd|variant=perm_seed1737,2,tseitin_k5_odd,perm_seed1737,1,1,UNSATISFIABLE,UNSATISFIABLE,True,True,63,63,64,64,0.000626,0.000686,5.999999999999994e-05,True,True,True,True,True,
repeat=2|base=tseitin_k5_odd|variant=perm_seed1738,2,tseitin_k5_odd,perm_seed1738,1,1,UNSATISFIABLE,UNSATISFIABLE,True,True,63,63,64,64,0.000662,0.000622,-3.9999999999999996e-05,True,True,True,True,True,
repeat=2|base=tseitin_k5_odd|variant=perm_seed1739,2,tseitin_k5_odd,perm_seed1739,1,1,UNSATISFIABLE,UNSATISFIABLE,True,True,63,63,64,64,0.000611,0.000667,5.599999999999995e-05,True,True,True,True,True,
repeat=2|base=tseitin_k5_odd|variant=perm_seed1740,2,tseitin_k5_odd,perm_seed1740,1,1,UNSATISFIABLE,UNSATISFIABLE,True,True,63,63,64,64,0.000594,0.000637,4.299999999999996e-05,True,True,True,True,True,
repeat=2|base=tseitin_k5_odd|variant=perm_seed1741,2,tseitin_k5_odd,perm_seed1741,1,1,UNSATISFIABLE,UNSATISFIABLE,True,True,63,63,64,64,0.000651,0.000682,3.0999999999999995e-05,True,True,True,True,True,
repeat=2|base=tseitin_k5_odd|variant=perm_seed1742,2,tseitin_k5_odd,perm_seed1742,1,1,UNSATISFIABLE,UNSATISFIABLE,True,True,63,63,64,64,0.000701,0.000722,2.099999999999997e-05,True,True,True,True,True,
repeat=2|base=tseitin_k5_odd|variant=perm_seed1743,2,tseitin_k5_odd,perm_seed1743,1,1,UNSATISFIABLE,UNSATISFIABLE,True,True,63,63,64,64,0.000626,0.000656,2.999999999999997e-05,True,True,True,True,True,
repeat=2|base=tseitin_k5_odd|variant=perm_seed1744,2,tseitin_k5_odd,perm_seed1744,1,1,UNSATISFIABLE,UNSATISFIABLE,True,True,63,63,64,64,0.000609,0.000624,1.500000000000004e-05,True,True,True,True,True,
repeat=2|base=tseitin_k5_odd|variant=perm_seed1745,2,tseitin_k5_odd,perm_seed1745,1,1,UNSATISFIABLE,UNSATISFIABLE,True,True,63,63,64,64,0.000623,0.00062,-2.9999999999999645e-06,True,True,True,True,True,
repeat=2|base=tseitin_k6_even|variant=base,2,tseitin_k6_even,base,1,1,SATISFIABLE,SATISFIABLE,True,True,11,11,0,0,0.00061,0.000621,1.100000000000005e-05,True,True,True,True,True,
repeat=2|base=tseitin_k6_even|variant=perm_seed1730,2,tseitin_k6_even,perm_seed1730,1,1,SATISFIABLE,SATISFIABLE,True,True,11,11,0,0,0.000614,0.000688,7.400000000000006e-05,True,True,True,True,True,
repeat=2|base=tseitin_k6_even|variant=perm_seed1731,2,tseitin_k6_even,perm_seed1731,1,1,SATISFIABLE,SATISFIABLE,True,True,11,11,0,0,0.000663,0.000657,-5.999999999999929e-06,True,True,True,True,True,
repeat=2|base=tseitin_k6_even|variant=perm_seed1732,2,tseitin_k6_even,perm_seed1732,1,1,SATISFIABLE,SATISFIABLE,True,True,11,11,0,0,0.000594,0.000607,1.299999999999999e-05,True,True,True,True,True,
repeat=2|base=tseitin_k6_even|variant=perm_seed1733,2,tseitin_k6_even,perm_seed1733,1,1,SATISFIABLE,SATISFIABLE,True,True,11,11,0,0,0.000601,0.000651,5.000000000000002e-05,True,True,True,True,True,
repeat=2|base=tseitin_k6_even|variant=perm_seed1734,2,tseitin_k6_even,perm_seed1734,1,1,SATISFIABLE,SATISFIABLE,True,True,11,11,0,0,0.000593,0.000615,2.1999999999999993e-05,True,True,True,True,True,
repeat=2|base=tseitin_k6_even|variant=perm_seed1735,2,tseitin_k6_even,perm_seed1735,1,1,SATISFIABLE,SATISFIABLE,True,True,11,11,0,0,0.000607,0.000622,1.500000000000004e-05,True,True,True,True,True,
repeat=2|base=tseitin_k6_even|variant=perm_seed1736,2,tseitin_k6_even,perm_seed1736,1,1,SATISFIABLE,SATISFIABLE,True,True,11,11,0,0,0.000626,0.000615,-1.100000000000005e-05,True,True,True,True,True,
repeat=2|base=tseitin_k6_even|variant=perm_seed1737,2,tseitin_k6_even,perm_seed1737,1,1,SATISFIABLE,SATISFIABLE,True,True,11,11,0,0,0.000676,0.000615,-6.0999999999999965e-05,True,True,True,True,True,
repeat=2|base=tseitin_k6_even|variant=perm_seed1738,2,tseitin_k6_even,perm_seed1738,1,1,SATISFIABLE,SATISFIABLE,True,True,11,11,0,0,0.000604,0.000691,8.699999999999995e-05,True,True,True,True,True,
repeat=2|base=tseitin_k6_even|variant=perm_seed1739,2,tseitin_k6_even,perm_seed1739,1,1,SATISFIABLE,SATISFIABLE,True,True,11,11,0,0,0.000594,0.000627,3.2999999999999935e-05,True,True,True,True,True,
repeat=2|base=tseitin_k6_even|variant=perm_seed1740,2,tseitin_k6_even,perm_seed1740,1,1,SATISFIABLE,SATISFIABLE,True,True,11,11,0,0,0.000625,0.000693,6.800000000000003e-05,True,True,True,True,True,
repeat=2|base=tseitin_k6_even|variant=perm_seed1741,2,tseitin_k6_even,perm_seed1741,1,1,SATISFIABLE,SATISFIABLE,True,True,11,11,0,0,0.000654,0.000642,-1.1999999999999966e-05,True,True,True,True,True,
repeat=2|base=tseitin_k6_even|variant=perm_seed1742,2,tseitin_k6_even,perm_seed1742,1,1,SATISFIABLE,SATISFIABLE,True,True,11,11,0,0,0.000622,0.000621,-1.0000000000000243e-06,True,True,True,True,True,
repeat=2|base=tseitin_k6_even|variant=perm_seed1743,2,tseitin_k6_even,perm_seed1743,1,1,SATISFIABLE,SATISFIABLE,True,True,11,11,0,0,0.000586,0.000648,6.199999999999999e-05,True,True,True,True,True,
repeat=2|base=tseitin_k6_even|variant=perm_seed1744,2,tseitin_k6_even,perm_seed1744,1,1,SATISFIABLE,SATISFIABLE,True,True,11,11,0,0,0.00058,0.000595,1.500000000000004e-05,True,True,True,True,True,
repeat=2|base=tseitin_k6_even|variant=perm_seed1745,2,tseitin_k6_even,perm_seed1745,1,1,SATISFIABLE,SATISFIABLE,True,True,11,11,0,0,0.000596,0.000636,3.9999999999999996e-05,True,True,True,True,True,
repeat=2|base=tseitin_k6_odd|variant=base,2,tseitin_k6_odd,base,1,1,UNSATISFIABLE,UNSATISFIABLE,True,True,1023,1023,1024,1024,0.001258,0.001323,6.499999999999995e-05,True,True,True,True,True,
repeat=2|base=tseitin_k6_odd|variant=perm_seed1730,2,tseitin_k6_odd,perm_seed1730,1,1,UNSATISFIABLE,UNSATISFIABLE,True,True,1387,1387,1025,1025,0.001291,0.001297,5.999999999999929e-06,True,True,True,True,True,
repeat=2|base=tseitin_k6_odd|variant=perm_seed1731,2,tseitin_k6_odd,perm_seed1731,1,1,UNSATISFIABLE,UNSATISFIABLE,True,True,1230,1230,996,996,0.001318,0.001301,-1.699999999999987e-05,True,True,True,True,True,
repeat=2|base=tseitin_k6_odd|variant=perm_seed1732,2,tseitin_k6_odd,perm_seed1732,1,1,UNSATISFIABLE,UNSATISFIABLE,True,True,1240,1240,1026,1026,0.00137,0.001347,-2.29999999999998e-05,True,True,True,True,True,
repeat=2|base=tseitin_k6_odd|variant=perm_seed1733,2,tseitin_k6_odd,perm_seed1733,1,1,UNSATISFIABLE,UNSATISFIABLE,True,True,1471,1471,1024,1024,0.0013,0.001374,7.400000000000006e-05,True,True,True,True,True,
repeat=2|base=tseitin_k6_odd|variant=perm_seed1734,2,tseitin_k6_odd,perm_seed1734,1,1,UNSATISFIABLE,UNSATISFIABLE,True,True,1369,1369,1022,1022,0.0013,0.00138,7.999999999999999e-05,True,True,True,True,True,
repeat=2|base=tseitin_k6_odd|variant=perm_seed1735,2,tseitin_k6_odd,perm_seed1735,1,1,UNSATISFIABLE,UNSATISFIABLE,True,True,1490,1490,1020,1020,0.0014,0.001316,-8.400000000000009e-05,True,True,True,True,True,
repeat=2|base=tseitin_k6_odd|variant=perm_seed1736,2,tseitin_k6_odd,perm_seed1736,1,1,UNSATISFIABLE,UNSATISFIABLE,True,True,1491,1491,1023,1023,0.001342,0.001306,-3.600000000000001e-05,True,True,True,True,True,
repeat=2|base=tseitin_k6_odd|variant=perm_seed1737,2,tseitin_k6_odd,perm_seed1737,1,1,UNSATISFIABLE,UNSATISFIABLE,True,True,1370,1370,1029,1029,0.001361,0.001344,-1.7000000000000088e-05,True,True,True,True,True,
repeat=2|base=tseitin_k6_odd|variant=perm_seed1738,2,tseitin_k6_odd,perm_seed1738,1,1,UNSATISFIABLE,UNSATISFIABLE,True,True,1420,1420,1019,1019,0.001325,0.00129,-3.500000000000009e-05,True,True,True,True,True,
repeat=2|base=tseitin_k6_odd|variant=perm_seed1739,2,tseitin_k6_odd,perm_seed1739,1,1,UNSATISFIABLE,UNSATISFIABLE,True,True,1490,1490,1021,1021,0.001239,0.001284,4.49999999999999e-05,True,True,True,True,True,
repeat=2|base=tseitin_k6_odd|variant=perm_seed1740,2,tseitin_k6_odd,perm_seed1740,1,1,UNSATISFIABLE,UNSATISFIABLE,True,True,1226,1226,1004,1004,0.001387,0.001441,5.400000000000001e-05,True,True,True,True,True,
repeat=2|base=tseitin_k6_odd|variant=perm_seed1741,2,tseitin_k6_odd,perm_seed1741,1,1,UNSATISFIABLE,UNSATISFIABLE,True,True,1419,1419,1021,1021,0.001259,0.00142,0.00016100000000000012,True,True,True,True,True,
repeat=2|base=tseitin_k6_odd|variant=perm_seed1742,2,tseitin_k6_odd,perm_seed1742,1,1,UNSATISFIABLE,UNSATISFIABLE,True,True,1514,1514,1019,1019,0.001205,0.001276,7.10000000000001e-05,True,True,True,True,True,
repeat=2|base=tseitin_k6_odd|variant=perm_seed1743,2,tseitin_k6_odd,perm_seed1743,1,1,UNSATISFIABLE,UNSATISFIABLE,True,True,1289,1289,1023,1023,0.001347,0.001323,-2.400000000000015e-05,True,True,True,True,True,
repeat=2|base=tseitin_k6_odd|variant=perm_seed1744,2,tseitin_k6_odd,perm_seed1744,1,1,UNSATISFIABLE,UNSATISFIABLE,True,True,1491,1491,1021,1021,0.001276,0.001239,-3.6999999999999924e-05,True,True,True,True,True,
repeat=2|base=tseitin_k6_odd|variant=perm_seed1745,2,tseitin_k6_odd,perm_seed1745,1,1,UNSATISFIABLE,UNSATISFIABLE,True,True,1164,1164,1006,1006,0.001329,0.001387,5.799999999999989e-05,True,True,True,True,True,
repeat=2|base=tseitin_k7_even|variant=base,2,tseitin_k7_even,base,1,1,SATISFIABLE,SATISFIABLE,True,True,16,16,0,0,0.00077,0.000745,-2.4999999999999957e-05,True,True,True,True,True,
repeat=2|base=tseitin_k7_even|variant=perm_seed1730,2,tseitin_k7_even,perm_seed1730,1,1,SATISFIABLE,SATISFIABLE,True,True,16,16,0,0,0.000783,0.000754,-2.8999999999999946e-05,True,True,True,True,True,
repeat=2|base=tseitin_k7_even|variant=perm_seed1731,2,tseitin_k7_even,perm_seed1731,1,1,SATISFIABLE,SATISFIABLE,True,True,16,16,0,0,0.000778,0.000746,-3.200000000000002e-05,True,True,True,True,True,
repeat=2|base=tseitin_k7_even|variant=perm_seed1732,2,tseitin_k7_even,perm_seed1732,1,1,SATISFIABLE,SATISFIABLE,True,True,16,16,0,0,0.000738,0.000713,-2.5000000000000066e-05,True,True,True,True,True,
repeat=2|base=tseitin_k7_even|variant=perm_seed1733,2,tseitin_k7_even,perm_seed1733,1,1,SATISFIABLE,SATISFIABLE,True,True,16,16,0,0,0.000732,0.00074,7.999999999999978e-06,True,True,True,True,True,
repeat=2|base=tseitin_k7_even|variant=perm_seed1734,2,tseitin_k7_even,perm_seed1734,1,1,SATISFIABLE,SATISFIABLE,True,True,16,16,0,0,0.00073,0.000717,-1.299999999999999e-05,True,True,True,True,True,
repeat=2|base=tseitin_k7_even|variant=perm_seed1735,2,tseitin_k7_even,perm_seed1735,1,1,SATISFIABLE,SATISFIABLE,True,True,16,16,0,0,0.000731,0.000754,2.3000000000000017e-05,True,True,True,True,True,
repeat=2|base=tseitin_k7_even|variant=perm_seed1736,2,tseitin_k7_even,perm_seed1736,1,1,SATISFIABLE,SATISFIABLE,True,True,16,16,0,0,0.000739,0.000747,8.000000000000086e-06,True,True,True,True,True,
repeat=2|base=tseitin_k7_even|variant=perm_seed1737,2,tseitin_k7_even,perm_seed1737,1,1,SATISFIABLE,SATISFIABLE,True,True,16,16,0,0,0.000792,0.000768,-2.3999999999999933e-05,True,True,True,True,True,
repeat=2|base=tseitin_k7_even|variant=perm_seed1738,2,tseitin_k7_even,perm_seed1738,1,1,SATISFIABLE,SATISFIABLE,True,True,16,16,0,0,0.000745,0.00075,5.000000000000013e-06,True,True,True,True,True,
repeat=2|base=tseitin_k7_even|variant=perm_seed1739,2,tseitin_k7_even,perm_seed1739,1,1,SATISFIABLE,SATISFIABLE,True,True,16,16,0,0,0.000707,0.000716,9.000000000000002e-06,True,True,True,True,True,
repeat=2|base=tseitin_k7_even|variant=perm_seed1740,2,tseitin_k7_even,perm_seed1740,1,1,SATISFIABLE,SATISFIABLE,True,True,16,16,0,0,0.000729,0.000755,2.599999999999998e-05,True,True,True,True,True,
repeat=2|base=tseitin_k7_even|variant=perm_seed1741,2,tseitin_k7_even,perm_seed1741,1,1,SATISFIABLE,SATISFIABLE,True,True,16,16,0,0,0.000716,0.000737,2.1000000000000077e-05,True,True,True,True,True,
repeat=2|base=tseitin_k7_even|variant=perm_seed1742,2,tseitin_k7_even,perm_seed1742,1,1,SATISFIABLE,SATISFIABLE,True,True,16,16,0,0,0.000711,0.000695,-1.6000000000000064e-05,True,True,True,True,True,
repeat=2|base=tseitin_k7_even|variant=perm_seed1743,2,tseitin_k7_even,perm_seed1743,1,1,SATISFIABLE,SATISFIABLE,True,True,16,16,0,0,0.000698,0.000763,6.499999999999995e-05,True,True,True,True,True,
repeat=2|base=tseitin_k7_even|variant=perm_seed1744,2,tseitin_k7_even,perm_seed1744,1,1,SATISFIABLE,SATISFIABLE,True,True,16,16,0,0,0.000689,0.000903,0.000214,True,True,True,True,True,
repeat=2|base=tseitin_k7_even|variant=perm_seed1745,2,tseitin_k7_even,perm_seed1745,1,1,SATISFIABLE,SATISFIABLE,True,True,16,16,0,0,0.000768,0.000801,3.2999999999999935e-05,True,True,True,True,True,
repeat=2|base=tseitin_k7_odd|variant=base,2,tseitin_k7_odd,base,1,1,UNSATISFIABLE,UNSATISFIABLE,True,True,28961,28961,21460,21460,0.036682,0.031409,-0.005273,True,True,True,True,True,
repeat=2|base=tseitin_k7_odd|variant=perm_seed1730,2,tseitin_k7_odd,perm_seed1730,1,1,UNSATISFIABLE,UNSATISFIABLE,True,True,25967,25967,19927,19927,0.023153,0.025806,0.002652999999999999,True,True,True,True,True,
repeat=2|base=tseitin_k7_odd|variant=perm_seed1731,2,tseitin_k7_odd,perm_seed1731,1,1,UNSATISFIABLE,UNSATISFIABLE,True,True,27066,27066,20508,20508,0.022932,0.024317,0.0013849999999999973,True,True,True,True,True,
repeat=2|base=tseitin_k7_odd|variant=perm_seed1732,2,tseitin_k7_odd,perm_seed1732,1,1,UNSATISFIABLE,UNSATISFIABLE,True,True,27517,27517,20715,20715,0.026798,0.024474,-0.0023239999999999997,True,True,True,True,True,
repeat=2|base=tseitin_k7_odd|variant=perm_seed1733,2,tseitin_k7_odd,perm_seed1733,1,1,UNSATISFIABLE,UNSATISFIABLE,True,True,26660,26660,20373,20373,0.027235,0.0266,-0.0006350000000000001,True,True,True,True,True,
repeat=2|base=tseitin_k7_odd|variant=perm_seed1734,2,tseitin_k7_odd,perm_seed1734,1,1,UNSATISFIABLE,UNSATISFIABLE,True,True,26703,26703,20334,20334,0.023238,0.023253,1.4999999999997654e-05,True,True,True,True,True,
repeat=2|base=tseitin_k7_odd|variant=perm_seed1735,2,tseitin_k7_odd,perm_seed1735,1,1,UNSATISFIABLE,UNSATISFIABLE,True,True,26190,26190,19954,19954,0.025321,0.02228,-0.0030409999999999986,True,True,True,True,True,
repeat=2|base=tseitin_k7_odd|variant=perm_seed1736,2,tseitin_k7_odd,perm_seed1736,1,1,UNSATISFIABLE,UNSATISFIABLE,True,True,27763,27763,20789,20789,0.029323,0.031042,0.0017190000000000018,True,True,True,True,True,
repeat=2|base=tseitin_k7_odd|variant=perm_seed1737,2,tseitin_k7_odd,perm_seed1737,1,1,UNSATISFIABLE,UNSATISFIABLE,True,True,28263,28263,20659,20659,0.030191,0.027912,-0.0022789999999999998,True,True,True,True,True,
repeat=2|base=tseitin_k7_odd|variant=perm_seed1738,2,tseitin_k7_odd,perm_seed1738,1,1,UNSATISFIABLE,UNSATISFIABLE,True,True,26168,26168,19584,19584,0.021244,0.022283,0.0010390000000000017,True,True,True,True,True,
repeat=2|base=tseitin_k7_odd|variant=perm_seed1739,2,tseitin_k7_odd,perm_seed1739,1,1,UNSATISFIABLE,UNSATISFIABLE,True,True,26892,26892,20027,20027,0.024456,0.025266,0.0008100000000000017,True,True,True,True,True,
repeat=2|base=tseitin_k7_odd|variant=perm_seed1740,2,tseitin_k7_odd,perm_seed1740,1,1,UNSATISFIABLE,UNSATISFIABLE,True,True,28372,28372,21578,21578,0.029428,0.027095,-0.0023329999999999983,True,True,True,True,True,
repeat=2|base=tseitin_k7_odd|variant=perm_seed1741,2,tseitin_k7_odd,perm_seed1741,1,1,UNSATISFIABLE,UNSATISFIABLE,True,True,28492,28492,20650,20650,0.028279,0.029043,0.0007640000000000008,True,True,True,True,True,
repeat=2|base=tseitin_k7_odd|variant=perm_seed1742,2,tseitin_k7_odd,perm_seed1742,1,1,UNSATISFIABLE,UNSATISFIABLE,True,True,25945,25945,19833,19833,0.022377,0.024101,0.0017239999999999998,True,True,True,True,True,
repeat=2|base=tseitin_k7_odd|variant=perm_seed1743,2,tseitin_k7_odd,perm_seed1743,1,1,UNSATISFIABLE,UNSATISFIABLE,True,True,26452,26452,19859,19859,0.025723,0.024296,-0.0014269999999999977,True,True,True,True,True,
repeat=2|base=tseitin_k7_odd|variant=perm_seed1744,2,tseitin_k7_odd,perm_seed1744,1,1,UNSATISFIABLE,UNSATISFIABLE,True,True,26452,26452,19806,19806,0.022499,0.021523,-0.0009760000000000012,True,True,True,True,True,
repeat=2|base=tseitin_k7_odd|variant=perm_seed1745,2,tseitin_k7_odd,perm_seed1745,1,1,UNSATISFIABLE,UNSATISFIABLE,True,True,27512,27512,20790,20790,0.025605,0.024481,-0.001124,True,True,True,True,True,
repeat=2|base=tseitin_k8_even|variant=base,2,tseitin_k8_even,base,1,1,SATISFIABLE,SATISFIABLE,True,True,22,22,0,0,0.00115,0.001131,-1.899999999999992e-05,True,True,True,True,True,
repeat=2|base=tseitin_k8_even|variant=perm_seed1730,2,tseitin_k8_even,perm_seed1730,1,1,SATISFIABLE,SATISFIABLE,True,True,22,22,0,0,0.001139,0.00125,0.00011099999999999999,True,True,True,True,True,
repeat=2|base=tseitin_k8_even|variant=perm_seed1731,2,tseitin_k8_even,perm_seed1731,1,1,SATISFIABLE,SATISFIABLE,True,True,22,22,0,0,0.001201,0.001062,-0.00013900000000000002,True,True,True,True,True,
repeat=2|base=tseitin_k8_even|variant=perm_seed1732,2,tseitin_k8_even,perm_seed1732,1,1,SATISFIABLE,SATISFIABLE,True,True,22,22,0,0,0.001133,0.001098,-3.4999999999999875e-05,True,True,True,True,True,
repeat=2|base=tseitin_k8_even|variant=perm_seed1733,2,tseitin_k8_even,perm_seed1733,1,1,SATISFIABLE,SATISFIABLE,True,True,22,22,0,0,0.001093,0.001117,2.3999999999999933e-05,True,True,True,True,True,
repeat=2|base=tseitin_k8_even|variant=perm_seed1734,2,tseitin_k8_even,perm_seed1734,1,1,SATISFIABLE,SATISFIABLE,True,True,22,22,0,0,0.001092,0.001078,-1.4000000000000123e-05,True,True,True,True,True,
repeat=2|base=tseitin_k8_even|variant=perm_seed1735,2,tseitin_k8_even,perm_seed1735,1,1,SATISFIABLE,SATISFIABLE,True,True,22,22,0,0,0.001074,0.001125,5.099999999999983e-05,True,True,True,True,True,
repeat=2|base=tseitin_k8_even|variant=perm_seed1736,2,tseitin_k8_even,perm_seed1736,1,1,SATISFIABLE,SATISFIABLE,True,True,22,22,0,0,0.001059,0.001137,7.799999999999994e-05,True,True,True,True,True,
repeat=2|base=tseitin_k8_even|variant=perm_seed1737,2,tseitin_k8_even,perm_seed1737,1,1,SATISFIABLE,SATISFIABLE,True,True,22,22,0,0,0.001156,0.001041,-0.00011499999999999987,True,True,True,True,True,
repeat=2|base=tseitin_k8_even|variant=perm_seed1738,2,tseitin_k8_even,perm_seed1738,1,1,SATISFIABLE,SATISFIABLE,True,True,23,23,0,0,0.001149,0.001117,-3.200000000000013e-05,True,True,True,True,True,
repeat=2|base=tseitin_k8_even|variant=perm_seed1739,2,tseitin_k8_even,perm_seed1739,1,1,SATISFIABLE,SATISFIABLE,True,True,22,22,0,0,0.001179,0.001093,-8.599999999999992e-05,True,True,True,True,True,
repeat=2|base=tseitin_k8_even|variant=perm_seed1740,2,tseitin_k8_even,perm_seed1740,1,1,SATISFIABLE,SATISFIABLE,True,True,22,22,0,0,0.001106,0.001092,-1.3999999999999907e-05,True,True,True,True,True,
repeat=2|base=tseitin_k8_even|variant=perm_seed1741,2,tseitin_k8_even,perm_seed1741,1,1,SATISFIABLE,SATISFIABLE,True,True,22,22,0,0,0.00104,0.001096,5.600000000000006e-05,True,True,True,True,True,
repeat=2|base=tseitin_k8_even|variant=perm_seed1742,2,tseitin_k8_even,perm_seed1742,1,1,SATISFIABLE,SATISFIABLE,True,True,22,22,0,0,0.001071,0.001089,1.8000000000000004e-05,True,True,True,True,True,
repeat=2|base=tseitin_k8_even|variant=perm_seed1743,2,tseitin_k8_even,perm_seed1743,1,1,SATISFIABLE,SATISFIABLE,True,True,22,22,0,0,0.001156,0.001124,-3.199999999999991e-05,True,True,True,True,True,
repeat=2|base=tseitin_k8_even|variant=perm_seed1744,2,tseitin_k8_even,perm_seed1744,1,1,SATISFIABLE,SATISFIABLE,True,True,22,22,0,0,0.001093,0.001408,0.00031499999999999996,True,True,True,True,True,
repeat=2|base=tseitin_k8_even|variant=perm_seed1745,2,tseitin_k8_even,perm_seed1745,1,1,SATISFIABLE,SATISFIABLE,True,True,22,22,0,0,0.001185,0.001206,2.099999999999997e-05,True,True,True,True,True,
repeat=2|base=tseitin_k8_odd|variant=base,2,tseitin_k8_odd,base,1,1,UNSATISFIABLE,UNSATISFIABLE,True,True,853943,853943,561452,561452,3.62543,3.19213,-0.4333,True,True,True,True,True,
repeat=2|base=tseitin_k8_odd|variant=perm_seed1730,2,tseitin_k8_odd,perm_seed1730,1,1,UNSATISFIABLE,UNSATISFIABLE,True,True,780361,780361,501015,501015,3.07993,2.73849,-0.34143999999999997,True,True,True,True,True,
repeat=2|base=tseitin_k8_odd|variant=perm_seed1731,2,tseitin_k8_odd,perm_seed1731,1,1,UNSATISFIABLE,UNSATISFIABLE,True,True,774845,774845,500081,500081,3.03021,2.67324,-0.35697,True,True,True,True,True,
repeat=2|base=tseitin_k8_odd|variant=perm_seed1732,2,tseitin_k8_odd,perm_seed1732,1,1,UNSATISFIABLE,UNSATISFIABLE,True,True,894889,894889,580020,580020,3.4425,2.97108,-0.47141999999999973,True,True,True,True,True,
repeat=2|base=tseitin_k8_odd|variant=perm_seed1733,2,tseitin_k8_odd,perm_seed1733,1,1,UNSATISFIABLE,UNSATISFIABLE,True,True,764758,764758,497062,497062,2.60801,2.44484,-0.16317000000000004,True,True,True,True,True,
repeat=2|base=tseitin_k8_odd|variant=perm_seed1734,2,tseitin_k8_odd,perm_seed1734,1,1,UNSATISFIABLE,UNSATISFIABLE,True,True,774980,774980,503198,503198,2.31275,2.13932,-0.17342999999999975,True,True,True,True,True,
repeat=2|base=tseitin_k8_odd|variant=perm_seed1735,2,tseitin_k8_odd,perm_seed1735,1,1,UNSATISFIABLE,UNSATISFIABLE,True,True,776567,776567,506956,506956,2.52546,2.34417,-0.18128999999999973,True,True,True,True,True,
repeat=2|base=tseitin_k8_odd|variant=perm_seed1736,2,tseitin_k8_odd,perm_seed1736,1,1,UNSATISFIABLE,UNSATISFIABLE,True,True,837563,837563,543229,543229,3.81683,3.58274,-0.23409000000000013,True,True,True,True,True,
repeat=2|base=tseitin_k8_odd|variant=perm_seed1737,2,tseitin_k8_odd,perm_seed1737,1,1,UNSATISFIABLE,UNSATISFIABLE,True,True,842673,842673,547674,547674,3.42475,3.19537,-0.22937999999999992,True,True,True,True,True,
repeat=2|base=tseitin_k8_odd|variant=perm_seed1738,2,tseitin_k8_odd,perm_seed1738,1,1,UNSATISFIABLE,UNSATISFIABLE,True,True,799245,799245,523477,523477,3.34123,3.14739,-0.1938399999999998,True,True,True,True,True,
repeat=2|base=tseitin_k8_odd|variant=perm_seed1739,2,tseitin_k8_odd,perm_seed1739,1,1,UNSATISFIABLE,UNSATISFIABLE,True,True,771434,771434,499382,499382,2.79913,2.63839,-0.1607400000000001,True,True,True,True,True,
repeat=2|base=tseitin_k8_odd|variant=perm_seed1740,2,tseitin_k8_odd,perm_seed1740,1,1,UNSATISFIABLE,UNSATISFIABLE,True,True,784401,784401,514284,514284,2.99026,2.78416,-0.20610000000000017,True,True,True,True,True,
repeat=2|base=tseitin_k8_odd|variant=perm_seed1741,2,tseitin_k8_odd,perm_seed1741,1,1,UNSATISFIABLE,UNSATISFIABLE,True,True,767092,767092,497376,497376,2.30052,2.13382,-0.16670000000000007,True,True,True,True,True,
repeat=2|base=tseitin_k8_odd|variant=perm_seed1742,2,tseitin_k8_odd,perm_seed1742,1,1,UNSATISFIABLE,UNSATISFIABLE,True,True,786687,786687,511028,511028,2.47796,2.30748,-0.17047999999999996,True,True,True,True,True,
repeat=2|base=tseitin_k8_odd|variant=perm_seed1743,2,tseitin_k8_odd,perm_seed1743,1,1,UNSATISFIABLE,UNSATISFIABLE,True,True,841992,841992,552061,552061,3.31714,3.05627,-0.26087000000000016,True,True,True,True,True,
repeat=2|base=tseitin_k8_odd|variant=perm_seed1744,2,tseitin_k8_odd,perm_seed1744,1,1,UNSATISFIABLE,UNSATISFIABLE,True,True,769848,769848,500670,500670,2.72379,2.53072,-0.19307000000000007,True,True,True,True,True,
repeat=2|base=tseitin_k8_odd|variant=perm_seed1745,2,tseitin_k8_odd,perm_seed1745,1,1,UNSATISFIABLE,UNSATISFIABLE,True,True,763531,763531,495072,495072,3.02867,2.85253,-0.17614000000000019,True,True,True,True,True,
repeat=2|base=tseitin_k9_even|variant=base,2,tseitin_k9_even,base,1,1,SATISFIABLE,SATISFIABLE,True,True,29,29,0,0,0.002587,0.002494,-9.299999999999977e-05,True,True,True,True,True,
repeat=2|base=tseitin_k9_even|variant=perm_seed1730,2,tseitin_k9_even,perm_seed1730,1,1,SATISFIABLE,SATISFIABLE,True,True,29,29,0,0,0.002482,0.002554,7.200000000000002e-05,True,True,True,True,True,
repeat=2|base=tseitin_k9_even|variant=perm_seed1731,2,tseitin_k9_even,perm_seed1731,1,1,SATISFIABLE,SATISFIABLE,True,True,29,29,0,0,0.002526,0.0025,-2.599999999999998e-05,True,True,True,True,True,
repeat=2|base=tseitin_k9_even|variant=perm_seed1732,2,tseitin_k9_even,perm_seed1732,1,1,SATISFIABLE,SATISFIABLE,True,True,29,29,0,0,0.002606,0.0026,-5.999999999999929e-06,True,True,True,True,True,
repeat=2|base=tseitin_k9_even|variant=perm_seed1733,2,tseitin_k9_even,perm_seed1733,1,1,SATISFIABLE,SATISFIABLE,True,True,29,29,0,0,0.002507,0.002352,-0.0001550000000000002,True,True,True,True,True,
repeat=2|base=tseitin_k9_even|variant=perm_seed1734,2,tseitin_k9_even,perm_seed1734,1,1,SATISFIABLE,SATISFIABLE,True,True,29,29,0,0,0.002422,0.00236,-6.199999999999999e-05,True,True,True,True,True,
repeat=2|base=tseitin_k9_even|variant=perm_seed1735,2,tseitin_k9_even,perm_seed1735,1,1,SATISFIABLE,SATISFIABLE,True,True,29,29,0,0,0.002643,0.002361,-0.00028200000000000013,True,True,True,True,True,
repeat=2|base=tseitin_k9_even|variant=perm_seed1736,2,tseitin_k9_even,perm_seed1736,1,1,SATISFIABLE,SATISFIABLE,True,True,29,29,0,0,0.002476,0.002324,-0.0001519999999999998,True,True,True,True,True,
repeat=2|base=tseitin_k9_even|variant=perm_seed1737,2,tseitin_k9_even,perm_seed1737,1,1,SATISFIABLE,SATISFIABLE,True,True,29,29,0,0,0.004154,0.002945,-0.0012089999999999996,True,True,True,True,True,
repeat=2|base=tseitin_k9_even|variant=perm_seed1738,2,tseitin_k9_even,perm_seed1738,1,1,SATISFIABLE,SATISFIABLE,True,True,29,29,0,0,0.002977,0.00297,-7.000000000000062e-06,True,True,True,True,True,
repeat=2|base=tseitin_k9_even|variant=perm_seed1739,2,tseitin_k9_even,perm_seed1739,1,1,SATISFIABLE,SATISFIABLE,True,True,29,29,0,0,0.004161,0.002929,-0.0012319999999999996,True,True,True,True,True,
repeat=2|base=tseitin_k9_even|variant=perm_seed1740,2,tseitin_k9_even,perm_seed1740,1,1,SATISFIABLE,SATISFIABLE,True,True,29,29,0,0,0.004364,0.004148,-0.00021600000000000005,True,True,True,True,True,
repeat=2|base=tseitin_k9_even|variant=perm_seed1741,2,tseitin_k9_even,perm_seed1741,1,1,SATISFIABLE,SATISFIABLE,True,True,29,29,0,0,0.003063,0.002534,-0.0005290000000000004,True,True,True,True,True,
repeat=2|base=tseitin_k9_even|variant=perm_seed1742,2,tseitin_k9_even,perm_seed1742,1,1,SATISFIABLE,SATISFIABLE,True,True,29,29,0,0,0.002588,0.002349,-0.00023900000000000006,True,True,True,True,True,
repeat=2|base=tseitin_k9_even|variant=perm_seed1743,2,tseitin_k9_even,perm_seed1743,1,1,SATISFIABLE,SATISFIABLE,True,True,29,29,0,0,0.002401,0.002356,-4.49999999999999e-05,True,True,True,True,True,
repeat=2|base=tseitin_k9_even|variant=perm_seed1744,2,tseitin_k9_even,perm_seed1744,1,1,SATISFIABLE,SATISFIABLE,True,True,29,29,0,0,0.002465,0.002367,-9.8e-05,True,True,True,True,True,
repeat=2|base=tseitin_k9_even|variant=perm_seed1745,2,tseitin_k9_even,perm_seed1745,1,1,SATISFIABLE,SATISFIABLE,True,True,29,29,0,0,0.002387,0.00237,-1.6999999999999654e-05,True,True,True,True,True,
repeat=2|base=tseitin_k9_odd|variant=base,2,tseitin_k9_odd,base,1,1,INDETERMINATE,INDETERMINATE,False,False,1028776,1111674,737205,800350,4.96664,4.96932,0.0026799999999997937,True,True,False,False,True,
repeat=2|base=tseitin_k9_odd|variant=perm_seed1730,2,tseitin_k9_odd,perm_seed1730,1,1,INDETERMINATE,INDETERMINATE,False,False,1089688,1180094,779127,843601,4.96634,4.98691,0.0205700000000002,True,True,False,False,True,
repeat=2|base=tseitin_k9_odd|variant=perm_seed1731,2,tseitin_k9_odd,perm_seed1731,1,1,INDETERMINATE,INDETERMINATE,False,False,4119381,4204580,2832001,2893928,4.97942,4.97928,-0.000140000000000029,True,True,False,False,True,
repeat=2|base=tseitin_k9_odd|variant=perm_seed1732,2,tseitin_k9_odd,perm_seed1732,1,1,INDETERMINATE,INDETERMINATE,False,False,4556584,4709699,2966001,3064001,4.9806,4.9795,-0.001100000000000101,True,True,False,False,True,
repeat=2|base=tseitin_k9_odd|variant=perm_seed1733,2,tseitin_k9_odd,perm_seed1733,1,1,INDETERMINATE,INDETERMINATE,False,False,4302519,4357252,2878001,2912270,4.97892,4.97696,-0.0019599999999995177,True,True,False,False,True,
repeat=2|base=tseitin_k9_odd|variant=perm_seed1734,2,tseitin_k9_odd,perm_seed1734,1,1,INDETERMINATE,INDETERMINATE,False,False,1055602,1116284,765168,808835,4.96915,4.96793,-0.0012199999999999989,True,True,False,False,True,
repeat=2|base=tseitin_k9_odd|variant=perm_seed1735,2,tseitin_k9_odd,perm_seed1735,1,1,INDETERMINATE,INDETERMINATE,False,False,1154984,1230102,766822,823135,4.97179,4.96839,-0.0034000000000000696,True,True,False,False,True,
repeat=2|base=tseitin_k9_odd|variant=perm_seed1736,2,tseitin_k9_odd,perm_seed1736,1,1,INDETERMINATE,INDETERMINATE,False,False,1047695,1112515,768992,817621,4.96877,4.96871,-6.000000000039307e-05,True,True,False,False,True,
repeat=2|base=tseitin_k9_odd|variant=perm_seed1737,2,tseitin_k9_odd,perm_seed1737,1,1,INDETERMINATE,INDETERMINATE,False,False,990399,1066274,742001,800858,4.97313,4.96709,-0.006040000000000489,True,True,False,False,True,
repeat=2|base=tseitin_k9_odd|variant=perm_seed1738,2,tseitin_k9_odd,perm_seed1738,1,1,INDETERMINATE,INDETERMINATE,False,False,1025334,1098014,738379,792830,4.96826,4.96598,-0.0022799999999998377,True,True,False,False,True,
repeat=2|base=tseitin_k9_odd|variant=perm_seed1739,2,tseitin_k9_odd,perm_seed1739,1,1,INDETERMINATE,INDETERMINATE,False,False,4167964,4260720,2840001,2902000,4.97575,4.97785,0.002100000000000435,True,True,False,False,True,
repeat=2|base=tseitin_k9_odd|variant=perm_seed1740,2,tseitin_k9_odd,perm_seed1740,1,1,INDETERMINATE,INDETERMINATE,False,False,1067188,1153933,760632,822532,4.96478,4.96652,0.0017399999999998528,True,True,False,False,True,
repeat=2|base=tseitin_k9_odd|variant=perm_seed1741,2,tseitin_k9_odd,perm_seed1741,1,1,INDETERMINATE,INDETERMINATE,False,False,1106881,1209331,711751,775000,4.96719,4.97538,0.00818999999999992,True,True,False,False,True,
repeat=2|base=tseitin_k9_odd|variant=perm_seed1742,2,tseitin_k9_odd,perm_seed1742,1,1,INDETERMINATE,INDETERMINATE,False,False,1064126,1139494,763069,818353,4.9683,4.96786,-0.000440000000000218,True,True,False,False,True,
repeat=2|base=tseitin_k9_odd|variant=perm_seed1743,2,tseitin_k9_odd,perm_seed1743,1,1,INDETERMINATE,INDETERMINATE,False,False,1006104,1080985,744640,794492,4.96775,4.9696,0.0018500000000001293,True,True,False,False,True,
repeat=2|base=tseitin_k9_odd|variant=perm_seed1744,2,tseitin_k9_odd,perm_seed1744,1,1,INDETERMINATE,INDETERMINATE,False,False,976493,1057659,720704,779718,4.96884,4.96999,0.0011499999999999844,True,True,False,False,True,
repeat=2|base=tseitin_k9_odd|variant=perm_seed1745,2,tseitin_k9_odd,perm_seed1745,1,1,INDETERMINATE,INDETERMINATE,False,False,1162561,1248244,836619,901383,4.97108,4.9721,0.001020000000000465,True,True,False,False,True,
repeat=2|base=vertex_cover_torus_3x4_k4_event|variant=base,2,vertex_cover_torus_3x4_k4_event,base,1,1,UNSATISFIABLE,UNSATISFIABLE,True,True,4,4,5,5,0.001173,0.00107,-0.00010300000000000001,True,True,True,True,True,
repeat=2|base=vertex_cover_torus_3x4_k4_event|variant=perm_seed1730,2,vertex_cover_torus_3x4_k4_event,perm_seed1730,1,1,UNSATISFIABLE,UNSATISFIABLE,True,True,4,4,5,5,0.001058,0.001015,-4.299999999999985e-05,True,True,True,True,True,
repeat=2|base=vertex_cover_torus_3x4_k4_event|variant=perm_seed1731,2,vertex_cover_torus_3x4_k4_event,perm_seed1731,1,1,UNSATISFIABLE,UNSATISFIABLE,True,True,4,4,5,5,0.001091,0.001047,-4.3999999999999985e-05,True,True,True,True,True,
repeat=2|base=vertex_cover_torus_3x4_k4_event|variant=perm_seed1732,2,vertex_cover_torus_3x4_k4_event,perm_seed1732,1,1,UNSATISFIABLE,UNSATISFIABLE,True,True,4,4,5,5,0.000966,0.000965,-9.999999999999159e-07,True,True,True,True,True,
repeat=2|base=vertex_cover_torus_3x4_k4_event|variant=perm_seed1733,2,vertex_cover_torus_3x4_k4_event,perm_seed1733,1,1,UNSATISFIABLE,UNSATISFIABLE,True,True,4,4,5,5,0.000968,0.001054,8.600000000000003e-05,True,True,True,True,True,
repeat=2|base=vertex_cover_torus_3x4_k4_event|variant=perm_seed1734,2,vertex_cover_torus_3x4_k4_event,perm_seed1734,1,1,UNSATISFIABLE,UNSATISFIABLE,True,True,4,4,5,5,0.000998,0.001036,3.8000000000000056e-05,True,True,True,True,True,
repeat=2|base=vertex_cover_torus_3x4_k4_event|variant=perm_seed1735,2,vertex_cover_torus_3x4_k4_event,perm_seed1735,1,1,UNSATISFIABLE,UNSATISFIABLE,True,True,4,4,5,5,0.001002,0.001121,0.00011899999999999997,True,True,True,True,True,
repeat=2|base=vertex_cover_torus_3x4_k4_event|variant=perm_seed1736,2,vertex_cover_torus_3x4_k4_event,perm_seed1736,1,1,UNSATISFIABLE,UNSATISFIABLE,True,True,4,4,5,5,0.000989,0.000988,-1.0000000000001327e-06,True,True,True,True,True,
repeat=2|base=vertex_cover_torus_3x4_k4_event|variant=perm_seed1737,2,vertex_cover_torus_3x4_k4_event,perm_seed1737,1,1,UNSATISFIABLE,UNSATISFIABLE,True,True,4,4,5,5,0.000975,0.001003,2.800000000000003e-05,True,True,True,True,True,
repeat=2|base=vertex_cover_torus_3x4_k4_event|variant=perm_seed1738,2,vertex_cover_torus_3x4_k4_event,perm_seed1738,1,1,UNSATISFIABLE,UNSATISFIABLE,True,True,4,4,5,5,0.000968,0.001001,3.2999999999999935e-05,True,True,True,True,True,
repeat=2|base=vertex_cover_torus_3x4_k4_event|variant=perm_seed1739,2,vertex_cover_torus_3x4_k4_event,perm_seed1739,1,1,UNSATISFIABLE,UNSATISFIABLE,True,True,4,4,5,5,0.000941,0.001034,9.299999999999998e-05,True,True,True,True,True,
repeat=2|base=vertex_cover_torus_3x4_k4_event|variant=perm_seed1740,2,vertex_cover_torus_3x4_k4_event,perm_seed1740,1,1,UNSATISFIABLE,UNSATISFIABLE,True,True,4,4,5,5,0.000974,0.000977,2.9999999999999645e-06,True,True,True,True,True,
repeat=2|base=vertex_cover_torus_3x4_k4_event|variant=perm_seed1741,2,vertex_cover_torus_3x4_k4_event,perm_seed1741,1,1,UNSATISFIABLE,UNSATISFIABLE,True,True,4,4,5,5,0.000945,0.001435,0.0004900000000000001,True,True,True,True,True,
repeat=2|base=vertex_cover_torus_3x4_k4_event|variant=perm_seed1742,2,vertex_cover_torus_3x4_k4_event,perm_seed1742,1,1,UNSATISFIABLE,UNSATISFIABLE,True,True,4,4,5,5,0.001153,0.001113,-3.999999999999989e-05,True,True,True,True,True,
repeat=2|base=vertex_cover_torus_3x4_k4_event|variant=perm_seed1743,2,vertex_cover_torus_3x4_k4_event,perm_seed1743,1,1,UNSATISFIABLE,UNSATISFIABLE,True,True,4,4,5,5,0.001144,0.001156,1.1999999999999858e-05,True,True,True,True,True,
repeat=2|base=vertex_cover_torus_3x4_k4_event|variant=perm_seed1744,2,vertex_cover_torus_3x4_k4_event,perm_seed1744,1,1,UNSATISFIABLE,UNSATISFIABLE,True,True,4,4,5,5,0.001209,0.001132,-7.700000000000003e-05,True,True,True,True,True,
repeat=2|base=vertex_cover_torus_3x4_k4_event|variant=perm_seed1745,2,vertex_cover_torus_3x4_k4_event,perm_seed1745,1,1,UNSATISFIABLE,UNSATISFIABLE,True,True,4,4,5,5,0.001098,0.001081,-1.7000000000000088e-05,True,True,True,True,True,
repeat=2|base=vertex_cover_torus_3x4_k5_event|variant=base,2,vertex_cover_torus_3x4_k5_event,base,1,1,UNSATISFIABLE,UNSATISFIABLE,True,True,6,6,7,7,0.001226,0.001207,-1.9000000000000137e-05,True,True,True,True,True,
repeat=2|base=vertex_cover_torus_3x4_k5_event|variant=perm_seed1730,2,vertex_cover_torus_3x4_k5_event,perm_seed1730,1,1,UNSATISFIABLE,UNSATISFIABLE,True,True,6,6,7,7,0.001272,0.001273,1.0000000000001327e-06,True,True,True,True,True,
repeat=2|base=vertex_cover_torus_3x4_k5_event|variant=perm_seed1731,2,vertex_cover_torus_3x4_k5_event,perm_seed1731,1,1,UNSATISFIABLE,UNSATISFIABLE,True,True,7,7,8,8,0.001317,0.001478,0.0001609999999999999,True,True,True,True,True,
repeat=2|base=vertex_cover_torus_3x4_k5_event|variant=perm_seed1732,2,vertex_cover_torus_3x4_k5_event,perm_seed1732,1,1,UNSATISFIABLE,UNSATISFIABLE,True,True,9,9,9,9,0.001314,0.001259,-5.5000000000000144e-05,True,True,True,True,True,
repeat=2|base=vertex_cover_torus_3x4_k5_event|variant=perm_seed1733,2,vertex_cover_torus_3x4_k5_event,perm_seed1733,1,1,UNSATISFIABLE,UNSATISFIABLE,True,True,6,6,7,7,0.001193,0.001308,0.00011499999999999987,True,True,True,True,True,
repeat=2|base=vertex_cover_torus_3x4_k5_event|variant=perm_seed1734,2,vertex_cover_torus_3x4_k5_event,perm_seed1734,1,1,UNSATISFIABLE,UNSATISFIABLE,True,True,7,7,8,8,0.001228,0.001221,-6.999999999999845e-06,True,True,True,True,True,
repeat=2|base=vertex_cover_torus_3x4_k5_event|variant=perm_seed1735,2,vertex_cover_torus_3x4_k5_event,perm_seed1735,1,1,UNSATISFIABLE,UNSATISFIABLE,True,True,6,6,7,7,0.001283,0.001216,-6.7e-05,True,True,True,True,True,
repeat=2|base=vertex_cover_torus_3x4_k5_event|variant=perm_seed1736,2,vertex_cover_torus_3x4_k5_event,perm_seed1736,1,1,UNSATISFIABLE,UNSATISFIABLE,True,True,7,7,8,8,0.001727,0.002081,0.00035399999999999993,True,True,True,True,True,
repeat=2|base=vertex_cover_torus_3x4_k5_event|variant=perm_seed1737,2,vertex_cover_torus_3x4_k5_event,perm_seed1737,1,1,UNSATISFIABLE,UNSATISFIABLE,True,True,6,6,7,7,0.002477,0.002134,-0.000343,True,True,True,True,True,
repeat=2|base=vertex_cover_torus_3x4_k5_event|variant=perm_seed1738,2,vertex_cover_torus_3x4_k5_event,perm_seed1738,1,1,UNSATISFIABLE,UNSATISFIABLE,True,True,7,7,8,8,0.002007,0.001859,-0.00014800000000000013,True,True,True,True,True,
repeat=2|base=vertex_cover_torus_3x4_k5_event|variant=perm_seed1739,2,vertex_cover_torus_3x4_k5_event,perm_seed1739,1,1,UNSATISFIABLE,UNSATISFIABLE,True,True,7,7,8,8,0.00135,0.001817,0.00046699999999999997,True,True,True,True,True,
repeat=2|base=vertex_cover_torus_3x4_k5_event|variant=perm_seed1740,2,vertex_cover_torus_3x4_k5_event,perm_seed1740,1,1,UNSATISFIABLE,UNSATISFIABLE,True,True,7,7,8,8,0.00232,0.001526,-0.000794,True,True,True,True,True,
repeat=2|base=vertex_cover_torus_3x4_k5_event|variant=perm_seed1741,2,vertex_cover_torus_3x4_k5_event,perm_seed1741,1,1,UNSATISFIABLE,UNSATISFIABLE,True,True,8,8,8,8,0.001353,0.001282,-7.10000000000001e-05,True,True,True,True,True,
repeat=2|base=vertex_cover_torus_3x4_k5_event|variant=perm_seed1742,2,vertex_cover_torus_3x4_k5_event,perm_seed1742,1,1,UNSATISFIABLE,UNSATISFIABLE,True,True,6,6,7,7,0.002009,0.002027,1.800000000000022e-05,True,True,True,True,True,
repeat=2|base=vertex_cover_torus_3x4_k5_event|variant=perm_seed1743,2,vertex_cover_torus_3x4_k5_event,perm_seed1743,1,1,UNSATISFIABLE,UNSATISFIABLE,True,True,6,6,7,7,0.001617,0.001517,-0.00010000000000000005,True,True,True,True,True,
repeat=2|base=vertex_cover_torus_3x4_k5_event|variant=perm_seed1744,2,vertex_cover_torus_3x4_k5_event,perm_seed1744,1,1,UNSATISFIABLE,UNSATISFIABLE,True,True,6,6,7,7,0.001333,0.001286,-4.699999999999995e-05,True,True,True,True,True,
repeat=2|base=vertex_cover_torus_3x4_k5_event|variant=perm_seed1745,2,vertex_cover_torus_3x4_k5_event,perm_seed1745,1,1,UNSATISFIABLE,UNSATISFIABLE,True,True,7,7,8,8,0.00118,0.001353,0.00017299999999999998,True,True,True,True,True,
repeat=2|base=vertex_cover_torus_3x5_k5_event|variant=base,2,vertex_cover_torus_3x5_k5_event,base,1,1,UNSATISFIABLE,UNSATISFIABLE,True,True,8,8,8,8,0.009024,0.00965,0.0006259999999999998,True,True,True,True,True,
repeat=2|base=vertex_cover_torus_3x5_k5_event|variant=perm_seed1730,2,vertex_cover_torus_3x5_k5_event,perm_seed1730,1,1,UNSATISFIABLE,UNSATISFIABLE,True,True,6,6,7,7,0.008939,0.009078,0.0001389999999999985,True,True,True,True,True,
repeat=2|base=vertex_cover_torus_3x5_k5_event|variant=perm_seed1731,2,vertex_cover_torus_3x5_k5_event,perm_seed1731,1,1,UNSATISFIABLE,UNSATISFIABLE,True,True,6,6,7,7,0.009211,0.010024,0.0008129999999999995,True,True,True,True,True,
repeat=2|base=vertex_cover_torus_3x5_k5_event|variant=perm_seed1732,2,vertex_cover_torus_3x5_k5_event,perm_seed1732,1,1,UNSATISFIABLE,UNSATISFIABLE,True,True,8,8,8,8,0.010527,0.009425,-0.0011020000000000005,True,True,True,True,True,
repeat=2|base=vertex_cover_torus_3x5_k5_event|variant=perm_seed1733,2,vertex_cover_torus_3x5_k5_event,perm_seed1733,1,1,UNSATISFIABLE,UNSATISFIABLE,True,True,6,6,7,7,0.008862,0.00955,0.0006879999999999994,True,True,True,True,True,
repeat=2|base=vertex_cover_torus_3x5_k5_event|variant=perm_seed1734,2,vertex_cover_torus_3x5_k5_event,perm_seed1734,1,1,UNSATISFIABLE,UNSATISFIABLE,True,True,6,6,7,7,0.010639,0.010196,-0.00044299999999999895,True,True,True,True,True,
repeat=2|base=vertex_cover_torus_3x5_k5_event|variant=perm_seed1735,2,vertex_cover_torus_3x5_k5_event,perm_seed1735,1,1,UNSATISFIABLE,UNSATISFIABLE,True,True,6,6,7,7,0.009372,0.008959,-0.00041300000000000017,True,True,True,True,True,
repeat=2|base=vertex_cover_torus_3x5_k5_event|variant=perm_seed1736,2,vertex_cover_torus_3x5_k5_event,perm_seed1736,1,1,UNSATISFIABLE,UNSATISFIABLE,True,True,7,7,8,8,0.008975,0.008764,-0.00021100000000000112,True,True,True,True,True,
repeat=2|base=vertex_cover_torus_3x5_k5_event|variant=perm_seed1737,2,vertex_cover_torus_3x5_k5_event,perm_seed1737,1,1,UNSATISFIABLE,UNSATISFIABLE,True,True,6,6,7,7,0.009065,0.008699,-0.000366,True,True,True,True,True,
repeat=2|base=vertex_cover_torus_3x5_k5_event|variant=perm_seed1738,2,vertex_cover_torus_3x5_k5_event,perm_seed1738,1,1,UNSATISFIABLE,UNSATISFIABLE,True,True,5,5,6,6,0.009007,0.00899,-1.6999999999999654e-05,True,True,True,True,True,
repeat=2|base=vertex_cover_torus_3x5_k5_event|variant=perm_seed1739,2,vertex_cover_torus_3x5_k5_event,perm_seed1739,1,1,UNSATISFIABLE,UNSATISFIABLE,True,True,6,6,7,7,0.009044,0.008594,-0.00045000000000000075,True,True,True,True,True,
repeat=2|base=vertex_cover_torus_3x5_k5_event|variant=perm_seed1740,2,vertex_cover_torus_3x5_k5_event,perm_seed1740,1,1,UNSATISFIABLE,UNSATISFIABLE,True,True,6,6,7,7,0.008869,0.009018,0.00014899999999999983,True,True,True,True,True,
repeat=2|base=vertex_cover_torus_3x5_k5_event|variant=perm_seed1741,2,vertex_cover_torus_3x5_k5_event,perm_seed1741,1,1,UNSATISFIABLE,UNSATISFIABLE,True,True,6,6,7,7,0.00896,0.009093,0.00013300000000000117,True,True,True,True,True,
repeat=2|base=vertex_cover_torus_3x5_k5_event|variant=perm_seed1742,2,vertex_cover_torus_3x5_k5_event,perm_seed1742,1,1,UNSATISFIABLE,UNSATISFIABLE,True,True,6,6,7,7,0.009291,0.009888,0.0005969999999999986,True,True,True,True,True,
repeat=2|base=vertex_cover_torus_3x5_k5_event|variant=perm_seed1743,2,vertex_cover_torus_3x5_k5_event,perm_seed1743,1,1,UNSATISFIABLE,UNSATISFIABLE,True,True,6,6,7,7,0.010024,0.009151,-0.0008730000000000005,True,True,True,True,True,
repeat=2|base=vertex_cover_torus_3x5_k5_event|variant=perm_seed1744,2,vertex_cover_torus_3x5_k5_event,perm_seed1744,1,1,UNSATISFIABLE,UNSATISFIABLE,True,True,7,7,8,8,0.009216,0.0085,-0.0007159999999999996,True,True,True,True,True,
repeat=2|base=vertex_cover_torus_3x5_k5_event|variant=perm_seed1745,2,vertex_cover_torus_3x5_k5_event,perm_seed1745,1,1,UNSATISFIABLE,UNSATISFIABLE,True,True,7,7,8,8,0.008965,0.008774,-0.0001910000000000002,True,True,True,True,True,
repeat=2|base=vertex_cover_torus_3x5_k6_event|variant=base,2,vertex_cover_torus_3x5_k6_event,base,1,1,UNSATISFIABLE,UNSATISFIABLE,True,True,10,10,11,11,0.017354,0.017582,0.00022799999999999904,True,True,True,True,True,
repeat=2|base=vertex_cover_torus_3x5_k6_event|variant=perm_seed1730,2,vertex_cover_torus_3x5_k6_event,perm_seed1730,1,1,UNSATISFIABLE,UNSATISFIABLE,True,True,10,10,11,11,0.016844,0.017527,0.0006829999999999996,True,True,True,True,True,
repeat=2|base=vertex_cover_torus_3x5_k6_event|variant=perm_seed1731,2,vertex_cover_torus_3x5_k6_event,perm_seed1731,1,1,UNSATISFIABLE,UNSATISFIABLE,True,True,12,12,12,12,0.016599,0.017548,0.0009490000000000019,True,True,True,True,True,
repeat=2|base=vertex_cover_torus_3x5_k6_event|variant=perm_seed1732,2,vertex_cover_torus_3x5_k6_event,perm_seed1732,1,1,UNSATISFIABLE,UNSATISFIABLE,True,True,10,10,11,11,0.01592,0.018317,0.002397,True,True,True,True,True,
repeat=2|base=vertex_cover_torus_3x5_k6_event|variant=perm_seed1733,2,vertex_cover_torus_3x5_k6_event,perm_seed1733,1,1,UNSATISFIABLE,UNSATISFIABLE,True,True,10,10,11,11,0.017472,0.021081,0.0036089999999999976,True,True,True,True,True,
repeat=2|base=vertex_cover_torus_3x5_k6_event|variant=perm_seed1734,2,vertex_cover_torus_3x5_k6_event,perm_seed1734,1,1,UNSATISFIABLE,UNSATISFIABLE,True,True,11,11,12,12,0.016977,0.017422,0.00044500000000000095,True,True,True,True,True,
repeat=2|base=vertex_cover_torus_3x5_k6_event|variant=perm_seed1735,2,vertex_cover_torus_3x5_k6_event,perm_seed1735,1,1,UNSATISFIABLE,UNSATISFIABLE,True,True,11,11,12,12,0.016519,0.017038,0.0005190000000000021,True,True,True,True,True,
repeat=2|base=vertex_cover_torus_3x5_k6_event|variant=perm_seed1736,2,vertex_cover_torus_3x5_k6_event,perm_seed1736,1,1,UNSATISFIABLE,UNSATISFIABLE,True,True,10,10,11,11,0.017147,0.017222,7.500000000000215e-05,True,True,True,True,True,
repeat=2|base=vertex_cover_torus_3x5_k6_event|variant=perm_seed1737,2,vertex_cover_torus_3x5_k6_event,perm_seed1737,1,1,UNSATISFIABLE,UNSATISFIABLE,True,True,9,9,10,10,0.016814,0.01706,0.0002459999999999997,True,True,True,True,True,
repeat=2|base=vertex_cover_torus_3x5_k6_event|variant=perm_seed1738,2,vertex_cover_torus_3x5_k6_event,perm_seed1738,1,1,UNSATISFIABLE,UNSATISFIABLE,True,True,9,9,10,10,0.016932,0.01772,0.0007880000000000005,True,True,True,True,True,
repeat=2|base=vertex_cover_torus_3x5_k6_event|variant=perm_seed1739,2,vertex_cover_torus_3x5_k6_event,perm_seed1739,1,1,UNSATISFIABLE,UNSATISFIABLE,True,True,10,10,11,11,0.018263,0.01689,-0.0013730000000000027,True,True,True,True,True,
repeat=2|base=vertex_cover_torus_3x5_k6_event|variant=perm_seed1740,2,vertex_cover_torus_3x5_k6_event,perm_seed1740,1,1,UNSATISFIABLE,UNSATISFIABLE,True,True,11,11,11,11,0.017654,0.016969,-0.0006849999999999981,True,True,True,True,True,
repeat=2|base=vertex_cover_torus_3x5_k6_event|variant=perm_seed1741,2,vertex_cover_torus_3x5_k6_event,perm_seed1741,1,1,UNSATISFIABLE,UNSATISFIABLE,True,True,10,10,11,11,0.017335,0.017518,0.00018299999999999914,True,True,True,True,True,
repeat=2|base=vertex_cover_torus_3x5_k6_event|variant=perm_seed1742,2,vertex_cover_torus_3x5_k6_event,perm_seed1742,1,1,UNSATISFIABLE,UNSATISFIABLE,True,True,10,10,11,11,0.017936,0.017034,-0.000902,True,True,True,True,True,
repeat=2|base=vertex_cover_torus_3x5_k6_event|variant=perm_seed1743,2,vertex_cover_torus_3x5_k6_event,perm_seed1743,1,1,UNSATISFIABLE,UNSATISFIABLE,True,True,11,11,12,12,0.017699,0.016614,-0.0010849999999999992,True,True,True,True,True,
repeat=2|base=vertex_cover_torus_3x5_k6_event|variant=perm_seed1744,2,vertex_cover_torus_3x5_k6_event,perm_seed1744,1,1,UNSATISFIABLE,UNSATISFIABLE,True,True,11,11,12,12,0.016971,0.017006,3.500000000000031e-05,True,True,True,True,True,
repeat=2|base=vertex_cover_torus_3x5_k6_event|variant=perm_seed1745,2,vertex_cover_torus_3x5_k6_event,perm_seed1745,1,1,UNSATISFIABLE,UNSATISFIABLE,True,True,14,14,13,13,0.017109,0.016787,-0.00032199999999999937,True,True,True,True,True,
repeat=2|base=vertex_cover_torus_4x4_k5_event|variant=base,2,vertex_cover_torus_4x4_k5_event,base,1,1,UNSATISFIABLE,UNSATISFIABLE,True,True,6,6,7,7,0.019485,0.019183,-0.0003020000000000002,True,True,True,True,True,
repeat=2|base=vertex_cover_torus_4x4_k5_event|variant=perm_seed1730,2,vertex_cover_torus_4x4_k5_event,perm_seed1730,1,1,UNSATISFIABLE,UNSATISFIABLE,True,True,6,6,7,7,0.019898,0.0207,0.0008020000000000006,True,True,True,True,True,
repeat=2|base=vertex_cover_torus_4x4_k5_event|variant=perm_seed1731,2,vertex_cover_torus_4x4_k5_event,perm_seed1731,1,1,UNSATISFIABLE,UNSATISFIABLE,True,True,6,6,7,7,0.020158,0.019358,-0.0007999999999999986,True,True,True,True,True,
repeat=2|base=vertex_cover_torus_4x4_k5_event|variant=perm_seed1732,2,vertex_cover_torus_4x4_k5_event,perm_seed1732,1,1,UNSATISFIABLE,UNSATISFIABLE,True,True,7,7,8,8,0.020249,0.020464,0.0002149999999999999,True,True,True,True,True,
repeat=2|base=vertex_cover_torus_4x4_k5_event|variant=perm_seed1733,2,vertex_cover_torus_4x4_k5_event,perm_seed1733,1,1,UNSATISFIABLE,UNSATISFIABLE,True,True,6,6,7,7,0.021534,0.020217,-0.0013170000000000022,True,True,True,True,True,
repeat=2|base=vertex_cover_torus_4x4_k5_event|variant=perm_seed1734,2,vertex_cover_torus_4x4_k5_event,perm_seed1734,1,1,UNSATISFIABLE,UNSATISFIABLE,True,True,8,8,7,7,0.020433,0.019975,-0.0004580000000000001,True,True,True,True,True,
repeat=2|base=vertex_cover_torus_4x4_k5_event|variant=perm_seed1735,2,vertex_cover_torus_4x4_k5_event,perm_seed1735,1,1,UNSATISFIABLE,UNSATISFIABLE,True,True,6,6,7,7,0.020824,0.020279,-0.0005450000000000003,True,True,True,True,True,
repeat=2|base=vertex_cover_torus_4x4_k5_event|variant=perm_seed1736,2,vertex_cover_torus_4x4_k5_event,perm_seed1736,1,1,UNSATISFIABLE,UNSATISFIABLE,True,True,7,7,7,7,0.02092,0.019385,-0.0015350000000000016,True,True,True,True,True,
repeat=2|base=vertex_cover_torus_4x4_k5_event|variant=perm_seed1737,2,vertex_cover_torus_4x4_k5_event,perm_seed1737,1,1,UNSATISFIABLE,UNSATISFIABLE,True,True,6,6,7,7,0.020609,0.020687,7.800000000000168e-05,True,True,True,True,True,
repeat=2|base=vertex_cover_torus_4x4_k5_event|variant=perm_seed1738,2,vertex_cover_torus_4x4_k5_event,perm_seed1738,1,1,UNSATISFIABLE,UNSATISFIABLE,True,True,6,6,7,7,0.02066,0.020318,-0.000342000000000002,True,True,True,True,True,
repeat=2|base=vertex_cover_torus_4x4_k5_event|variant=perm_seed1739,2,vertex_cover_torus_4x4_k5_event,perm_seed1739,1,1,UNSATISFIABLE,UNSATISFIABLE,True,True,6,6,7,7,0.019755,0.020698,0.0009429999999999994,True,True,True,True,True,
repeat=2|base=vertex_cover_torus_4x4_k5_event|variant=perm_seed1740,2,vertex_cover_torus_4x4_k5_event,perm_seed1740,1,1,UNSATISFIABLE,UNSATISFIABLE,True,True,6,6,7,7,0.019716,0.020035,0.00031899999999999984,True,True,True,True,True,
repeat=2|base=vertex_cover_torus_4x4_k5_event|variant=perm_seed1741,2,vertex_cover_torus_4x4_k5_event,perm_seed1741,1,1,UNSATISFIABLE,UNSATISFIABLE,True,True,7,7,8,8,0.020563,0.020635,7.199999999999915e-05,True,True,True,True,True,
repeat=2|base=vertex_cover_torus_4x4_k5_event|variant=perm_seed1742,2,vertex_cover_torus_4x4_k5_event,perm_seed1742,1,1,UNSATISFIABLE,UNSATISFIABLE,True,True,8,8,8,8,0.02001,0.021002,0.0009919999999999998,True,True,True,True,True,
repeat=2|base=vertex_cover_torus_4x4_k5_event|variant=perm_seed1743,2,vertex_cover_torus_4x4_k5_event,perm_seed1743,1,1,UNSATISFIABLE,UNSATISFIABLE,True,True,6,6,7,7,0.019475,0.019942,0.00046700000000000214,True,True,True,True,True,
repeat=2|base=vertex_cover_torus_4x4_k5_event|variant=perm_seed1744,2,vertex_cover_torus_4x4_k5_event,perm_seed1744,1,1,UNSATISFIABLE,UNSATISFIABLE,True,True,6,6,7,7,0.019392,0.020164,0.0007720000000000019,True,True,True,True,True,
repeat=2|base=vertex_cover_torus_4x4_k5_event|variant=perm_seed1745,2,vertex_cover_torus_4x4_k5_event,perm_seed1745,1,1,UNSATISFIABLE,UNSATISFIABLE,True,True,6,6,7,7,0.020145,0.020623,0.00047799999999999926,True,True,True,True,True,
