candidate_label,warmup_conflicts,family,base_instance_id,variant,repeat_id,target_role,reference_search_ok,candidate_search_ok,search_ok_lost_vs_reference,search_ok_gained_vs_reference,candidate_search_blowup,candidate_cpu_only_win,protocol_win_search_bad_candidate,adapter_cached_decisions_delta_reference,adapter_cached_decisions_delta_candidate,adapter_cached_decisions_delta_change_vs_reference,adapter_cached_conflicts_delta_reference,adapter_cached_conflicts_delta_candidate,adapter_cached_conflicts_delta_change_vs_reference,adapter_cached_final_cpu_delta_reference,adapter_cached_final_cpu_delta_candidate,adapter_cached_final_cpu_delta_change_vs_reference,adapter_plain_protocol_delta_candidate
iter=115,1,random_3sat_control,random_3sat_control_v160_c704_seed2615,base,0,random_control,False,False,False,False,True,False,False,430.0,793.0,363.0,307.0,582.0,275.0,0.013776,0.00068,-0.013096,0.1647472764264941
iter=115,1,random_3sat_control,random_3sat_control_v160_c704_seed2615,base,1,random_control,False,False,False,False,True,True,False,430.0,793.0,363.0,307.0,582.0,275.0,-0.003955,-0.0024689999999999,0.0014860000000001,0.3421404743013382
iter=115,1,random_3sat_control,random_3sat_control_v160_c704_seed2615,base,2,random_control,False,False,False,False,True,True,False,430.0,793.0,363.0,307.0,582.0,275.0,0.0016339999999999,-0.011194,-0.0128279999999999,0.116362165813744
iter=115,1,random_3sat_control,random_3sat_control_v160_c704_seed2615,perm_seed1730,0,random_control,False,False,False,False,True,False,False,795.0,1238.0,443.0,613.0,1000.0,387.0,-0.001825,0.0083719999999999,0.0101969999999999,2.317880413933754
iter=115,1,random_3sat_control,random_3sat_control_v160_c704_seed2615,perm_seed1730,1,random_control,False,False,False,False,True,True,False,795.0,1238.0,443.0,613.0,1000.0,387.0,0.0048369999999999,-0.000852,-0.005688999999999901,0.2043071557065248
iter=115,1,random_3sat_control,random_3sat_control_v160_c704_seed2615,perm_seed1730,2,random_control,False,False,False,False,True,False,False,795.0,1238.0,443.0,613.0,1000.0,387.0,0.004546,0.005186,0.0006399999999999999,1.87359553323704
iter=115,1,random_3sat_control,random_3sat_control_v160_c704_seed2615,perm_seed1731,0,random_control,False,False,False,False,True,False,False,793.0,138.0,-655.0,563.0,-44.0,-607.0,0.0043559999999999,0.000932,-0.0034239999999998998,2.3694008286432027
iter=115,1,random_3sat_control,random_3sat_control_v160_c704_seed2615,perm_seed1731,1,random_control,False,False,False,False,True,True,False,793.0,138.0,-655.0,563.0,-44.0,-607.0,-0.0048609999999999,-0.0086339999999999,-0.0037730000000000003,0.230221870960772
iter=115,1,random_3sat_control,random_3sat_control_v160_c704_seed2615,perm_seed1731,2,random_control,False,False,False,False,True,True,False,793.0,138.0,-655.0,563.0,-44.0,-607.0,4.699999999999843e-05,-0.012509,-0.012555999999999998,1.9161961878285407
iter=115,1,random_3sat_control,random_3sat_control_v180_c760_seed3301,base,0,random_control,False,False,False,False,True,False,False,39788.0,32785.0,-7003.0,35399.0,28742.0,-6657.0,0.623485,0.481489,-0.14199599999999996,2.309304765350163
iter=115,1,random_3sat_control,random_3sat_control_v180_c760_seed3301,base,1,random_control,False,False,False,False,True,False,False,39788.0,32785.0,-7003.0,35399.0,28742.0,-6657.0,0.615757,0.48199,-0.13376700000000002,0.2251256781849264
iter=115,1,random_3sat_control,random_3sat_control_v180_c760_seed3301,base,2,random_control,False,False,False,False,True,False,False,39788.0,32785.0,-7003.0,35399.0,28742.0,-6657.0,0.48429,0.479234,-0.005056000000000005,1.903274266218364
iter=115,1,random_3sat_control,random_3sat_control_v180_c760_seed3301,perm_seed1730,0,random_control,False,False,False,False,True,False,False,36564.0,40692.0,4128.0,32387.0,35909.0,3522.0,0.6452979999999999,0.6375740000000001,-0.007723999999999842,1.922839985507787
iter=115,1,random_3sat_control,random_3sat_control_v180_c760_seed3301,perm_seed1730,1,random_control,False,False,False,False,True,False,True,36564.0,40692.0,4128.0,32387.0,35909.0,3522.0,0.550438,0.618976,0.06853799999999999,-0.1947652495180962
iter=115,1,random_3sat_control,random_3sat_control_v180_c760_seed3301,perm_seed1730,2,random_control,False,False,False,False,True,False,False,36564.0,40692.0,4128.0,32387.0,35909.0,3522.0,0.42141,0.64345,0.22203999999999996,1.499241131234288
iter=115,1,random_3sat_control,random_3sat_control_v180_c760_seed3301,perm_seed1731,0,random_control,False,False,False,False,True,False,False,44884.0,33344.0,-11540.0,39606.0,29297.0,-10309.0,0.701743,0.4907129999999999,-0.2110300000000001,2.384424793313861
iter=115,1,random_3sat_control,random_3sat_control_v180_c760_seed3301,perm_seed1731,1,random_control,False,False,False,False,True,False,False,44884.0,33344.0,-11540.0,39606.0,29297.0,-10309.0,0.70243,0.536178,-0.16625199999999996,0.2410333600076437
iter=115,1,random_3sat_control,random_3sat_control_v180_c760_seed3301,perm_seed1731,2,random_control,False,False,False,False,True,False,False,44884.0,33344.0,-11540.0,39606.0,29297.0,-10309.0,0.540722,0.505706,-0.03501600000000005,1.935926096626282
iter=115,1,random_3sat_control,random_3sat_control_v220_c928_seed3303,base,0,random_control,False,False,False,False,True,False,False,276.0,892.0,616.0,237.0,732.0,495.0,0.004396,0.005738,0.0013420000000000003,1.6586065144588948
iter=115,1,random_3sat_control,random_3sat_control_v220_c928_seed3303,base,1,random_control,False,False,False,False,True,False,True,276.0,892.0,616.0,237.0,732.0,495.0,-0.001845,0.002681,0.004526,-0.4816299876673817
iter=115,1,random_3sat_control,random_3sat_control_v220_c928_seed3303,base,2,random_control,False,False,False,False,True,False,False,276.0,892.0,616.0,237.0,732.0,495.0,0.008936,0.008789,-0.00014699999999999956,1.1974895664600729
iter=115,1,random_3sat_control,random_3sat_control_v220_c928_seed3303,perm_seed1730,0,random_control,False,False,False,False,True,False,False,272.0,578.0,306.0,222.0,466.0,244.0,0.00933,0.001837,-0.007493,0.8371673208928707
iter=115,1,random_3sat_control,random_3sat_control_v220_c928_seed3303,perm_seed1730,1,random_control,False,False,False,False,True,False,True,272.0,578.0,306.0,222.0,466.0,244.0,0.002385,0.010045,0.00766,-1.1025528852667217
iter=115,1,random_3sat_control,random_3sat_control_v220_c928_seed3303,perm_seed1730,2,random_control,False,False,False,False,True,False,False,272.0,578.0,306.0,222.0,466.0,244.0,0.005403,0.010853,0.00545,0.3794213812487128
iter=115,1,random_3sat_control,random_3sat_control_v220_c928_seed3303,perm_seed1731,0,random_control,False,False,False,False,True,False,False,284.0,932.0,648.0,241.0,771.0,530.0,-0.000968,0.0035049999999999,0.0044729999999999,2.323147233015239
iter=115,1,random_3sat_control,random_3sat_control_v220_c928_seed3303,perm_seed1731,1,random_control,False,False,False,False,True,False,False,284.0,932.0,648.0,241.0,771.0,530.0,-0.000712,0.0091399999999999,0.009851999999999899,0.1859103343538045
iter=115,1,random_3sat_control,random_3sat_control_v220_c928_seed3303,perm_seed1731,2,random_control,False,False,False,False,True,False,False,284.0,932.0,648.0,241.0,771.0,530.0,-0.0011819999999999,0.0084619999999999,0.0096439999999998,1.8569095223385097
iter=115,1,random_3sat_control,random_3sat_control_v220_c942_seed3304,base,0,random_control,False,False,False,False,True,False,False,13424.0,13542.0,118.0,11813.0,12085.0,272.0,0.154279,0.087841,-0.066438,0.317669203861177
iter=115,1,random_3sat_control,random_3sat_control_v220_c942_seed3304,base,1,random_control,False,False,False,False,True,False,False,13424.0,13542.0,118.0,11813.0,12085.0,272.0,0.199903,0.0485949999999999,-0.1513080000000001,0.310606784409523
iter=115,1,random_3sat_control,random_3sat_control_v220_c942_seed3304,base,2,random_control,False,False,False,False,True,False,False,13424.0,13542.0,118.0,11813.0,12085.0,272.0,0.13138,0.171049,0.03966900000000001,0.662623572320342
iter=115,1,random_3sat_control,random_3sat_control_v220_c942_seed3304,perm_seed1730,0,random_control,False,False,False,False,True,False,False,14985.0,13398.0,-1587.0,13207.0,11658.0,-1549.0,0.2207869999999999,0.1583169999999999,-0.06247,0.298271939162016
iter=115,1,random_3sat_control,random_3sat_control_v220_c942_seed3304,perm_seed1730,1,random_control,False,False,False,False,True,False,False,14985.0,13398.0,-1587.0,13207.0,11658.0,-1549.0,0.240149,0.141092,-0.099057,0.309228111292839
iter=115,1,random_3sat_control,random_3sat_control_v220_c942_seed3304,perm_seed1730,2,random_control,False,False,False,False,True,False,False,14985.0,13398.0,-1587.0,13207.0,11658.0,-1549.0,0.1761329999999999,0.143236,-0.0328969999999999,0.6448781205439568
iter=115,1,random_3sat_control,random_3sat_control_v220_c942_seed3304,perm_seed1731,0,random_control,False,False,False,False,True,False,False,13210.0,14474.0,1264.0,11634.0,12942.0,1308.0,0.1987449999999999,0.1386159999999999,-0.06012899999999999,0.2638932724937796
iter=115,1,random_3sat_control,random_3sat_control_v220_c942_seed3304,perm_seed1731,1,random_control,False,False,False,False,True,False,False,13210.0,14474.0,1264.0,11634.0,12942.0,1308.0,0.2323899999999999,0.065628,-0.1667619999999999,0.2790833155813218
iter=115,1,random_3sat_control,random_3sat_control_v220_c942_seed3304,perm_seed1731,2,random_control,False,False,False,False,True,False,False,13210.0,14474.0,1264.0,11634.0,12942.0,1308.0,0.13551,0.211669,0.076159,0.5816612134999039
iter=115,1,random_3sat_control,random_3sat_control_v260_c1097_seed3305,base,0,random_control,False,False,False,False,True,False,True,27840.0,27618.0,-222.0,24578.0,24405.0,-173.0,0.46251,0.5444899999999999,0.08197999999999994,-5.316615477275372
iter=115,1,random_3sat_control,random_3sat_control_v260_c1097_seed3305,base,1,random_control,False,False,False,False,True,False,True,27840.0,27618.0,-222.0,24578.0,24405.0,-173.0,0.7359900000000001,0.4992699999999999,-0.23672000000000026,-4.413202732636451
iter=115,1,random_3sat_control,random_3sat_control_v260_c1097_seed3305,base,2,random_control,False,False,False,False,True,False,True,27840.0,27618.0,-222.0,24578.0,24405.0,-173.0,0.3696599999999999,0.46309,0.09343000000000012,-4.08220193238914
iter=115,1,random_3sat_control,random_3sat_control_v260_c1097_seed3305,perm_seed1730,0,random_control,False,False,False,False,True,False,True,39993.0,96650.0,56657.0,35030.0,85984.0,50954.0,0.7531500000000002,2.20038,1.4472299999999998,-3.790065392598807
iter=115,1,random_3sat_control,random_3sat_control_v260_c1097_seed3305,perm_seed1730,1,random_control,False,False,False,False,True,False,True,39993.0,96650.0,56657.0,35030.0,85984.0,50954.0,1.04487,2.13858,1.0937100000000002,-3.2307106457991006
iter=115,1,random_3sat_control,random_3sat_control_v260_c1097_seed3305,perm_seed1730,2,random_control,False,False,False,False,True,False,True,39993.0,96650.0,56657.0,35030.0,85984.0,50954.0,0.5706500000000001,2.1228800000000003,1.5522300000000002,-3.1288091902003288
iter=115,1,random_3sat_control,random_3sat_control_v260_c1097_seed3305,perm_seed1731,0,random_control,False,True,False,True,False,False,False,34399.0,-21622.0,-56021.0,30252.0,-19554.0,-49806.0,0.7899100000000001,-0.621922,-1.411832,-3.651524557625651
iter=115,1,random_3sat_control,random_3sat_control_v260_c1097_seed3305,perm_seed1731,1,random_control,False,True,False,True,False,False,False,34399.0,-21622.0,-56021.0,30252.0,-19554.0,-49806.0,0.5745,-0.518849,-1.093349,-3.173532552799821
iter=115,1,random_3sat_control,random_3sat_control_v260_c1097_seed3305,perm_seed1731,2,random_control,False,True,False,True,False,False,False,34399.0,-21622.0,-56021.0,30252.0,-19554.0,-49806.0,0.4526490000000001,-0.551558,-1.004207,-2.384809399635732
iter=115,1,random_3sat_control,random_3sat_control_v260_c1113_seed3306,base,0,random_control,False,False,False,False,True,True,False,44039.0,21123.0,-22916.0,32927.0,12209.0,-20718.0,0.2879500000000004,-0.4459600000000003,-0.7339100000000007,0.7363551639859081
iter=115,1,random_3sat_control,random_3sat_control_v260_c1113_seed3306,base,1,random_control,False,False,False,False,True,False,False,44039.0,21123.0,-22916.0,32927.0,12209.0,-20718.0,0.3349000000000002,0.0533299999999998,-0.2815700000000004,1.0588866952974794
iter=115,1,random_3sat_control,random_3sat_control_v260_c1113_seed3306,base,2,random_control,False,False,False,False,True,True,False,44039.0,21123.0,-22916.0,32927.0,12209.0,-20718.0,0.5607499999999996,-0.3425000000000002,-0.9032499999999999,1.24678651529175
iter=115,1,random_3sat_control,random_3sat_control_v260_c1113_seed3306,perm_seed1730,0,random_control,False,False,False,False,True,False,False,62212.0,49378.0,-12834.0,50394.0,38344.0,-12050.0,1.35034,0.3011499999999998,-1.0491900000000003,0.8300091052692533
iter=115,1,random_3sat_control,random_3sat_control_v260_c1113_seed3306,perm_seed1730,1,random_control,False,False,False,False,True,False,False,62212.0,49378.0,-12834.0,50394.0,38344.0,-12050.0,1.14731,0.54068,-0.60663,1.5469858771185878
iter=115,1,random_3sat_control,random_3sat_control_v260_c1113_seed3306,perm_seed1730,2,random_control,False,False,False,False,True,False,False,62212.0,49378.0,-12834.0,50394.0,38344.0,-12050.0,0.9565099999999996,0.5530999999999997,-0.40340999999999994,2.146821184242606
iter=115,1,random_3sat_control,random_3sat_control_v260_c1113_seed3306,perm_seed1731,0,random_control,False,False,False,False,True,False,True,58795.0,39306.0,-19489.0,47268.0,29840.0,-17428.0,0.8149999999999995,0.2479500000000003,-0.5670499999999992,-0.1163308845057491
iter=115,1,random_3sat_control,random_3sat_control_v260_c1113_seed3306,perm_seed1731,1,random_control,False,False,False,False,True,False,False,58795.0,39306.0,-19489.0,47268.0,29840.0,-17428.0,0.9298000000000002,0.7278599999999997,-0.20194000000000045,0.766184875451863
iter=115,1,random_3sat_control,random_3sat_control_v260_c1113_seed3306,perm_seed1731,2,random_control,False,False,False,False,True,False,False,58795.0,39306.0,-19489.0,47268.0,29840.0,-17428.0,0.77989,0.3482199999999995,-0.4316700000000005,0.4301666551452872
iter=115,1,random_3sat_control,random_3sat_control_v300_c1266_seed3307,base,0,random_control,False,False,False,False,True,False,True,2904.0,2384.0,-520.0,2426.0,1992.0,-434.0,0.033685,0.023187,-0.010498,-0.0688824159591198
iter=115,1,random_3sat_control,random_3sat_control_v300_c1266_seed3307,base,1,random_control,False,False,False,False,True,False,False,2904.0,2384.0,-520.0,2426.0,1992.0,-434.0,0.041171,0.016541,-0.02463,0.5008793784205319
iter=115,1,random_3sat_control,random_3sat_control_v300_c1266_seed3307,base,2,random_control,False,False,False,False,True,False,False,2904.0,2384.0,-520.0,2426.0,1992.0,-434.0,0.039268,0.0336469999999999,-0.005621000000000098,0.2834689657085538
iter=115,1,random_3sat_control,random_3sat_control_v300_c1266_seed3307,perm_seed1730,0,random_control,False,False,False,False,True,False,True,2470.0,2210.0,-260.0,2050.0,1815.0,-235.0,0.030961,0.0275289999999999,-0.003432000000000098,-1.3981255503243804
iter=115,1,random_3sat_control,random_3sat_control_v300_c1266_seed3307,perm_seed1730,1,random_control,False,False,False,False,True,False,True,2470.0,2210.0,-260.0,2050.0,1815.0,-235.0,0.031501,0.025215,-0.006286,-0.4948653266723751
iter=115,1,random_3sat_control,random_3sat_control_v300_c1266_seed3307,perm_seed1730,2,random_control,False,False,False,False,True,False,True,2470.0,2210.0,-260.0,2050.0,1815.0,-235.0,0.028845,0.0246599999999999,-0.004185000000000098,-0.7808798886765242
iter=115,1,random_3sat_control,random_3sat_control_v300_c1266_seed3307,perm_seed1731,0,random_control,False,False,False,False,True,False,True,2198.0,2089.0,-109.0,1848.0,1756.0,-92.0,0.029522,0.019975,-0.009547,-2.1227585546075702
iter=115,1,random_3sat_control,random_3sat_control_v300_c1266_seed3307,perm_seed1731,1,random_control,False,False,False,False,True,False,True,2198.0,2089.0,-109.0,1848.0,1756.0,-92.0,0.025549,0.026694,0.0011450000000000002,-1.2654699864479304
iter=115,1,random_3sat_control,random_3sat_control_v300_c1266_seed3307,perm_seed1731,2,random_control,False,False,False,False,True,False,True,2198.0,2089.0,-109.0,1848.0,1756.0,-92.0,0.02504,0.0229219999999999,-0.002118000000000099,-1.5862759548549057
iter=115,3,random_3sat_control,random_3sat_control_v160_c704_seed2615,base,0,random_control,False,False,False,False,True,True,False,665.0,68.0,-597.0,519.0,-57.0,-576.0,0.002041,-0.004436,-0.006477,0.3109852620819807
iter=115,3,random_3sat_control,random_3sat_control_v160_c704_seed2615,base,1,random_control,False,False,False,False,True,True,False,665.0,68.0,-597.0,519.0,-57.0,-576.0,0.0079769999999999,-0.000987,-0.0089639999999999,0.2206347125558256
iter=115,3,random_3sat_control,random_3sat_control_v160_c704_seed2615,base,2,random_control,False,False,False,False,True,False,False,665.0,68.0,-597.0,519.0,-57.0,-576.0,0.0129039999999999,0.0031819999999999,-0.009722,0.1503713893095255
iter=115,3,random_3sat_control,random_3sat_control_v160_c704_seed2615,perm_seed1730,0,random_control,False,False,False,False,True,False,False,1348.0,778.0,-570.0,1065.0,647.0,-418.0,0.0120569999999999,0.01177,-0.0002869999999999002,0.25138206321913
iter=115,3,random_3sat_control,random_3sat_control_v160_c704_seed2615,perm_seed1730,1,random_control,False,False,False,False,True,True,False,1348.0,778.0,-570.0,1065.0,647.0,-418.0,0.009494,-0.0021289999999999,-0.0116229999999999,0.1206293578749895
iter=115,3,random_3sat_control,random_3sat_control_v160_c704_seed2615,perm_seed1730,2,random_control,False,False,False,False,True,False,False,1348.0,778.0,-570.0,1065.0,647.0,-418.0,0.008784,0.0059019999999999,-0.0028820000000000998,0.2011504335102438
iter=115,3,random_3sat_control,random_3sat_control_v160_c704_seed2615,perm_seed1731,0,random_control,False,False,False,False,True,True,False,715.0,1059.0,344.0,447.0,769.0,322.0,0.014108,-0.0050479999999999,-0.019155999999999902,0.2902247643831968
iter=115,3,random_3sat_control,random_3sat_control_v160_c704_seed2615,perm_seed1731,1,random_control,False,False,False,False,True,True,False,715.0,1059.0,344.0,447.0,769.0,322.0,0.013449,-0.005374,-0.018823,0.1639147116686105
iter=115,3,random_3sat_control,random_3sat_control_v160_c704_seed2615,perm_seed1731,2,random_control,False,False,False,False,True,False,False,715.0,1059.0,344.0,447.0,769.0,322.0,-0.0027379999999999,0.0030999999999999,0.0058379999999998,0.2395629770371317
iter=115,3,random_3sat_control,random_3sat_control_v180_c760_seed3301,base,0,random_control,False,False,False,False,True,False,False,15458.0,41836.0,26378.0,13445.0,36841.0,23396.0,0.167172,0.77512,0.607948,0.5715078259851931
iter=115,3,random_3sat_control,random_3sat_control_v180_c760_seed3301,base,1,random_control,False,False,False,False,True,False,False,15458.0,41836.0,26378.0,13445.0,36841.0,23396.0,0.161533,0.6711119999999999,0.5095789999999999,0.3387835663614869
iter=115,3,random_3sat_control,random_3sat_control_v180_c760_seed3301,base,2,random_control,False,False,False,False,True,False,False,15458.0,41836.0,26378.0,13445.0,36841.0,23396.0,0.150588,0.639526,0.48893800000000004,0.3869028873144389
iter=115,3,random_3sat_control,random_3sat_control_v180_c760_seed3301,perm_seed1730,0,random_control,False,False,False,False,True,False,True,13706.0,38509.0,24803.0,11937.0,33868.0,21931.0,0.142338,0.634904,0.49256600000000006,-0.1449504818160533
iter=115,3,random_3sat_control,random_3sat_control_v180_c760_seed3301,perm_seed1730,1,random_control,False,False,False,False,True,False,True,13706.0,38509.0,24803.0,11937.0,33868.0,21931.0,0.147676,0.5785899999999999,0.4309139999999999,-0.2988728753355145
iter=115,3,random_3sat_control,random_3sat_control_v180_c760_seed3301,perm_seed1730,2,random_control,False,False,False,False,True,False,True,13706.0,38509.0,24803.0,11937.0,33868.0,21931.0,0.146361,0.577058,0.430697,-0.2319885682914854
iter=115,3,random_3sat_control,random_3sat_control_v180_c760_seed3301,perm_seed1731,0,random_control,False,False,False,False,True,False,True,14903.0,11790.0,-3113.0,12946.0,10228.0,-2718.0,0.146794,0.179068,0.032274,-0.1383879175227285
iter=115,3,random_3sat_control,random_3sat_control_v180_c760_seed3301,perm_seed1731,1,random_control,False,False,False,False,True,False,True,14903.0,11790.0,-3113.0,12946.0,10228.0,-2718.0,0.15333,0.138359,-0.014970999999999984,-0.1888311725460291
iter=115,3,random_3sat_control,random_3sat_control_v180_c760_seed3301,perm_seed1731,2,random_control,False,False,False,False,True,False,True,14903.0,11790.0,-3113.0,12946.0,10228.0,-2718.0,0.151319,0.141118,-0.010201000000000016,-0.1066119620438219
iter=115,3,random_3sat_control,random_3sat_control_v220_c928_seed3303,base,0,random_control,False,False,False,False,True,False,True,336.0,272.0,-64.0,261.0,224.0,-37.0,0.005404,0.000328,-0.005076,-0.4654911609089374
iter=115,3,random_3sat_control,random_3sat_control_v220_c928_seed3303,base,1,random_control,False,False,False,False,True,False,True,336.0,272.0,-64.0,261.0,224.0,-37.0,0.0085919999999999,0.004509,-0.0040829999999999,-0.5521857129070162
iter=115,3,random_3sat_control,random_3sat_control_v220_c928_seed3303,base,2,random_control,False,False,False,False,True,False,True,336.0,272.0,-64.0,261.0,224.0,-37.0,0.0006949999999999,0.000133,-0.0005619999999999,-0.4829566339280605
iter=115,3,random_3sat_control,random_3sat_control_v220_c928_seed3303,perm_seed1730,0,random_control,False,False,False,False,True,True,True,326.0,287.0,-39.0,269.0,242.0,-27.0,0.0055239999999999,-0.002215,-0.0077389999999999,-1.0760810151593088
iter=115,3,random_3sat_control,random_3sat_control_v220_c928_seed3303,perm_seed1730,1,random_control,False,False,False,False,True,False,True,326.0,287.0,-39.0,269.0,242.0,-27.0,0.000513,0.0058869999999999,0.0053739999999999,-1.2559555882717373
iter=115,3,random_3sat_control,random_3sat_control_v220_c928_seed3303,perm_seed1730,2,random_control,False,False,False,False,True,False,True,326.0,287.0,-39.0,269.0,242.0,-27.0,0.003283,0.002197,-0.0010859999999999997,-1.1805202025927306
iter=115,3,random_3sat_control,random_3sat_control_v220_c928_seed3303,perm_seed1731,0,random_control,False,False,False,False,True,False,False,301.0,274.0,-27.0,265.0,212.0,-53.0,-0.0007869999999999,0.004151,0.0049379999999999,0.2206562136030792
iter=115,3,random_3sat_control,random_3sat_control_v220_c928_seed3303,perm_seed1731,1,random_control,False,False,False,False,True,False,False,301.0,274.0,-27.0,265.0,212.0,-53.0,0.008224,0.0008279999999999,-0.0073960000000001,0.1106063003286123
iter=115,3,random_3sat_control,random_3sat_control_v220_c928_seed3303,perm_seed1731,2,random_control,False,False,False,False,True,False,False,301.0,274.0,-27.0,265.0,212.0,-53.0,0.01004,0.004701,-0.005339,0.1873455354956388
iter=115,3,random_3sat_control,random_3sat_control_v220_c942_seed3304,base,0,random_control,False,False,False,False,True,False,False,15074.0,12635.0,-2439.0,13463.0,11220.0,-2243.0,0.2135899999999999,0.211841,-0.0017489999999998895,1.1749784666412473
iter=115,3,random_3sat_control,random_3sat_control_v220_c942_seed3304,base,1,random_control,False,False,False,False,True,False,False,15074.0,12635.0,-2439.0,13463.0,11220.0,-2243.0,0.219289,0.153688,-0.06560100000000002,0.2195321674050092
iter=115,3,random_3sat_control,random_3sat_control_v220_c942_seed3304,base,2,random_control,False,False,False,False,True,False,False,15074.0,12635.0,-2439.0,13463.0,11220.0,-2243.0,0.1865479999999999,0.1863639999999999,-0.00018400000000001748,0.3684941267587542
iter=115,3,random_3sat_control,random_3sat_control_v220_c942_seed3304,perm_seed1730,0,random_control,False,False,False,False,True,False,False,15848.0,15610.0,-238.0,14279.0,13879.0,-400.0,0.215873,0.187137,-0.02873600000000001,1.164940621003568
iter=115,3,random_3sat_control,random_3sat_control_v220_c942_seed3304,perm_seed1730,1,random_control,False,False,False,False,True,False,False,15848.0,15610.0,-238.0,14279.0,13879.0,-400.0,0.217793,0.231455,0.013662000000000007,0.2612653609982728
iter=115,3,random_3sat_control,random_3sat_control_v220_c942_seed3304,perm_seed1730,2,random_control,False,False,False,False,True,False,False,15848.0,15610.0,-238.0,14279.0,13879.0,-400.0,0.1935079999999999,0.187004,-0.006503999999999899,0.3885026759778259
iter=115,3,random_3sat_control,random_3sat_control_v220_c942_seed3304,perm_seed1731,0,random_control,False,False,False,False,True,False,False,14660.0,13688.0,-972.0,13205.0,12208.0,-997.0,0.21567,0.283331,0.067661,1.191211371284068
iter=115,3,random_3sat_control,random_3sat_control_v220_c942_seed3304,perm_seed1731,1,random_control,False,False,False,False,True,False,False,14660.0,13688.0,-972.0,13205.0,12208.0,-997.0,0.21946,0.191739,-0.027720999999999996,0.178527904199779
iter=115,3,random_3sat_control,random_3sat_control_v220_c942_seed3304,perm_seed1731,2,random_control,False,False,False,False,True,False,False,14660.0,13688.0,-972.0,13205.0,12208.0,-997.0,0.223169,0.211993,-0.01117600000000002,0.304478734966874
iter=115,3,random_3sat_control,random_3sat_control_v260_c1097_seed3305,base,0,random_control,True,True,False,False,False,False,False,-12310.0,-34180.0,-21870.0,-11488.0,-31095.0,-19607.0,-0.4199039999999999,-1.067805,-0.6479010000000001,-5.422140697393358
iter=115,3,random_3sat_control,random_3sat_control_v260_c1097_seed3305,base,1,random_control,True,True,False,False,False,False,False,-12310.0,-34180.0,-21870.0,-11488.0,-31095.0,-19607.0,-0.439892,-0.985777,-0.545885,-6.091011583508671
iter=115,3,random_3sat_control,random_3sat_control_v260_c1097_seed3305,base,2,random_control,True,True,False,False,False,False,False,-12310.0,-34180.0,-21870.0,-11488.0,-31095.0,-19607.0,-0.4162280000000001,-1.167041,-0.750813,-5.925900063364029
iter=115,3,random_3sat_control,random_3sat_control_v260_c1097_seed3305,perm_seed1730,0,random_control,True,True,False,False,False,False,False,-28889.0,-26824.0,2065.0,-26747.0,-24981.0,1766.0,-0.716052,-0.8725970000000001,-0.15654500000000005,-5.785574231746435
iter=115,3,random_3sat_control,random_3sat_control_v260_c1097_seed3305,perm_seed1730,1,random_control,True,True,False,False,False,False,False,-28889.0,-26824.0,2065.0,-26747.0,-24981.0,1766.0,-0.706684,-0.8768710000000001,-0.1701870000000001,-6.505547803839385
iter=115,3,random_3sat_control,random_3sat_control_v260_c1097_seed3305,perm_seed1730,2,random_control,True,True,False,False,False,False,False,-28889.0,-26824.0,2065.0,-26747.0,-24981.0,1766.0,-0.7433099999999999,-0.993288,-0.24997800000000003,-6.270204714154959
iter=115,3,random_3sat_control,random_3sat_control_v260_c1097_seed3305,perm_seed1731,0,random_control,True,True,False,False,False,False,False,-6285.0,-3993.0,2292.0,-6139.0,-3926.0,2213.0,-0.219758,-0.209346,0.010412000000000005,-1.9721913574749823
iter=115,3,random_3sat_control,random_3sat_control_v260_c1097_seed3305,perm_seed1731,1,random_control,True,True,False,False,False,False,False,-6285.0,-3993.0,2292.0,-6139.0,-3926.0,2213.0,-0.2285239999999999,-0.249206,-0.020682000000000117,-2.8064978314569
iter=115,3,random_3sat_control,random_3sat_control_v260_c1097_seed3305,perm_seed1731,2,random_control,True,True,False,False,False,False,False,-6285.0,-3993.0,2292.0,-6139.0,-3926.0,2213.0,-0.230223,-0.247794,-0.017570999999999976,-2.612447621804953
iter=115,3,random_3sat_control,random_3sat_control_v260_c1113_seed3306,base,0,random_control,False,False,False,False,True,True,False,52378.0,38153.0,-14225.0,40477.0,27749.0,-12728.0,0.3170700000000002,-0.0753199999999996,-0.3923899999999998,1.9343383129794596
iter=115,3,random_3sat_control,random_3sat_control_v260_c1113_seed3306,base,1,random_control,False,False,False,False,True,False,False,52378.0,38153.0,-14225.0,40477.0,27749.0,-12728.0,0.6935600000000006,0.0426200000000003,-0.6509400000000003,1.323328881851256
iter=115,3,random_3sat_control,random_3sat_control_v260_c1113_seed3306,base,2,random_control,False,False,False,False,True,False,False,52378.0,38153.0,-14225.0,40477.0,27749.0,-12728.0,0.3287000000000004,0.2150299999999996,-0.11367000000000077,1.4361573952186104
iter=115,3,random_3sat_control,random_3sat_control_v260_c1113_seed3306,perm_seed1730,0,random_control,False,False,False,False,True,False,False,68888.0,50282.0,-18606.0,56478.0,39936.0,-16542.0,0.8272699999999995,0.5178399999999996,-0.30942999999999987,2.013105470494807
iter=115,3,random_3sat_control,random_3sat_control_v260_c1113_seed3306,perm_seed1730,1,random_control,False,False,False,False,True,False,False,68888.0,50282.0,-18606.0,56478.0,39936.0,-16542.0,1.0306999999999995,0.3526299999999995,-0.67807,1.405345927221596
iter=115,3,random_3sat_control,random_3sat_control_v260_c1113_seed3306,perm_seed1730,2,random_control,False,False,False,False,True,False,False,68888.0,50282.0,-18606.0,56478.0,39936.0,-16542.0,0.7466400000000002,0.4888399999999997,-0.2578000000000005,1.85998472022444
iter=115,3,random_3sat_control,random_3sat_control_v260_c1113_seed3306,perm_seed1731,0,random_control,False,False,False,False,True,True,True,58867.0,37010.0,-21857.0,47120.0,27410.0,-19710.0,0.5094699999999994,-0.4329999999999998,-0.9424699999999993,-0.2904570065377347
iter=115,3,random_3sat_control,random_3sat_control_v260_c1113_seed3306,perm_seed1731,1,random_control,False,False,False,False,True,False,True,58867.0,37010.0,-21857.0,47120.0,27410.0,-19710.0,0.4037099999999993,0.1212300000000006,-0.2824799999999987,-0.0575877804574371
iter=115,3,random_3sat_control,random_3sat_control_v260_c1113_seed3306,perm_seed1731,2,random_control,False,False,False,False,True,True,True,58867.0,37010.0,-21857.0,47120.0,27410.0,-19710.0,0.6648399999999999,-0.1555200000000001,-0.82036,-0.0995153695091604
iter=115,3,random_3sat_control,random_3sat_control_v300_c1266_seed3307,base,0,random_control,False,False,False,False,True,False,False,2686.0,2788.0,102.0,2196.0,2307.0,111.0,0.02833,0.047469,0.019138999999999996,0.1389482805500626
iter=115,3,random_3sat_control,random_3sat_control_v300_c1266_seed3307,base,1,random_control,False,False,False,False,True,False,False,2686.0,2788.0,102.0,2196.0,2307.0,111.0,0.018809,0.035615,0.016806,0.1116056778174043
iter=115,3,random_3sat_control,random_3sat_control_v300_c1266_seed3307,base,2,random_control,False,False,False,False,True,False,False,2686.0,2788.0,102.0,2196.0,2307.0,111.0,0.0269929999999999,0.034769,0.007776000000000102,0.0763813019055723
iter=115,3,random_3sat_control,random_3sat_control_v300_c1266_seed3307,perm_seed1730,0,random_control,False,False,False,False,True,False,True,2424.0,2391.0,-33.0,1981.0,1948.0,-33.0,0.015695,0.0396549999999999,0.023959999999999898,-0.9287170293191076
iter=115,3,random_3sat_control,random_3sat_control_v300_c1266_seed3307,perm_seed1730,1,random_control,False,False,False,False,True,False,True,2424.0,2391.0,-33.0,1981.0,1948.0,-33.0,0.037542,0.025985,-0.011556999999999998,-0.9564430162150264
iter=115,3,random_3sat_control,random_3sat_control_v300_c1266_seed3307,perm_seed1730,2,random_control,False,False,False,False,True,False,True,2424.0,2391.0,-33.0,1981.0,1948.0,-33.0,0.01635,0.031576,0.015226,-0.9874075231580736
iter=115,3,random_3sat_control,random_3sat_control_v300_c1266_seed3307,perm_seed1731,0,random_control,False,False,False,False,True,False,True,2566.0,1965.0,-601.0,2165.0,1641.0,-524.0,0.020006,0.031262,0.011255999999999999,-1.724351150634706
iter=115,3,random_3sat_control,random_3sat_control_v300_c1266_seed3307,perm_seed1731,1,random_control,False,False,False,False,True,False,True,2566.0,1965.0,-601.0,2165.0,1641.0,-524.0,0.026503,0.027561,0.001058,-1.7329151417737003
iter=115,3,random_3sat_control,random_3sat_control_v300_c1266_seed3307,perm_seed1731,2,random_control,False,False,False,False,True,False,True,2566.0,1965.0,-601.0,2165.0,1641.0,-524.0,0.016511,0.026874,0.010362999999999997,-1.7957523287825583
iter=50,1,random_3sat_control,random_3sat_control_v160_c704_seed2615,base,0,random_control,False,False,False,False,True,True,False,430.0,717.0,287.0,307.0,565.0,258.0,0.013776,-0.002813,-0.016589,0.1662361479806303
iter=50,1,random_3sat_control,random_3sat_control_v160_c704_seed2615,base,1,random_control,False,False,False,False,True,False,False,430.0,717.0,287.0,307.0,565.0,258.0,-0.003955,0.0095309999999999,0.0134859999999999,0.2071793177794814
iter=50,1,random_3sat_control,random_3sat_control_v160_c704_seed2615,base,2,random_control,False,False,False,False,True,False,False,430.0,717.0,287.0,307.0,565.0,258.0,0.0016339999999999,0.0024059999999999,0.0007719999999999999,0.7082387841696144
iter=50,1,random_3sat_control,random_3sat_control_v160_c704_seed2615,perm_seed1730,0,random_control,False,False,False,False,True,False,False,795.0,423.0,-372.0,613.0,315.0,-298.0,-0.001825,0.0021279999999999,0.0039529999999999,0.1371368943037987
iter=50,1,random_3sat_control,random_3sat_control_v160_c704_seed2615,perm_seed1730,1,random_control,False,False,False,False,True,True,False,795.0,423.0,-372.0,613.0,315.0,-298.0,0.0048369999999999,-0.005663,-0.0104999999999999,0.5422957986152768
iter=50,1,random_3sat_control,random_3sat_control_v160_c704_seed2615,perm_seed1730,2,random_control,False,False,False,False,True,False,False,795.0,423.0,-372.0,613.0,315.0,-298.0,0.004546,0.0024089999999999,-0.0021370000000000998,0.7610408941350579
iter=50,1,random_3sat_control,random_3sat_control_v160_c704_seed2615,perm_seed1731,0,random_control,False,False,False,False,True,True,False,793.0,843.0,50.0,563.0,583.0,20.0,0.0043559999999999,-0.000581,-0.0049369999999999,0.181027325844407
iter=50,1,random_3sat_control,random_3sat_control_v160_c704_seed2615,perm_seed1731,1,random_control,False,False,False,False,True,False,False,793.0,843.0,50.0,563.0,583.0,20.0,-0.0048609999999999,0.0046729999999999,0.0095339999999998,0.5864163104259372
iter=50,1,random_3sat_control,random_3sat_control_v160_c704_seed2615,perm_seed1731,2,random_control,False,False,False,False,True,False,False,793.0,843.0,50.0,563.0,583.0,20.0,4.699999999999843e-05,0.0033439999999999,0.0032969999999999016,0.8052923783762455
iter=50,1,random_3sat_control,random_3sat_control_v180_c760_seed3301,base,0,random_control,False,False,False,False,True,False,False,39788.0,40225.0,437.0,35399.0,35662.0,263.0,0.623485,0.626551,0.003066000000000013,0.3018394423478842
iter=50,1,random_3sat_control,random_3sat_control_v180_c760_seed3301,base,1,random_control,False,False,False,False,True,False,False,39788.0,40225.0,437.0,35399.0,35662.0,263.0,0.615757,0.6014619999999999,-0.014295000000000058,0.7006854733288885
iter=50,1,random_3sat_control,random_3sat_control_v180_c760_seed3301,base,2,random_control,False,False,False,False,True,False,False,39788.0,40225.0,437.0,35399.0,35662.0,263.0,0.48429,0.626067,0.14177700000000004,0.9407255661267636
iter=50,1,random_3sat_control,random_3sat_control_v180_c760_seed3301,perm_seed1730,0,random_control,False,False,False,False,True,False,True,36564.0,31305.0,-5259.0,32387.0,27512.0,-4875.0,0.6452979999999999,0.54072,-0.10457799999999995,-0.3666452729719875
iter=50,1,random_3sat_control,random_3sat_control_v180_c760_seed3301,perm_seed1730,1,random_control,False,False,False,False,True,False,True,36564.0,31305.0,-5259.0,32387.0,27512.0,-4875.0,0.550438,0.4477959999999999,-0.10264200000000007,-0.0590042979726197
iter=50,1,random_3sat_control,random_3sat_control_v180_c760_seed3301,perm_seed1730,2,random_control,False,False,False,False,True,False,False,36564.0,31305.0,-5259.0,32387.0,27512.0,-4875.0,0.42141,0.4498769999999999,0.02846699999999991,0.2110184135565158
iter=50,1,random_3sat_control,random_3sat_control_v180_c760_seed3301,perm_seed1731,0,random_control,False,False,False,False,True,False,False,44884.0,41159.0,-3725.0,39606.0,36425.0,-3181.0,0.701743,0.637922,-0.06382100000000002,0.2453674858860374
iter=50,1,random_3sat_control,random_3sat_control_v180_c760_seed3301,perm_seed1731,1,random_control,False,False,False,False,True,False,False,44884.0,41159.0,-3725.0,39606.0,36425.0,-3181.0,0.70243,0.597325,-0.105105,0.7135520807824137
iter=50,1,random_3sat_control,random_3sat_control_v180_c760_seed3301,perm_seed1731,2,random_control,False,False,False,False,True,False,False,44884.0,41159.0,-3725.0,39606.0,36425.0,-3181.0,0.540722,0.672542,0.13181999999999994,0.9854492241550684
iter=50,1,random_3sat_control,random_3sat_control_v220_c928_seed3303,base,0,random_control,False,False,False,False,True,False,True,276.0,717.0,441.0,237.0,602.0,365.0,0.004396,0.0070759999999999,0.0026799999999999003,-0.5914137375127675
iter=50,1,random_3sat_control,random_3sat_control_v220_c928_seed3303,base,1,random_control,False,False,False,False,True,False,True,276.0,717.0,441.0,237.0,602.0,365.0,-0.001845,0.003161,0.005006,-0.1302200291460156
iter=50,1,random_3sat_control,random_3sat_control_v220_c928_seed3303,base,2,random_control,False,False,False,False,True,False,False,276.0,717.0,441.0,237.0,602.0,365.0,0.008936,0.011128,0.0021920000000000012,0.0853447972710728
iter=50,1,random_3sat_control,random_3sat_control_v220_c928_seed3303,perm_seed1730,0,random_control,False,False,False,False,True,False,True,272.0,534.0,262.0,222.0,448.0,226.0,0.00933,0.003079,-0.006251,-1.242128890389085
iter=50,1,random_3sat_control,random_3sat_control_v220_c928_seed3303,perm_seed1730,1,random_control,False,False,False,False,True,False,True,272.0,534.0,262.0,222.0,448.0,226.0,0.002385,0.009477,0.007091999999999999,-0.8206164849762918
iter=50,1,random_3sat_control,random_3sat_control_v220_c928_seed3303,perm_seed1730,2,random_control,False,False,False,False,True,False,True,272.0,534.0,262.0,222.0,448.0,226.0,0.005403,0.00719,0.0017870000000000004,-0.6170585190772413
iter=50,1,random_3sat_control,random_3sat_control_v220_c928_seed3303,perm_seed1731,0,random_control,False,False,False,False,True,False,False,284.0,786.0,502.0,241.0,666.0,425.0,-0.000968,0.005276,0.006244,0.1338516442990303
iter=50,1,random_3sat_control,random_3sat_control_v220_c928_seed3303,perm_seed1731,1,random_control,False,False,False,False,True,False,False,284.0,786.0,502.0,241.0,666.0,425.0,-0.000712,0.014182,0.014894000000000001,0.5391076554706693
iter=50,1,random_3sat_control,random_3sat_control_v220_c928_seed3303,perm_seed1731,2,random_control,False,False,False,False,True,False,False,284.0,786.0,502.0,241.0,666.0,425.0,-0.0011819999999999,0.009484,0.0106659999999999,0.7584504975295663
iter=50,1,random_3sat_control,random_3sat_control_v220_c942_seed3304,base,0,random_control,False,False,False,False,True,False,False,13424.0,12897.0,-527.0,11813.0,11336.0,-477.0,0.154279,0.179008,0.024729,0.1509342829091549
iter=50,1,random_3sat_control,random_3sat_control_v220_c942_seed3304,base,1,random_control,False,False,False,False,True,False,False,13424.0,12897.0,-527.0,11813.0,11336.0,-477.0,0.199903,0.069478,-0.130425,0.6457783345660567
iter=50,1,random_3sat_control,random_3sat_control_v220_c942_seed3304,base,2,random_control,False,False,False,False,True,False,False,13424.0,12897.0,-527.0,11813.0,11336.0,-477.0,0.13138,0.296253,0.164873,1.5312878689275382
iter=50,1,random_3sat_control,random_3sat_control_v220_c942_seed3304,perm_seed1730,0,random_control,False,False,False,False,True,False,False,14985.0,12473.0,-2512.0,13207.0,10863.0,-2344.0,0.2207869999999999,0.2465639999999999,0.025776999999999994,0.2337705594317316
iter=50,1,random_3sat_control,random_3sat_control_v220_c942_seed3304,perm_seed1730,1,random_control,False,False,False,False,True,False,False,14985.0,12473.0,-2512.0,13207.0,10863.0,-2344.0,0.240149,0.1858899999999999,-0.05425900000000011,0.6458984228109121
iter=50,1,random_3sat_control,random_3sat_control_v220_c942_seed3304,perm_seed1730,2,random_control,False,False,False,False,True,False,False,14985.0,12473.0,-2512.0,13207.0,10863.0,-2344.0,0.1761329999999999,0.292797,0.11666400000000007,1.5100715414097905
iter=50,1,random_3sat_control,random_3sat_control_v220_c942_seed3304,perm_seed1731,0,random_control,False,False,False,False,True,False,False,13210.0,12505.0,-705.0,11634.0,11181.0,-453.0,0.1987449999999999,0.273753,0.07500800000000013,0.1587714734214544
iter=50,1,random_3sat_control,random_3sat_control_v220_c942_seed3304,perm_seed1731,1,random_control,False,False,False,False,True,False,False,13210.0,12505.0,-705.0,11634.0,11181.0,-453.0,0.2323899999999999,0.1860529999999999,-0.04633699999999999,0.5755248436003327
iter=50,1,random_3sat_control,random_3sat_control_v220_c942_seed3304,perm_seed1731,2,random_control,False,False,False,False,True,False,False,13210.0,12505.0,-705.0,11634.0,11181.0,-453.0,0.13551,0.092434,-0.04307599999999999,1.3582657018312811
iter=50,1,random_3sat_control,random_3sat_control_v260_c1097_seed3305,base,0,random_control,False,True,False,True,False,False,False,27840.0,-6862.0,-34702.0,24578.0,-6946.0,-31524.0,0.46251,-0.5252100000000002,-0.9877200000000002,-5.92137719938767
iter=50,1,random_3sat_control,random_3sat_control_v260_c1097_seed3305,base,1,random_control,False,True,False,True,False,False,False,27840.0,-6862.0,-34702.0,24578.0,-6946.0,-31524.0,0.7359900000000001,-0.7415099999999999,-1.4775,-5.1423575280934575
iter=50,1,random_3sat_control,random_3sat_control_v260_c1097_seed3305,base,2,random_control,False,True,False,True,False,False,False,27840.0,-6862.0,-34702.0,24578.0,-6946.0,-31524.0,0.3696599999999999,-0.63826,-1.00792,-4.366425326132417
iter=50,1,random_3sat_control,random_3sat_control_v260_c1097_seed3305,perm_seed1730,0,random_control,False,False,False,False,True,False,True,39993.0,16969.0,-23024.0,35030.0,14323.0,-20707.0,0.7531500000000002,0.1354599999999999,-0.6176900000000003,-5.5223050951067805
iter=50,1,random_3sat_control,random_3sat_control_v260_c1097_seed3305,perm_seed1730,1,random_control,False,False,False,False,True,False,True,39993.0,16969.0,-23024.0,35030.0,14323.0,-20707.0,1.04487,0.0167999999999999,-1.02807,-5.094649993490279
iter=50,1,random_3sat_control,random_3sat_control_v260_c1097_seed3305,perm_seed1730,2,random_control,False,False,False,False,True,True,True,39993.0,16969.0,-23024.0,35030.0,14323.0,-20707.0,0.5706500000000001,-0.04302,-0.6136700000000002,-4.2957003381722565
iter=50,1,random_3sat_control,random_3sat_control_v260_c1097_seed3305,perm_seed1731,0,random_control,False,False,False,False,True,True,True,34399.0,10546.0,-23853.0,30252.0,8986.0,-21266.0,0.7899100000000001,-0.1373540000000001,-0.9272640000000002,-2.856772485919297
iter=50,1,random_3sat_control,random_3sat_control_v260_c1097_seed3305,perm_seed1731,1,random_control,False,False,False,False,True,False,True,34399.0,10546.0,-23853.0,30252.0,8986.0,-21266.0,0.5745,0.0750799999999998,-0.4994200000000002,-2.0867745073062185
iter=50,1,random_3sat_control,random_3sat_control_v260_c1097_seed3305,perm_seed1731,2,random_control,False,False,False,False,True,False,True,34399.0,10546.0,-23853.0,30252.0,8986.0,-21266.0,0.4526490000000001,0.18158,-0.2710690000000001,-1.2762005380312202
iter=50,1,random_3sat_control,random_3sat_control_v260_c1113_seed3306,base,0,random_control,False,False,False,False,True,True,False,44039.0,45676.0,1637.0,32927.0,33877.0,950.0,0.2879500000000004,-1.3916700000000004,-1.6796200000000008,0.6148322639573216
iter=50,1,random_3sat_control,random_3sat_control_v260_c1113_seed3306,base,1,random_control,False,False,False,False,True,False,False,44039.0,45676.0,1637.0,32927.0,33877.0,950.0,0.3349000000000002,0.2231500000000004,-0.1117499999999998,1.610592946678997
iter=50,1,random_3sat_control,random_3sat_control_v260_c1113_seed3306,base,2,random_control,False,False,False,False,True,False,False,44039.0,45676.0,1637.0,32927.0,33877.0,950.0,0.5607499999999996,1.11184,0.5510900000000003,3.3796386356390125
iter=50,1,random_3sat_control,random_3sat_control_v260_c1113_seed3306,perm_seed1730,0,random_control,False,False,False,False,True,False,False,62212.0,57417.0,-4795.0,50394.0,46207.0,-4187.0,1.35034,0.9602199999999996,-0.39012000000000047,1.27086649104774
iter=50,1,random_3sat_control,random_3sat_control_v260_c1113_seed3306,perm_seed1730,1,random_control,False,False,False,False,True,False,False,62212.0,57417.0,-4795.0,50394.0,46207.0,-4187.0,1.14731,0.99141,-0.15590000000000004,1.9313324010762576
iter=50,1,random_3sat_control,random_3sat_control_v260_c1113_seed3306,perm_seed1730,2,random_control,False,False,False,False,True,False,False,62212.0,57417.0,-4795.0,50394.0,46207.0,-4187.0,0.9565099999999996,1.0180299999999995,0.06151999999999991,3.0121719055809377
iter=50,1,random_3sat_control,random_3sat_control_v260_c1113_seed3306,perm_seed1731,0,random_control,False,False,False,False,True,False,False,58795.0,47328.0,-11467.0,47268.0,37390.0,-9878.0,0.8149999999999995,0.7475699999999996,-0.06742999999999988,0.5685829157559263
iter=50,1,random_3sat_control,random_3sat_control_v260_c1113_seed3306,perm_seed1731,1,random_control,False,False,False,False,True,False,False,58795.0,47328.0,-11467.0,47268.0,37390.0,-9878.0,0.9298000000000002,0.1626400000000005,-0.7671599999999996,0.0831663622295257
iter=50,1,random_3sat_control,random_3sat_control_v260_c1113_seed3306,perm_seed1731,2,random_control,False,False,False,False,True,False,False,58795.0,47328.0,-11467.0,47268.0,37390.0,-9878.0,0.77989,0.4337299999999997,-0.34616000000000025,0.174133004844367
iter=50,1,random_3sat_control,random_3sat_control_v300_c1266_seed3307,base,0,random_control,False,False,False,False,True,False,True,2904.0,2324.0,-580.0,2426.0,1865.0,-561.0,0.033685,0.033976,0.0002909999999999996,-0.0360105031532645
iter=50,1,random_3sat_control,random_3sat_control_v300_c1266_seed3307,base,1,random_control,False,False,False,False,True,False,False,2904.0,2324.0,-580.0,2426.0,1865.0,-561.0,0.041171,0.02887,-0.012301,0.1361895578409433
iter=50,1,random_3sat_control,random_3sat_control_v300_c1266_seed3307,base,2,random_control,False,False,False,False,True,False,False,2904.0,2324.0,-580.0,2426.0,1865.0,-561.0,0.039268,0.0227209999999999,-0.016547000000000096,0.2435226390173435
iter=50,1,random_3sat_control,random_3sat_control_v300_c1266_seed3307,perm_seed1730,0,random_control,False,False,False,False,True,False,True,2470.0,1984.0,-486.0,2050.0,1623.0,-427.0,0.030961,0.020842,-0.010119,-1.1698077555352449
iter=50,1,random_3sat_control,random_3sat_control_v300_c1266_seed3307,perm_seed1730,1,random_control,False,False,False,False,True,False,True,2470.0,1984.0,-486.0,2050.0,1623.0,-427.0,0.031501,0.01503,-0.016471,-0.9395103484000564
iter=50,1,random_3sat_control,random_3sat_control_v300_c1266_seed3307,perm_seed1730,2,random_control,False,False,False,False,True,False,True,2470.0,1984.0,-486.0,2050.0,1623.0,-427.0,0.028845,0.023962,-0.0048829999999999985,-0.810681283812642
iter=50,1,random_3sat_control,random_3sat_control_v300_c1266_seed3307,perm_seed1731,0,random_control,False,False,False,False,True,False,True,2198.0,2181.0,-17.0,1848.0,1768.0,-80.0,0.029522,0.029727,0.00020500000000000032,-2.007072481824219
iter=50,1,random_3sat_control,random_3sat_control_v300_c1266_seed3307,perm_seed1731,1,random_control,False,False,False,False,True,False,True,2198.0,2181.0,-17.0,1848.0,1768.0,-80.0,0.025549,0.0221959999999999,-0.003353000000000099,-1.6998727133502365
iter=50,1,random_3sat_control,random_3sat_control_v300_c1266_seed3307,perm_seed1731,2,random_control,False,False,False,False,True,False,True,2198.0,2181.0,-17.0,1848.0,1768.0,-80.0,0.02504,0.03448,0.009439999999999997,-1.618602979182005
iter=50,3,random_3sat_control,random_3sat_control_v160_c704_seed2615,base,0,random_control,False,False,False,False,True,True,False,665.0,541.0,-124.0,519.0,400.0,-119.0,0.002041,-0.002017,-0.004058,0.2300782647662163
iter=50,3,random_3sat_control,random_3sat_control_v160_c704_seed2615,base,1,random_control,False,False,False,False,True,False,False,665.0,541.0,-124.0,519.0,400.0,-119.0,0.0079769999999999,0.0140559999999999,0.006078999999999999,0.2628135381404757
iter=50,3,random_3sat_control,random_3sat_control_v160_c704_seed2615,base,2,random_control,False,False,False,False,True,False,False,665.0,541.0,-124.0,519.0,400.0,-119.0,0.0129039999999999,0.008357,-0.0045469999999999,0.3561815647999644
iter=50,3,random_3sat_control,random_3sat_control_v160_c704_seed2615,perm_seed1730,0,random_control,False,False,False,False,True,True,False,1348.0,973.0,-375.0,1065.0,686.0,-379.0,0.0120569999999999,-0.0010799999999999,-0.0131369999999998,0.1700471032454371
iter=50,3,random_3sat_control,random_3sat_control_v160_c704_seed2615,perm_seed1730,1,random_control,False,False,False,False,True,False,False,1348.0,973.0,-375.0,1065.0,686.0,-379.0,0.009494,0.0025039999999999,-0.0069900000000001,0.0896180824249385
iter=50,3,random_3sat_control,random_3sat_control_v160_c704_seed2615,perm_seed1730,2,random_control,False,False,False,False,True,False,False,1348.0,973.0,-375.0,1065.0,686.0,-379.0,0.008784,0.0078459999999999,-0.0009380000000001002,0.7790377730581761
iter=50,3,random_3sat_control,random_3sat_control_v160_c704_seed2615,perm_seed1731,0,random_control,False,True,False,True,False,False,False,715.0,-36.0,-751.0,447.0,-242.0,-689.0,0.014108,-0.000225,-0.014333,0.23082538542974
iter=50,3,random_3sat_control,random_3sat_control_v160_c704_seed2615,perm_seed1731,1,random_control,False,True,False,True,False,False,False,715.0,-36.0,-751.0,447.0,-242.0,-689.0,0.013449,-0.0026739999999999,-0.016122999999999898,0.1416940577970147
iter=50,3,random_3sat_control,random_3sat_control_v160_c704_seed2615,perm_seed1731,2,random_control,False,True,False,True,False,False,False,715.0,-36.0,-751.0,447.0,-242.0,-689.0,-0.0027379999999999,-0.007403,-0.0046650000000001,0.8253499167832137
iter=50,3,random_3sat_control,random_3sat_control_v180_c760_seed3301,base,0,random_control,False,False,False,False,True,False,True,15458.0,11929.0,-3529.0,13445.0,10227.0,-3218.0,0.167172,0.141446,-0.025726,-0.1294878588989378
iter=50,3,random_3sat_control,random_3sat_control_v180_c760_seed3301,base,1,random_control,False,False,False,False,True,False,True,15458.0,11929.0,-3529.0,13445.0,10227.0,-3218.0,0.161533,0.13524,-0.02629300000000001,-0.2062736827198267
iter=50,3,random_3sat_control,random_3sat_control_v180_c760_seed3301,base,2,random_control,False,False,False,False,True,False,False,15458.0,11929.0,-3529.0,13445.0,10227.0,-3218.0,0.150588,0.138332,-0.012255999999999989,0.48115852586174
iter=50,3,random_3sat_control,random_3sat_control_v180_c760_seed3301,perm_seed1730,0,random_control,False,False,False,False,True,False,True,13706.0,14134.0,428.0,11937.0,12206.0,269.0,0.142338,0.183565,0.041227000000000014,-0.8495560153098705
iter=50,3,random_3sat_control,random_3sat_control_v180_c760_seed3301,perm_seed1730,1,random_control,False,False,False,False,True,False,True,13706.0,14134.0,428.0,11937.0,12206.0,269.0,0.147676,0.178861,0.03118499999999999,-0.7223908447219134
iter=50,3,random_3sat_control,random_3sat_control_v180_c760_seed3301,perm_seed1730,2,random_control,False,False,False,False,True,False,True,13706.0,14134.0,428.0,11937.0,12206.0,269.0,0.146361,0.194615,0.04825400000000002,-0.0209774313887955
iter=50,3,random_3sat_control,random_3sat_control_v180_c760_seed3301,perm_seed1731,0,random_control,False,False,False,False,True,False,True,14903.0,13230.0,-1673.0,12946.0,11552.0,-1394.0,0.146794,0.168119,0.021324999999999983,-0.1866137850567699
iter=50,3,random_3sat_control,random_3sat_control_v180_c760_seed3301,perm_seed1731,1,random_control,False,False,False,False,True,False,True,14903.0,13230.0,-1673.0,12946.0,11552.0,-1394.0,0.15333,0.162542,0.009211999999999998,-0.1772065347581506
iter=50,3,random_3sat_control,random_3sat_control_v180_c760_seed3301,perm_seed1731,2,random_control,False,False,False,False,True,False,False,14903.0,13230.0,-1673.0,12946.0,11552.0,-1394.0,0.151319,0.19193,0.04061099999999998,0.5417973281360864
iter=50,3,random_3sat_control,random_3sat_control_v220_c928_seed3303,base,0,random_control,False,False,False,False,True,False,True,336.0,262.0,-74.0,261.0,237.0,-24.0,0.005404,0.0026609999999999,-0.0027430000000001,-0.5060425835320354
iter=50,3,random_3sat_control,random_3sat_control_v220_c928_seed3303,base,1,random_control,False,False,False,False,True,True,True,336.0,262.0,-74.0,261.0,237.0,-24.0,0.0085919999999999,-0.0011479999999999,-0.009739999999999801,-0.5784217574965358
iter=50,3,random_3sat_control,random_3sat_control_v220_c928_seed3303,base,2,random_control,False,False,False,False,True,False,False,336.0,262.0,-74.0,261.0,237.0,-24.0,0.0006949999999999,0.003255,0.0025600000000001,0.1100395572077632
iter=50,3,random_3sat_control,random_3sat_control_v220_c928_seed3303,perm_seed1730,0,random_control,False,False,False,False,True,False,True,326.0,326.0,0.0,269.0,278.0,9.0,0.0055239999999999,0.001164,-0.0043599999999998995,-1.2586941553881168
iter=50,3,random_3sat_control,random_3sat_control_v220_c928_seed3303,perm_seed1730,1,random_control,False,False,False,False,True,False,True,326.0,326.0,0.0,269.0,278.0,9.0,0.000513,0.002312,0.0017989999999999998,-1.2715306941056848
iter=50,3,random_3sat_control,random_3sat_control_v220_c928_seed3303,perm_seed1730,2,random_control,False,False,False,False,True,False,True,326.0,326.0,0.0,269.0,278.0,9.0,0.003283,0.004809,0.001526,-0.7890957710137366
iter=50,3,random_3sat_control,random_3sat_control_v220_c928_seed3303,perm_seed1731,0,random_control,False,False,False,False,True,True,False,301.0,330.0,29.0,265.0,245.0,-20.0,-0.0007869999999999,-0.00312,-0.0023330000000000998,0.1540896896084547
iter=50,3,random_3sat_control,random_3sat_control_v220_c928_seed3303,perm_seed1731,1,random_control,False,False,False,False,True,False,False,301.0,330.0,29.0,265.0,245.0,-20.0,0.008224,0.007527,-0.0006970000000000006,0.0991472160609364
iter=50,3,random_3sat_control,random_3sat_control_v220_c928_seed3303,perm_seed1731,2,random_control,False,False,False,False,True,False,False,301.0,330.0,29.0,265.0,245.0,-20.0,0.01004,9.8e-05,-0.009942,0.7781973585282564
iter=50,3,random_3sat_control,random_3sat_control_v220_c942_seed3304,base,0,random_control,False,False,False,False,True,False,False,15074.0,13767.0,-1307.0,13463.0,12437.0,-1026.0,0.2135899999999999,0.1728839999999999,-0.04070599999999999,0.5815738635255098
iter=50,3,random_3sat_control,random_3sat_control_v220_c942_seed3304,base,1,random_control,False,False,False,False,True,False,False,15074.0,13767.0,-1307.0,13463.0,12437.0,-1026.0,0.219289,0.173383,-0.045906,0.3201024784434439
iter=50,3,random_3sat_control,random_3sat_control_v220_c942_seed3304,base,2,random_control,False,False,False,False,True,False,False,15074.0,13767.0,-1307.0,13463.0,12437.0,-1026.0,0.1865479999999999,0.3912449999999999,0.204697,0.4814395438421367
iter=50,3,random_3sat_control,random_3sat_control_v220_c942_seed3304,perm_seed1730,0,random_control,False,False,False,False,True,False,False,15848.0,14719.0,-1129.0,14279.0,13020.0,-1259.0,0.215873,0.172575,-0.043298,0.6302599265929459
iter=50,3,random_3sat_control,random_3sat_control_v220_c942_seed3304,perm_seed1730,1,random_control,False,False,False,False,True,False,False,15848.0,14719.0,-1129.0,14279.0,13020.0,-1259.0,0.217793,0.269227,0.05143400000000001,0.3488196368789672
iter=50,3,random_3sat_control,random_3sat_control_v220_c942_seed3304,perm_seed1730,2,random_control,False,False,False,False,True,False,False,15848.0,14719.0,-1129.0,14279.0,13020.0,-1259.0,0.1935079999999999,0.312942,0.1194340000000001,0.3926387721011044
iter=50,3,random_3sat_control,random_3sat_control_v220_c942_seed3304,perm_seed1731,0,random_control,False,False,False,False,True,False,False,14660.0,13779.0,-881.0,13205.0,12458.0,-747.0,0.21567,0.273684,0.05801399999999998,0.6292285976528529
iter=50,3,random_3sat_control,random_3sat_control_v220_c942_seed3304,perm_seed1731,1,random_control,False,False,False,False,True,False,False,14660.0,13779.0,-881.0,13205.0,12458.0,-747.0,0.21946,0.263199,0.04373900000000003,0.2471650875588655
iter=50,3,random_3sat_control,random_3sat_control_v220_c942_seed3304,perm_seed1731,2,random_control,False,False,False,False,True,False,False,14660.0,13779.0,-881.0,13205.0,12458.0,-747.0,0.223169,0.30172,0.07855099999999998,0.2926191374440191
iter=50,3,random_3sat_control,random_3sat_control_v260_c1097_seed3305,base,0,random_control,True,True,False,False,False,False,False,-12310.0,-28300.0,-15990.0,-11488.0,-25930.0,-14442.0,-0.4199039999999999,-0.858797,-0.43889300000000014,-5.473251415219009
iter=50,3,random_3sat_control,random_3sat_control_v260_c1097_seed3305,base,1,random_control,True,True,False,False,False,False,False,-12310.0,-28300.0,-15990.0,-11488.0,-25930.0,-14442.0,-0.439892,-1.077244,-0.6373520000000001,-5.971225106996179
iter=50,3,random_3sat_control,random_3sat_control_v260_c1097_seed3305,base,2,random_control,True,True,False,False,False,False,False,-12310.0,-28300.0,-15990.0,-11488.0,-25930.0,-14442.0,-0.4162280000000001,-0.78049,-0.3642619999999999,-5.854432506300211
iter=50,3,random_3sat_control,random_3sat_control_v260_c1097_seed3305,perm_seed1730,0,random_control,True,True,False,False,False,False,False,-28889.0,-20242.0,8647.0,-26747.0,-19061.0,7686.0,-0.716052,-0.7077950000000001,0.008256999999999959,-6.427461795649052
iter=50,3,random_3sat_control,random_3sat_control_v260_c1097_seed3305,perm_seed1730,1,random_control,True,True,False,False,False,False,False,-28889.0,-20242.0,8647.0,-26747.0,-19061.0,7686.0,-0.706684,-0.70308,0.0036039999999999406,-6.138533577152133
iter=50,3,random_3sat_control,random_3sat_control_v260_c1097_seed3305,perm_seed1730,2,random_control,True,True,False,False,False,False,False,-28889.0,-20242.0,8647.0,-26747.0,-19061.0,7686.0,-0.7433099999999999,-0.781659,-0.03834900000000008,-6.285316787868917
iter=50,3,random_3sat_control,random_3sat_control_v260_c1097_seed3305,perm_seed1731,0,random_control,True,True,False,False,False,False,False,-6285.0,-6391.0,-106.0,-6139.0,-5928.0,211.0,-0.219758,-0.294998,-0.07523999999999997,-2.583460488041699
iter=50,3,random_3sat_control,random_3sat_control_v260_c1097_seed3305,perm_seed1731,1,random_control,True,True,False,False,False,False,False,-6285.0,-6391.0,-106.0,-6139.0,-5928.0,211.0,-0.2285239999999999,-0.273139,-0.04461500000000013,-2.763344761049092
iter=50,3,random_3sat_control,random_3sat_control_v260_c1097_seed3305,perm_seed1731,2,random_control,True,True,False,False,False,False,False,-6285.0,-6391.0,-106.0,-6139.0,-5928.0,211.0,-0.230223,-0.1431099999999998,0.08711300000000022,-2.5327896319180727
iter=50,3,random_3sat_control,random_3sat_control_v260_c1113_seed3306,base,0,random_control,False,False,False,False,True,False,False,52378.0,43174.0,-9204.0,40477.0,32464.0,-8013.0,0.3170700000000002,0.3040200000000004,-0.013049999999999784,1.7067135258320567
iter=50,3,random_3sat_control,random_3sat_control_v260_c1113_seed3306,base,1,random_control,False,False,False,False,True,False,False,52378.0,43174.0,-9204.0,40477.0,32464.0,-8013.0,0.6935600000000006,0.6964899999999998,0.002929999999999211,1.6749657714334123
iter=50,3,random_3sat_control,random_3sat_control_v260_c1113_seed3306,base,2,random_control,False,False,False,False,True,False,False,52378.0,43174.0,-9204.0,40477.0,32464.0,-8013.0,0.3287000000000004,0.6713899999999997,0.34268999999999933,1.3826576111474624
iter=50,3,random_3sat_control,random_3sat_control_v260_c1113_seed3306,perm_seed1730,0,random_control,False,False,False,False,True,False,False,68888.0,62540.0,-6348.0,56478.0,50392.0,-6086.0,0.8272699999999995,1.1417099999999998,0.3144400000000003,1.9695987918953897
iter=50,3,random_3sat_control,random_3sat_control_v260_c1113_seed3306,perm_seed1730,1,random_control,False,False,False,False,True,False,False,68888.0,62540.0,-6348.0,56478.0,50392.0,-6086.0,1.0306999999999995,0.8628299999999998,-0.16786999999999974,1.8398779329897763
iter=50,3,random_3sat_control,random_3sat_control_v260_c1113_seed3306,perm_seed1730,2,random_control,False,False,False,False,True,False,False,68888.0,62540.0,-6348.0,56478.0,50392.0,-6086.0,0.7466400000000002,0.8921999999999999,0.1455599999999997,1.6571457411062118
iter=50,3,random_3sat_control,random_3sat_control_v260_c1113_seed3306,perm_seed1731,0,random_control,False,False,False,False,True,False,False,58867.0,58895.0,28.0,47120.0,47334.0,214.0,0.5094699999999994,0.8003,0.2908300000000006,0.8594720012192729
iter=50,3,random_3sat_control,random_3sat_control_v260_c1113_seed3306,perm_seed1731,1,random_control,False,False,False,False,True,False,False,58867.0,58895.0,28.0,47120.0,47334.0,214.0,0.4037099999999993,0.8255800000000004,0.42187000000000113,0.5342797375360133
iter=50,3,random_3sat_control,random_3sat_control_v260_c1113_seed3306,perm_seed1731,2,random_control,False,False,False,False,True,False,False,58867.0,58895.0,28.0,47120.0,47334.0,214.0,0.6648399999999999,1.26349,0.5986500000000001,1.4381449349851598
iter=50,3,random_3sat_control,random_3sat_control_v300_c1266_seed3307,base,0,random_control,False,False,False,False,True,False,False,2686.0,2158.0,-528.0,2196.0,1794.0,-402.0,0.02833,0.025342,-0.002988000000000001,0.280065193010807
iter=50,3,random_3sat_control,random_3sat_control_v300_c1266_seed3307,base,1,random_control,False,False,False,False,True,False,False,2686.0,2158.0,-528.0,2196.0,1794.0,-402.0,0.018809,0.0282669999999999,0.0094579999999999,0.1684306897869706
iter=50,3,random_3sat_control,random_3sat_control_v300_c1266_seed3307,base,2,random_control,False,False,False,False,True,False,False,2686.0,2158.0,-528.0,2196.0,1794.0,-402.0,0.0269929999999999,0.034606,0.007613000000000099,0.4254563076664805
iter=50,3,random_3sat_control,random_3sat_control_v300_c1266_seed3307,perm_seed1730,0,random_control,False,False,False,False,True,False,True,2424.0,2745.0,321.0,1981.0,2271.0,290.0,0.015695,0.029584,0.013888999999999999,-0.657330619628191
iter=50,3,random_3sat_control,random_3sat_control_v300_c1266_seed3307,perm_seed1730,1,random_control,False,False,False,False,True,False,True,2424.0,2745.0,321.0,1981.0,2271.0,290.0,0.037542,0.039595,0.0020529999999999993,-0.8780564435268642
iter=50,3,random_3sat_control,random_3sat_control_v300_c1266_seed3307,perm_seed1730,2,random_control,False,False,False,False,True,False,True,2424.0,2745.0,321.0,1981.0,2271.0,290.0,0.01635,0.038495,0.022145,-0.6197362562341094
iter=50,3,random_3sat_control,random_3sat_control_v300_c1266_seed3307,perm_seed1731,0,random_control,False,False,False,False,True,False,True,2566.0,2123.0,-443.0,2165.0,1699.0,-466.0,0.020006,0.022101,0.0020949999999999996,-1.5153146901779175
iter=50,3,random_3sat_control,random_3sat_control_v300_c1266_seed3307,perm_seed1731,1,random_control,False,False,False,False,True,False,True,2566.0,2123.0,-443.0,2165.0,1699.0,-466.0,0.026503,0.02405,-0.0024530000000000003,-1.6949320503869056
iter=50,3,random_3sat_control,random_3sat_control_v300_c1266_seed3307,perm_seed1731,2,random_control,False,False,False,False,True,False,True,2566.0,2123.0,-443.0,2165.0,1699.0,-466.0,0.016511,0.0300029999999999,0.0134919999999999,-1.4143182782300112
iter=80,1,random_3sat_control,random_3sat_control_v160_c704_seed2615,base,0,random_control,False,False,False,False,True,True,False,430.0,612.0,182.0,307.0,476.0,169.0,0.013776,-0.0075809999999999,-0.0213569999999999,0.089178411873877
iter=80,1,random_3sat_control,random_3sat_control_v160_c704_seed2615,base,1,random_control,False,False,False,False,True,True,False,430.0,612.0,182.0,307.0,476.0,169.0,-0.003955,-0.0049299999999999,-0.0009749999999998996,0.3183791450119614
iter=80,1,random_3sat_control,random_3sat_control_v160_c704_seed2615,base,2,random_control,False,False,False,False,True,False,False,430.0,612.0,182.0,307.0,476.0,169.0,0.0016339999999999,0.0119389999999999,0.010305,0.3356487047476768
iter=80,1,random_3sat_control,random_3sat_control_v160_c704_seed2615,perm_seed1730,0,random_control,False,False,False,False,True,False,False,795.0,871.0,76.0,613.0,680.0,67.0,-0.001825,0.0094799999999999,0.0113049999999999,0.2124077472676039
iter=80,1,random_3sat_control,random_3sat_control_v160_c704_seed2615,perm_seed1730,1,random_control,False,False,False,False,True,False,False,795.0,871.0,76.0,613.0,680.0,67.0,0.0048369999999999,0.0071869999999999,0.0023499999999999997,0.2226745730323791
iter=80,1,random_3sat_control,random_3sat_control_v160_c704_seed2615,perm_seed1730,2,random_control,False,False,False,False,True,False,False,795.0,871.0,76.0,613.0,680.0,67.0,0.004546,0.001844,-0.0027019999999999995,0.1466855184854269
iter=80,1,random_3sat_control,random_3sat_control_v160_c704_seed2615,perm_seed1731,0,random_control,False,False,False,False,True,True,False,793.0,598.0,-195.0,563.0,289.0,-274.0,0.0043559999999999,-0.0030079999999999,-0.0073639999999997995,0.2591567347644567
iter=80,1,random_3sat_control,random_3sat_control_v160_c704_seed2615,perm_seed1731,1,random_control,False,False,False,False,True,False,False,793.0,598.0,-195.0,563.0,289.0,-274.0,-0.0048609999999999,0.0002299999999999,0.0050909999999998005,0.2621700801864265
iter=80,1,random_3sat_control,random_3sat_control_v160_c704_seed2615,perm_seed1731,2,random_control,False,False,False,False,True,True,False,793.0,598.0,-195.0,563.0,289.0,-274.0,4.699999999999843e-05,-0.000334,-0.0003809999999999984,0.2053860469108224
iter=80,1,random_3sat_control,random_3sat_control_v180_c760_seed3301,base,0,random_control,False,False,False,False,True,False,False,39788.0,41124.0,1336.0,35399.0,36324.0,925.0,0.623485,0.60214,-0.021344999999999947,0.3241629184739589
iter=80,1,random_3sat_control,random_3sat_control_v180_c760_seed3301,base,1,random_control,False,False,False,False,True,False,False,39788.0,41124.0,1336.0,35399.0,36324.0,925.0,0.615757,0.819508,0.20375100000000002,0.6244429277813435
iter=80,1,random_3sat_control,random_3sat_control_v180_c760_seed3301,base,2,random_control,False,False,False,False,True,False,False,39788.0,41124.0,1336.0,35399.0,36324.0,925.0,0.48429,0.643001,0.15871100000000005,0.3845421051545142
iter=80,1,random_3sat_control,random_3sat_control_v180_c760_seed3301,perm_seed1730,0,random_control,False,False,False,False,True,False,True,36564.0,32905.0,-3659.0,32387.0,28832.0,-3555.0,0.6452979999999999,0.472661,-0.17263699999999993,-0.3014538089595437
iter=80,1,random_3sat_control,random_3sat_control_v180_c760_seed3301,perm_seed1730,1,random_control,False,False,False,False,True,False,True,36564.0,32905.0,-3659.0,32387.0,28832.0,-3555.0,0.550438,0.5271049999999999,-0.023333000000000048,-0.2435915942337514
iter=80,1,random_3sat_control,random_3sat_control_v180_c760_seed3301,perm_seed1730,2,random_control,False,False,False,False,True,False,True,36564.0,32905.0,-3659.0,32387.0,28832.0,-3555.0,0.42141,0.523844,0.10243399999999997,-0.3274696768006085
iter=80,1,random_3sat_control,random_3sat_control_v180_c760_seed3301,perm_seed1731,0,random_control,False,False,False,False,True,False,False,44884.0,42579.0,-2305.0,39606.0,37645.0,-1961.0,0.701743,0.6335189999999999,-0.06822400000000006,0.2612146302351952
iter=80,1,random_3sat_control,random_3sat_control_v180_c760_seed3301,perm_seed1731,1,random_control,False,False,False,False,True,False,False,44884.0,42579.0,-2305.0,39606.0,37645.0,-1961.0,0.70243,0.702967,0.0005370000000000097,0.4153063179141284
iter=80,1,random_3sat_control,random_3sat_control_v180_c760_seed3301,perm_seed1731,2,random_control,False,False,False,False,True,False,False,44884.0,42579.0,-2305.0,39606.0,37645.0,-1961.0,0.540722,0.696294,0.15557199999999993,0.4214243981075882
iter=80,1,random_3sat_control,random_3sat_control_v220_c928_seed3303,base,0,random_control,False,False,False,False,True,False,True,276.0,611.0,335.0,237.0,521.0,284.0,0.004396,0.012375,0.007979,-0.4981316867254972
iter=80,1,random_3sat_control,random_3sat_control_v220_c928_seed3303,base,1,random_control,False,False,False,False,True,False,True,276.0,611.0,335.0,237.0,521.0,284.0,-0.001845,0.002283,0.004128,-0.4478623697416782
iter=80,1,random_3sat_control,random_3sat_control_v220_c928_seed3303,base,2,random_control,False,False,False,False,True,True,True,276.0,611.0,335.0,237.0,521.0,284.0,0.008936,-0.0009009999999999,-0.0098369999999999,-0.5284639899622202
iter=80,1,random_3sat_control,random_3sat_control_v220_c928_seed3303,perm_seed1730,0,random_control,False,False,False,False,True,False,True,272.0,606.0,334.0,222.0,527.0,305.0,0.00933,0.0098479999999999,0.0005179999999999005,-1.207683243068039
iter=80,1,random_3sat_control,random_3sat_control_v220_c928_seed3303,perm_seed1730,1,random_control,False,False,False,False,True,False,True,272.0,606.0,334.0,222.0,527.0,305.0,0.002385,0.0046989999999999,0.0023139999999999003,-1.2826476448265316
iter=80,1,random_3sat_control,random_3sat_control_v220_c928_seed3303,perm_seed1730,2,random_control,False,False,False,False,True,False,True,272.0,606.0,334.0,222.0,527.0,305.0,0.005403,0.009906,0.004503,-1.2638111255329254
iter=80,1,random_3sat_control,random_3sat_control_v220_c928_seed3303,perm_seed1731,0,random_control,False,False,False,False,True,False,False,284.0,759.0,475.0,241.0,628.0,387.0,-0.000968,0.0053779999999999,0.0063459999999999,0.2252856065321564
iter=80,1,random_3sat_control,random_3sat_control_v220_c928_seed3303,perm_seed1731,1,random_control,False,False,False,False,True,False,False,284.0,759.0,475.0,241.0,628.0,387.0,-0.000712,0.010849,0.011560999999999998,0.210051575148344
iter=80,1,random_3sat_control,random_3sat_control_v220_c928_seed3303,perm_seed1731,2,random_control,False,False,False,False,True,False,False,284.0,759.0,475.0,241.0,628.0,387.0,-0.0011819999999999,0.0042949999999999,0.0054769999999998,0.1434360184630154
iter=80,1,random_3sat_control,random_3sat_control_v220_c942_seed3304,base,0,random_control,False,False,False,False,True,False,False,13424.0,13549.0,125.0,11813.0,12165.0,352.0,0.154279,0.1837879999999999,0.029508999999999896,0.2639849238014817
iter=80,1,random_3sat_control,random_3sat_control_v220_c942_seed3304,base,1,random_control,False,False,False,False,True,False,False,13424.0,13549.0,125.0,11813.0,12165.0,352.0,0.199903,0.372561,0.17265799999999998,0.3254781336324812
iter=80,1,random_3sat_control,random_3sat_control_v220_c942_seed3304,base,2,random_control,False,False,False,False,True,False,False,13424.0,13549.0,125.0,11813.0,12165.0,352.0,0.13138,0.295261,0.163881,0.3330840131686328
iter=80,1,random_3sat_control,random_3sat_control_v220_c942_seed3304,perm_seed1730,0,random_control,False,False,False,False,True,False,False,14985.0,13269.0,-1716.0,13207.0,11611.0,-1596.0,0.2207869999999999,0.100433,-0.1203539999999999,0.31004232928586
iter=80,1,random_3sat_control,random_3sat_control_v220_c942_seed3304,perm_seed1730,1,random_control,False,False,False,False,True,False,False,14985.0,13269.0,-1716.0,13207.0,11611.0,-1596.0,0.240149,0.3557269999999999,0.1155779999999999,0.3101646042613984
iter=80,1,random_3sat_control,random_3sat_control_v220_c942_seed3304,perm_seed1730,2,random_control,False,False,False,False,True,False,False,14985.0,13269.0,-1716.0,13207.0,11611.0,-1596.0,0.1761329999999999,0.349366,0.1732330000000001,0.3755812820804121
iter=80,1,random_3sat_control,random_3sat_control_v220_c942_seed3304,perm_seed1731,0,random_control,False,False,False,False,True,False,False,13210.0,14654.0,1444.0,11634.0,12997.0,1363.0,0.1987449999999999,0.157532,-0.04121299999999989,0.2830404535588622
iter=80,1,random_3sat_control,random_3sat_control_v220_c942_seed3304,perm_seed1731,1,random_control,False,False,False,False,True,False,False,13210.0,14654.0,1444.0,11634.0,12997.0,1363.0,0.2323899999999999,0.326089,0.09369900000000012,0.189194003636837
iter=80,1,random_3sat_control,random_3sat_control_v220_c942_seed3304,perm_seed1731,2,random_control,False,False,False,False,True,False,False,13210.0,14654.0,1444.0,11634.0,12997.0,1363.0,0.13551,0.372046,0.236536,0.3261893611980081
iter=80,1,random_3sat_control,random_3sat_control_v260_c1097_seed3305,base,0,random_control,False,False,False,False,True,False,True,27840.0,19645.0,-8195.0,24578.0,17250.0,-7328.0,0.46251,0.2051499999999999,-0.2573600000000001,-4.75419680710721
iter=80,1,random_3sat_control,random_3sat_control_v260_c1097_seed3305,base,1,random_control,False,False,False,False,True,False,True,27840.0,19645.0,-8195.0,24578.0,17250.0,-7328.0,0.7359900000000001,0.26166,-0.47433000000000014,-5.19553940887171
iter=80,1,random_3sat_control,random_3sat_control_v260_c1097_seed3305,base,2,random_control,False,False,False,False,True,False,True,27840.0,19645.0,-8195.0,24578.0,17250.0,-7328.0,0.3696599999999999,0.42022,0.050560000000000105,-4.424682443847775
iter=80,1,random_3sat_control,random_3sat_control_v260_c1097_seed3305,perm_seed1730,0,random_control,False,False,False,False,True,True,True,39993.0,9055.0,-30938.0,35030.0,7276.0,-27754.0,0.7531500000000002,-0.0572000000000001,-0.8103500000000003,-5.578414151103496
iter=80,1,random_3sat_control,random_3sat_control_v260_c1097_seed3305,perm_seed1730,1,random_control,False,False,False,False,True,False,True,39993.0,9055.0,-30938.0,35030.0,7276.0,-27754.0,1.04487,0.10789,-0.9369799999999999,-5.499026709478915
iter=80,1,random_3sat_control,random_3sat_control_v260_c1097_seed3305,perm_seed1730,2,random_control,False,False,False,False,True,True,True,39993.0,9055.0,-30938.0,35030.0,7276.0,-27754.0,0.5706500000000001,-0.0440199999999999,-0.61467,-5.399130320974111
iter=80,1,random_3sat_control,random_3sat_control_v260_c1097_seed3305,perm_seed1731,0,random_control,False,False,False,False,True,False,True,34399.0,31588.0,-2811.0,30252.0,27988.0,-2264.0,0.7899100000000001,0.6525100000000001,-0.13739999999999997,-1.898122279741406
iter=80,1,random_3sat_control,random_3sat_control_v260_c1097_seed3305,perm_seed1731,1,random_control,False,False,False,False,True,False,True,34399.0,31588.0,-2811.0,30252.0,27988.0,-2264.0,0.5745,0.5321400000000001,-0.04235999999999995,-2.083351644377708
iter=80,1,random_3sat_control,random_3sat_control_v260_c1097_seed3305,perm_seed1731,2,random_control,False,False,False,False,True,False,True,34399.0,31588.0,-2811.0,30252.0,27988.0,-2264.0,0.4526490000000001,0.65523,0.2025809999999999,-1.8606185483322144
iter=80,1,random_3sat_control,random_3sat_control_v260_c1113_seed3306,base,0,random_control,False,False,False,False,True,False,False,44039.0,36585.0,-7454.0,32927.0,26449.0,-6478.0,0.2879500000000004,0.2190200000000004,-0.06892999999999996,1.5287443145850306
iter=80,1,random_3sat_control,random_3sat_control_v260_c1113_seed3306,base,1,random_control,False,False,False,False,True,False,False,44039.0,36585.0,-7454.0,32927.0,26449.0,-6478.0,0.3349000000000002,0.2313299999999998,-0.10357000000000038,1.34869080308032
iter=80,1,random_3sat_control,random_3sat_control_v260_c1113_seed3306,base,2,random_control,False,False,False,False,True,False,False,44039.0,36585.0,-7454.0,32927.0,26449.0,-6478.0,0.5607499999999996,0.3387599999999997,-0.22198999999999997,1.3857616959612962
iter=80,1,random_3sat_control,random_3sat_control_v260_c1113_seed3306,perm_seed1730,0,random_control,False,False,False,False,True,False,False,62212.0,48122.0,-14090.0,50394.0,37943.0,-12451.0,1.35034,0.70059,-0.64975,1.4807233122271295
iter=80,1,random_3sat_control,random_3sat_control_v260_c1113_seed3306,perm_seed1730,1,random_control,False,False,False,False,True,False,False,62212.0,48122.0,-14090.0,50394.0,37943.0,-12451.0,1.14731,0.71326,-0.43405000000000005,1.432958916923046
iter=80,1,random_3sat_control,random_3sat_control_v260_c1113_seed3306,perm_seed1730,2,random_control,False,False,False,False,True,False,False,62212.0,48122.0,-14090.0,50394.0,37943.0,-12451.0,0.9565099999999996,0.5820400000000001,-0.3744699999999995,1.4648663226274845
iter=80,1,random_3sat_control,random_3sat_control_v260_c1113_seed3306,perm_seed1731,0,random_control,False,False,False,False,True,False,False,58795.0,37576.0,-21219.0,47268.0,28258.0,-19010.0,0.8149999999999995,0.1496199999999996,-0.6653799999999999,0.234556690523922
iter=80,1,random_3sat_control,random_3sat_control_v260_c1113_seed3306,perm_seed1731,1,random_control,False,False,False,False,True,False,True,58795.0,37576.0,-21219.0,47268.0,28258.0,-19010.0,0.9298000000000002,0.2880799999999999,-0.6417200000000003,-0.0056603139575717
iter=80,1,random_3sat_control,random_3sat_control_v260_c1113_seed3306,perm_seed1731,2,random_control,False,False,False,False,True,False,False,58795.0,37576.0,-21219.0,47268.0,28258.0,-19010.0,0.77989,0.2553900000000002,-0.5244999999999997,0.3047381731396328
iter=80,1,random_3sat_control,random_3sat_control_v300_c1266_seed3307,base,0,random_control,False,False,False,False,True,False,False,2904.0,2277.0,-627.0,2426.0,1876.0,-550.0,0.033685,0.018606,-0.015078999999999999,0.1993436800614595
iter=80,1,random_3sat_control,random_3sat_control_v300_c1266_seed3307,base,1,random_control,False,False,False,False,True,False,True,2904.0,2277.0,-627.0,2426.0,1876.0,-550.0,0.041171,0.034699,-0.006471999999999999,-0.1091718307197689
iter=80,1,random_3sat_control,random_3sat_control_v300_c1266_seed3307,base,2,random_control,False,False,False,False,True,False,True,2904.0,2277.0,-627.0,2426.0,1876.0,-550.0,0.039268,0.026864,-0.012403999999999998,-0.0064266020877362
iter=80,1,random_3sat_control,random_3sat_control_v300_c1266_seed3307,perm_seed1730,0,random_control,False,False,False,False,True,False,True,2470.0,2616.0,146.0,2050.0,2186.0,136.0,0.030961,0.028168,-0.0027930000000000003,-0.8976080773635507
iter=80,1,random_3sat_control,random_3sat_control_v300_c1266_seed3307,perm_seed1730,1,random_control,False,False,False,False,True,False,True,2470.0,2616.0,146.0,2050.0,2186.0,136.0,0.031501,0.040253,0.008751999999999996,-1.1522685747214556
iter=80,1,random_3sat_control,random_3sat_control_v300_c1266_seed3307,perm_seed1730,2,random_control,False,False,False,False,True,False,True,2470.0,2616.0,146.0,2050.0,2186.0,136.0,0.028845,0.045256,0.016411,-1.0429832459297776
iter=80,1,random_3sat_control,random_3sat_control_v300_c1266_seed3307,perm_seed1731,0,random_control,False,False,False,False,True,False,True,2198.0,2701.0,503.0,1848.0,2233.0,385.0,0.029522,0.0299749999999999,0.0004529999999999014,-1.6595590577624442
iter=80,1,random_3sat_control,random_3sat_control_v300_c1266_seed3307,perm_seed1731,1,random_control,False,False,False,False,True,False,True,2198.0,2701.0,503.0,1848.0,2233.0,385.0,0.025549,0.03405,0.008500999999999998,-2.21990061845994
iter=80,1,random_3sat_control,random_3sat_control_v300_c1266_seed3307,perm_seed1731,2,random_control,False,False,False,False,True,False,True,2198.0,2701.0,503.0,1848.0,2233.0,385.0,0.02504,0.039553,0.014512999999999998,-1.76869601561898
iter=80,3,random_3sat_control,random_3sat_control_v160_c704_seed2615,base,0,random_control,False,False,False,False,True,True,False,665.0,324.0,-341.0,519.0,219.0,-300.0,0.002041,-0.015213,-0.017254000000000002,0.2130718417029381
iter=80,3,random_3sat_control,random_3sat_control_v160_c704_seed2615,base,1,random_control,False,False,False,False,True,False,False,665.0,324.0,-341.0,519.0,219.0,-300.0,0.0079769999999999,0.0023439999999999,-0.005633000000000001,0.1381410183273552
iter=80,3,random_3sat_control,random_3sat_control_v160_c704_seed2615,base,2,random_control,False,False,False,False,True,True,False,665.0,324.0,-341.0,519.0,219.0,-300.0,0.0129039999999999,-0.001951,-0.0148549999999999,0.9150068981499077
iter=80,3,random_3sat_control,random_3sat_control_v160_c704_seed2615,perm_seed1730,0,random_control,False,False,False,False,True,True,False,1348.0,594.0,-754.0,1065.0,411.0,-654.0,0.0120569999999999,-0.014588,-0.026644999999999898,0.2200843512406348
iter=80,3,random_3sat_control,random_3sat_control_v160_c704_seed2615,perm_seed1730,1,random_control,False,False,False,False,True,False,False,1348.0,594.0,-754.0,1065.0,411.0,-654.0,0.009494,0.004748,-0.004746000000000001,0.1948505059924126
iter=80,3,random_3sat_control,random_3sat_control_v160_c704_seed2615,perm_seed1730,2,random_control,False,False,False,False,True,True,False,1348.0,594.0,-754.0,1065.0,411.0,-654.0,0.008784,-0.0043559999999999,-0.0131399999999999,0.1140894490173459
iter=80,3,random_3sat_control,random_3sat_control_v160_c704_seed2615,perm_seed1731,0,random_control,False,False,False,False,True,True,False,715.0,311.0,-404.0,447.0,99.0,-348.0,0.014108,-0.0020319999999999,-0.0161399999999999,0.2649169339744448
iter=80,3,random_3sat_control,random_3sat_control_v160_c704_seed2615,perm_seed1731,1,random_control,False,False,False,False,True,False,False,715.0,311.0,-404.0,447.0,99.0,-348.0,0.013449,0.002078,-0.011371,0.2349474632686971
iter=80,3,random_3sat_control,random_3sat_control_v160_c704_seed2615,perm_seed1731,2,random_control,False,False,False,False,True,True,False,715.0,311.0,-404.0,447.0,99.0,-348.0,-0.0027379999999999,-0.000654,0.0020839999999998997,0.1789499371489882
iter=80,3,random_3sat_control,random_3sat_control_v180_c760_seed3301,base,0,random_control,False,False,False,False,True,False,False,15458.0,14605.0,-853.0,13445.0,12703.0,-742.0,0.167172,0.181763,0.01459100000000002,0.0093199791957139
iter=80,3,random_3sat_control,random_3sat_control_v180_c760_seed3301,base,1,random_control,False,False,False,False,True,False,True,15458.0,14605.0,-853.0,13445.0,12703.0,-742.0,0.161533,0.187378,0.02584499999999998,-0.0626358795654773
iter=80,3,random_3sat_control,random_3sat_control_v180_c760_seed3301,base,2,random_control,False,False,False,False,True,False,True,15458.0,14605.0,-853.0,13445.0,12703.0,-742.0,0.150588,0.1726349999999999,0.0220469999999999,-0.2395405770324469
iter=80,3,random_3sat_control,random_3sat_control_v180_c760_seed3301,perm_seed1730,0,random_control,False,False,False,False,True,False,True,13706.0,12500.0,-1206.0,11937.0,10860.0,-1077.0,0.142338,0.154682,0.012343999999999994,-0.617590605915308
iter=80,3,random_3sat_control,random_3sat_control_v180_c760_seed3301,perm_seed1730,1,random_control,False,False,False,False,True,False,True,13706.0,12500.0,-1206.0,11937.0,10860.0,-1077.0,0.147676,0.148502,0.0008259999999999934,-0.6566506000277995
iter=80,3,random_3sat_control,random_3sat_control_v180_c760_seed3301,perm_seed1730,2,random_control,False,False,False,False,True,False,True,13706.0,12500.0,-1206.0,11937.0,10860.0,-1077.0,0.146361,0.154671,0.008310000000000012,-0.7559952972974182
iter=80,3,random_3sat_control,random_3sat_control_v180_c760_seed3301,perm_seed1731,0,random_control,False,False,False,False,True,False,True,14903.0,13649.0,-1254.0,12946.0,11857.0,-1089.0,0.146794,0.1720489999999999,0.02525499999999989,-0.019043619377017
iter=80,3,random_3sat_control,random_3sat_control_v180_c760_seed3301,perm_seed1731,1,random_control,False,False,False,False,True,False,True,14903.0,13649.0,-1254.0,12946.0,11857.0,-1089.0,0.15333,0.167298,0.013968000000000008,-0.0692547861737012
iter=80,3,random_3sat_control,random_3sat_control_v180_c760_seed3301,perm_seed1731,2,random_control,False,False,False,False,True,False,True,14903.0,13649.0,-1254.0,12946.0,11857.0,-1089.0,0.151319,0.2023819999999999,0.051062999999999886,-0.1058396230983734
iter=80,3,random_3sat_control,random_3sat_control_v220_c928_seed3303,base,0,random_control,False,False,False,False,True,False,True,336.0,355.0,19.0,261.0,306.0,45.0,0.005404,0.007711,0.002307,-0.4311596210744977
iter=80,3,random_3sat_control,random_3sat_control_v220_c928_seed3303,base,1,random_control,False,False,False,False,True,False,True,336.0,355.0,19.0,261.0,306.0,45.0,0.0085919999999999,0.011951,0.0033590000000000998,-0.4694861466980577
iter=80,3,random_3sat_control,random_3sat_control_v220_c928_seed3303,base,2,random_control,False,False,False,False,True,False,True,336.0,355.0,19.0,261.0,306.0,45.0,0.0006949999999999,0.006761,0.0060660000000001,-0.5548398935778737
iter=80,3,random_3sat_control,random_3sat_control_v220_c928_seed3303,perm_seed1730,0,random_control,False,False,False,False,True,True,True,326.0,247.0,-79.0,269.0,215.0,-54.0,0.0055239999999999,-0.0021319999999999,-0.0076559999999998,-1.163195468018651
iter=80,3,random_3sat_control,random_3sat_control_v220_c928_seed3303,perm_seed1730,1,random_control,False,False,False,False,True,False,True,326.0,247.0,-79.0,269.0,215.0,-54.0,0.000513,0.006486,0.005972999999999999,-1.1792640159298182
iter=80,3,random_3sat_control,random_3sat_control_v220_c928_seed3303,perm_seed1730,2,random_control,False,False,False,False,True,True,True,326.0,247.0,-79.0,269.0,215.0,-54.0,0.003283,-0.003279,-0.006562,-1.493547976170659
iter=80,3,random_3sat_control,random_3sat_control_v220_c928_seed3303,perm_seed1731,0,random_control,False,False,False,False,True,False,False,301.0,371.0,70.0,265.0,303.0,38.0,-0.0007869999999999,0.003241,0.0040279999999999,0.2190622921025156
iter=80,3,random_3sat_control,random_3sat_control_v220_c928_seed3303,perm_seed1731,1,random_control,False,False,False,False,True,False,False,301.0,371.0,70.0,265.0,303.0,38.0,0.008224,0.000931,-0.007293000000000001,0.1837171530018448
iter=80,3,random_3sat_control,random_3sat_control_v220_c928_seed3303,perm_seed1731,2,random_control,False,False,False,False,True,False,False,301.0,371.0,70.0,265.0,303.0,38.0,0.01004,0.001395,-0.008645,0.1223826645824909
iter=80,3,random_3sat_control,random_3sat_control_v220_c942_seed3304,base,0,random_control,False,False,False,False,True,False,False,15074.0,14828.0,-246.0,13463.0,13273.0,-190.0,0.2135899999999999,0.2017119999999999,-0.011878,0.3725682802612186
iter=80,3,random_3sat_control,random_3sat_control_v220_c942_seed3304,base,1,random_control,False,False,False,False,True,False,False,15074.0,14828.0,-246.0,13463.0,13273.0,-190.0,0.219289,0.203399,-0.015890000000000015,0.3024018476305604
iter=80,3,random_3sat_control,random_3sat_control_v220_c942_seed3304,base,2,random_control,False,False,False,False,True,False,False,15074.0,14828.0,-246.0,13463.0,13273.0,-190.0,0.1865479999999999,0.214712,0.028164000000000078,0.21539212113595
iter=80,3,random_3sat_control,random_3sat_control_v220_c942_seed3304,perm_seed1730,0,random_control,False,False,False,False,True,False,False,15848.0,14206.0,-1642.0,14279.0,12609.0,-1670.0,0.215873,0.058931,-0.15694200000000003,0.3692819554091693
iter=80,3,random_3sat_control,random_3sat_control_v220_c942_seed3304,perm_seed1730,1,random_control,False,False,False,False,True,False,False,15848.0,14206.0,-1642.0,14279.0,12609.0,-1670.0,0.217793,0.1890549999999999,-0.028738000000000097,0.2204229613769651
iter=80,3,random_3sat_control,random_3sat_control_v220_c942_seed3304,perm_seed1730,2,random_control,False,False,False,False,True,False,False,15848.0,14206.0,-1642.0,14279.0,12609.0,-1670.0,0.1935079999999999,0.211174,0.0176660000000001,0.1723295847823024
iter=80,3,random_3sat_control,random_3sat_control_v220_c942_seed3304,perm_seed1731,0,random_control,False,False,False,False,True,False,False,14660.0,14540.0,-120.0,13205.0,13046.0,-159.0,0.21567,0.0598359999999999,-0.15583400000000008,0.2830858787698148
iter=80,3,random_3sat_control,random_3sat_control_v220_c942_seed3304,perm_seed1731,1,random_control,False,False,False,False,True,False,False,14660.0,14540.0,-120.0,13205.0,13046.0,-159.0,0.21946,0.187238,-0.032222,0.207715300208509
iter=80,3,random_3sat_control,random_3sat_control_v220_c942_seed3304,perm_seed1731,2,random_control,False,False,False,False,True,False,False,14660.0,14540.0,-120.0,13205.0,13046.0,-159.0,0.223169,0.190275,-0.03289400000000001,0.0647760021061897
iter=80,3,random_3sat_control,random_3sat_control_v260_c1097_seed3305,base,0,random_control,True,True,False,False,False,False,False,-12310.0,-9478.0,2832.0,-11488.0,-9045.0,2443.0,-0.4199039999999999,-0.7237729999999999,-0.303869,-5.421468088760435
iter=80,3,random_3sat_control,random_3sat_control_v260_c1097_seed3305,base,1,random_control,True,True,False,False,False,False,False,-12310.0,-9478.0,2832.0,-11488.0,-9045.0,2443.0,-0.439892,-0.3354139999999999,0.10447800000000013,-5.677220261826217
iter=80,3,random_3sat_control,random_3sat_control_v260_c1097_seed3305,base,2,random_control,True,True,False,False,False,False,False,-12310.0,-9478.0,2832.0,-11488.0,-9045.0,2443.0,-0.4162280000000001,-0.4336299999999999,-0.017401999999999807,-5.2564947917572855
iter=80,3,random_3sat_control,random_3sat_control_v260_c1097_seed3305,perm_seed1730,0,random_control,True,True,False,False,False,False,False,-28889.0,-13412.0,15477.0,-26747.0,-13165.0,13582.0,-0.716052,-0.772132,-0.05608000000000002,-5.997653379017352
iter=80,3,random_3sat_control,random_3sat_control_v260_c1097_seed3305,perm_seed1730,1,random_control,True,True,False,False,False,False,False,-28889.0,-13412.0,15477.0,-26747.0,-13165.0,13582.0,-0.706684,-0.3659150000000001,0.3407689999999999,-6.059481576196491
iter=80,3,random_3sat_control,random_3sat_control_v260_c1097_seed3305,perm_seed1730,2,random_control,True,True,False,False,False,False,False,-28889.0,-13412.0,15477.0,-26747.0,-13165.0,13582.0,-0.7433099999999999,-0.776333,-0.033023000000000136,-6.266337505783557
iter=80,3,random_3sat_control,random_3sat_control_v260_c1097_seed3305,perm_seed1731,0,random_control,True,True,False,False,False,False,False,-6285.0,-8151.0,-1866.0,-6139.0,-7600.0,-1461.0,-0.219758,-0.3746860000000001,-0.15492800000000007,-2.73341268476206
iter=80,3,random_3sat_control,random_3sat_control_v260_c1097_seed3305,perm_seed1731,1,random_control,True,True,False,False,False,False,False,-6285.0,-8151.0,-1866.0,-6139.0,-7600.0,-1461.0,-0.2285239999999999,-0.244531,-0.016007000000000104,-2.7973167428519727
iter=80,3,random_3sat_control,random_3sat_control_v260_c1097_seed3305,perm_seed1731,2,random_control,True,True,False,False,False,False,False,-6285.0,-8151.0,-1866.0,-6139.0,-7600.0,-1461.0,-0.230223,-0.3499540000000001,-0.11973100000000009,-2.986131268144012
iter=80,3,random_3sat_control,random_3sat_control_v260_c1113_seed3306,base,0,random_control,False,False,False,False,True,False,False,52378.0,33676.0,-18702.0,40477.0,23686.0,-16791.0,0.3170700000000002,0.00495,-0.3121200000000002,1.4175501058089734
iter=80,3,random_3sat_control,random_3sat_control_v260_c1113_seed3306,base,1,random_control,False,False,False,False,True,True,False,52378.0,33676.0,-18702.0,40477.0,23686.0,-16791.0,0.6935600000000006,-0.1375899999999994,-0.83115,1.136452712628901
iter=80,3,random_3sat_control,random_3sat_control_v260_c1113_seed3306,base,2,random_control,False,False,False,False,True,True,False,52378.0,33676.0,-18702.0,40477.0,23686.0,-16791.0,0.3287000000000004,-0.1078700000000001,-0.43657000000000046,1.0279929657526612
iter=80,3,random_3sat_control,random_3sat_control_v260_c1113_seed3306,perm_seed1730,0,random_control,False,False,False,False,True,False,False,68888.0,52424.0,-16464.0,56478.0,42471.0,-14007.0,0.8272699999999995,0.4113600000000001,-0.4159099999999994,1.6757865895581243
iter=80,3,random_3sat_control,random_3sat_control_v260_c1113_seed3306,perm_seed1730,1,random_control,False,False,False,False,True,False,False,68888.0,52424.0,-16464.0,56478.0,42471.0,-14007.0,1.0306999999999995,0.3805300000000002,-0.6501699999999992,1.2000195293619038
iter=80,3,random_3sat_control,random_3sat_control_v260_c1113_seed3306,perm_seed1730,2,random_control,False,False,False,False,True,False,False,68888.0,52424.0,-16464.0,56478.0,42471.0,-14007.0,0.7466400000000002,0.2859899999999999,-0.4606500000000003,1.6177055690845252
iter=80,3,random_3sat_control,random_3sat_control_v260_c1113_seed3306,perm_seed1731,0,random_control,False,False,False,False,True,False,False,58867.0,46259.0,-12608.0,47120.0,35848.0,-11272.0,0.5094699999999994,0.3447800000000001,-0.16468999999999934,0.4703508888021703
iter=80,3,random_3sat_control,random_3sat_control_v260_c1113_seed3306,perm_seed1731,1,random_control,False,False,False,False,True,False,True,58867.0,46259.0,-12608.0,47120.0,35848.0,-11272.0,0.4037099999999993,0.2632399999999997,-0.1404699999999996,-0.0323465314128998
iter=80,3,random_3sat_control,random_3sat_control_v260_c1113_seed3306,perm_seed1731,2,random_control,False,False,False,False,True,False,False,58867.0,46259.0,-12608.0,47120.0,35848.0,-11272.0,0.6648399999999999,0.1902400000000002,-0.4745999999999997,0.4147998147160407
iter=80,3,random_3sat_control,random_3sat_control_v300_c1266_seed3307,base,0,random_control,False,False,False,False,True,False,False,2686.0,1934.0,-752.0,2196.0,1558.0,-638.0,0.02833,0.02943,0.0011000000000000003,0.2082223886883854
iter=80,3,random_3sat_control,random_3sat_control_v300_c1266_seed3307,base,1,random_control,False,False,False,False,True,False,True,2686.0,1934.0,-752.0,2196.0,1558.0,-638.0,0.018809,0.022753,0.003944,-0.0154157167396546
iter=80,3,random_3sat_control,random_3sat_control_v300_c1266_seed3307,base,2,random_control,False,False,False,False,True,False,True,2686.0,1934.0,-752.0,2196.0,1558.0,-638.0,0.0269929999999999,0.026932,-6.099999999989794e-05,-0.0861104015511274
iter=80,3,random_3sat_control,random_3sat_control_v300_c1266_seed3307,perm_seed1730,0,random_control,False,False,False,False,True,False,True,2424.0,2574.0,150.0,1981.0,2173.0,192.0,0.015695,0.0335209999999999,0.017825999999999897,-0.851070806107104
iter=80,3,random_3sat_control,random_3sat_control_v300_c1266_seed3307,perm_seed1730,1,random_control,False,False,False,False,True,False,True,2424.0,2574.0,150.0,1981.0,2173.0,192.0,0.037542,0.0257609999999999,-0.0117810000000001,-1.2579941692774892
iter=80,3,random_3sat_control,random_3sat_control_v300_c1266_seed3307,perm_seed1730,2,random_control,False,False,False,False,True,False,True,2424.0,2574.0,150.0,1981.0,2173.0,192.0,0.01635,0.027296,0.010946000000000001,-1.3121670898257494
iter=80,3,random_3sat_control,random_3sat_control_v300_c1266_seed3307,perm_seed1731,0,random_control,False,False,False,False,True,False,True,2566.0,2415.0,-151.0,2165.0,1997.0,-168.0,0.020006,0.034094,0.014088,-1.6687681927278044
iter=80,3,random_3sat_control,random_3sat_control_v300_c1266_seed3307,perm_seed1731,1,random_control,False,False,False,False,True,False,True,2566.0,2415.0,-151.0,2165.0,1997.0,-168.0,0.026503,0.0240029999999999,-0.0025000000000000994,-1.7823377284508946
iter=80,3,random_3sat_control,random_3sat_control_v300_c1266_seed3307,perm_seed1731,2,random_control,False,False,False,False,True,False,True,2566.0,2415.0,-151.0,2165.0,1997.0,-168.0,0.016511,0.035134,0.018622999999999997,-1.857201368881047
v1_2_iter15,1,random_3sat_control,random_3sat_control_v160_c704_seed2615,base,0,random_control,False,False,False,False,True,False,False,430.0,430.0,0.0,307.0,307.0,0.0,0.013776,0.013776,0.0,0.6008918125960826
v1_2_iter15,1,random_3sat_control,random_3sat_control_v160_c704_seed2615,base,1,random_control,False,False,False,False,True,True,False,430.0,430.0,0.0,307.0,307.0,0.0,-0.003955,-0.003955,0.0,0.1095381579198837
v1_2_iter15,1,random_3sat_control,random_3sat_control_v160_c704_seed2615,base,2,random_control,False,False,False,False,True,False,False,430.0,430.0,0.0,307.0,307.0,0.0,0.0016339999999999,0.0016339999999999,0.0,0.0643998536787033
v1_2_iter15,1,random_3sat_control,random_3sat_control_v160_c704_seed2615,perm_seed1730,0,random_control,False,False,False,False,True,True,False,795.0,795.0,0.0,613.0,613.0,0.0,-0.001825,-0.001825,0.0,0.2095149954342245
v1_2_iter15,1,random_3sat_control,random_3sat_control_v160_c704_seed2615,perm_seed1730,1,random_control,False,False,False,False,True,False,False,795.0,795.0,0.0,613.0,613.0,0.0,0.0048369999999999,0.0048369999999999,0.0,0.1593588985545634
v1_2_iter15,1,random_3sat_control,random_3sat_control_v160_c704_seed2615,perm_seed1730,2,random_control,False,False,False,False,True,False,False,795.0,795.0,0.0,613.0,613.0,0.0,0.004546,0.004546,0.0,0.7173556449588537
v1_2_iter15,1,random_3sat_control,random_3sat_control_v160_c704_seed2615,perm_seed1731,0,random_control,False,False,False,False,True,False,False,793.0,793.0,0.0,563.0,563.0,0.0,0.0043559999999999,0.0043559999999999,0.0,0.2576268225095868
v1_2_iter15,1,random_3sat_control,random_3sat_control_v160_c704_seed2615,perm_seed1731,1,random_control,False,False,False,False,True,True,False,793.0,793.0,0.0,563.0,563.0,0.0,-0.0048609999999999,-0.0048609999999999,0.0,0.1912834719640015
v1_2_iter15,1,random_3sat_control,random_3sat_control_v160_c704_seed2615,perm_seed1731,2,random_control,False,False,False,False,True,False,False,793.0,793.0,0.0,563.0,563.0,0.0,4.699999999999843e-05,4.699999999999843e-05,0.0,0.7622163980093002
v1_2_iter15,1,random_3sat_control,random_3sat_control_v180_c760_seed3301,base,0,random_control,False,False,False,False,True,False,False,39788.0,39788.0,0.0,35399.0,35399.0,0.0,0.623485,0.623485,0.0,0.4009709209380745
v1_2_iter15,1,random_3sat_control,random_3sat_control_v180_c760_seed3301,base,1,random_control,False,False,False,False,True,False,False,39788.0,39788.0,0.0,35399.0,35399.0,0.0,0.615757,0.615757,0.0,0.2593417587135433
v1_2_iter15,1,random_3sat_control,random_3sat_control_v180_c760_seed3301,base,2,random_control,False,False,False,False,True,False,False,39788.0,39788.0,0.0,35399.0,35399.0,0.0,0.48429,0.48429,0.0,0.7691387020436524
v1_2_iter15,1,random_3sat_control,random_3sat_control_v180_c760_seed3301,perm_seed1730,0,random_control,False,False,False,False,True,False,True,36564.0,36564.0,0.0,32387.0,32387.0,0.0,0.6452979999999999,0.6452979999999999,0.0,-0.1510160560257435
v1_2_iter15,1,random_3sat_control,random_3sat_control_v180_c760_seed3301,perm_seed1730,1,random_control,False,False,False,False,True,False,True,36564.0,36564.0,0.0,32387.0,32387.0,0.0,0.550438,0.550438,0.0,-0.2867718162410856
v1_2_iter15,1,random_3sat_control,random_3sat_control_v180_c760_seed3301,perm_seed1730,2,random_control,False,False,False,False,True,False,False,36564.0,36564.0,0.0,32387.0,32387.0,0.0,0.42141,0.42141,0.0,0.1484315265991689
v1_2_iter15,1,random_3sat_control,random_3sat_control_v180_c760_seed3301,perm_seed1731,0,random_control,False,False,False,False,True,False,False,44884.0,44884.0,0.0,39606.0,39606.0,0.0,0.701743,0.701743,0.0,0.47616338082546
v1_2_iter15,1,random_3sat_control,random_3sat_control_v180_c760_seed3301,perm_seed1731,1,random_control,False,False,False,False,True,False,False,44884.0,44884.0,0.0,39606.0,39606.0,0.0,0.70243,0.70243,0.0,0.4292322925810218
v1_2_iter15,1,random_3sat_control,random_3sat_control_v180_c760_seed3301,perm_seed1731,2,random_control,False,False,False,False,True,False,False,44884.0,44884.0,0.0,39606.0,39606.0,0.0,0.540722,0.540722,0.0,0.8257939170573354
v1_2_iter15,1,random_3sat_control,random_3sat_control_v220_c928_seed3303,base,0,random_control,False,False,False,False,True,False,True,276.0,276.0,0.0,237.0,237.0,0.0,0.004396,0.004396,0.0,-0.4601589054736494
v1_2_iter15,1,random_3sat_control,random_3sat_control_v220_c928_seed3303,base,1,random_control,False,False,False,False,True,True,True,276.0,276.0,0.0,237.0,237.0,0.0,-0.001845,-0.001845,0.0,-0.5128253457243444
v1_2_iter15,1,random_3sat_control,random_3sat_control_v220_c928_seed3303,base,2,random_control,False,False,False,False,True,False,False,276.0,276.0,0.0,237.0,237.0,0.0,0.008936,0.008936,0.0,0.0615364356613754
v1_2_iter15,1,random_3sat_control,random_3sat_control_v220_c928_seed3303,perm_seed1730,0,random_control,False,False,False,False,True,False,True,272.0,272.0,0.0,222.0,222.0,0.0,0.00933,0.00933,0.0,-1.1594866872908471
v1_2_iter15,1,random_3sat_control,random_3sat_control_v220_c928_seed3303,perm_seed1730,1,random_control,False,False,False,False,True,False,True,272.0,272.0,0.0,222.0,222.0,0.0,0.002385,0.002385,0.0,-1.2208579918987752
v1_2_iter15,1,random_3sat_control,random_3sat_control_v220_c928_seed3303,perm_seed1730,2,random_control,False,False,False,False,True,False,True,272.0,272.0,0.0,222.0,222.0,0.0,0.005403,0.005403,0.0,-0.6740104419490696
v1_2_iter15,1,random_3sat_control,random_3sat_control_v220_c928_seed3303,perm_seed1731,0,random_control,False,False,False,False,True,True,False,284.0,284.0,0.0,241.0,241.0,0.0,-0.000968,-0.000968,0.0,0.2053447653462886
v1_2_iter15,1,random_3sat_control,random_3sat_control_v220_c928_seed3303,perm_seed1731,1,random_control,False,False,False,False,True,True,False,284.0,284.0,0.0,241.0,241.0,0.0,-0.000712,-0.000712,0.0,0.1485280452082752
v1_2_iter15,1,random_3sat_control,random_3sat_control_v220_c928_seed3303,perm_seed1731,2,random_control,False,False,False,False,True,True,False,284.0,284.0,0.0,241.0,241.0,0.0,-0.0011819999999999,-0.0011819999999999,0.0,0.714516279622376
v1_2_iter15,1,random_3sat_control,random_3sat_control_v220_c942_seed3304,base,0,random_control,False,False,False,False,True,False,False,13424.0,13424.0,0.0,11813.0,11813.0,0.0,0.154279,0.154279,0.0,1.338669800892055
v1_2_iter15,1,random_3sat_control,random_3sat_control_v220_c942_seed3304,base,1,random_control,False,False,False,False,True,False,False,13424.0,13424.0,0.0,11813.0,11813.0,0.0,0.199903,0.199903,0.0,0.3247717128581999
v1_2_iter15,1,random_3sat_control,random_3sat_control_v220_c942_seed3304,base,2,random_control,False,False,False,False,True,False,False,13424.0,13424.0,0.0,11813.0,11813.0,0.0,0.13138,0.13138,0.0,0.3609861727280616
v1_2_iter15,1,random_3sat_control,random_3sat_control_v220_c942_seed3304,perm_seed1730,0,random_control,False,False,False,False,True,False,False,14985.0,14985.0,0.0,13207.0,13207.0,0.0,0.2207869999999999,0.2207869999999999,0.0,1.3655174211833483
v1_2_iter15,1,random_3sat_control,random_3sat_control_v220_c942_seed3304,perm_seed1730,1,random_control,False,False,False,False,True,False,False,14985.0,14985.0,0.0,13207.0,13207.0,0.0,0.240149,0.240149,0.0,0.2723999728752375
v1_2_iter15,1,random_3sat_control,random_3sat_control_v220_c942_seed3304,perm_seed1730,2,random_control,False,False,False,False,True,False,False,14985.0,14985.0,0.0,13207.0,13207.0,0.0,0.1761329999999999,0.1761329999999999,0.0,0.4006943044036031
v1_2_iter15,1,random_3sat_control,random_3sat_control_v220_c942_seed3304,perm_seed1731,0,random_control,False,False,False,False,True,False,False,13210.0,13210.0,0.0,11634.0,11634.0,0.0,0.1987449999999999,0.1987449999999999,0.0,1.1009328686413764
v1_2_iter15,1,random_3sat_control,random_3sat_control_v220_c942_seed3304,perm_seed1731,1,random_control,False,False,False,False,True,False,False,13210.0,13210.0,0.0,11634.0,11634.0,0.0,0.2323899999999999,0.2323899999999999,0.0,0.2919917087530495
v1_2_iter15,1,random_3sat_control,random_3sat_control_v220_c942_seed3304,perm_seed1731,2,random_control,False,False,False,False,True,False,False,13210.0,13210.0,0.0,11634.0,11634.0,0.0,0.13551,0.13551,0.0,0.2930073223087192
v1_2_iter15,1,random_3sat_control,random_3sat_control_v260_c1097_seed3305,base,0,random_control,False,False,False,False,True,False,True,27840.0,27840.0,0.0,24578.0,24578.0,0.0,0.46251,0.46251,0.0,-3.567415945842683
v1_2_iter15,1,random_3sat_control,random_3sat_control_v260_c1097_seed3305,base,1,random_control,False,False,False,False,True,False,True,27840.0,27840.0,0.0,24578.0,24578.0,0.0,0.7359900000000001,0.7359900000000001,0.0,-4.387012919807971
v1_2_iter15,1,random_3sat_control,random_3sat_control_v260_c1097_seed3305,base,2,random_control,False,False,False,False,True,False,True,27840.0,27840.0,0.0,24578.0,24578.0,0.0,0.3696599999999999,0.3696599999999999,0.0,-3.5840099228022098
v1_2_iter15,1,random_3sat_control,random_3sat_control_v260_c1097_seed3305,perm_seed1730,0,random_control,False,False,False,False,True,False,True,39993.0,39993.0,0.0,35030.0,35030.0,0.0,0.7531500000000002,0.7531500000000002,0.0,-3.756360422317564
v1_2_iter15,1,random_3sat_control,random_3sat_control_v260_c1097_seed3305,perm_seed1730,1,random_control,False,False,False,False,True,False,True,39993.0,39993.0,0.0,35030.0,35030.0,0.0,1.04487,1.04487,0.0,-4.558201377446412
v1_2_iter15,1,random_3sat_control,random_3sat_control_v260_c1097_seed3305,perm_seed1730,2,random_control,False,False,False,False,True,False,True,39993.0,39993.0,0.0,35030.0,35030.0,0.0,0.5706500000000001,0.5706500000000001,0.0,-3.964453897839248
v1_2_iter15,1,random_3sat_control,random_3sat_control_v260_c1097_seed3305,perm_seed1731,0,random_control,False,False,False,False,True,False,True,34399.0,34399.0,0.0,30252.0,30252.0,0.0,0.7899100000000001,0.7899100000000001,0.0,-0.7124385565770863
v1_2_iter15,1,random_3sat_control,random_3sat_control_v260_c1097_seed3305,perm_seed1731,1,random_control,False,False,False,False,True,False,True,34399.0,34399.0,0.0,30252.0,30252.0,0.0,0.5745,0.5745,0.0,-1.9033358748608236
v1_2_iter15,1,random_3sat_control,random_3sat_control_v260_c1097_seed3305,perm_seed1731,2,random_control,False,False,False,False,True,False,True,34399.0,34399.0,0.0,30252.0,30252.0,0.0,0.4526490000000001,0.4526490000000001,0.0,-1.3449975384705664
v1_2_iter15,1,random_3sat_control,random_3sat_control_v260_c1113_seed3306,base,0,random_control,False,False,False,False,True,False,False,44039.0,44039.0,0.0,32927.0,32927.0,0.0,0.2879500000000004,0.2879500000000004,0.0,2.6683911676295997
v1_2_iter15,1,random_3sat_control,random_3sat_control_v260_c1113_seed3306,base,1,random_control,False,False,False,False,True,False,False,44039.0,44039.0,0.0,32927.0,32927.0,0.0,0.3349000000000002,0.3349000000000002,0.0,1.3191860368319157
v1_2_iter15,1,random_3sat_control,random_3sat_control_v260_c1113_seed3306,base,2,random_control,False,False,False,False,True,False,False,44039.0,44039.0,0.0,32927.0,32927.0,0.0,0.5607499999999996,0.5607499999999996,0.0,1.2239123745028977
v1_2_iter15,1,random_3sat_control,random_3sat_control_v260_c1113_seed3306,perm_seed1730,0,random_control,False,False,False,False,True,False,False,62212.0,62212.0,0.0,50394.0,50394.0,0.0,1.35034,1.35034,0.0,3.329124763049304
v1_2_iter15,1,random_3sat_control,random_3sat_control_v260_c1113_seed3306,perm_seed1730,1,random_control,False,False,False,False,True,False,False,62212.0,62212.0,0.0,50394.0,50394.0,0.0,1.14731,1.14731,0.0,1.7694553187950852
v1_2_iter15,1,random_3sat_control,random_3sat_control_v260_c1113_seed3306,perm_seed1730,2,random_control,False,False,False,False,True,False,False,62212.0,62212.0,0.0,50394.0,50394.0,0.0,0.9565099999999996,0.9565099999999996,0.0,1.8923415572184323
v1_2_iter15,1,random_3sat_control,random_3sat_control_v260_c1113_seed3306,perm_seed1731,0,random_control,False,False,False,False,True,False,False,58795.0,58795.0,0.0,47268.0,47268.0,0.0,0.8149999999999995,0.8149999999999995,0.0,0.6101880042078491
v1_2_iter15,1,random_3sat_control,random_3sat_control_v260_c1113_seed3306,perm_seed1731,1,random_control,False,False,False,False,True,False,False,58795.0,58795.0,0.0,47268.0,47268.0,0.0,0.9298000000000002,0.9298000000000002,0.0,1.0866251423668265
v1_2_iter15,1,random_3sat_control,random_3sat_control_v260_c1113_seed3306,perm_seed1731,2,random_control,False,False,False,False,True,False,False,58795.0,58795.0,0.0,47268.0,47268.0,0.0,0.77989,0.77989,0.0,0.646400589605987
v1_2_iter15,1,random_3sat_control,random_3sat_control_v300_c1266_seed3307,base,0,random_control,False,False,False,False,True,False,False,2904.0,2904.0,0.0,2426.0,2426.0,0.0,0.033685,0.033685,0.0,0.1499727267378568
v1_2_iter15,1,random_3sat_control,random_3sat_control_v300_c1266_seed3307,base,1,random_control,False,False,False,False,True,False,False,2904.0,2904.0,0.0,2426.0,2426.0,0.0,0.041171,0.041171,0.0,0.4118610193215609
v1_2_iter15,1,random_3sat_control,random_3sat_control_v300_c1266_seed3307,base,2,random_control,False,False,False,False,True,False,False,2904.0,2904.0,0.0,2426.0,2426.0,0.0,0.039268,0.039268,0.0,0.5292153485761881
v1_2_iter15,1,random_3sat_control,random_3sat_control_v300_c1266_seed3307,perm_seed1730,0,random_control,False,False,False,False,True,False,True,2470.0,2470.0,0.0,2050.0,2050.0,0.0,0.030961,0.030961,0.0,-0.9122265274329782
v1_2_iter15,1,random_3sat_control,random_3sat_control_v300_c1266_seed3307,perm_seed1730,1,random_control,False,False,False,False,True,False,True,2470.0,2470.0,0.0,2050.0,2050.0,0.0,0.031501,0.031501,0.0,-0.6555768313511013
v1_2_iter15,1,random_3sat_control,random_3sat_control_v300_c1266_seed3307,perm_seed1730,2,random_control,False,False,False,False,True,False,True,2470.0,2470.0,0.0,2050.0,2050.0,0.0,0.028845,0.028845,0.0,-0.5210654259251356
v1_2_iter15,1,random_3sat_control,random_3sat_control_v300_c1266_seed3307,perm_seed1731,0,random_control,False,False,False,False,True,False,True,2198.0,2198.0,0.0,1848.0,1848.0,0.0,0.029522,0.029522,0.0,-1.6763722942977548
v1_2_iter15,1,random_3sat_control,random_3sat_control_v300_c1266_seed3307,perm_seed1731,1,random_control,False,False,False,False,True,False,True,2198.0,2198.0,0.0,1848.0,1848.0,0.0,0.025549,0.025549,0.0,-1.431785685072541
v1_2_iter15,1,random_3sat_control,random_3sat_control_v300_c1266_seed3307,perm_seed1731,2,random_control,False,False,False,False,True,False,True,2198.0,2198.0,0.0,1848.0,1848.0,0.0,0.02504,0.02504,0.0,-1.0730974379104972
v1_2_iter15,3,random_3sat_control,random_3sat_control_v160_c704_seed2615,base,0,random_control,False,False,False,False,True,False,False,665.0,665.0,0.0,519.0,519.0,0.0,0.002041,0.002041,0.0,0.1265154576838612
v1_2_iter15,3,random_3sat_control,random_3sat_control_v160_c704_seed2615,base,1,random_control,False,False,False,False,True,False,False,665.0,665.0,0.0,519.0,519.0,0.0,0.0079769999999999,0.0079769999999999,0.0,0.0794265066539645
v1_2_iter15,3,random_3sat_control,random_3sat_control_v160_c704_seed2615,base,2,random_control,False,False,False,False,True,False,False,665.0,665.0,0.0,519.0,519.0,0.0,0.0129039999999999,0.0129039999999999,0.0,0.0841900562097429
v1_2_iter15,3,random_3sat_control,random_3sat_control_v160_c704_seed2615,perm_seed1730,0,random_control,False,False,False,False,True,False,False,1348.0,1348.0,0.0,1065.0,1065.0,0.0,0.0120569999999999,0.0120569999999999,0.0,0.1257088630568981
v1_2_iter15,3,random_3sat_control,random_3sat_control_v160_c704_seed2615,perm_seed1730,1,random_control,False,False,False,False,True,False,False,1348.0,1348.0,0.0,1065.0,1065.0,0.0,0.009494,0.009494,0.0,0.1041334186147451
v1_2_iter15,3,random_3sat_control,random_3sat_control_v160_c704_seed2615,perm_seed1730,2,random_control,False,False,False,False,True,False,False,1348.0,1348.0,0.0,1065.0,1065.0,0.0,0.008784,0.008784,0.0,0.1457812976113557
v1_2_iter15,3,random_3sat_control,random_3sat_control_v160_c704_seed2615,perm_seed1731,0,random_control,False,False,False,False,True,False,False,715.0,715.0,0.0,447.0,447.0,0.0,0.014108,0.014108,0.0,0.1792239642649889
v1_2_iter15,3,random_3sat_control,random_3sat_control_v160_c704_seed2615,perm_seed1731,1,random_control,False,False,False,False,True,False,False,715.0,715.0,0.0,447.0,447.0,0.0,0.013449,0.013449,0.0,0.1524617841002941
v1_2_iter15,3,random_3sat_control,random_3sat_control_v160_c704_seed2615,perm_seed1731,2,random_control,False,False,False,False,True,True,False,715.0,715.0,0.0,447.0,447.0,0.0,-0.0027379999999999,-0.0027379999999999,0.0,0.1772515795311927
v1_2_iter15,3,random_3sat_control,random_3sat_control_v180_c760_seed3301,base,0,random_control,False,False,False,False,True,False,True,15458.0,15458.0,0.0,13445.0,13445.0,0.0,0.167172,0.167172,0.0,-0.0333325909716487
v1_2_iter15,3,random_3sat_control,random_3sat_control_v180_c760_seed3301,base,1,random_control,False,False,False,False,True,False,True,15458.0,15458.0,0.0,13445.0,13445.0,0.0,0.161533,0.161533,0.0,-0.089350334055841
v1_2_iter15,3,random_3sat_control,random_3sat_control_v180_c760_seed3301,base,2,random_control,False,False,False,False,True,False,True,15458.0,15458.0,0.0,13445.0,13445.0,0.0,0.150588,0.150588,0.0,-0.0578698016825914
v1_2_iter15,3,random_3sat_control,random_3sat_control_v180_c760_seed3301,perm_seed1730,0,random_control,False,False,False,False,True,False,True,13706.0,13706.0,0.0,11937.0,11937.0,0.0,0.142338,0.142338,0.0,-0.4852382967987657
v1_2_iter15,3,random_3sat_control,random_3sat_control_v180_c760_seed3301,perm_seed1730,1,random_control,False,False,False,False,True,False,True,13706.0,13706.0,0.0,11937.0,11937.0,0.0,0.147676,0.147676,0.0,-0.5236312116261721
v1_2_iter15,3,random_3sat_control,random_3sat_control_v180_c760_seed3301,perm_seed1730,2,random_control,False,False,False,False,True,False,True,13706.0,13706.0,0.0,11937.0,11937.0,0.0,0.146361,0.146361,0.0,-0.5010912535520792
v1_2_iter15,3,random_3sat_control,random_3sat_control_v180_c760_seed3301,perm_seed1731,0,random_control,False,False,False,False,True,False,True,14903.0,14903.0,0.0,12946.0,12946.0,0.0,0.146794,0.146794,0.0,-0.0586718639742137
v1_2_iter15,3,random_3sat_control,random_3sat_control_v180_c760_seed3301,perm_seed1731,1,random_control,False,False,False,False,True,False,True,14903.0,14903.0,0.0,12946.0,12946.0,0.0,0.15333,0.15333,0.0,-0.0789231555880904
v1_2_iter15,3,random_3sat_control,random_3sat_control_v180_c760_seed3301,perm_seed1731,2,random_control,False,False,False,False,True,False,True,14903.0,14903.0,0.0,12946.0,12946.0,0.0,0.151319,0.151319,0.0,-0.0659063743803501
v1_2_iter15,3,random_3sat_control,random_3sat_control_v220_c928_seed3303,base,0,random_control,False,False,False,False,True,False,True,336.0,336.0,0.0,261.0,261.0,0.0,0.005404,0.005404,0.0,-0.3884404423238039
v1_2_iter15,3,random_3sat_control,random_3sat_control_v220_c928_seed3303,base,1,random_control,False,False,False,False,True,False,True,336.0,336.0,0.0,261.0,261.0,0.0,0.0085919999999999,0.0085919999999999,0.0,-0.4063702813599705
v1_2_iter15,3,random_3sat_control,random_3sat_control_v220_c928_seed3303,base,2,random_control,False,False,False,False,True,False,True,336.0,336.0,0.0,261.0,261.0,0.0,0.0006949999999999,0.0006949999999999,0.0,-0.3877370056246519
v1_2_iter15,3,random_3sat_control,random_3sat_control_v220_c928_seed3303,perm_seed1730,0,random_control,False,False,False,False,True,False,True,326.0,326.0,0.0,269.0,269.0,0.0,0.0055239999999999,0.0055239999999999,0.0,-0.914065238423586
v1_2_iter15,3,random_3sat_control,random_3sat_control_v220_c928_seed3303,perm_seed1730,1,random_control,False,False,False,False,True,False,True,326.0,326.0,0.0,269.0,269.0,0.0,0.000513,0.000513,0.0,-0.9476157435941102
v1_2_iter15,3,random_3sat_control,random_3sat_control_v220_c928_seed3303,perm_seed1730,2,random_control,False,False,False,False,True,False,True,326.0,326.0,0.0,269.0,269.0,0.0,0.003283,0.003283,0.0,-0.9267522527745368
v1_2_iter15,3,random_3sat_control,random_3sat_control_v220_c928_seed3303,perm_seed1731,0,random_control,False,False,False,False,True,True,False,301.0,301.0,0.0,265.0,265.0,0.0,-0.0007869999999999,-0.0007869999999999,0.0,0.1175233110936284
v1_2_iter15,3,random_3sat_control,random_3sat_control_v220_c928_seed3303,perm_seed1731,1,random_control,False,False,False,False,True,False,False,301.0,301.0,0.0,265.0,265.0,0.0,0.008224,0.008224,0.0,0.0970011540886758
v1_2_iter15,3,random_3sat_control,random_3sat_control_v220_c928_seed3303,perm_seed1731,2,random_control,False,False,False,False,True,False,False,301.0,301.0,0.0,265.0,265.0,0.0,0.01004,0.01004,0.0,0.1266798138718605
v1_2_iter15,3,random_3sat_control,random_3sat_control_v220_c942_seed3304,base,0,random_control,False,False,False,False,True,False,False,15074.0,15074.0,0.0,13463.0,13463.0,0.0,0.2135899999999999,0.2135899999999999,0.0,0.2273245843056439
v1_2_iter15,3,random_3sat_control,random_3sat_control_v220_c942_seed3304,base,1,random_control,False,False,False,False,True,False,False,15074.0,15074.0,0.0,13463.0,13463.0,0.0,0.219289,0.219289,0.0,0.2018825051599145
v1_2_iter15,3,random_3sat_control,random_3sat_control_v220_c942_seed3304,base,2,random_control,False,False,False,False,True,False,False,15074.0,15074.0,0.0,13463.0,13463.0,0.0,0.1865479999999999,0.1865479999999999,0.0,0.2537077549290656
v1_2_iter15,3,random_3sat_control,random_3sat_control_v220_c942_seed3304,perm_seed1730,0,random_control,False,False,False,False,True,False,False,15848.0,15848.0,0.0,14279.0,14279.0,0.0,0.215873,0.215873,0.0,0.2361808341838718
v1_2_iter15,3,random_3sat_control,random_3sat_control_v220_c942_seed3304,perm_seed1730,1,random_control,False,False,False,False,True,False,False,15848.0,15848.0,0.0,14279.0,14279.0,0.0,0.217793,0.217793,0.0,0.1743604261336923
v1_2_iter15,3,random_3sat_control,random_3sat_control_v220_c942_seed3304,perm_seed1730,2,random_control,False,False,False,False,True,False,False,15848.0,15848.0,0.0,14279.0,14279.0,0.0,0.1935079999999999,0.1935079999999999,0.0,0.2635851258247494
v1_2_iter15,3,random_3sat_control,random_3sat_control_v220_c942_seed3304,perm_seed1731,0,random_control,False,False,False,False,True,False,False,14660.0,14660.0,0.0,13205.0,13205.0,0.0,0.21567,0.21567,0.0,0.1866406513881087
v1_2_iter15,3,random_3sat_control,random_3sat_control_v220_c942_seed3304,perm_seed1731,1,random_control,False,False,False,False,True,False,False,14660.0,14660.0,0.0,13205.0,13205.0,0.0,0.21946,0.21946,0.0,0.1631859248785971
v1_2_iter15,3,random_3sat_control,random_3sat_control_v220_c942_seed3304,perm_seed1731,2,random_control,False,False,False,False,True,False,False,14660.0,14660.0,0.0,13205.0,13205.0,0.0,0.223169,0.223169,0.0,0.2073758505058884
v1_2_iter15,3,random_3sat_control,random_3sat_control_v260_c1097_seed3305,base,0,random_control,True,True,False,False,False,False,False,-12310.0,-12310.0,0.0,-11488.0,-11488.0,0.0,-0.4199039999999999,-0.4199039999999999,0.0,-4.388435332237601
v1_2_iter15,3,random_3sat_control,random_3sat_control_v260_c1097_seed3305,base,1,random_control,True,True,False,False,False,False,False,-12310.0,-12310.0,0.0,-11488.0,-11488.0,0.0,-0.439892,-0.439892,0.0,-4.327689383647203
v1_2_iter15,3,random_3sat_control,random_3sat_control_v260_c1097_seed3305,base,2,random_control,True,True,False,False,False,False,False,-12310.0,-12310.0,0.0,-11488.0,-11488.0,0.0,-0.4162280000000001,-0.4162280000000001,0.0,-4.3336398376261
v1_2_iter15,3,random_3sat_control,random_3sat_control_v260_c1097_seed3305,perm_seed1730,0,random_control,True,True,False,False,False,False,False,-28889.0,-28889.0,0.0,-26747.0,-26747.0,0.0,-0.716052,-0.716052,0.0,-4.966315327710747
v1_2_iter15,3,random_3sat_control,random_3sat_control_v260_c1097_seed3305,perm_seed1730,1,random_control,True,True,False,False,False,False,False,-28889.0,-28889.0,0.0,-26747.0,-26747.0,0.0,-0.706684,-0.706684,0.0,-5.210439962245405
v1_2_iter15,3,random_3sat_control,random_3sat_control_v260_c1097_seed3305,perm_seed1730,2,random_control,True,True,False,False,False,False,False,-28889.0,-28889.0,0.0,-26747.0,-26747.0,0.0,-0.7433099999999999,-0.7433099999999999,0.0,-4.973088454402089
v1_2_iter15,3,random_3sat_control,random_3sat_control_v260_c1097_seed3305,perm_seed1731,0,random_control,True,True,False,False,False,False,False,-6285.0,-6285.0,0.0,-6139.0,-6139.0,0.0,-0.219758,-0.219758,0.0,-2.304571156119823
v1_2_iter15,3,random_3sat_control,random_3sat_control_v260_c1097_seed3305,perm_seed1731,1,random_control,True,True,False,False,False,False,False,-6285.0,-6285.0,0.0,-6139.0,-6139.0,0.0,-0.2285239999999999,-0.2285239999999999,0.0,-2.3437946940004823
v1_2_iter15,3,random_3sat_control,random_3sat_control_v260_c1097_seed3305,perm_seed1731,2,random_control,True,True,False,False,False,False,False,-6285.0,-6285.0,0.0,-6139.0,-6139.0,0.0,-0.230223,-0.230223,0.0,-2.2040810663434267
v1_2_iter15,3,random_3sat_control,random_3sat_control_v260_c1113_seed3306,base,0,random_control,False,False,False,False,True,False,False,52378.0,52378.0,0.0,40477.0,40477.0,0.0,0.3170700000000002,0.3170700000000002,0.0,1.2229548828065404
v1_2_iter15,3,random_3sat_control,random_3sat_control_v260_c1113_seed3306,base,1,random_control,False,False,False,False,True,False,False,52378.0,52378.0,0.0,40477.0,40477.0,0.0,0.6935600000000006,0.6935600000000006,0.0,1.513976865243495
v1_2_iter15,3,random_3sat_control,random_3sat_control_v260_c1113_seed3306,base,2,random_control,False,False,False,False,True,False,False,52378.0,52378.0,0.0,40477.0,40477.0,0.0,0.3287000000000004,0.3287000000000004,0.0,1.2908184874391555
v1_2_iter15,3,random_3sat_control,random_3sat_control_v260_c1113_seed3306,perm_seed1730,0,random_control,False,False,False,False,True,False,False,68888.0,68888.0,0.0,56478.0,56478.0,0.0,0.8272699999999995,0.8272699999999995,0.0,1.2650342346669432
v1_2_iter15,3,random_3sat_control,random_3sat_control_v260_c1113_seed3306,perm_seed1730,1,random_control,False,False,False,False,True,False,False,68888.0,68888.0,0.0,56478.0,56478.0,0.0,1.0306999999999995,1.0306999999999995,0.0,1.6380822026997208
v1_2_iter15,3,random_3sat_control,random_3sat_control_v260_c1113_seed3306,perm_seed1730,2,random_control,False,False,False,False,True,False,False,68888.0,68888.0,0.0,56478.0,56478.0,0.0,0.7466400000000002,0.7466400000000002,0.0,1.392789566835583
v1_2_iter15,3,random_3sat_control,random_3sat_control_v260_c1113_seed3306,perm_seed1731,0,random_control,False,False,False,False,True,False,False,58867.0,58867.0,0.0,47120.0,47120.0,0.0,0.5094699999999994,0.5094699999999994,0.0,0.2630364122887254
v1_2_iter15,3,random_3sat_control,random_3sat_control_v260_c1113_seed3306,perm_seed1731,1,random_control,False,False,False,False,True,False,False,58867.0,58867.0,0.0,47120.0,47120.0,0.0,0.4037099999999993,0.4037099999999993,0.0,0.319897304259956
v1_2_iter15,3,random_3sat_control,random_3sat_control_v260_c1113_seed3306,perm_seed1731,2,random_control,False,False,False,False,True,False,False,58867.0,58867.0,0.0,47120.0,47120.0,0.0,0.6648399999999999,0.6648399999999999,0.0,0.3945210610869525
v1_2_iter15,3,random_3sat_control,random_3sat_control_v300_c1266_seed3307,base,0,random_control,False,False,False,False,True,False,True,2686.0,2686.0,0.0,2196.0,2196.0,0.0,0.02833,0.02833,0.0,-0.0507572697360516
v1_2_iter15,3,random_3sat_control,random_3sat_control_v300_c1266_seed3307,base,1,random_control,False,False,False,False,True,False,True,2686.0,2686.0,0.0,2196.0,2196.0,0.0,0.018809,0.018809,0.0,-0.0019825911305546
v1_2_iter15,3,random_3sat_control,random_3sat_control_v300_c1266_seed3307,base,2,random_control,False,False,False,False,True,False,True,2686.0,2686.0,0.0,2196.0,2196.0,0.0,0.0269929999999999,0.0269929999999999,0.0,-0.0381855916146636
v1_2_iter15,3,random_3sat_control,random_3sat_control_v300_c1266_seed3307,perm_seed1730,0,random_control,False,False,False,False,True,False,True,2424.0,2424.0,0.0,1981.0,1981.0,0.0,0.015695,0.015695,0.0,-0.8844669564221501
v1_2_iter15,3,random_3sat_control,random_3sat_control_v300_c1266_seed3307,perm_seed1730,1,random_control,False,False,False,False,True,False,True,2424.0,2424.0,0.0,1981.0,1981.0,0.0,0.037542,0.037542,0.0,-0.8432456800534129
v1_2_iter15,3,random_3sat_control,random_3sat_control_v300_c1266_seed3307,perm_seed1730,2,random_control,False,False,False,False,True,False,True,2424.0,2424.0,0.0,1981.0,1981.0,0.0,0.01635,0.01635,0.0,-0.8625701820892692
v1_2_iter15,3,random_3sat_control,random_3sat_control_v300_c1266_seed3307,perm_seed1731,0,random_control,False,False,False,False,True,False,True,2566.0,2566.0,0.0,2165.0,2165.0,0.0,0.020006,0.020006,0.0,-1.499193450907886
v1_2_iter15,3,random_3sat_control,random_3sat_control_v300_c1266_seed3307,perm_seed1731,1,random_control,False,False,False,False,True,False,True,2566.0,2566.0,0.0,2165.0,2165.0,0.0,0.026503,0.026503,0.0,-1.3997199851424098
v1_2_iter15,3,random_3sat_control,random_3sat_control_v300_c1266_seed3307,perm_seed1731,2,random_control,False,False,False,False,True,False,True,2566.0,2566.0,0.0,2165.0,2165.0,0.0,0.016511,0.016511,0.0,-1.4662923319279553
